size_bytes	path
1531	00_CURRENT_AUTHORITY/00_READ_FIRST_V081_FULL_HANDOFF.md
899	00_CURRENT_AUTHORITY/02_SUPERSESSION_MAP_V081_FULL.md
3983	00_CURRENT_AUTHORITY/CURRENT_BRANCH_B_V081_SANTO_DPLUS1_WATER_AIR_FORWARD_STAGING_CORRECTION_v001.md
878	00_CURRENT_AUTHORITY/CURRENT_BRANCH_B_V081_SANTO_DPLUS2_EVENT_CLOSE_v001.json
12217	00_CURRENT_AUTHORITY/CURRENT_BRANCH_B_V081_SANTO_DPLUS2_EVENT_CLOSE_v001.md
7216	00_CURRENT_AUTHORITY/INHERITED_BRANCH_B_V079_SANTO_DDAY_LANDING_GEOGRAPHY_AND_BOAT_WALLET_CLOSE_v001.md
949	00_CURRENT_AUTHORITY/INHERITED_BRANCH_B_V080_SANTO_DPLUS1_EVENT_CLOSE_v001.json
13939	00_CURRENT_AUTHORITY/INHERITED_BRANCH_B_V080_SANTO_DPLUS1_EVENT_CLOSE_v001.md
2870	00_CURRENT_AUTHORITY/INHERITED_BRANCH_B_V080_SANTO_SECOND_ECHELON_YASUKAWA_CLOCK_CLOSE_v001.md
1030	00_MANIFEST/CURRENT_1943-11-05_OVERLAY_SHA256SUMS.txt
394	00_MANIFEST/CURRENT_PACKAGE_PROVENANCE.txt
373	00_MANIFEST/FILE_COUNT_AND_SOURCE.txt
898605	00_MANIFEST/FILE_LIST_V078_FULL.txt
896335	00_MANIFEST/FILE_LIST_V081_FULL.txt
771788	00_MANIFEST/FILE_LIST_V090_FULL.txt
617946	00_MANIFEST/SHA256SUMS_V068_FULL.txt
619817	00_MANIFEST/SHA256SUMS_V069_FULL.txt
622468	00_MANIFEST/SHA256SUMS_V070_FULL.txt
630028	00_MANIFEST/SHA256SUMS_V072_FULL.txt
628389	00_MANIFEST/SHA256SUMS_V073_FULL.txt
634288	00_MANIFEST/SHA256SUMS_V074_FULL.txt
636672	00_MANIFEST/SHA256SUMS_V075_FULL.txt
639084	00_MANIFEST/SHA256SUMS_V076_FULL.txt
1042778	00_MANIFEST/SHA256SUMS_V078_FULL.txt
1037960	00_MANIFEST/SHA256SUMS_V081_FULL.txt
918760	00_MANIFEST/SHA256SUMS_V090_FULL.txt
656	00_MANIFEST/V090_DELTA_SUMMARY.txt
671	00_READ_FIRST_BRANCH_B_V050_2026-09-05.txt
987	00_READ_FIRST_CURRENT_1943-11-05.md
1196	00_READ_FIRST_V085_FULL_HANDOFF.md
856	00_READ_FIRST_V086_FULL_HANDOFF.md
1303	00_READ_FIRST_V087_FULL_HANDOFF.md
1350	00_READ_FIRST_V088_FULL_HANDOFF.md
4298	00_READ_FIRST_V090_FULL_HANDOFF.md
6875	01_CURRENT_MASTER_TIMELINE_TO_1943-11-05.md
4395	02_CURRENT_SUPERSESSION_MAP_1943-11-05.md
1195	02_SUPERSESSION_MAP_V085_FULL.md
485	02_SUPERSESSION_MAP_V086_FULL.md
786	02_SUPERSESSION_MAP_V087_FULL.md
954	02_SUPERSESSION_MAP_V088_FULL.md
2755	02_SUPERSESSION_MAP_V090_FULL.md
750	03_PROVENANCE/SOURCE_ARCHIVE_INDEX.txt
1410	03_PROVENANCE/SOURCE_ARCHIVE_SHA256SUMS.txt
3295	04_RESUME_FRONTIER/BRANCH_B_RESUME_1942-07-30_SANTO_OPERATIONALLY_CAPTURED_MOPUP_SECOND_ECHELON_UNLOADING_v001.md
4802	BRANCH_B_NC_754TH_TANK_BATTALION_RUNTIME_CLOSE_1942-07-30_v001.md
3313	BRANCH_B_NC_8TH_TANK_REGIMENT_POLICY_GATE_CLOSE_1942-07-30_v001.md
7923	BRANCH_B_NC_AMPHIBIOUS_THROUGHPUT_AND_HEAVY_LANDING_GATE_1942-07-30_v001.md
7719	BRANCH_B_NC_COUNTERATTACK_CLOCK_AND_FIRE_OBSERVATION_COUPLING_CLOSE_1942-07-30_v001.md
3066	BRANCH_B_NC_FIRE_SUPPORT_MISSION_ALLOCATION_CLOSE_1942-07-30_v001.md
13789	BRANCH_B_NC_FIRE_SUPPORT_OBSERVATION_ARCHITECTURE_CLOSE_1942-07-30_v001.md
6246	BRANCH_B_NC_FIRST_DAY_COMBINED_ARMS_LANDING_AUTHORIZATION_CLOSE_1942-07-30_v001.md
7498	BRANCH_B_NC_GLOBAL_NAVAL_FIRE_SUPPORT_RELEASE_ENVELOPE_CLOSE_1942-07-30_v001.md
9367	BRANCH_B_NC_INVASION_AND_SURFACE_RESPONSE_OPERATIONAL_DESIGN_CLOSE_1942-07-30_v001.md
7958	BRANCH_B_NC_JAPANESE_GROUND_WAVE_AND_SUPPORT_OOB_CLOSE_1942-07-30_v001.md
9674	BRANCH_B_NC_LANDING_GEOGRAPHY_AXIS_AND_HYDROGRAPHIC_SELECTION_CLOSE_1942-07-30_v001.md
2835	BRANCH_B_NC_RESIDUAL_OPEN_ITEM_REGISTER_V088_1942-07-30_v001.md
1169	BRANCH_B_RESUME_1942-07-30_NC_754TH_JAPANESE_WAVE_OOB_CLOSED_v001.md
1665	BRANCH_B_RESUME_1942-07-30_NC_FIRE_SUPPORT_OBSERVATION_CLOSED_v001.md
3230	BRANCH_B_RESUME_1942-07-30_NC_INVASION_SURFACE_RESPONSE_DESIGN_CLOSED_v001.md
2318	BRANCH_B_RESUME_1942-07-30_NC_LANDING_AXES_COUNTERATTACK_CLOCK_CLOSED_v001.md
987	CURRENT_1943-11-05_UPDATES/00_READ_FIRST_CURRENT_1943-11-05.md
6875	CURRENT_1943-11-05_UPDATES/01_CURRENT_MASTER_TIMELINE_TO_1943-11-05.md
4395	CURRENT_1943-11-05_UPDATES/02_CURRENT_SUPERSESSION_MAP_1943-11-05.md
21252	CURRENT_1943-11-05_UPDATES/1942H2_STRATEGIC_SETTLEMENT_v001.md
14532	CURRENT_1943-11-05_UPDATES/1942Q2_OPERATION_C_MO_MI_REAUDIT_SETTLEMENT_v001.md
4678	CURRENT_1943-11-05_UPDATES/ALLIED_LOGISTICS_FLEET_AXIS_EFFECTS_1942H2_v001.md
7001	CURRENT_1943-11-05_UPDATES/BRANCH_B_1943-08_US_FIRST_OPERATION_AND_DEFENSE_BELT_REAUDIT_v001.md
27123	CURRENT_1943-11-05_UPDATES/BRANCH_B_ADVANCED_TECH_MASTER_SNAPSHOT_1943-11-05_v001.md
2378	CURRENT_1943-11-05_UPDATES/BRANCH_B_ALEUTIANS_OPEN_ITEM_REGISTER_1943-05-20_v001.md
13461	CURRENT_1943-11-05_UPDATES/BRANCH_B_ALEUTIANS_SYSTEM_REAUDIT_1942-09_TO_1943-05-20_v001.md
9923	CURRENT_1943-11-05_UPDATES/BRANCH_B_ALLIED_OPERATIONS_IMPACT_TO_1943-11-05_v001.md
8191	CURRENT_1943-11-05_UPDATES/BRANCH_B_ATTU_COUNTERLANDING_NAVAL_AIR_SEA_GATE_1943-05-19_20_v001.md
8166	CURRENT_1943-11-05_UPDATES/BRANCH_B_ATTU_KISKA_OOB_TECH_AND_CARRIER_AIR_SNAPSHOT_1943-05-11_v001.md
12867	CURRENT_1943-11-05_UPDATES/BRANCH_B_AXIS_SUBMARINE_LIAISON_CASCADE_MERGE_1942-10_TO_1945_v001.md
7491	CURRENT_1943-11-05_UPDATES/BRANCH_B_AXIS_SUBMARINE_LIAISON_POLICY_REOPEN_1942-09-18_v001.md
4592	CURRENT_1943-11-05_UPDATES/BRANCH_B_AXIS_SUBMARINE_LIAISON_REALIZED_STATE_1943-08-06_v001.md
5874	CURRENT_1943-11-05_UPDATES/BRANCH_B_EUROPE_AXIS_DIVIDEND_TO_1943-11-05_v001.md
6040	CURRENT_1943-11-05_UPDATES/BRANCH_B_FIVEGO_PHASE_IIIA_GUANGYUAN_SETTLEMENT_1943-09_10_v001.md
2104	CURRENT_1943-11-05_UPDATES/BRANCH_B_FIVEGO_PHASE_I_II_SETTLEMENT_1943-03_07_v001.md
5324	CURRENT_1943-11-05_UPDATES/BRANCH_B_FIVEGO_PRELAUNCH_DELTA_AUDIT_CURRENT_VS_PREVIOUS_v001.md
5875	CURRENT_1943-11-05_UPDATES/BRANCH_B_GILBERT_ELLICES_FORWARD_SURVEILLANCE_GATE_1943-09_v001.md
4981	CURRENT_1943-11-05_UPDATES/BRANCH_B_GILBERT_RAID_SETTLEMENT_1943-09-18_19_v001.md
9063	CURRENT_1943-11-05_UPDATES/BRANCH_B_GLOBAL_CONTINUOUS_SETTLEMENT_1942-09-18_TO_FIVEGO_v001.md
7198	CURRENT_1943-11-05_UPDATES/BRANCH_B_HANZHONG_GUANGYUAN_AIRWAR_ACCUMULATION_ATTRITION_AUDIT_v001.md
9756	CURRENT_1943-11-05_UPDATES/BRANCH_B_INDIAN_OCEAN_AXIS_PRESENCE_LIAISON_1943-11_v001.md
13086	CURRENT_1943-11-05_UPDATES/BRANCH_B_INDIAN_OCEAN_ONE_YEAR_BURDEN_LEDGER_1942-09_TO_1943-11_v001.md
9864	CURRENT_1943-11-05_UPDATES/BRANCH_B_JAPANESE_PILOT_TRAINING_PIPELINE_1942_1944_v001.md
7354	CURRENT_1943-11-05_UPDATES/BRANCH_B_JAPAN_STRATEGIC_PROGRAM_ICHIGO_FORTIFICATION_1943-11_v001.md
5147	CURRENT_1943-11-05_UPDATES/BRANCH_B_KYOFU_WATER_AIR_NUISANCE_EUROPE_SHADOW_UPDATE_1943-08-06_v001.md
9003	CURRENT_1943-11-05_UPDATES/BRANCH_B_MIDWAY_RAID_ROLLBACK_AIR_DEFENSE_RECONSTRUCTION_1943-08-28_v001.md
1512	CURRENT_1943-11-05_UPDATES/BRANCH_B_MIDWAY_RAID_SETTLEMENT_1943-08-29_30_v001.md
8690	CURRENT_1943-11-05_UPDATES/BRANCH_B_NC_1942-09-18_COMPARATIVE_SETTLEMENT_AND_TRANSPORT_REAUDIT_v001.md
5516	CURRENT_1943-11-05_UPDATES/BRANCH_B_POST_MIDWAY_STRATEGIC_GATE_1943-09_v001.md
3216	CURRENT_1943-11-05_UPDATES/BRANCH_B_RESUME_ALEUTIANS_1942-09_TO_1943-05-20_OPEN_FRONTIER_v001.md
6260	CURRENT_1943-11-05_UPDATES/BRANCH_B_WAKE_RAID_PREBATTLE_READINESS_1943-10-04_v001.md
8691	CURRENT_1943-11-05_UPDATES/BRANCH_B_WAKE_RAID_PREBATTLE_READINESS_1943-10-04_v002_EW_AMENDED.md
5414	CURRENT_1943-11-05_UPDATES/BRANCH_B_WAKE_RAID_SETTLEMENT_1943-10-05_06_v001.md
10627	CURRENT_1943-11-05_UPDATES/BRANCH_B_v088_COMPACT_ACTIVE_CONTEXT_1942-07-30.md
1770	CURRENT_1943-11-05_UPDATES/EUROPE_CASUALTY_DELTA_LEDGER_TO_OVERLORD_v001.md
4191	V050_ADDENDUM_2026-09-05/00_HANDOFF/BRANCH_B_V050_ADDENDUM_MANIFEST.txt
3653	V050_ADDENDUM_2026-09-05/00_HANDOFF/BRANCH_B_V050_ADDENDUM_SHA256SUMS.txt
3483	V050_ADDENDUM_2026-09-05/00_HANDOFF/BRANCH_B_V050_AUTHORITY_SUPERSESSION_MAP_2026-09-05.md
1881	V050_ADDENDUM_2026-09-05/00_HANDOFF/BRANCH_B_V050_CURRENT_STATE_1942H2.json
2902	V050_ADDENDUM_2026-09-05/00_HANDOFF/BRANCH_B_V050_NEXT_CHAT_PRIORITY_NC_ALLIED_BUILDUP_2026-09-05.md
6315	V050_ADDENDUM_2026-09-05/00_HANDOFF/BRANCH_B_V050_SESSION_FULL_RESUME_SANTO_TO_NC_2026-09-05.md
8241	V050_ADDENDUM_2026-09-05/00_HANDOFF/BRANCH_B_V050_START_HERE_2026-09-05.md
4542	V050_ADDENDUM_2026-09-05/03_SESSION_UPDATES/BRANCH_B_1942H2_NAVAL_COMBAT_FIRE_SUPPORT_LEDGER_v001.json
19621	V050_ADDENDUM_2026-09-05/03_SESSION_UPDATES/BRANCH_B_1942H2_NAVAL_COMBAT_FIRE_SUPPORT_LEDGER_v001.md
1927	V050_ADDENDUM_2026-09-05/03_SESSION_UPDATES/BRANCH_B_1942H2_NAVAL_COMBAT_FIRE_SUPPORT_LEDGER_v002.json
28746	V050_ADDENDUM_2026-09-05/03_SESSION_UPDATES/BRANCH_B_1942H2_NAVAL_COMBAT_FIRE_SUPPORT_LEDGER_v002.md
2657	V050_ADDENDUM_2026-09-05/03_SESSION_UPDATES/BRANCH_B_NC_1942-11-08_COMBINED_FLEET_READINESS_v012.json
14225	V050_ADDENDUM_2026-09-05/03_SESSION_UPDATES/BRANCH_B_NC_1942-11-08_COMBINED_FLEET_READINESS_v012.md
2181	V050_ADDENDUM_2026-09-05/03_SESSION_UPDATES/BRANCH_B_OCT1942_JAPAN_DEPLOYMENT_ALLIED_INTEL_v013.json
11959	V050_ADDENDUM_2026-09-05/03_SESSION_UPDATES/BRANCH_B_OCT1942_JAPAN_DEPLOYMENT_ALLIED_INTEL_v013.md
1357	V050_ADDENDUM_2026-09-05/03_SESSION_UPDATES/BRANCH_B_SANTO_1942-09-24_NIGHT_ACTION_READJUDICATION_v004.json
9976	V050_ADDENDUM_2026-09-05/03_SESSION_UPDATES/BRANCH_B_SANTO_1942-09-24_NIGHT_ACTION_READJUDICATION_v004.md
1806	V050_ADDENDUM_2026-09-05/03_SESSION_UPDATES/BRANCH_B_SANTO_1942-09-25_DDAY_DAYLIGHT_v005.json
12716	V050_ADDENDUM_2026-09-05/03_SESSION_UPDATES/BRANCH_B_SANTO_1942-09-25_DDAY_DAYLIGHT_v005.md
2057	V050_ADDENDUM_2026-09-05/03_SESSION_UPDATES/BRANCH_B_SANTO_1942-09-25_DDAY_NIGHT_v006.json
12842	V050_ADDENDUM_2026-09-05/03_SESSION_UPDATES/BRANCH_B_SANTO_1942-09-25_DDAY_NIGHT_v006.md
1772	V050_ADDENDUM_2026-09-05/03_SESSION_UPDATES/BRANCH_B_SANTO_1942-09-26_DPLUS1_v007.json
11775	V050_ADDENDUM_2026-09-05/03_SESSION_UPDATES/BRANCH_B_SANTO_1942-09-26_DPLUS1_v007.md
1634	V050_ADDENDUM_2026-09-05/03_SESSION_UPDATES/BRANCH_B_SANTO_1942-09-27_DPLUS2_v008.json
11274	V050_ADDENDUM_2026-09-05/03_SESSION_UPDATES/BRANCH_B_SANTO_1942-09-27_DPLUS2_v008.md
12108	V050_ADDENDUM_2026-09-05/03_SESSION_UPDATES/BRANCH_B_SANTO_1942-09_NAVAL_REBUILD_v003.md
2172	V050_ADDENDUM_2026-09-05/03_SESSION_UPDATES/BRANCH_B_SANTO_POSTCAPTURE_ASSET_SETTLEMENT_v010.json
11287	V050_ADDENDUM_2026-09-05/03_SESSION_UPDATES/BRANCH_B_SANTO_POSTCAPTURE_ASSET_SETTLEMENT_v010.md
1725	V050_ADDENDUM_2026-09-05/03_SESSION_UPDATES/BRANCH_B_SANTO_POSTCAPTURE_COMBINED_FLEET_INTENT_v011.json
9949	V050_ADDENDUM_2026-09-05/03_SESSION_UPDATES/BRANCH_B_SANTO_POSTCAPTURE_COMBINED_FLEET_INTENT_v011.md
3120	V050_ADDENDUM_2026-09-05/03_SESSION_UPDATES/BRANCH_B_SANTO_TF64_CORRECTION_AND_DPLUS3_v009.json
17792	V050_ADDENDUM_2026-09-05/03_SESSION_UPDATES/BRANCH_B_SANTO_TF64_CORRECTION_AND_DPLUS3_v009.md
7621	V050_ADDENDUM_2026-09-05/03_SESSION_UPDATES/SANTO_1942-09_AIR_TECH_INPUT_v001.md
1550	V051_ADDENDUM_2026-09-05/00_HANDOFF/BRANCH_B_V051_AUTHORITY_SUPERSESSION_MAP_2026-09-05.md
1171	V051_ADDENDUM_2026-09-05/00_HANDOFF/BRANCH_B_V051_CURRENT_STATE_CRUISER_AUDIT.json
1488	V051_ADDENDUM_2026-09-05/00_HANDOFF/BRANCH_B_V051_START_HERE_2026-09-05.md
942	V051_ADDENDUM_2026-09-05/00_MANIFEST/BRANCH_B_V051_ADDENDUM_SHA256.txt
12871	V051_ADDENDUM_2026-09-05/03_SESSION_UPDATES/BRANCH_B_JAPANESE_CA_CL_CLASS_AUDIT_PROVISIONAL_v001.json
14634	V051_ADDENDUM_2026-09-05/03_SESSION_UPDATES/BRANCH_B_JAPANESE_CA_CL_CLASS_AUDIT_PROVISIONAL_v001.md
3511	V051_ADDENDUM_2026-09-05/03_SESSION_UPDATES/BRANCH_B_SURFACE_HULL_DIFFERENCE_WATCHLIST_v001.md
2114	V052_ADDENDUM_2026-09-05/00_HANDOFF/BRANCH_B_V052_AUTHORITY_SUPERSESSION_MAP_2026-09-05.md
774	V052_ADDENDUM_2026-09-05/00_HANDOFF/BRANCH_B_V052_CURRENT_STATE_HEAVY_BATTLESHIP_GUN_AUDIT.json
2393	V052_ADDENDUM_2026-09-05/00_HANDOFF/BRANCH_B_V052_START_HERE_2026-09-05.md
949	V052_ADDENDUM_2026-09-05/00_MANIFEST/BRANCH_B_V052_ADDENDUM_SHA256.txt
1553	V052_ADDENDUM_2026-09-05/03_SESSION_UPDATES/BRANCH_B_HEAVY_GUN_PROJECTILE_MATERIALIZATION_1934_1942_v001.json
7172	V052_ADDENDUM_2026-09-05/03_SESSION_UPDATES/BRANCH_B_HEAVY_GUN_PROJECTILE_MATERIALIZATION_1934_1942_v001.md
1354	V052_ADDENDUM_2026-09-05/03_SESSION_UPDATES/BRANCH_B_YAMATO_MUTSU_1942-11_REAUDIT_v001.json
5475	V052_ADDENDUM_2026-09-05/03_SESSION_UPDATES/BRANCH_B_YAMATO_MUTSU_1942-11_REAUDIT_v001.md
1082	V053_ADDENDUM_2026-09-05/00_HANDOFF/BRANCH_B_V053_AUTHORITY_SUPERSESSION_MAP_2026-09-05.md
698	V053_ADDENDUM_2026-09-05/00_HANDOFF/BRANCH_B_V053_CURRENT_STATE_WATER_AIR_LAYER.json
6710	V053_ADDENDUM_2026-09-05/00_HANDOFF/BRANCH_B_V053_START_HERE_2026-09-05.md
640	V053_ADDENDUM_2026-09-05/00_MANIFEST/BRANCH_B_V053_ADDENDUM_SHA256.txt
4184	V053_ADDENDUM_2026-09-05/03_SESSION_UPDATES/BRANCH_B_NC_1942_WATER_FIGHTER_REAUDIT_v001.json
7505	V053_ADDENDUM_2026-09-05/03_SESSION_UPDATES/BRANCH_B_NC_1942_WATER_FIGHTER_REAUDIT_v001.md
9486	V054_ADDENDUM_2026-09-05/00_HANDOFF/BRANCH_B_V054_START_HERE_2026-09-05.md
259	V054_ADDENDUM_2026-09-05/00_MANIFEST/BRANCH_B_V054_ADDENDUM_SHA256.txt
2451	V054_ADDENDUM_2026-09-05/03_SESSION_UPDATES/BRANCH_B_NC_1942_11_11_GROUND_WATER_AIR_CLOSURE_v001.json
7618	V055_ADDENDUM_2026-09-05/00_HANDOFF/BRANCH_B_V055_START_HERE_2026-09-05.md
250	V055_ADDENDUM_2026-09-05/00_MANIFEST/BRANCH_B_V055_ADDENDUM_SHA256.txt
1221	V055_ADDENDUM_2026-09-05/03_SESSION_UPDATES/BRANCH_B_NC_SURFACE_FLOATPLANE_REAUDIT_v001.json
2296	V056_ADDENDUM_2026-09-06/00_HANDOFF/BRANCH_B_V056_START_HERE_2026-09-06.md
452	V056_ADDENDUM_2026-09-06/00_HANDOFF/SHA256SUMS_V056_ADDENDUM_2026-09-06.txt
15441	V056_ADDENDUM_2026-09-06/03_AUDIT/BRANCH_B_SUBMARINE_ASSUMPTION_REVERSE_MAP_STAGE2_v001.md
18434	V056_ADDENDUM_2026-09-06/03_AUDIT/BRANCH_B_SUBMARINE_CURRENT_STATE_AUDIT_STAGE1_v002.md
1172	V057_ADDENDUM_2026-09-06/00_HANDOFF/BRANCH_B_V057_START_HERE_2026-09-06.md
1102	V057_ADDENDUM_2026-09-06/00_MANIFEST/SHA256SUMS_V057_ADDENDUM.txt
12004	V057_ADDENDUM_2026-09-06/03_AUDIT/BRANCH_B_SUBMARINE_REVALIDATION_STAGE3A_v001.md
6273	V057_ADDENDUM_2026-09-06/03_AUDIT/BRANCH_B_SUBMARINE_STAGE3A_CALCULATE_v001.py
11586	V057_ADDENDUM_2026-09-06/03_AUDIT/BRANCH_B_SUBMARINE_STAGE3A_EVENTS_v001.json
3037	V057_ADDENDUM_2026-09-06/03_AUDIT/BRANCH_B_SUBMARINE_STAGE3A_PARAMETER_REGISTER_v001.json
3639	V057_ADDENDUM_2026-09-06/03_AUDIT/BRANCH_B_SUBMARINE_STAGE3A_PATROLS_v001.json
2862	V057_ADDENDUM_2026-09-06/03_AUDIT/BRANCH_B_SUBMARINE_STAGE3A_RESOURCE_CONSTRAINTS_v001.json
4492	V057_ADDENDUM_2026-09-06/03_AUDIT/BRANCH_B_SUBMARINE_STAGE3A_RESULTS_v001.json
4948	V057_ADDENDUM_2026-09-06/03_AUDIT/BRANCH_B_SUBMARINE_STAGE3A_SOURCES_v001.json
8430	V058_ADDENDUM_2026-09-06/00_HANDOFF/BRANCH_B_V058_START_HERE_2026-09-06.md
285	V058_ADDENDUM_2026-09-06/00_MANIFEST/SHA256SUMS_V058_ADDENDUM.txt
1284	V058_ADDENDUM_2026-09-06/03_SESSION_UPDATES/BRANCH_B_SUBMARINE_REFLECTION_START_v001.json
1563	V059_ADDENDUM_2026-09-06/00_HANDOFF/BRANCH_B_V059_START_HERE_2026-09-06.md
349	V059_ADDENDUM_2026-09-06/00_MANIFEST/SHA256SUMS_V059_ADDENDUM.txt
7968	V059_ADDENDUM_2026-09-06/03_AUDIT/BRANCH_B_WIO_1C_LEDGER_v001.json
6875	V059_ADDENDUM_2026-09-06/03_AUDIT/BRANCH_B_WIO_1C_ROUTE_RESPONSE_1942-06-18_v001.md
5559	V060_ADDENDUM_2026-09-06/00_HANDOFF/BRANCH_B_V060_START_HERE_2026-09-06.md
472	V060_ADDENDUM_2026-09-06/00_MANIFEST/SHA256SUMS_V060_ADDENDUM.txt
4239	V060_ADDENDUM_2026-09-06/03_AUDIT/BRANCH_B_WIO_2_ATTACK_LEDGER_1942-06-19_07-08_v001.md
8574	V060_ADDENDUM_2026-09-06/03_AUDIT/BRANCH_B_WIO_2_LEDGER_v001.json
3858	V060_ADDENDUM_2026-09-06/03_AUDIT/BRANCH_B_WIO_2_SOURCE_RECONCILIATION_v001.md
6657	V062_ADDENDUM_2026-09-06/00_HANDOFF/BRANCH_B_V062_START_HERE_2026-09-06.md
463	V062_ADDENDUM_2026-09-06/00_MANIFEST/SHA256SUMS_V062_ADDENDUM.txt
1638	V062_ADDENDUM_2026-09-06/03_AUDIT/BRANCH_B_1942H2_GATE_MAP_v001.json
1414	V062_ADDENDUM_2026-09-06/03_AUDIT/BRANCH_B_WIO3_CARRIER_TIMING_CORRECTION_v001.md
2604	V062_ADDENDUM_2026-09-06/03_AUDIT/BRANCH_B_WIO4_OPERATION_B_GATE_v001.md
11896	V063_ADDENDUM_2026-09-06/00_HANDOFF/BRANCH_B_V063_START_HERE_2026-09-06.md
382	V063_ADDENDUM_2026-09-06/00_MANIFEST/SHA256SUMS_V063_ADDENDUM.txt
2909	V063_ADDENDUM_2026-09-06/03_AUDIT/BRANCH_B_MADAGASCAR_OTHER_THEATER_TRADEOFF_1942-07-08_v001.md
5706	V063_ADDENDUM_2026-09-06/03_AUDIT/BRANCH_B_MADAGASCAR_WALLET_1942-04-25_07-08_v001.json
13110	V064_ADDENDUM_2026-09-06/00_HANDOFF/BRANCH_B_V064_START_HERE_2026-09-06.md
390	V064_ADDENDUM_2026-09-06/00_MANIFEST/SHA256SUMS_V064_ADDENDUM.txt
5024	V064_ADDENDUM_2026-09-06/03_AUDIT/BRANCH_B_WIO4A_OPERATION_B_AND_BRITISH_PAYMENT_1942-08-05_15_v001.md
5333	V064_ADDENDUM_2026-09-06/03_AUDIT/BRANCH_B_WIO4A_RESOURCE_LEDGER_1942-08-05_15_v001.json
4465	V065_ADDENDUM_2026-09-06/00_HANDOFF/BRANCH_B_V065_START_HERE_2026-09-06.md
395	V065_ADDENDUM_2026-09-06/00_MANIFEST/SHA256SUMS_V065_ADDENDUM.txt
16453	V065_ADDENDUM_2026-09-06/03_AUDIT/BRANCH_B_WIO4B_OPERATION_B_CLOSE_SUBS_PAYMENT_1942-08-16_09-09_v001.md
4777	V065_ADDENDUM_2026-09-06/03_AUDIT/BRANCH_B_WIO4B_RESOURCE_LEDGER_1942-08-16_09-09_v001.json
2576	V066_ADDENDUM_2026-09-06/00_HANDOFF/BRANCH_B_V066_START_HERE_2026-09-06.md
389	V066_ADDENDUM_2026-09-06/00_MANIFEST/SHA256SUMS_V066_ADDENDUM.txt
5677	V066_ADDENDUM_2026-09-06/03_AUDIT/BRANCH_B_WIO5_RESOURCE_LEDGER_1942-09-10_10-03_v001.json
16074	V066_ADDENDUM_2026-09-06/03_AUDIT/BRANCH_B_WIO5_STREAMLINE_ADEN_SUBS_TORCH_1942-09-10_10-03_v001.md
4437	V067_ADDENDUM_2026-09-06/00_HANDOFF/BRANCH_B_V067_START_HERE_2026-09-06.md
390	V067_ADDENDUM_2026-09-06/00_MANIFEST/SHA256SUMS_V067_ADDENDUM.txt
19804	V067_ADDENDUM_2026-09-06/03_AUDIT/BRANCH_B_WIO6_OCTOBER_RESOURCE_TRADEFLOWS_1942-10-04_10-24_v001.md
7028	V067_ADDENDUM_2026-09-06/03_AUDIT/BRANCH_B_WIO6_RESOURCE_LEDGER_1942-10-04_10-24_v001.json
4378	V068_ADDENDUM_2026-09-06/00_HANDOFF/BRANCH_B_V068_START_HERE_2026-09-06.md
390	V068_ADDENDUM_2026-09-06/00_MANIFEST/SHA256SUMS_V068_ADDENDUM.txt
2560	V068_ADDENDUM_2026-09-06/03_AUDIT/BRANCH_B_V068_I30_CRYPTO_CORRECTION_AND_WINDOW_GUARD_v001.json
1876	V068_ADDENDUM_2026-09-06/03_AUDIT/BRANCH_B_V068_I30_CRYPTO_CORRECTION_AND_WINDOW_GUARD_v001.md
2510	V069_ADDENDUM_2026-09-07/00_HANDOFF/BRANCH_B_V069_START_HERE_2026-09-07.md
819	V069_ADDENDUM_2026-09-07/00_MANIFEST/SHA256SUMS_V069_ADDENDUM.txt
1242	V069_ADDENDUM_2026-09-07/03_AUDIT/BRANCH_B_JAPAN_POST_MI_FS_CONVERGENCE_CLOSE_1942-06-15_07-27_v001.json
9980	V069_ADDENDUM_2026-09-07/03_AUDIT/BRANCH_B_JAPAN_POST_MI_FS_CONVERGENCE_CLOSE_1942-06-15_07-27_v001.md
760	V069_ADDENDUM_2026-09-07/03_AUDIT/BRANCH_B_SOUTHEAST_FORWARD_NODE_NETWORK_AUDIT_START_1942-07_v001.json
3932	V069_ADDENDUM_2026-09-07/03_AUDIT/BRANCH_B_SOUTHEAST_FORWARD_NODE_NETWORK_AUDIT_START_1942-07_v001.md
8986	V070_ADDENDUM_2026-09-07/00_HANDOFF/BRANCH_B_V070_CURRENT_STATE_2026-09-07.json
726	V070_ADDENDUM_2026-09-07/00_HANDOFF/BRANCH_B_V070_START_HERE_2026-09-07.md
991	V070_ADDENDUM_2026-09-07/00_MANIFEST/FILE_LIST_V070_ADDENDUM.txt
1405	V070_ADDENDUM_2026-09-07/01_AUTHORITY/BRANCH_B_V070_SUPERSESSION_MAP_2026-09-07.md
1809	V070_ADDENDUM_2026-09-07/03_AUDIT/BRANCH_B_ALLIED_MIRROR_CLOSE_1942-07-20_27_v001.json
2744	V070_ADDENDUM_2026-09-07/03_AUDIT/BRANCH_B_ALLIED_MIRROR_CLOSE_1942-07-20_27_v001.md
1084	V070_ADDENDUM_2026-09-07/03_AUDIT/BRANCH_B_FORWARD_NODE_LEDGER_CLOSE_1942-07-20_v001.json
1613	V070_ADDENDUM_2026-09-07/03_AUDIT/BRANCH_B_FORWARD_NODE_LEDGER_CLOSE_1942-07-20_v001.md
4567	V070_ADDENDUM_2026-09-07/03_AUDIT/BRANCH_B_SANTO_PREBATTLE_WALLET_CLOSE_1942-07-20_v001.json
3221	V070_ADDENDUM_2026-09-07/03_AUDIT/BRANCH_B_SANTO_PREBATTLE_WALLET_CLOSE_1942-07-20_v001.md
747	V070_ADDENDUM_2026-09-07/03_AUDIT/BRANCH_B_V070_SOURCE_BASIS_NOTE.md
1710	V070_ADDENDUM_2026-09-07/04_RESUME/BRANCH_B_RESUME_1942-07-23_SANTO_D4_v001.md
1871	V071_ADDENDUM_2026-09-07/00_HANDOFF/BRANCH_B_V071_CURRENT_STATE_2026-09-07.json
1075	V071_ADDENDUM_2026-09-07/00_HANDOFF/BRANCH_B_V071_START_HERE_2026-09-07.md
739	V071_ADDENDUM_2026-09-07/00_MANIFEST/FILE_LIST_V071_ADDENDUM.txt
1267	V071_ADDENDUM_2026-09-07/00_MANIFEST/SHA256SUMS_V071_ADDENDUM.txt
974	V071_ADDENDUM_2026-09-07/01_AUTHORITY/BRANCH_B_V071_SUPERSESSION_MAP_2026-09-07.md
8179	V071_ADDENDUM_2026-09-07/03_AUDIT/BRANCH_B_LIMITED_FS_CAPABILITY_CHANGE_CLOCK_1942-07-23_TO_NC_v001.json
5835	V071_ADDENDUM_2026-09-07/03_AUDIT/BRANCH_B_LIMITED_FS_CAPABILITY_CHANGE_CLOCK_1942-07-23_TO_NC_v001.md
15234	V071_ADDENDUM_2026-09-07/03_AUDIT/BRANCH_B_SANTO_D4_CAPABILITY_SNAPSHOT_CLOSE_1942-07-23_v001.json
9537	V071_ADDENDUM_2026-09-07/03_AUDIT/BRANCH_B_SANTO_D4_CAPABILITY_SNAPSHOT_CLOSE_1942-07-23_v001.md
764	V071_ADDENDUM_2026-09-07/04_RESUME/BRANCH_B_RESUME_1942-07-23_SANTO_D4_CAPABILITY_CLOSED_v001.md
3256	V072_ADDENDUM_2026-09-07/00_HANDOFF/BRANCH_B_V072_CURRENT_STATE_2026-09-07.json
1297	V072_ADDENDUM_2026-09-07/00_HANDOFF/BRANCH_B_V072_START_HERE_2026-09-07.md
841	V072_ADDENDUM_2026-09-07/00_MANIFEST/FILE_LIST_V072_ADDENDUM.txt
1435	V072_ADDENDUM_2026-09-07/00_MANIFEST/SHA256SUMS_V072_ADDENDUM.txt
1297	V072_ADDENDUM_2026-09-07/01_AUTHORITY/BRANCH_B_V072_SUPERSESSION_MAP_2026-09-07.md
3621	V072_ADDENDUM_2026-09-07/03_AUDIT/BRANCH_B_ALLIED_GLOBAL_TO_SANTO_ALLOCATION_CLOSE_1942-07-23_v001.json
20145	V072_ADDENDUM_2026-09-07/03_AUDIT/BRANCH_B_ALLIED_GLOBAL_TO_SANTO_ALLOCATION_CLOSE_1942-07-23_v001.md
1840	V072_ADDENDUM_2026-09-07/03_AUDIT/BRANCH_B_ALLIED_SANTO_REACTION_AND_CONCENTRATION_CLOCK_1942-07-23_31_v001.json
7849	V072_ADDENDUM_2026-09-07/03_AUDIT/BRANCH_B_ALLIED_SANTO_REACTION_AND_CONCENTRATION_CLOCK_1942-07-23_31_v001.md
1583	V072_ADDENDUM_2026-09-07/03_AUDIT/BRANCH_B_V072_SOURCE_BASIS_NOTE.md
1861	V072_ADDENDUM_2026-09-07/04_RESUME/BRANCH_B_RESUME_1942-07-23_SANTO_D4_ALLIED_ALLOCATION_CLOSED_v001.md
1274	V073_ADDENDUM_2026-09-07/00_HANDOFF/BRANCH_B_V073_START_HERE_2026-09-07.md
341	V073_ADDENDUM_2026-09-07/00_MANIFEST/FILE_LIST_V073_ADDENDUM.txt
736	V073_ADDENDUM_2026-09-07/00_MANIFEST/SHA256SUMS_V073_ADDENDUM.txt
3272	V073_ADDENDUM_2026-09-07/03_EVENTS/BRANCH_B_SANTO_D4_1942-07-23_EVENT_CLOSE_v001.json
14981	V073_ADDENDUM_2026-09-07/03_EVENTS/BRANCH_B_SANTO_D4_1942-07-23_EVENT_CLOSE_v001.md
2074	V073_ADDENDUM_2026-09-07/04_RESUME/BRANCH_B_RESUME_1942-07-24_SANTO_D3_W1_FIRED_W2_OPEN_v001.md
1465	V074_ADDENDUM_2026-09-07/00_HANDOFF/BRANCH_B_V074_START_HERE_2026-09-07.md
559	V074_ADDENDUM_2026-09-07/00_MANIFEST/FILE_LIST_V074_ADDENDUM.txt
1086	V074_ADDENDUM_2026-09-07/00_MANIFEST/SHA256SUMS_V074_ADDENDUM.txt
683	V074_ADDENDUM_2026-09-07/03_CORRECTION/BRANCH_B_RAIDER_FAST_LIFT_CAPACITY_CORRECTION_1942-07-24_v001.json
3101	V074_ADDENDUM_2026-09-07/03_CORRECTION/BRANCH_B_RAIDER_FAST_LIFT_CAPACITY_CORRECTION_1942-07-24_v001.md
1487	V074_ADDENDUM_2026-09-07/03_EVENTS/BRANCH_B_SANTO_D3_1942-07-24_EVENT_CLOSE_v001.json
15007	V074_ADDENDUM_2026-09-07/03_EVENTS/BRANCH_B_SANTO_D3_1942-07-24_EVENT_CLOSE_v001.md
3038	V074_ADDENDUM_2026-09-07/04_RESUME/BRANCH_B_RESUME_1942-07-25_SANTO_D2_W2_FIRED_RAIDERS_INBOUND_v001.md
2028	V075_ADDENDUM_2026-09-07/00_HANDOFF/BRANCH_B_V075_START_HERE_2026-09-07.md
644	V075_ADDENDUM_2026-09-07/00_MANIFEST/FILE_LIST_V075_ADDENDUM.txt
1237	V075_ADDENDUM_2026-09-07/00_MANIFEST/SHA256SUMS_V075_ADDENDUM.txt
4123	V075_ADDENDUM_2026-09-07/01_AUTHORITY/01_CURRENT_STATE_V075_FULL.json
2049	V075_ADDENDUM_2026-09-07/01_AUTHORITY/02_SUPERSESSION_MAP_V075_FULL.md
3933	V075_ADDENDUM_2026-09-07/03_COMMAND/BRANCH_B_SANTO_D2_COMMAND_DECISION_GATES_1942-07-25_v001.json
3479	V075_ADDENDUM_2026-09-07/03_COMMAND/BRANCH_B_SANTO_D2_COMMAND_INFORMATION_BELIEF_MATRIX_1942-07-25_v001.md
28012	V075_ADDENDUM_2026-09-07/03_COMMAND/BRANCH_B_SANTO_D2_COMMAND_PERSONALITY_AND_DECISION_DOCTRINE_CLOSE_1942-07-25_v001.md
5531	V075_ADDENDUM_2026-09-07/04_RESUME/BRANCH_B_RESUME_1942-07-25_SANTO_D2_COMMAND_POSTURE_CLOSED_v001.md
1576	V076_ADDENDUM_2026-09-07/00_HANDOFF/BRANCH_B_V076_START_HERE_2026-09-07.md
590	V076_ADDENDUM_2026-09-07/00_MANIFEST/FILE_LIST_V076_ADDENDUM.txt
1183	V076_ADDENDUM_2026-09-07/00_MANIFEST/SHA256SUMS_V076_ADDENDUM.txt
3335	V076_ADDENDUM_2026-09-07/01_AUTHORITY/01_CURRENT_STATE_V076_FULL.json
1753	V076_ADDENDUM_2026-09-07/01_AUTHORITY/02_SUPERSESSION_MAP_V076_FULL.md
2549	V076_ADDENDUM_2026-09-07/03_EVENT/BRANCH_B_SANTO_D2_1942-07-25_EVENT_CLOSE_v001.json
17775	V076_ADDENDUM_2026-09-07/03_EVENT/BRANCH_B_SANTO_D2_1942-07-25_EVENT_CLOSE_v001.md
3014	V076_ADDENDUM_2026-09-07/03_EVENT/BRANCH_B_WASP_D2_AIR_GROUP_RUNTIME_CLOSE_1942-07-25_v001.md
3727	V076_ADDENDUM_2026-09-07/04_RESUME/BRANCH_B_RESUME_1942-07-26_SANTO_D1_RAIDERS_ASHORE_2DMARINES_TRACKED_v001.md
1872	V077_ADDENDUM_2026-09-07/00_HANDOFF/BRANCH_B_V077_START_HERE_2026-09-07.md
973	V077_ADDENDUM_2026-09-07/00_MANIFEST/FILE_LIST_V077_ADDENDUM.txt
1567	V077_ADDENDUM_2026-09-07/00_MANIFEST/SHA256SUMS_V077_ADDENDUM.txt
2621	V077_ADDENDUM_2026-09-07/01_AUTHORITY/01_CURRENT_STATE_V077_FULL.json
2335	V077_ADDENDUM_2026-09-07/01_AUTHORITY/02_SUPERSESSION_MAP_V077_FULL.md
251	V077_ADDENDUM_2026-09-07/03_EVENT/BRANCH_B_SANTO_D1_1942-07-26_EVENT_CLOSE_v001.json
13840	V077_ADDENDUM_2026-09-07/03_EVENT/BRANCH_B_SANTO_D1_1942-07-26_EVENT_CLOSE_v001.md
285	V077_ADDENDUM_2026-09-07/03_EVENT/BRANCH_B_SANTO_D1_CARRIER_BATTLE_RUNTIME_CLOSE_1942-07-26_v001.json
6704	V077_ADDENDUM_2026-09-07/03_EVENT/BRANCH_B_SANTO_D1_CARRIER_BATTLE_RUNTIME_CLOSE_1942-07-26_v001.md
347	V077_ADDENDUM_2026-09-07/04_RESUME/BRANCH_B_RESUME_1942-07-27_SANTO_DDAY_WASP_SHOKAKU_DAMAGED_2DMARINES_PARTIAL_ASHORE_v001.json
4010	V077_ADDENDUM_2026-09-07/04_RESUME/BRANCH_B_RESUME_1942-07-27_SANTO_DDAY_WASP_SHOKAKU_DAMAGED_2DMARINES_PARTIAL_ASHORE_v001.md
1643	V078_ADDENDUM_2026-09-07/00_HANDOFF/BRANCH_B_V078_START_HERE_2026-09-07.md
1207	V078_ADDENDUM_2026-09-07/00_MANIFEST/FILE_LIST_V078_ADDENDUM.txt
1933	V078_ADDENDUM_2026-09-07/00_MANIFEST/SHA256SUMS_V078_ADDENDUM.txt
2028	V078_ADDENDUM_2026-09-07/01_AUTHORITY/01_CURRENT_STATE_V078_FULL.json
1855	V078_ADDENDUM_2026-09-07/01_AUTHORITY/02_SUPERSESSION_MAP_V078_FULL.md
252	V078_ADDENDUM_2026-09-07/03_EVENT/BRANCH_B_SANTO_D1_1942-07-26_EVENT_CLOSE_v002.json
10020	V078_ADDENDUM_2026-09-07/03_EVENT/BRANCH_B_SANTO_D1_1942-07-26_EVENT_CLOSE_v002.md
286	V078_ADDENDUM_2026-09-07/03_EVENT/BRANCH_B_SANTO_D1_CARRIER_BATTLE_RUNTIME_CLOSE_1942-07-26_v002.json
12971	V078_ADDENDUM_2026-09-07/03_EVENT/BRANCH_B_SANTO_D1_CARRIER_BATTLE_RUNTIME_CLOSE_1942-07-26_v002.md
301	V078_ADDENDUM_2026-09-07/03_EVENT/BRANCH_B_SANTO_D1_CARRIER_DEFENSE_ROOT_CORRECTION_1942-07-26_v001.json
4186	V078_ADDENDUM_2026-09-07/03_EVENT/BRANCH_B_SANTO_D1_CARRIER_DEFENSE_ROOT_CORRECTION_1942-07-26_v001.md
377	V078_ADDENDUM_2026-09-07/04_RESUME/BRANCH_B_RESUME_1942-07-27_SANTO_DDAY_WASP_DAMAGED_SHOKAKU_LIMITED_DECK_2DMARINES_PARTIAL_ASHORE_v002.json
4374	V078_ADDENDUM_2026-09-07/04_RESUME/BRANCH_B_RESUME_1942-07-27_SANTO_DDAY_WASP_DAMAGED_SHOKAKU_LIMITED_DECK_2DMARINES_PARTIAL_ASHORE_v002.md
781	V079_ADDENDUM_2026-09-07/00_HANDOFF/00_READ_FIRST_V079_FULL_HANDOFF.md
439	V079_ADDENDUM_2026-09-07/00_HANDOFF/02_SUPERSESSION_MAP_V079_FULL.md
1298	V079_ADDENDUM_2026-09-07/03_EVENT/BRANCH_B_SANTO_DDAY_1942-07-27_EVENT_CLOSE_v001.json
14028	V079_ADDENDUM_2026-09-07/03_EVENT/BRANCH_B_SANTO_DDAY_1942-07-27_EVENT_CLOSE_v001.md
7216	V079_ADDENDUM_2026-09-07/03_EVENT/BRANCH_B_SANTO_DDAY_LANDING_GEOGRAPHY_AND_BOAT_WALLET_CLOSE_1942-07-27_v001.md
3000	V079_ADDENDUM_2026-09-07/04_RESUME/BRANCH_B_RESUME_1942-07-28_SANTO_DPLUS1_TURTLE_BAY_CAPTURED_SEGOND_HELD_v001.md
786	V079_ADDENDUM_2026-09-07/SHA256SUMS.txt
1265	V080_ADDENDUM_2026-09-07/00_HANDOFF/00_READ_FIRST_V080_FULL_HANDOFF.md
722	V080_ADDENDUM_2026-09-07/00_HANDOFF/02_SUPERSESSION_MAP_V080_FULL.md
949	V080_ADDENDUM_2026-09-07/03_EVENT/BRANCH_B_SANTO_DPLUS1_1942-07-28_EVENT_CLOSE_v001.json
13939	V080_ADDENDUM_2026-09-07/03_EVENT/BRANCH_B_SANTO_DPLUS1_1942-07-28_EVENT_CLOSE_v001.md
2870	V080_ADDENDUM_2026-09-07/03_EVENT/BRANCH_B_SANTO_SECOND_ECHELON_YASUKAWA_CLOCK_CLOSE_1942-07-28_v001.md
2997	V080_ADDENDUM_2026-09-07/04_RESUME/BRANCH_B_RESUME_1942-07-29_SANTO_DPLUS2_PALLIKULO_LOST_SEGOND_FINAL_BELT_v001.md
782	V080_ADDENDUM_2026-09-07/SHA256SUMS.txt
1531	V081_ADDENDUM_2026-09-07/00_HANDOFF/00_READ_FIRST_V081_FULL_HANDOFF.md
899	V081_ADDENDUM_2026-09-07/00_HANDOFF/02_SUPERSESSION_MAP_V081_FULL.md
3983	V081_ADDENDUM_2026-09-07/03_EVENT/BRANCH_B_SANTO_DPLUS1_WATER_AIR_FORWARD_STAGING_CORRECTION_1942-07-28_v001.md
878	V081_ADDENDUM_2026-09-07/03_EVENT/BRANCH_B_SANTO_DPLUS2_1942-07-29_EVENT_CLOSE_v001.json
12217	V081_ADDENDUM_2026-09-07/03_EVENT/BRANCH_B_SANTO_DPLUS2_1942-07-29_EVENT_CLOSE_v001.md
3295	V081_ADDENDUM_2026-09-07/04_RESUME/BRANCH_B_RESUME_1942-07-30_SANTO_OPERATIONALLY_CAPTURED_MOPUP_SECOND_ECHELON_UNLOADING_v001.md
954	V081_ADDENDUM_2026-09-07/SHA256SUMS.txt
847	V082_ADDENDUM_2026-09-07/00_HANDOFF/00_READ_FIRST_V082_FULL_HANDOFF.md
815	V082_ADDENDUM_2026-09-07/00_MANIFEST/SHA256SUMS_V082_ADDENDUM.txt
828	V082_ADDENDUM_2026-09-07/01_AUTHORITY/02_SUPERSESSION_MAP_V082_FULL.md
13094	V082_ADDENDUM_2026-09-07/03_AUDIT/BRANCH_B_NEW_CALEDONIA_PREPLAN_ARMY_MARGIN_AND_POST_NC_OPTIONS_CLOSE_1942-07-30_v001.md
9309	V082_ADDENDUM_2026-09-07/03_AUDIT/BRANCH_B_POST_SANTO_DAMAGED_HULL_REPAIR_CLOCK_CLOSE_1942-07-30_v001.md
2320	V082_ADDENDUM_2026-09-07/04_RESUME/BRANCH_B_RESUME_1942-07-30_POST_SANTO_REPAIR_CLOCK_AND_NC_PREPLAN_CLOSED_v001.md
1210	V083_ADDENDUM_2026-09-07/00_HANDOFF/00_READ_FIRST_V083_FULL_HANDOFF.md
775	V083_ADDENDUM_2026-09-07/00_MANIFEST/SHA256SUMS_V083_ADDENDUM.txt
1548	V083_ADDENDUM_2026-09-07/01_AUTHORITY/02_SUPERSESSION_MAP_V083_FULL.md
9650	V083_ADDENDUM_2026-09-07/03_AUDIT/BRANCH_B_CHINA_NANJING_CHONGQING_CAUSAL_BASIS_RECOVERY_1937_1942_v001.md
10184	V083_ADDENDUM_2026-09-07/03_AUDIT/BRANCH_B_FIVEGO_WORLD_CONCEPT_RECOVERY_1942-07-30_v001.md
2695	V083_ADDENDUM_2026-09-07/04_RESUME/BRANCH_B_RESUME_1942-07-30_FIVEGO_WORLD_CONCEPT_RECOVERED_v001.md
4290	V083_ADDENDUM_2026-09-07/05_PROVENANCE/BRANCH_B_FIVEGO_RECOVERY_PROVENANCE_MAP_v001.md
1062	V084_ADDENDUM_2026-09-07/00_HANDOFF/00_READ_FIRST_V084_FULL_HANDOFF.md
1132	V084_ADDENDUM_2026-09-07/00_MANIFEST/SHA256SUMS_V084_ADDENDUM.txt
1075	V084_ADDENDUM_2026-09-07/01_AUTHORITY/02_SUPERSESSION_MAP_V084_FULL.md
10814	V084_ADDENDUM_2026-09-07/03_AUDIT/BRANCH_B_ALLIED_POST_SANTO_NC_PREPARATION_COALITION_POSTURE_CLOSE_1942-07-30_v001.md
12350	V084_ADDENDUM_2026-09-07/03_AUDIT/BRANCH_B_GLOBAL_NC_CASTING_BOARD_CLOSE_1942-07-30_v001.md
10153	V084_ADDENDUM_2026-09-07/03_AUDIT/BRANCH_B_JAPAN_POST_SANTO_NC_PREPARATION_SERVICE_BARGAIN_CLOSE_1942-07-30_v001.md
3269	V084_ADDENDUM_2026-09-07/03_AUDIT/BRANCH_B_NC_ALLIED_ARMOR_MOBILE_GROUND_AUDIT_REOPEN_1942-07-30_v001.md
3458	V084_ADDENDUM_2026-09-07/04_RESUME/BRANCH_B_RESUME_1942-07-30_NC_CASTING_BOARD_RESTORED_v001.md
1196	V085_ADDENDUM_2026-09-07/00_HANDOFF/00_READ_FIRST_V085_FULL_HANDOFF.md
857	V085_ADDENDUM_2026-09-07/00_MANIFEST/SHA256SUMS_V085_ADDENDUM.txt
1195	V085_ADDENDUM_2026-09-07/01_AUTHORITY/02_SUPERSESSION_MAP_V085_FULL.md
7923	V085_ADDENDUM_2026-09-07/03_AUDIT/BRANCH_B_NC_AMPHIBIOUS_THROUGHPUT_AND_HEAVY_LANDING_GATE_1942-07-30_v001.md
7498	V085_ADDENDUM_2026-09-07/03_AUDIT/BRANCH_B_NC_GLOBAL_NAVAL_FIRE_SUPPORT_RELEASE_ENVELOPE_CLOSE_1942-07-30_v001.md
9367	V085_ADDENDUM_2026-09-07/03_AUDIT/BRANCH_B_NC_INVASION_AND_SURFACE_RESPONSE_OPERATIONAL_DESIGN_CLOSE_1942-07-30_v001.md
3230	V085_ADDENDUM_2026-09-07/04_RESUME/BRANCH_B_RESUME_1942-07-30_NC_INVASION_SURFACE_RESPONSE_DESIGN_CLOSED_v001.md
1303	V087_ADDENDUM_2026-09-07/00_HANDOFF/00_READ_FIRST_V087_FULL_HANDOFF.md
799	V087_ADDENDUM_2026-09-07/00_MANIFEST/SHA256SUMS_V087_ADDENDUM.txt
786	V087_ADDENDUM_2026-09-07/01_AUTHORITY/02_SUPERSESSION_MAP_V087_FULL.md
7719	V087_ADDENDUM_2026-09-07/03_AUDIT/BRANCH_B_NC_COUNTERATTACK_CLOCK_AND_FIRE_OBSERVATION_COUPLING_CLOSE_1942-07-30_v001.md
6246	V087_ADDENDUM_2026-09-07/03_AUDIT/BRANCH_B_NC_FIRST_DAY_COMBINED_ARMS_LANDING_AUTHORIZATION_CLOSE_1942-07-30_v001.md
9674	V087_ADDENDUM_2026-09-07/03_AUDIT/BRANCH_B_NC_LANDING_GEOGRAPHY_AXIS_AND_HYDROGRAPHIC_SELECTION_CLOSE_1942-07-30_v001.md
2318	V087_ADDENDUM_2026-09-07/04_RESUME/BRANCH_B_RESUME_1942-07-30_NC_LANDING_AXES_COUNTERATTACK_CLOCK_CLOSED_v001.md
4298	V090_ADDENDUM_2026-09-10/00_HANDOFF/00_READ_FIRST_V090_FULL_HANDOFF.md
1131	V090_ADDENDUM_2026-09-10/00_MANIFEST/SHA256SUMS_V090_ADDENDUM.txt
656	V090_ADDENDUM_2026-09-10/00_MANIFEST/V090_DELTA_SUMMARY.txt
2755	V090_ADDENDUM_2026-09-10/01_AUTHORITY/02_SUPERSESSION_MAP_V090_FULL.md
2378	V090_ADDENDUM_2026-09-10/03_AUDIT/BRANCH_B_ALEUTIANS_OPEN_ITEM_REGISTER_1943-05-20_v001.md
13461	V090_ADDENDUM_2026-09-10/03_AUDIT/BRANCH_B_ALEUTIANS_SYSTEM_REAUDIT_1942-09_TO_1943-05-20_v001.md
8191	V090_ADDENDUM_2026-09-10/03_AUDIT/BRANCH_B_ATTU_COUNTERLANDING_NAVAL_AIR_SEA_GATE_1943-05-19_20_v001.md
8166	V090_ADDENDUM_2026-09-10/03_AUDIT/BRANCH_B_ATTU_KISKA_OOB_TECH_AND_CARRIER_AIR_SNAPSHOT_1943-05-11_v001.md
3216	V090_ADDENDUM_2026-09-10/04_RESUME/BRANCH_B_RESUME_ALEUTIANS_1942-09_TO_1943-05-20_OPEN_FRONTIER_v001.md
8623	╬ª┬┐├¬╧ä┬½├╣┬╡ΓîÉ╞Æ╧ä├▓Γûæ╬ª├╝Γéº_BRANCH_B_v049_FULL_HANDOFF_1944-08-04T24_2026-09-04/00_HANDOFF/00_LATEST_START_HERE_2026-09-04.md
1784	╬ª┬┐├¬╧ä┬½├╣┬╡ΓîÉ╞Æ╧ä├▓Γûæ╬ª├╝Γéº_BRANCH_B_v049_FULL_HANDOFF_1944-08-04T24_2026-09-04/00_HANDOFF/00_START_HERE_NEXT_CHAT.md
14551	╬ª┬┐├¬╧ä┬½├╣┬╡ΓîÉ╞Æ╧ä├▓Γûæ╬ª├╝Γéº_BRANCH_B_v049_FULL_HANDOFF_1944-08-04T24_2026-09-04/00_HANDOFF/01_CURRENT_STATE_FULL_RESUME_1944-04-25T24.md
11166	╬ª┬┐├¬╧ä┬½├╣┬╡ΓîÉ╞Æ╧ä├▓Γûæ╬ª├╝Γéº_BRANCH_B_v049_FULL_HANDOFF_1944-08-04T24_2026-09-04/00_HANDOFF/02_RYUSEI_B7A_NEXT_CHAT_PRIORITY.md
1844	╬ª┬┐├¬╧ä┬½├╣┬╡ΓîÉ╞Æ╧ä├▓Γûæ╬ª├╝Γéº_BRANCH_B_v049_FULL_HANDOFF_1944-08-04T24_2026-09-04/00_HANDOFF/03_PRIORITY_SOURCE_PATHS.txt
311226	╬ª┬┐├¬╧ä┬½├╣┬╡ΓîÉ╞Æ╧ä├▓Γûæ╬ª├╝Γéº_BRANCH_B_v049_FULL_HANDOFF_1944-08-04T24_2026-09-04/00_HANDOFF/04_FILE_MANIFEST.txt
409632	╬ª┬┐├¬╧ä┬½├╣┬╡ΓîÉ╞Æ╧ä├▓Γûæ╬ª├╝Γéº_BRANCH_B_v049_FULL_HANDOFF_1944-08-04T24_2026-09-04/00_HANDOFF/05_SHA256SUMS.txt
10366	╬ª┬┐├¬╧ä┬½├╣┬╡ΓîÉ╞Æ╧ä├▓Γûæ╬ª├╝Γéº_BRANCH_B_v049_FULL_HANDOFF_1944-08-04T24_2026-09-04/00_HANDOFF/06_RECENT_SESSION_FULL_RESUME_2026-09-04.md
6363	╬ª┬┐├¬╧ä┬½├╣┬╡ΓîÉ╞Æ╧ä├▓Γûæ╬ª├╝Γéº_BRANCH_B_v049_FULL_HANDOFF_1944-08-04T24_2026-09-04/00_HANDOFF/07_NEXT_CHAT_PRIORITY_FIVEGO_CREDIT_TECH_CRYPTO.md
1835	╬ª┬┐├¬╧ä┬½├╣┬╡ΓîÉ╞Æ╧ä├▓Γûæ╬ª├╝Γéº_BRANCH_B_v049_FULL_HANDOFF_1944-08-04T24_2026-09-04/00_HANDOFF/08_RECENT_CORRECTIONS_AND_OPEN_GATES_2026-09-04.md
1823	╬ª┬┐├¬╧ä┬½├╣┬╡ΓîÉ╞Æ╧ä├▓Γûæ╬ª├╝Γéº_BRANCH_B_v049_FULL_HANDOFF_1944-08-04T24_2026-09-04/00_HANDOFF/98_V049_ADDENDUM_MANIFEST.txt
3300	╬ª┬┐├¬╧ä┬½├╣┬╡ΓîÉ╞Æ╧ä├▓Γûæ╬ª├╝Γéº_BRANCH_B_v049_FULL_HANDOFF_1944-08-04T24_2026-09-04/00_HANDOFF/99_V049_ADDENDUM_SHA256SUMS.txt
11505790	╬ª┬┐├¬╧ä┬½├╣┬╡ΓîÉ╞Æ╧ä├▓Γûæ╬ª├╝Γéº_BRANCH_B_v049_FULL_HANDOFF_1944-08-04T24_2026-09-04/01_ORIGINAL_PACKAGE/╬ª┬┐├¬╧ä┬½├╣┬╡ΓîÉ╞Æ╧ä├▓Γûæ╬ª├╝Γéº_BRANCH_B_v048_REAUDIT_FULL_RESUME_1944-02-20T24_2026-08-31.zip
971	╬ª┬┐├¬╧ä┬½├╣┬╡ΓîÉ╞Æ╧ä├▓Γûæ╬ª├╝Γéº_BRANCH_B_v049_FULL_HANDOFF_1944-08-04T24_2026-09-04/02_ORIGINAL_EXTRACTED_TREE/╬ª┬┐├¬╧ä┬½├╣┬╡ΓîÉ╞Æ╧ä├▓Γûæ╬ª├╝Γéº_BRANCH_B_v048_REAUDIT_FULL_RESUME_1944-02-20T24_2026-08-31/00_CONFIG/DOMAIN_STATE_MAP_v001.json
6916	╬ª┬┐├¬╧ä┬½├╣┬╡ΓîÉ╞Æ╧ä├▓Γûæ╬ª├╝Γéº_BRANCH_B_v049_FULL_HANDOFF_1944-08-04T24_2026-09-04/02_ORIGINAL_EXTRACTED_TREE/╬ª┬┐├¬╧ä┬½├╣┬╡ΓîÉ╞Æ╧ä├▓Γûæ╬ª├╝Γéº_BRANCH_B_v048_REAUDIT_FULL_RESUME_1944-02-20T24_2026-08-31/00_CONFIG/DOMAIN_STATE_MAP_v002.json
3552	╬ª┬┐├¬╧ä┬½├╣┬╡ΓîÉ╞Æ╧ä├▓Γûæ╬ª├╝Γéº_BRANCH_B_v049_FULL_HANDOFF_1944-08-04T24_2026-09-04/02_ORIGINAL_EXTRACTED_TREE/╬ª┬┐├¬╧ä┬½├╣┬╡ΓîÉ╞Æ╧ä├▓Γûæ╬ª├╝Γéº_BRANCH_B_v048_REAUDIT_FULL_RESUME_1944-02-20T24_2026-08-31/00_CONFIG/adjudication_policy_v001.json
1510	╬ª┬┐├¬╧ä┬½├╣┬╡ΓîÉ╞Æ╧ä├▓Γûæ╬ª├╝Γéº_BRANCH_B_v049_FULL_HANDOFF_1944-08-04T24_2026-09-04/02_ORIGINAL_EXTRACTED_TREE/╬ª┬┐├¬╧ä┬½├╣┬╡ΓîÉ╞Æ╧ä├▓Γûæ╬ª├╝Γéº_BRANCH_B_v048_REAUDIT_FULL_RESUME_1944-02-20T24_2026-08-31/00_CONFIG/current_branch_overrides_v001.json
3760	╬ª┬┐├¬╧ä┬½├╣┬╡ΓîÉ╞Æ╧ä├▓Γûæ╬ª├╝Γéº_BRANCH_B_v049_FULL_HANDOFF_1944-08-04T24_2026-09-04/02_ORIGINAL_EXTRACTED_TREE/╬ª┬┐├¬╧ä┬½├╣┬╡ΓîÉ╞Æ╧ä├▓Γûæ╬ª├╝Γéº_BRANCH_B_v048_REAUDIT_FULL_RESUME_1944-02-20T24_2026-08-31/00_CONFIG/current_branch_overrides_v002.json
4949	╬ª┬┐├¬╧ä┬½├╣┬╡ΓîÉ╞Æ╧ä├▓Γûæ╬ª├╝Γéº_BRANCH_B_v049_FULL_HANDOFF_1944-08-04T24_2026-09-04/02_ORIGINAL_EXTRACTED_TREE/╬ª┬┐├¬╧ä┬½├╣┬╡ΓîÉ╞Æ╧ä├▓Γûæ╬ª├╝Γéº_BRANCH_B_v048_REAUDIT_FULL_RESUME_1944-02-20T24_2026-08-31/00_CONFIG/current_branch_overrides_v003.json
4668	╬ª┬┐├¬╧ä┬½├╣┬╡ΓîÉ╞Æ╧ä├▓Γûæ╬ª├╝Γéº_BRANCH_B_v049_FULL_HANDOFF_1944-08-04T24_2026-09-04/02_ORIGINAL_EXTRACTED_TREE/╬ª┬┐├¬╧ä┬½├╣┬╡ΓîÉ╞Æ╧ä├▓Γûæ╬ª├╝Γéº_BRANCH_B_v048_REAUDIT_FULL_RESUME_1944-02-20T24_2026-08-31/00_CONFIG/current_branch_overrides_v004.json
3666	╬ª┬┐├¬╧ä┬½├╣┬╡ΓîÉ╞Æ╧ä├▓Γûæ╬ª├╝Γéº_BRANCH_B_v049_FULL_HANDOFF_1944-08-04T24_2026-09-04/02_ORIGINAL_EXTRACTED_TREE/╬ª┬┐├¬╧ä┬½├╣┬╡ΓîÉ╞Æ╧ä├▓Γûæ╬ª├╝Γéº_BRANCH_B_v048_REAUDIT_FULL_RESUME_1944-02-20T24_2026-08-31/00_CONFIG/current_branch_overrides_v005.json
6807	╬ª┬┐├¬╧ä┬½├╣┬╡ΓîÉ╞Æ╧ä├▓Γûæ╬ª├╝Γéº_BRANCH_B_v049_FULL_HANDOFF_1944-08-04T24_2026-09-04/02_ORIGINAL_EXTRACTED_TREE/╬ª┬┐├¬╧ä┬½├╣┬╡ΓîÉ╞Æ╧ä├▓Γûæ╬ª├╝Γéº_BRANCH_B_v048_REAUDIT_FULL_RESUME_1944-02-20T24_2026-08-31/00_CONFIG/current_branch_overrides_v006.json
5198	╬ª┬┐├¬╧ä┬½├╣┬╡ΓîÉ╞Æ╧ä├▓Γûæ╬ª├╝Γéº_BRANCH_B_v049_FULL_HANDOFF_1944-08-04T24_2026-09-04/02_ORIGINAL_EXTRACTED_TREE/╬ª┬┐├¬╧ä┬½├╣┬╡ΓîÉ╞Æ╧ä├▓Γûæ╬ª├╝Γéº_BRANCH_B_v048_REAUDIT_FULL_RESUME_1944-02-20T24_2026-08-31/00_CONFIG/current_branch_overrides_v007.json
2301	╬ª┬┐├¬╧ä┬½├╣┬╡ΓîÉ╞Æ╧ä├▓Γûæ╬ª├╝Γéº_BRANCH_B_v049_FULL_HANDOFF_1944-08-04T24_2026-09-04/02_ORIGINAL_EXTRACTED_TREE/╬ª┬┐├¬╧ä┬½├╣┬╡ΓîÉ╞Æ╧ä├▓Γûæ╬ª├╝Γéº_BRANCH_B_v048_REAUDIT_FULL_RESUME_1944-02-20T24_2026-08-31/00_CONFIG/current_branch_overrides_v008.json
2894	╬ª┬┐├¬╧ä┬½├╣┬╡ΓîÉ╞Æ╧ä├▓Γûæ╬ª├╝Γéº_BRANCH_B_v049_FULL_HANDOFF_1944-08-04T24_2026-09-04/02_ORIGINAL_EXTRACTED_TREE/╬ª┬┐├¬╧ä┬½├╣┬╡ΓîÉ╞Æ╧ä├▓Γûæ╬ª├╝Γéº_BRANCH_B_v048_REAUDIT_FULL_RESUME_1944-02-20T24_2026-08-31/00_CONFIG/current_branch_overrides_v009.json
6590	╬ª┬┐├¬╧ä┬½├╣┬╡ΓîÉ╞Æ╧ä├▓Γûæ╬ª├╝Γéº_BRANCH_B_v049_FULL_HANDOFF_1944-08-04T24_2026-09-04/02_ORIGINAL_EXTRACTED_TREE/╬ª┬┐├¬╧ä┬½├╣┬╡ΓîÉ╞Æ╧ä├▓Γûæ╬ª├╝Γéº_BRANCH_B_v048_REAUDIT_FULL_RESUME_1944-02-20T24_2026-08-31/00_CONFIG/current_branch_overrides_v010.json
8021	╬ª┬┐├¬╧ä┬½├╣┬╡ΓîÉ╞Æ╧ä├▓Γûæ╬ª├╝Γéº_BRANCH_B_v049_FULL_HANDOFF_1944-08-04T24_2026-09-04/02_ORIGINAL_EXTRACTED_TREE/╬ª┬┐├¬╧ä┬½├╣┬╡ΓîÉ╞Æ╧ä├▓Γûæ╬ª├╝Γéº_BRANCH_B_v048_REAUDIT_FULL_RESUME_1944-02-20T24_2026-08-31/00_CONFIG/current_branch_overrides_v011.json
8927	╬ª┬┐├¬╧ä┬½├╣┬╡ΓîÉ╞Æ╧ä├▓Γûæ╬ª├╝Γéº_BRANCH_B_v049_FULL_HANDOFF_1944-08-04T24_2026-09-04/02_ORIGINAL_EXTRACTED_TREE/╬ª┬┐├¬╧ä┬½├╣┬╡ΓîÉ╞Æ╧ä├▓Γûæ╬ª├╝Γéº_BRANCH_B_v048_REAUDIT_FULL_RESUME_1944-02-20T24_2026-08-31/00_CONFIG/current_branch_overrides_v012.json
10448	╬ª┬┐├¬╧ä┬½├╣┬╡ΓîÉ╞Æ╧ä├▓Γûæ╬ª├╝Γéº_BRANCH_B_v049_FULL_HANDOFF_1944-08-04T24_2026-09-04/02_ORIGINAL_EXTRACTED_TREE/╬ª┬┐├¬╧ä┬½├╣┬╡ΓîÉ╞Æ╧ä├▓Γûæ╬ª├╝Γéº_BRANCH_B_v048_REAUDIT_FULL_RESUME_1944-02-20T24_2026-08-31/00_CONFIG/current_branch_overrides_v013.json
11384	╬ª┬┐├¬╧ä┬½├╣┬╡ΓîÉ╞Æ╧ä├▓Γûæ╬ª├╝Γéº_BRANCH_B_v049_FULL_HANDOFF_1944-08-04T24_2026-09-04/02_ORIGINAL_EXTRACTED_TREE/╬ª┬┐├¬╧ä┬½├╣┬╡ΓîÉ╞Æ╧ä├▓Γûæ╬ª├╝Γéº_BRANCH_B_v048_REAUDIT_FULL_RESUME_1944-02-20T24_2026-08-31/00_CONFIG/current_branch_overrides_v014.json
1382	╬ª┬┐├¬╧ä┬½├╣┬╡ΓîÉ╞Æ╧ä├▓Γûæ╬ª├╝Γéº_BRANCH_B_v049_FULL_HANDOFF_1944-08-04T24_2026-09-04/02_ORIGINAL_EXTRACTED_TREE/╬ª┬┐├¬╧ä┬½├╣┬╡ΓîÉ╞Æ╧ä├▓Γûæ╬ª├╝Γéº_BRANCH_B_v048_REAUDIT_FULL_RESUME_1944-02-20T24_2026-08-31/00_CONFIG/layer_schema_v001.json
4577	╬ª┬┐├¬╧ä┬½├╣┬╡ΓîÉ╞Æ╧ä├▓Γûæ╬ª├╝Γéº_BRANCH_B_v049_FULL_HANDOFF_1944-08-04T24_2026-09-04/02_ORIGINAL_EXTRACTED_TREE/╬ª┬┐├¬╧ä┬½├╣┬╡ΓîÉ╞Æ╧ä├▓Γûæ╬ª├╝Γéº_BRANCH_B_v048_REAUDIT_FULL_RESUME_1944-02-20T24_2026-08-31/00_CONFIG/refactor_rules_v001.json
965	╬ª┬┐├¬╧ä┬½├╣┬╡ΓîÉ╞Æ╧ä├▓Γûæ╬ª├╝Γéº_BRANCH_B_v049_FULL_HANDOFF_1944-08-04T24_2026-09-04/02_ORIGINAL_EXTRACTED_TREE/╬ª┬┐├¬╧ä┬½├╣┬╡ΓîÉ╞Æ╧ä├▓Γûæ╬ª├╝Γéº_BRANCH_B_v048_REAUDIT_FULL_RESUME_1944-02-20T24_2026-08-31/00_CONFIG/rule_override_protocol_v001.json
1225	╬ª┬┐├¬╧ä┬½├╣┬╡ΓîÉ╞Æ╧ä├▓Γûæ╬ª├╝Γéº_BRANCH_B_v049_FULL_HANDOFF_1944-08-04T24_2026-09-04/02_ORIGINAL_EXTRACTED_TREE/╬ª┬┐├¬╧ä┬½├╣┬╡ΓîÉ╞Æ╧ä├▓Γûæ╬ª├╝Γéº_BRANCH_B_v048_REAUDIT_FULL_RESUME_1944-02-20T24_2026-08-31/00_CONFIG/rule_override_protocol_v002.json
3237	╬ª┬┐├¬╧ä┬½├╣┬╡ΓîÉ╞Æ╧ä├▓Γûæ╬ª├╝Γéº_BRANCH_B_v049_FULL_HANDOFF_1944-08-04T24_2026-09-04/02_ORIGINAL_EXTRACTED_TREE/╬ª┬┐├¬╧ä┬½├╣┬╡ΓîÉ╞Æ╧ä├▓Γûæ╬ª├╝Γéº_BRANCH_B_v048_REAUDIT_FULL_RESUME_1944-02-20T24_2026-08-31/00_CONFIG/rule_registry_v001.json
1114	╬ª┬┐├¬╧ä┬½├╣┬╡ΓîÉ╞Æ╧ä├▓Γûæ╬ª├╝Γéº_BRANCH_B_v049_FULL_HANDOFF_1944-08-04T24_2026-09-04/02_ORIGINAL_EXTRACTED_TREE/╬ª┬┐├¬╧ä┬½├╣┬╡ΓîÉ╞Æ╧ä├▓Γûæ╬ª├╝Γéº_BRANCH_B_v048_REAUDIT_FULL_RESUME_1944-02-20T24_2026-08-31/00_README/BRANCH_SPLIT_INDEX_2026-08-27_v001.md
4310	╬ª┬┐├¬╧ä┬½├╣┬╡ΓîÉ╞Æ╧ä├▓Γûæ╬ª├╝Γéº_BRANCH_B_v049_FULL_HANDOFF_1944-08-04T24_2026-09-04/02_ORIGINAL_EXTRACTED_TREE/╬ª┬┐├¬╧ä┬½├╣┬╡ΓîÉ╞Æ╧ä├▓Γûæ╬ª├╝Γéº_BRANCH_B_v048_REAUDIT_FULL_RESUME_1944-02-20T24_2026-08-31/00_README/CANONICAL_VERSION_GUIDE_2026-08-30.md
4663	╬ª┬┐├¬╧ä┬½├╣┬╡ΓîÉ╞Æ╧ä├▓Γûæ╬ª├╝Γéº_BRANCH_B_v049_FULL_HANDOFF_1944-08-04T24_2026-09-04/02_ORIGINAL_EXTRACTED_TREE/╬ª┬┐├¬╧ä┬½├╣┬╡ΓîÉ╞Æ╧ä├▓Γûæ╬ª├╝Γéº_BRANCH_B_v048_REAUDIT_FULL_RESUME_1944-02-20T24_2026-08-31/00_README/CURRENT_DISCUSSION_FRONTIER_v001.json
6840	╬ª┬┐├¬╧ä┬½├╣┬╡ΓîÉ╞Æ╧ä├▓Γûæ╬ª├╝Γéº_BRANCH_B_v049_FULL_HANDOFF_1944-08-04T24_2026-09-04/02_ORIGINAL_EXTRACTED_TREE/╬ª┬┐├¬╧ä┬½├╣┬╡ΓîÉ╞Æ╧ä├▓Γûæ╬ª├╝Γéº_BRANCH_B_v048_REAUDIT_FULL_RESUME_1944-02-20T24_2026-08-31/00_README/CURRENT_DISCUSSION_FRONTIER_v002.json
9159	╬ª┬┐├¬╧ä┬½├╣┬╡ΓîÉ╞Æ╧ä├▓Γûæ╬ª├╝Γéº_BRANCH_B_v049_FULL_HANDOFF_1944-08-04T24_2026-09-04/02_ORIGINAL_EXTRACTED_TREE/╬ª┬┐├¬╧ä┬½├╣┬╡ΓîÉ╞Æ╧ä├▓Γûæ╬ª├╝Γéº_BRANCH_B_v048_REAUDIT_FULL_RESUME_1944-02-20T24_2026-08-31/00_README/CURRENT_DISCUSSION_FRONTIER_v003.json
11047	╬ª┬┐├¬╧ä┬½├╣┬╡ΓîÉ╞Æ╧ä├▓Γûæ╬ª├╝Γéº_BRANCH_B_v049_FULL_HANDOFF_1944-08-04T24_2026-09-04/02_ORIGINAL_EXTRACTED_TREE/╬ª┬┐├¬╧ä┬½├╣┬╡ΓîÉ╞Æ╧ä├▓Γûæ╬ª├╝Γéº_BRANCH_B_v048_REAUDIT_FULL_RESUME_1944-02-20T24_2026-08-31/00_README/CURRENT_DISCUSSION_FRONTIER_v004.json
14006	╬ª┬┐├¬╧ä┬½├╣┬╡ΓîÉ╞Æ╧ä├▓Γûæ╬ª├╝Γéº_BRANCH_B_v049_FULL_HANDOFF_1944-08-04T24_2026-09-04/02_ORIGINAL_EXTRACTED_TREE/╬ª┬┐├¬╧ä┬½├╣┬╡ΓîÉ╞Æ╧ä├▓Γûæ╬ª├╝Γéº_BRANCH_B_v048_REAUDIT_FULL_RESUME_1944-02-20T24_2026-08-31/00_README/CURRENT_DISCUSSION_FRONTIER_v005.json
17411	╬ª┬┐├¬╧ä┬½├╣┬╡ΓîÉ╞Æ╧ä├▓Γûæ╬ª├╝Γéº_BRANCH_B_v049_FULL_HANDOFF_1944-08-04T24_2026-09-04/02_ORIGINAL_EXTRACTED_TREE/╬ª┬┐├¬╧ä┬½├╣┬╡ΓîÉ╞Æ╧ä├▓Γûæ╬ª├╝Γéº_BRANCH_B_v048_REAUDIT_FULL_RESUME_1944-02-20T24_2026-08-31/00_README/CURRENT_DISCUSSION_FRONTIER_v006.json
18577	╬ª┬┐├¬╧ä┬½├╣┬╡ΓîÉ╞Æ╧ä├▓Γûæ╬ª├╝Γéº_BRANCH_B_v049_FULL_HANDOFF_1944-08-04T24_2026-09-04/02_ORIGINAL_EXTRACTED_TREE/╬ª┬┐├¬╧ä┬½├╣┬╡ΓîÉ╞Æ╧ä├▓Γûæ╬ª├╝Γéº_BRANCH_B_v048_REAUDIT_FULL_RESUME_1944-02-20T24_2026-08-31/00_README/CURRENT_DISCUSSION_FRONTIER_v007.json
20456	╬ª┬┐├¬╧ä┬½├╣┬╡ΓîÉ╞Æ╧ä├▓Γûæ╬ª├╝Γéº_BRANCH_B_v049_FULL_HANDOFF_1944-08-04T24_2026-09-04/02_ORIGINAL_EXTRACTED_TREE/╬ª┬┐├¬╧ä┬½├╣┬╡ΓîÉ╞Æ╧ä├▓Γûæ╬ª├╝Γéº_BRANCH_B_v048_REAUDIT_FULL_RESUME_1944-02-20T24_2026-08-31/00_README/CURRENT_DISCUSSION_FRONTIER_v008.json
24065	╬ª┬┐├¬╧ä┬½├╣┬╡ΓîÉ╞Æ╧ä├▓Γûæ╬ª├╝Γéº_BRANCH_B_v049_FULL_HANDOFF_1944-08-04T24_2026-09-04/02_ORIGINAL_EXTRACTED_TREE/╬ª┬┐├¬╧ä┬½├╣┬╡ΓîÉ╞Æ╧ä├▓Γûæ╬ª├╝Γéº_BRANCH_B_v048_REAUDIT_FULL_RESUME_1944-02-20T24_2026-08-31/00_README/CURRENT_DISCUSSION_FRONTIER_v009.json
26442	╬ª┬┐├¬╧ä┬½├╣┬╡ΓîÉ╞Æ╧ä├▓Γûæ╬ª├╝Γéº_BRANCH_B_v049_FULL_HANDOFF_1944-08-04T24_2026-09-04/02_ORIGINAL_EXTRACTED_TREE/╬ª┬┐├¬╧ä┬½├╣┬╡ΓîÉ╞Æ╧ä├▓Γûæ╬ª├╝Γéº_BRANCH_B_v048_REAUDIT_FULL_RESUME_1944-02-20T24_2026-08-31/00_README/CURRENT_DISCUSSION_FRONTIER_v010.json
29829	╬ª┬┐├¬╧ä┬½├╣┬╡ΓîÉ╞Æ╧ä├▓Γûæ╬ª├╝Γéº_BRANCH_B_v049_FULL_HANDOFF_1944-08-04T24_2026-09-04/02_ORIGINAL_EXTRACTED_TREE/╬ª┬┐├¬╧ä┬½├╣┬╡ΓîÉ╞Æ╧ä├▓Γûæ╬ª├╝Γéº_BRANCH_B_v048_REAUDIT_FULL_RESUME_1944-02-20T24_2026-08-31/00_README/CURRENT_DISCUSSION_FRONTIER_v011.json
31526	╬ª┬┐├¬╧ä┬½├╣┬╡ΓîÉ╞Æ╧ä├▓Γûæ╬ª├╝Γéº_BRANCH_B_v049_FULL_HANDOFF_1944-08-04T24_2026-09-04/02_ORIGINAL_EXTRACTED_TREE/╬ª┬┐├¬╧ä┬½├╣┬╡ΓîÉ╞Æ╧ä├▓Γûæ╬ª├╝Γéº_BRANCH_B_v048_REAUDIT_FULL_RESUME_1944-02-20T24_2026-08-31/00_README/CURRENT_DISCUSSION_FRONTIER_v012.json
34023	╬ª┬┐├¬╧ä┬½├╣┬╡ΓîÉ╞Æ╧ä├▓Γûæ╬ª├╝Γéº_BRANCH_B_v049_FULL_HANDOFF_1944-08-04T24_2026-09-04/02_ORIGINAL_EXTRACTED_TREE/╬ª┬┐├¬╧ä┬½├╣┬╡ΓîÉ╞Æ╧ä├▓Γûæ╬ª├╝Γéº_BRANCH_B_v048_REAUDIT_FULL_RESUME_1944-02-20T24_2026-08-31/00_README/CURRENT_DISCUSSION_FRONTIER_v013.json
35128	╬ª┬┐├¬╧ä┬½├╣┬╡ΓîÉ╞Æ╧ä├▓Γûæ╬ª├╝Γéº_BRANCH_B_v049_FULL_HANDOFF_1944-08-04T24_2026-09-04/02_ORIGINAL_EXTRACTED_TREE/╬ª┬┐├¬╧ä┬½├╣┬╡ΓîÉ╞Æ╧ä├▓Γûæ╬ª├╝Γéº_BRANCH_B_v048_REAUDIT_FULL_RESUME_1944-02-20T24_2026-08-31/00_README/CURRENT_DISCUSSION_FRONTIER_v014.json
37814	╬ª┬┐├¬╧ä┬½├╣┬╡ΓîÉ╞Æ╧ä├▓Γûæ╬ª├╝Γéº_BRANCH_B_v049_FULL_HANDOFF_1944-08-04T24_2026-09-04/02_ORIGINAL_EXTRACTED_TREE/╬ª┬┐├¬╧ä┬½├╣┬╡ΓîÉ╞Æ╧ä├▓Γûæ╬ª├╝Γéº_BRANCH_B_v048_REAUDIT_FULL_RESUME_1944-02-20T24_2026-08-31/00_README/CURRENT_DISCUSSION_FRONTIER_v015.json
282	╬ª┬┐├¬╧ä┬½├╣┬╡ΓîÉ╞Æ╧ä├▓Γûæ╬ª├╝Γéº_BRANCH_B_v049_FULL_HANDOFF_1944-08-04T24_2026-09-04/02_ORIGINAL_EXTRACTED_TREE/╬ª┬┐├¬╧ä┬½├╣┬╡ΓîÉ╞Æ╧ä├▓Γûæ╬ª├╝Γéº_BRANCH_B_v048_REAUDIT_FULL_RESUME_1944-02-20T24_2026-08-31/00_README/CURRENT_RESUME_POINTER_2026-08-31.json
728	╬ª┬┐├¬╧ä┬½├╣┬╡ΓîÉ╞Æ╧ä├▓Γûæ╬ª├╝Γéº_BRANCH_B_v049_FULL_HANDOFF_1944-08-04T24_2026-09-04/02_ORIGINAL_EXTRACTED_TREE/╬ª┬┐├¬╧ä┬½├╣┬╡ΓîÉ╞Æ╧ä├▓Γûæ╬ª├╝Γéº_BRANCH_B_v048_REAUDIT_FULL_RESUME_1944-02-20T24_2026-08-31/00_README/CURRENT_RESUME_POINTER_2026-08-31.md
1457	╬ª┬┐├¬╧ä┬½├╣┬╡ΓîÉ╞Æ╧ä├▓Γûæ╬ª├╝Γéº_BRANCH_B_v049_FULL_HANDOFF_1944-08-04T24_2026-09-04/02_ORIGINAL_EXTRACTED_TREE/╬ª┬┐├¬╧ä┬½├╣┬╡ΓîÉ╞Æ╧ä├▓Γûæ╬ª├╝Γéº_BRANCH_B_v048_REAUDIT_FULL_RESUME_1944-02-20T24_2026-08-31/00_README/NEXT_SESSION_HANDOFF_REFACTOR_v004.md
2628	╬ª┬┐├¬╧ä┬½├╣┬╡ΓîÉ╞Æ╧ä├▓Γûæ╬ª├╝Γéº_BRANCH_B_v049_FULL_HANDOFF_1944-08-04T24_2026-09-04/02_ORIGINAL_EXTRACTED_TREE/╬ª┬┐├¬╧ä┬½├╣┬╡ΓîÉ╞Æ╧ä├▓Γûæ╬ª├╝Γéº_BRANCH_B_v048_REAUDIT_FULL_RESUME_1944-02-20T24_2026-08-31/00_README/NEXT_SESSION_HANDOFF_REFACTOR_v005.md
2331	╬ª┬┐├¬╧ä┬½├╣┬╡ΓîÉ╞Æ╧ä├▓Γûæ╬ª├╝Γéº_BRANCH_B_v049_FULL_HANDOFF_1944-08-04T24_2026-09-04/02_ORIGINAL_EXTRACTED_TREE/╬ª┬┐├¬╧ä┬½├╣┬╡ΓîÉ╞Æ╧ä├▓Γûæ╬ª├╝Γéº_BRANCH_B_v048_REAUDIT_FULL_RESUME_1944-02-20T24_2026-08-31/00_README/NEXT_SESSION_HANDOFF_REFACTOR_v006.md
3139	╬ª┬┐├¬╧ä┬½├╣┬╡ΓîÉ╞Æ╧ä├▓Γûæ╬ª├╝Γéº_BRANCH_B_v049_FULL_HANDOFF_1944-08-04T24_2026-09-04/02_ORIGINAL_EXTRACTED_TREE/╬ª┬┐├¬╧ä┬½├╣┬╡ΓîÉ╞Æ╧ä├▓Γûæ╬ª├╝Γéº_BRANCH_B_v048_REAUDIT_FULL_RESUME_1944-02-20T24_2026-08-31/00_README/NEXT_SESSION_HANDOFF_REFACTOR_v007.md
7546	╬ª┬┐├¬╧ä┬½├╣┬╡ΓîÉ╞Æ╧ä├▓Γûæ╬ª├╝Γéº_BRANCH_B_v049_FULL_HANDOFF_1944-08-04T24_2026-09-04/02_ORIGINAL_EXTRACTED_TREE/╬ª┬┐├¬╧ä┬½├╣┬╡ΓîÉ╞Æ╧ä├▓Γûæ╬ª├╝Γéº_BRANCH_B_v048_REAUDIT_FULL_RESUME_1944-02-20T24_2026-08-31/00_README/NEXT_SESSION_HANDOFF_REFACTOR_v008.md
8331	╬ª┬┐├¬╧ä┬½├╣┬╡ΓîÉ╞Æ╧ä├▓Γûæ╬ª├╝Γéº_BRANCH_B_v049_FULL_HANDOFF_1944-08-04T24_2026-09-04/02_ORIGINAL_EXTRACTED_TREE/╬ª┬┐├¬╧ä┬½├╣┬╡ΓîÉ╞Æ╧ä├▓Γûæ╬ª├╝Γéº_BRANCH_B_v048_REAUDIT_FULL_RESUME_1944-02-20T24_2026-08-31/00_README/NEXT_SESSION_HANDOFF_REFACTOR_v009.md
1768	╬ª┬┐├¬╧ä┬½├╣┬╡ΓîÉ╞Æ╧ä├▓Γûæ╬ª├╝Γéº_BRANCH_B_v049_FULL_HANDOFF_1944-08-04T24_2026-09-04/02_ORIGINAL_EXTRACTED_TREE/╬ª┬┐├¬╧ä┬½├╣┬╡ΓîÉ╞Æ╧ä├▓Γûæ╬ª├╝Γéº_BRANCH_B_v048_REAUDIT_FULL_RESUME_1944-02-20T24_2026-08-31/00_README/NEXT_SESSION_HANDOFF_REFACTOR_v010.md
2610	╬ª┬┐├¬╧ä┬½├╣┬╡ΓîÉ╞Æ╧ä├▓Γûæ╬ª├╝Γéº_BRANCH_B_v049_FULL_HANDOFF_1944-08-04T24_2026-09-04/02_ORIGINAL_EXTRACTED_TREE/╬ª┬┐├¬╧ä┬½├╣┬╡ΓîÉ╞Æ╧ä├▓Γûæ╬ª├╝Γéº_BRANCH_B_v048_REAUDIT_FULL_RESUME_1944-02-20T24_2026-08-31/00_README/NEXT_SESSION_HANDOFF_REFACTOR_v011.md
7088	╬ª┬┐├¬╧ä┬½├╣┬╡ΓîÉ╞Æ╧ä├▓Γûæ╬ª├╝Γéº_BRANCH_B_v049_FULL_HANDOFF_1944-08-04T24_2026-09-04/02_ORIGINAL_EXTRACTED_TREE/╬ª┬┐├¬╧ä┬½├╣┬╡ΓîÉ╞Æ╧ä├▓Γûæ╬ª├╝Γéº_BRANCH_B_v048_REAUDIT_FULL_RESUME_1944-02-20T24_2026-08-31/00_README/NEXT_SESSION_HANDOFF_REFACTOR_v012.md
5697	╬ª┬┐├¬╧ä┬½├╣┬╡ΓîÉ╞Æ╧ä├▓Γûæ╬ª├╝Γéº_BRANCH_B_v049_FULL_HANDOFF_1944-08-04T24_2026-09-04/02_ORIGINAL_EXTRACTED_TREE/╬ª┬┐├¬╧ä┬½├╣┬╡ΓîÉ╞Æ╧ä├▓Γûæ╬ª├╝Γéº_BRANCH_B_v048_REAUDIT_FULL_RESUME_1944-02-20T24_2026-08-31/00_README/NEXT_SESSION_HANDOFF_REFACTOR_v013.md
792	╬ª┬┐├¬╧ä┬½├╣┬╡ΓîÉ╞Æ╧ä├▓Γûæ╬ª├╝Γéº_BRANCH_B_v049_FULL_HANDOFF_1944-08-04T24_2026-09-04/02_ORIGINAL_EXTRACTED_TREE/╬ª┬┐├¬╧ä┬½├╣┬╡ΓîÉ╞Æ╧ä├▓Γûæ╬ª├╝Γéº_BRANCH_B_v048_REAUDIT_FULL_RESUME_1944-02-20T24_2026-08-31/00_README/NEXT_SESSION_HANDOFF_REFACTOR_v014.md
1442	╬ª┬┐├¬╧ä┬½├╣┬╡ΓîÉ╞Æ╧ä├▓Γûæ╬ª├╝Γéº_BRANCH_B_v049_FULL_HANDOFF_1944-08-04T24_2026-09-04/02_ORIGINAL_EXTRACTED_TREE/╬ª┬┐├¬╧ä┬½├╣┬╡ΓîÉ╞Æ╧ä├▓Γûæ╬ª├╝Γéº_BRANCH_B_v048_REAUDIT_FULL_RESUME_1944-02-20T24_2026-08-31/00_README/NEXT_SESSION_HANDOFF_REFACTOR_v015.md
1238	╬ª┬┐├¬╧ä┬½├╣┬╡ΓîÉ╞Æ╧ä├▓Γûæ╬ª├╝Γéº_BRANCH_B_v049_FULL_HANDOFF_1944-08-04T24_2026-09-04/02_ORIGINAL_EXTRACTED_TREE/╬ª┬┐├¬╧ä┬½├╣┬╡ΓîÉ╞Æ╧ä├▓Γûæ╬ª├╝Γéº_BRANCH_B_v048_REAUDIT_FULL_RESUME_1944-02-20T24_2026-08-31/00_README/NEXT_SESSION_HANDOFF_REFACTOR_v016.md
1590	╬ª┬┐├¬╧ä┬½├╣┬╡ΓîÉ╞Æ╧ä├▓Γûæ╬ª├╝Γéº_BRANCH_B_v049_FULL_HANDOFF_1944-08-04T24_2026-09-04/02_ORIGINAL_EXTRACTED_TREE/╬ª┬┐├¬╧ä┬½├╣┬╡ΓîÉ╞Æ╧ä├▓Γûæ╬ª├╝Γéº_BRANCH_B_v048_REAUDIT_FULL_RESUME_1944-02-20T24_2026-08-31/00_README/NEXT_SESSION_HANDOFF_REFACTOR_v017.md
2022	╬ª┬┐├¬╧ä┬½├╣┬╡ΓîÉ╞Æ╧ä├▓Γûæ╬ª├╝Γéº_BRANCH_B_v049_FULL_HANDOFF_1944-08-04T24_2026-09-04/02_ORIGINAL_EXTRACTED_TREE/╬ª┬┐├¬╧ä┬½├╣┬╡ΓîÉ╞Æ╧ä├▓Γûæ╬ª├╝Γéº_BRANCH_B_v048_REAUDIT_FULL_RESUME_1944-02-20T24_2026-08-31/00_README/NEXT_SESSION_HANDOFF_REFACTOR_v018.md
1574	╬ª┬┐├¬╧ä┬½├╣┬╡ΓîÉ╞Æ╧ä├▓Γûæ╬ª├╝Γéº_BRANCH_B_v049_FULL_HANDOFF_1944-08-04T24_2026-09-04/02_ORIGINAL_EXTRACTED_TREE/╬ª┬┐├¬╧ä┬½├╣┬╡ΓîÉ╞Æ╧ä├▓Γûæ╬ª├╝Γéº_BRANCH_B_v048_REAUDIT_FULL_RESUME_1944-02-20T24_2026-08-31/00_README/NEXT_SESSION_HANDOFF_REFACTOR_v019.md
2087	╬ª┬┐├¬╧ä┬½├╣┬╡ΓîÉ╞Æ╧ä├▓Γûæ╬ª├╝Γéº_BRANCH_B_v049_FULL_HANDOFF_1944-08-04T24_2026-09-04/02_ORIGINAL_EXTRACTED_TREE/╬ª┬┐├¬╧ä┬½├╣┬╡ΓîÉ╞Æ╧ä├▓Γûæ╬ª├╝Γéº_BRANCH_B_v048_REAUDIT_FULL_RESUME_1944-02-20T24_2026-08-31/00_README/NEXT_SESSION_HANDOFF_REFACTOR_v020.md
4127	╬ª┬┐├¬╧ä┬½├╣┬╡ΓîÉ╞Æ╧ä├▓Γûæ╬ª├╝Γéº_BRANCH_B_v049_FULL_HANDOFF_1944-08-04T24_2026-09-04/02_ORIGINAL_EXTRACTED_TREE/╬ª┬┐├¬╧ä┬½├╣┬╡ΓîÉ╞Æ╧ä├▓Γûæ╬ª├╝Γéº_BRANCH_B_v048_REAUDIT_FULL_RESUME_1944-02-20T24_2026-08-31/00_README/NEXT_SESSION_HANDOFF_REFACTOR_v021.md
3229	╬ª┬┐├¬╧ä┬½├╣┬╡ΓîÉ╞Æ╧ä├▓Γûæ╬ª├╝Γéº_BRANCH_B_v049_FULL_HANDOFF_1944-08-04T24_2026-09-04/02_ORIGINAL_EXTRACTED_TREE/╬ª┬┐├¬╧ä┬½├╣┬╡ΓîÉ╞Æ╧ä├▓Γûæ╬ª├╝Γéº_BRANCH_B_v048_REAUDIT_FULL_RESUME_1944-02-20T24_2026-08-31/00_README/NEXT_SESSION_HANDOFF_REFACTOR_v022.md
1528	╬ª┬┐├¬╧ä┬½├╣┬╡ΓîÉ╞Æ╧ä├▓Γûæ╬ª├╝Γéº_BRANCH_B_v049_FULL_HANDOFF_1944-08-04T24_2026-09-04/02_ORIGINAL_EXTRACTED_TREE/╬ª┬┐├¬╧ä┬½├╣┬╡ΓîÉ╞Æ╧ä├▓Γûæ╬ª├╝Γéº_BRANCH_B_v048_REAUDIT_FULL_RESUME_1944-02-20T24_2026-08-31/00_README/NEXT_SESSION_HANDOFF_REFACTOR_v023.md
1576	╬ª┬┐├¬╧ä┬½├╣┬╡ΓîÉ╞Æ╧ä├▓Γûæ╬ª├╝Γéº_BRANCH_B_v049_FULL_HANDOFF_1944-08-04T24_2026-09-04/02_ORIGINAL_EXTRACTED_TREE/╬ª┬┐├¬╧ä┬½├╣┬╡ΓîÉ╞Æ╧ä├▓Γûæ╬ª├╝Γéº_BRANCH_B_v048_REAUDIT_FULL_RESUME_1944-02-20T24_2026-08-31/00_README/NEXT_SESSION_HANDOFF_REFACTOR_v024.md
1550	╬ª┬┐├¬╧ä┬½├╣┬╡ΓîÉ╞Æ╧ä├▓Γûæ╬ª├╝Γéº_BRANCH_B_v049_FULL_HANDOFF_1944-08-04T24_2026-09-04/02_ORIGINAL_EXTRACTED_TREE/╬ª┬┐├¬╧ä┬½├╣┬╡ΓîÉ╞Æ╧ä├▓Γûæ╬ª├╝Γéº_BRANCH_B_v048_REAUDIT_FULL_RESUME_1944-02-20T24_2026-08-31/00_README/NEXT_SESSION_HANDOFF_REFACTOR_v025.md
1577	╬ª┬┐├¬╧ä┬½├╣┬╡ΓîÉ╞Æ╧ä├▓Γûæ╬ª├╝Γéº_BRANCH_B_v049_FULL_HANDOFF_1944-08-04T24_2026-09-04/02_ORIGINAL_EXTRACTED_TREE/╬ª┬┐├¬╧ä┬½├╣┬╡ΓîÉ╞Æ╧ä├▓Γûæ╬ª├╝Γéº_BRANCH_B_v048_REAUDIT_FULL_RESUME_1944-02-20T24_2026-08-31/00_README/NEXT_SESSION_HANDOFF_REFACTOR_v026.md
2199	╬ª┬┐├¬╧ä┬½├╣┬╡ΓîÉ╞Æ╧ä├▓Γûæ╬ª├╝Γéº_BRANCH_B_v049_FULL_HANDOFF_1944-08-04T24_2026-09-04/02_ORIGINAL_EXTRACTED_TREE/╬ª┬┐├¬╧ä┬½├╣┬╡ΓîÉ╞Æ╧ä├▓Γûæ╬ª├╝Γéº_BRANCH_B_v048_REAUDIT_FULL_RESUME_1944-02-20T24_2026-08-31/00_README/NEXT_SESSION_HANDOFF_REFACTOR_v027.md
6698	╬ª┬┐├¬╧ä┬½├╣┬╡ΓîÉ╞Æ╧ä├▓Γûæ╬ª├╝Γéº_BRANCH_B_v049_FULL_HANDOFF_1944-08-04T24_2026-09-04/02_ORIGINAL_EXTRACTED_TREE/╬ª┬┐├¬╧ä┬½├╣┬╡ΓîÉ╞Æ╧ä├▓Γûæ╬ª├╝Γéº_BRANCH_B_v048_REAUDIT_FULL_RESUME_1944-02-20T24_2026-08-31/00_README/NEXT_SESSION_HANDOFF_REFACTOR_v028.md
1340	╬ª┬┐├¬╧ä┬½├╣┬╡ΓîÉ╞Æ╧ä├▓Γûæ╬ª├╝Γéº_BRANCH_B_v049_FULL_HANDOFF_1944-08-04T24_2026-09-04/02_ORIGINAL_EXTRACTED_TREE/╬ª┬┐├¬╧ä┬½├╣┬╡ΓîÉ╞Æ╧ä├▓Γûæ╬ª├╝Γéº_BRANCH_B_v048_REAUDIT_FULL_RESUME_1944-02-20T24_2026-08-31/00_README/NEXT_SESSION_HANDOFF_REFACTOR_v029.md
1233	╬ª┬┐├¬╧ä┬½├╣┬╡ΓîÉ╞Æ╧ä├▓Γûæ╬ª├╝Γéº_BRANCH_B_v049_FULL_HANDOFF_1944-08-04T24_2026-09-04/02_ORIGINAL_EXTRACTED_TREE/╬ª┬┐├¬╧ä┬½├╣┬╡ΓîÉ╞Æ╧ä├▓Γûæ╬ª├╝Γéº_BRANCH_B_v048_REAUDIT_FULL_RESUME_1944-02-20T24_2026-08-31/00_README/NEXT_SESSION_HANDOFF_REFACTOR_v030.md
4072	╬ª┬┐├¬╧ä┬½├╣┬╡ΓîÉ╞Æ╧ä├▓Γûæ╬ª├╝Γéº_BRANCH_B_v049_FULL_HANDOFF_1944-08-04T24_2026-09-04/02_ORIGINAL_EXTRACTED_TREE/╬ª┬┐├¬╧ä┬½├╣┬╡ΓîÉ╞Æ╧ä├▓Γûæ╬ª├╝Γéº_BRANCH_B_v048_REAUDIT_FULL_RESUME_1944-02-20T24_2026-08-31/00_README/NEXT_SESSION_HANDOFF_REFACTOR_v031.md
2716	╬ª┬┐├¬╧ä┬½├╣┬╡ΓîÉ╞Æ╧ä├▓Γûæ╬ª├╝Γéº_BRANCH_B_v049_FULL_HANDOFF_1944-08-04T24_2026-09-04/02_ORIGINAL_EXTRACTED_TREE/╬ª┬┐├¬╧ä┬½├╣┬╡ΓîÉ╞Æ╧ä├▓Γûæ╬ª├╝Γéº_BRANCH_B_v048_REAUDIT_FULL_RESUME_1944-02-20T24_2026-08-31/00_README/NEXT_SESSION_HANDOFF_REFACTOR_v032.md
1906	╬ª┬┐├¬╧ä┬½├╣┬╡ΓîÉ╞Æ╧ä├▓Γûæ╬ª├╝Γéº_BRANCH_B_v049_FULL_HANDOFF_1944-08-04T24_2026-09-04/02_ORIGINAL_EXTRACTED_TREE/╬ª┬┐├¬╧ä┬½├╣┬╡ΓîÉ╞Æ╧ä├▓Γûæ╬ª├╝Γéº_BRANCH_B_v048_REAUDIT_FULL_RESUME_1944-02-20T24_2026-08-31/00_README/NEXT_SESSION_HANDOFF_REFACTOR_v033.md
1845	╬ª┬┐├¬╧ä┬½├╣┬╡ΓîÉ╞Æ╧ä├▓Γûæ╬ª├╝Γéº_BRANCH_B_v049_FULL_HANDOFF_1944-08-04T24_2026-09-04/02_ORIGINAL_EXTRACTED_TREE/╬ª┬┐├¬╧ä┬½├╣┬╡ΓîÉ╞Æ╧ä├▓Γûæ╬ª├╝Γéº_BRANCH_B_v048_REAUDIT_FULL_RESUME_1944-02-20T24_2026-08-31/00_README/NEXT_SESSION_HANDOFF_REFACTOR_v034.md
2219	╬ª┬┐├¬╧ä┬½├╣┬╡ΓîÉ╞Æ╧ä├▓Γûæ╬ª├╝Γéº_BRANCH_B_v049_FULL_HANDOFF_1944-08-04T24_2026-09-04/02_ORIGINAL_EXTRACTED_TREE/╬ª┬┐├¬╧ä┬½├╣┬╡ΓîÉ╞Æ╧ä├▓Γûæ╬ª├╝Γéº_BRANCH_B_v048_REAUDIT_FULL_RESUME_1944-02-20T24_2026-08-31/00_README/NEXT_SESSION_HANDOFF_REFACTOR_v035.md
2152	╬ª┬┐├¬╧ä┬½├╣┬╡ΓîÉ╞Æ╧ä├▓Γûæ╬ª├╝Γéº_BRANCH_B_v049_FULL_HANDOFF_1944-08-04T24_2026-09-04/02_ORIGINAL_EXTRACTED_TREE/╬ª┬┐├¬╧ä┬½├╣┬╡ΓîÉ╞Æ╧ä├▓Γûæ╬ª├╝Γéº_BRANCH_B_v048_REAUDIT_FULL_RESUME_1944-02-20T24_2026-08-31/00_README/NEXT_SESSION_HANDOFF_REFACTOR_v036.md
2515	╬ª┬┐├¬╧ä┬½├╣┬╡ΓîÉ╞Æ╧ä├▓Γûæ╬ª├╝Γéº_BRANCH_B_v049_FULL_HANDOFF_1944-08-04T24_2026-09-04/02_ORIGINAL_EXTRACTED_TREE/╬ª┬┐├¬╧ä┬½├╣┬╡ΓîÉ╞Æ╧ä├▓Γûæ╬ª├╝Γéº_BRANCH_B_v048_REAUDIT_FULL_RESUME_1944-02-20T24_2026-08-31/00_README/NEXT_SESSION_HANDOFF_REFACTOR_v037.md
1570	╬ª┬┐├¬╧ä┬½├╣┬╡ΓîÉ╞Æ╧ä├▓Γûæ╬ª├╝Γéº_BRANCH_B_v049_FULL_HANDOFF_1944-08-04T24_2026-09-04/02_ORIGINAL_EXTRACTED_TREE/╬ª┬┐├¬╧ä┬½├╣┬╡ΓîÉ╞Æ╧ä├▓Γûæ╬ª├╝Γéº_BRANCH_B_v048_REAUDIT_FULL_RESUME_1944-02-20T24_2026-08-31/00_README/NEXT_SESSION_HANDOFF_REFACTOR_v038.md
1862	╬ª┬┐├¬╧ä┬½├╣┬╡ΓîÉ╞Æ╧ä├▓Γûæ╬ª├╝Γéº_BRANCH_B_v049_FULL_HANDOFF_1944-08-04T24_2026-09-04/02_ORIGINAL_EXTRACTED_TREE/╬ª┬┐├¬╧ä┬½├╣┬╡ΓîÉ╞Æ╧ä├▓Γûæ╬ª├╝Γéº_BRANCH_B_v048_REAUDIT_FULL_RESUME_1944-02-20T24_2026-08-31/00_README/NEXT_SESSION_HANDOFF_REFACTOR_v039.md
2120	╬ª┬┐├¬╧ä┬½├╣┬╡ΓîÉ╞Æ╧ä├▓Γûæ╬ª├╝Γéº_BRANCH_B_v049_FULL_HANDOFF_1944-08-04T24_2026-09-04/02_ORIGINAL_EXTRACTED_TREE/╬ª┬┐├¬╧ä┬½├╣┬╡ΓîÉ╞Æ╧ä├▓Γûæ╬ª├╝Γéº_BRANCH_B_v048_REAUDIT_FULL_RESUME_1944-02-20T24_2026-08-31/00_README/NEXT_SESSION_HANDOFF_REFACTOR_v040.md
1233	╬ª┬┐├¬╧ä┬½├╣┬╡ΓîÉ╞Æ╧ä├▓Γûæ╬ª├╝Γéº_BRANCH_B_v049_FULL_HANDOFF_1944-08-04T24_2026-09-04/02_ORIGINAL_EXTRACTED_TREE/╬ª┬┐├¬╧ä┬½├╣┬╡ΓîÉ╞Æ╧ä├▓Γûæ╬ª├╝Γéº_BRANCH_B_v048_REAUDIT_FULL_RESUME_1944-02-20T24_2026-08-31/00_README/NEXT_SESSION_HANDOFF_REFACTOR_v041.md
1499	╬ª┬┐├¬╧ä┬½├╣┬╡ΓîÉ╞Æ╧ä├▓Γûæ╬ª├╝Γéº_BRANCH_B_v049_FULL_HANDOFF_1944-08-04T24_2026-09-04/02_ORIGINAL_EXTRACTED_TREE/╬ª┬┐├¬╧ä┬½├╣┬╡ΓîÉ╞Æ╧ä├▓Γûæ╬ª├╝Γéº_BRANCH_B_v048_REAUDIT_FULL_RESUME_1944-02-20T24_2026-08-31/00_README/NEXT_SESSION_HANDOFF_REFACTOR_v042.md
560	╬ª┬┐├¬╧ä┬½├╣┬╡ΓîÉ╞Æ╧ä├▓Γûæ╬ª├╝Γéº_BRANCH_B_v049_FULL_HANDOFF_1944-08-04T24_2026-09-04/02_ORIGINAL_EXTRACTED_TREE/╬ª┬┐├¬╧ä┬½├╣┬╡ΓîÉ╞Æ╧ä├▓Γûæ╬ª├╝Γéº_BRANCH_B_v048_REAUDIT_FULL_RESUME_1944-02-20T24_2026-08-31/00_README/NEXT_SESSION_HANDOFF_REFACTOR_v043.md
1154	╬ª┬┐├¬╧ä┬½├╣┬╡ΓîÉ╞Æ╧ä├▓Γûæ╬ª├╝Γéº_BRANCH_B_v049_FULL_HANDOFF_1944-08-04T24_2026-09-04/02_ORIGINAL_EXTRACTED_TREE/╬ª┬┐├¬╧ä┬½├╣┬╡ΓîÉ╞Æ╧ä├▓Γûæ╬ª├╝Γéº_BRANCH_B_v048_REAUDIT_FULL_RESUME_1944-02-20T24_2026-08-31/00_README/NEXT_SESSION_HANDOFF_REFACTOR_v046.md
1531	╬ª┬┐├¬╧ä┬½├╣┬╡ΓîÉ╞Æ╧ä├▓Γûæ╬ª├╝Γéº_BRANCH_B_v049_FULL_HANDOFF_1944-08-04T24_2026-09-04/02_ORIGINAL_EXTRACTED_TREE/╬ª┬┐├¬╧ä┬½├╣┬╡ΓîÉ╞Æ╧ä├▓Γûæ╬ª├╝Γéº_BRANCH_B_v048_REAUDIT_FULL_RESUME_1944-02-20T24_2026-08-31/00_README/NEXT_SESSION_HANDOFF_REFACTOR_v047.md
1385	╬ª┬┐├¬╧ä┬½├╣┬╡ΓîÉ╞Æ╧ä├▓Γûæ╬ª├╝Γéº_BRANCH_B_v049_FULL_HANDOFF_1944-08-04T24_2026-09-04/02_ORIGINAL_EXTRACTED_TREE/╬ª┬┐├¬╧ä┬½├╣┬╡ΓîÉ╞Æ╧ä├▓Γûæ╬ª├╝Γéº_BRANCH_B_v048_REAUDIT_FULL_RESUME_1944-02-20T24_2026-08-31/00_README/NEXT_SESSION_HANDOFF_REFACTOR_v048.md
2800	╬ª┬┐├¬╧ä┬½├╣┬╡ΓîÉ╞Æ╧ä├▓Γûæ╬ª├╝Γéº_BRANCH_B_v049_FULL_HANDOFF_1944-08-04T24_2026-09-04/02_ORIGINAL_EXTRACTED_TREE/╬ª┬┐├¬╧ä┬½├╣┬╡ΓîÉ╞Æ╧ä├▓Γûæ╬ª├╝Γéº_BRANCH_B_v048_REAUDIT_FULL_RESUME_1944-02-20T24_2026-08-31/00_README/README_refactor_v001.md
2126	╬ª┬┐├¬╧ä┬½├╣┬╡ΓîÉ╞Æ╧ä├▓Γûæ╬ª├╝Γéº_BRANCH_B_v049_FULL_HANDOFF_1944-08-04T24_2026-09-04/02_ORIGINAL_EXTRACTED_TREE/╬ª┬┐├¬╧ä┬½├╣┬╡ΓîÉ╞Æ╧ä├▓Γûæ╬ª├╝Γéº_BRANCH_B_v048_REAUDIT_FULL_RESUME_1944-02-20T24_2026-08-31/00_README/README_refactor_v002.md
1425	╬ª┬┐├¬╧ä┬½├╣┬╡ΓîÉ╞Æ╧ä├▓Γûæ╬ª├╝Γéº_BRANCH_B_v049_FULL_HANDOFF_1944-08-04T24_2026-09-04/02_ORIGINAL_EXTRACTED_TREE/╬ª┬┐├¬╧ä┬½├╣┬╡ΓîÉ╞Æ╧ä├▓Γûæ╬ª├╝Γéº_BRANCH_B_v048_REAUDIT_FULL_RESUME_1944-02-20T24_2026-08-31/00_README/README_refactor_v003.md
1126	╬ª┬┐├¬╧ä┬½├╣┬╡ΓîÉ╞Æ╧ä├▓Γûæ╬ª├╝Γéº_BRANCH_B_v049_FULL_HANDOFF_1944-08-04T24_2026-09-04/02_ORIGINAL_EXTRACTED_TREE/╬ª┬┐├¬╧ä┬½├╣┬╡ΓîÉ╞Æ╧ä├▓Γûæ╬ª├╝Γéº_BRANCH_B_v048_REAUDIT_FULL_RESUME_1944-02-20T24_2026-08-31/00_README/README_refactor_v004.md
1705	╬ª┬┐├¬╧ä┬½├╣┬╡ΓîÉ╞Æ╧ä├▓Γûæ╬ª├╝Γéº_BRANCH_B_v049_FULL_HANDOFF_1944-08-04T24_2026-09-04/02_ORIGINAL_EXTRACTED_TREE/╬ª┬┐├¬╧ä┬½├╣┬╡ΓîÉ╞Æ╧ä├▓Γûæ╬ª├╝Γéº_BRANCH_B_v048_REAUDIT_FULL_RESUME_1944-02-20T24_2026-08-31/00_README/README_refactor_v005.md
2275	╬ª┬┐├¬╧ä┬½├╣┬╡ΓîÉ╞Æ╧ä├▓Γûæ╬ª├╝Γéº_BRANCH_B_v049_FULL_HANDOFF_1944-08-04T24_2026-09-04/02_ORIGINAL_EXTRACTED_TREE/╬ª┬┐├¬╧ä┬½├╣┬╡ΓîÉ╞Æ╧ä├▓Γûæ╬ª├╝Γéº_BRANCH_B_v048_REAUDIT_FULL_RESUME_1944-02-20T24_2026-08-31/00_README/README_refactor_v006.md
3635	╬ª┬┐├¬╧ä┬½├╣┬╡ΓîÉ╞Æ╧ä├▓Γûæ╬ª├╝Γéº_BRANCH_B_v049_FULL_HANDOFF_1944-08-04T24_2026-09-04/02_ORIGINAL_EXTRACTED_TREE/╬ª┬┐├¬╧ä┬½├╣┬╡ΓîÉ╞Æ╧ä├▓Γûæ╬ª├╝Γéº_BRANCH_B_v048_REAUDIT_FULL_RESUME_1944-02-20T24_2026-08-31/00_README/README_refactor_v007.md
6430	╬ª┬┐├¬╧ä┬½├╣┬╡ΓîÉ╞Æ╧ä├▓Γûæ╬ª├╝Γéº_BRANCH_B_v049_FULL_HANDOFF_1944-08-04T24_2026-09-04/02_ORIGINAL_EXTRACTED_TREE/╬ª┬┐├¬╧ä┬½├╣┬╡ΓîÉ╞Æ╧ä├▓Γûæ╬ª├╝Γéº_BRANCH_B_v048_REAUDIT_FULL_RESUME_1944-02-20T24_2026-08-31/00_README/README_refactor_v008.md
8246	╬ª┬┐├¬╧ä┬½├╣┬╡ΓîÉ╞Æ╧ä├▓Γûæ╬ª├╝Γéº_BRANCH_B_v049_FULL_HANDOFF_1944-08-04T24_2026-09-04/02_ORIGINAL_EXTRACTED_TREE/╬ª┬┐├¬╧ä┬½├╣┬╡ΓîÉ╞Æ╧ä├▓Γûæ╬ª├╝Γéº_BRANCH_B_v048_REAUDIT_FULL_RESUME_1944-02-20T24_2026-08-31/00_README/README_refactor_v009.md
2984	╬ª┬┐├¬╧ä┬½├╣┬╡ΓîÉ╞Æ╧ä├▓Γûæ╬ª├╝Γéº_BRANCH_B_v049_FULL_HANDOFF_1944-08-04T24_2026-09-04/02_ORIGINAL_EXTRACTED_TREE/╬ª┬┐├¬╧ä┬½├╣┬╡ΓîÉ╞Æ╧ä├▓Γûæ╬ª├╝Γéº_BRANCH_B_v048_REAUDIT_FULL_RESUME_1944-02-20T24_2026-08-31/00_README/README_refactor_v010.md
4033	╬ª┬┐├¬╧ä┬½├╣┬╡ΓîÉ╞Æ╧ä├▓Γûæ╬ª├╝Γéº_BRANCH_B_v049_FULL_HANDOFF_1944-08-04T24_2026-09-04/02_ORIGINAL_EXTRACTED_TREE/╬ª┬┐├¬╧ä┬½├╣┬╡ΓîÉ╞Æ╧ä├▓Γûæ╬ª├╝Γéº_BRANCH_B_v048_REAUDIT_FULL_RESUME_1944-02-20T24_2026-08-31/00_README/README_refactor_v011.md
5012	╬ª┬┐├¬╧ä┬½├╣┬╡ΓîÉ╞Æ╧ä├▓Γûæ╬ª├╝Γéº_BRANCH_B_v049_FULL_HANDOFF_1944-08-04T24_2026-09-04/02_ORIGINAL_EXTRACTED_TREE/╬ª┬┐├¬╧ä┬½├╣┬╡ΓîÉ╞Æ╧ä├▓Γûæ╬ª├╝Γéº_BRANCH_B_v048_REAUDIT_FULL_RESUME_1944-02-20T24_2026-08-31/00_README/README_refactor_v012.md
3061	╬ª┬┐├¬╧ä┬½├╣┬╡ΓîÉ╞Æ╧ä├▓Γûæ╬ª├╝Γéº_BRANCH_B_v049_FULL_HANDOFF_1944-08-04T24_2026-09-04/02_ORIGINAL_EXTRACTED_TREE/╬ª┬┐├¬╧ä┬½├╣┬╡ΓîÉ╞Æ╧ä├▓Γûæ╬ª├╝Γéº_BRANCH_B_v048_REAUDIT_FULL_RESUME_1944-02-20T24_2026-08-31/00_README/README_refactor_v013.md
1322	╬ª┬┐├¬╧ä┬½├╣┬╡ΓîÉ╞Æ╧ä├▓Γûæ╬ª├╝Γéº_BRANCH_B_v049_FULL_HANDOFF_1944-08-04T24_2026-09-04/02_ORIGINAL_EXTRACTED_TREE/╬ª┬┐├¬╧ä┬½├╣┬╡ΓîÉ╞Æ╧ä├▓Γûæ╬ª├╝Γéº_BRANCH_B_v048_REAUDIT_FULL_RESUME_1944-02-20T24_2026-08-31/00_README/README_refactor_v014.md
1378	╬ª┬┐├¬╧ä┬½├╣┬╡ΓîÉ╞Æ╧ä├▓Γûæ╬ª├╝Γéº_BRANCH_B_v049_FULL_HANDOFF_1944-08-04T24_2026-09-04/02_ORIGINAL_EXTRACTED_TREE/╬ª┬┐├¬╧ä┬½├╣┬╡ΓîÉ╞Æ╧ä├▓Γûæ╬ª├╝Γéº_BRANCH_B_v048_REAUDIT_FULL_RESUME_1944-02-20T24_2026-08-31/00_README/README_refactor_v015.md
1197	╬ª┬┐├¬╧ä┬½├╣┬╡ΓîÉ╞Æ╧ä├▓Γûæ╬ª├╝Γéº_BRANCH_B_v049_FULL_HANDOFF_1944-08-04T24_2026-09-04/02_ORIGINAL_EXTRACTED_TREE/╬ª┬┐├¬╧ä┬½├╣┬╡ΓîÉ╞Æ╧ä├▓Γûæ╬ª├╝Γéº_BRANCH_B_v048_REAUDIT_FULL_RESUME_1944-02-20T24_2026-08-31/00_README/README_refactor_v016.md
1361	╬ª┬┐├¬╧ä┬½├╣┬╡ΓîÉ╞Æ╧ä├▓Γûæ╬ª├╝Γéº_BRANCH_B_v049_FULL_HANDOFF_1944-08-04T24_2026-09-04/02_ORIGINAL_EXTRACTED_TREE/╬ª┬┐├¬╧ä┬½├╣┬╡ΓîÉ╞Æ╧ä├▓Γûæ╬ª├╝Γéº_BRANCH_B_v048_REAUDIT_FULL_RESUME_1944-02-20T24_2026-08-31/00_README/README_refactor_v017.md
1658	╬ª┬┐├¬╧ä┬½├╣┬╡ΓîÉ╞Æ╧ä├▓Γûæ╬ª├╝Γéº_BRANCH_B_v049_FULL_HANDOFF_1944-08-04T24_2026-09-04/02_ORIGINAL_EXTRACTED_TREE/╬ª┬┐├¬╧ä┬½├╣┬╡ΓîÉ╞Æ╧ä├▓Γûæ╬ª├╝Γéº_BRANCH_B_v048_REAUDIT_FULL_RESUME_1944-02-20T24_2026-08-31/00_README/README_refactor_v018.md
1412	╬ª┬┐├¬╧ä┬½├╣┬╡ΓîÉ╞Æ╧ä├▓Γûæ╬ª├╝Γéº_BRANCH_B_v049_FULL_HANDOFF_1944-08-04T24_2026-09-04/02_ORIGINAL_EXTRACTED_TREE/╬ª┬┐├¬╧ä┬½├╣┬╡ΓîÉ╞Æ╧ä├▓Γûæ╬ª├╝Γéº_BRANCH_B_v048_REAUDIT_FULL_RESUME_1944-02-20T24_2026-08-31/00_README/README_refactor_v019.md
3009	╬ª┬┐├¬╧ä┬½├╣┬╡ΓîÉ╞Æ╧ä├▓Γûæ╬ª├╝Γéº_BRANCH_B_v049_FULL_HANDOFF_1944-08-04T24_2026-09-04/02_ORIGINAL_EXTRACTED_TREE/╬ª┬┐├¬╧ä┬½├╣┬╡ΓîÉ╞Æ╧ä├▓Γûæ╬ª├╝Γéº_BRANCH_B_v048_REAUDIT_FULL_RESUME_1944-02-20T24_2026-08-31/00_README/README_refactor_v020.md
5016	╬ª┬┐├¬╧ä┬½├╣┬╡ΓîÉ╞Æ╧ä├▓Γûæ╬ª├╝Γéº_BRANCH_B_v049_FULL_HANDOFF_1944-08-04T24_2026-09-04/02_ORIGINAL_EXTRACTED_TREE/╬ª┬┐├¬╧ä┬½├╣┬╡ΓîÉ╞Æ╧ä├▓Γûæ╬ª├╝Γéº_BRANCH_B_v048_REAUDIT_FULL_RESUME_1944-02-20T24_2026-08-31/00_README/README_refactor_v022.md
2306	╬ª┬┐├¬╧ä┬½├╣┬╡ΓîÉ╞Æ╧ä├▓Γûæ╬ª├╝Γéº_BRANCH_B_v049_FULL_HANDOFF_1944-08-04T24_2026-09-04/02_ORIGINAL_EXTRACTED_TREE/╬ª┬┐├¬╧ä┬½├╣┬╡ΓîÉ╞Æ╧ä├▓Γûæ╬ª├╝Γéº_BRANCH_B_v048_REAUDIT_FULL_RESUME_1944-02-20T24_2026-08-31/00_README/README_refactor_v023.md
2319	╬ª┬┐├¬╧ä┬½├╣┬╡ΓîÉ╞Æ╧ä├▓Γûæ╬ª├╝Γéº_BRANCH_B_v049_FULL_HANDOFF_1944-08-04T24_2026-09-04/02_ORIGINAL_EXTRACTED_TREE/╬ª┬┐├¬╧ä┬½├╣┬╡ΓîÉ╞Æ╧ä├▓Γûæ╬ª├╝Γéº_BRANCH_B_v048_REAUDIT_FULL_RESUME_1944-02-20T24_2026-08-31/00_README/README_refactor_v024.md
685	╬ª┬┐├¬╧ä┬½├╣┬╡ΓîÉ╞Æ╧ä├▓Γûæ╬ª├╝Γéº_BRANCH_B_v049_FULL_HANDOFF_1944-08-04T24_2026-09-04/02_ORIGINAL_EXTRACTED_TREE/╬ª┬┐├¬╧ä┬½├╣┬╡ΓîÉ╞Æ╧ä├▓Γûæ╬ª├╝Γéº_BRANCH_B_v048_REAUDIT_FULL_RESUME_1944-02-20T24_2026-08-31/00_README/README_refactor_v025.md
1337	╬ª┬┐├¬╧ä┬½├╣┬╡ΓîÉ╞Æ╧ä├▓Γûæ╬ª├╝Γéº_BRANCH_B_v049_FULL_HANDOFF_1944-08-04T24_2026-09-04/02_ORIGINAL_EXTRACTED_TREE/╬ª┬┐├¬╧ä┬½├╣┬╡ΓîÉ╞Æ╧ä├▓Γûæ╬ª├╝Γéº_BRANCH_B_v048_REAUDIT_FULL_RESUME_1944-02-20T24_2026-08-31/00_README/README_refactor_v026.md
1359	╬ª┬┐├¬╧ä┬½├╣┬╡ΓîÉ╞Æ╧ä├▓Γûæ╬ª├╝Γéº_BRANCH_B_v049_FULL_HANDOFF_1944-08-04T24_2026-09-04/02_ORIGINAL_EXTRACTED_TREE/╬ª┬┐├¬╧ä┬½├╣┬╡ΓîÉ╞Æ╧ä├▓Γûæ╬ª├╝Γéº_BRANCH_B_v048_REAUDIT_FULL_RESUME_1944-02-20T24_2026-08-31/00_README/README_refactor_v027.md
1558	╬ª┬┐├¬╧ä┬½├╣┬╡ΓîÉ╞Æ╧ä├▓Γûæ╬ª├╝Γéº_BRANCH_B_v049_FULL_HANDOFF_1944-08-04T24_2026-09-04/02_ORIGINAL_EXTRACTED_TREE/╬ª┬┐├¬╧ä┬½├╣┬╡ΓîÉ╞Æ╧ä├▓Γûæ╬ª├╝Γéº_BRANCH_B_v048_REAUDIT_FULL_RESUME_1944-02-20T24_2026-08-31/00_README/README_refactor_v028.md
1611	╬ª┬┐├¬╧ä┬½├╣┬╡ΓîÉ╞Æ╧ä├▓Γûæ╬ª├╝Γéº_BRANCH_B_v049_FULL_HANDOFF_1944-08-04T24_2026-09-04/02_ORIGINAL_EXTRACTED_TREE/╬ª┬┐├¬╧ä┬½├╣┬╡ΓîÉ╞Æ╧ä├▓Γûæ╬ª├╝Γéº_BRANCH_B_v048_REAUDIT_FULL_RESUME_1944-02-20T24_2026-08-31/00_README/README_refactor_v029.md
1194	╬ª┬┐├¬╧ä┬½├╣┬╡ΓîÉ╞Æ╧ä├▓Γûæ╬ª├╝Γéº_BRANCH_B_v049_FULL_HANDOFF_1944-08-04T24_2026-09-04/02_ORIGINAL_EXTRACTED_TREE/╬ª┬┐├¬╧ä┬½├╣┬╡ΓîÉ╞Æ╧ä├▓Γûæ╬ª├╝Γéº_BRANCH_B_v048_REAUDIT_FULL_RESUME_1944-02-20T24_2026-08-31/00_README/README_refactor_v030.md
1652	╬ª┬┐├¬╧ä┬½├╣┬╡ΓîÉ╞Æ╧ä├▓Γûæ╬ª├╝Γéº_BRANCH_B_v049_FULL_HANDOFF_1944-08-04T24_2026-09-04/02_ORIGINAL_EXTRACTED_TREE/╬ª┬┐├¬╧ä┬½├╣┬╡ΓîÉ╞Æ╧ä├▓Γûæ╬ª├╝Γéº_BRANCH_B_v048_REAUDIT_FULL_RESUME_1944-02-20T24_2026-08-31/00_README/README_refactor_v031.md
1817	╬ª┬┐├¬╧ä┬½├╣┬╡ΓîÉ╞Æ╧ä├▓Γûæ╬ª├╝Γéº_BRANCH_B_v049_FULL_HANDOFF_1944-08-04T24_2026-09-04/02_ORIGINAL_EXTRACTED_TREE/╬ª┬┐├¬╧ä┬½├╣┬╡ΓîÉ╞Æ╧ä├▓Γûæ╬ª├╝Γéº_BRANCH_B_v048_REAUDIT_FULL_RESUME_1944-02-20T24_2026-08-31/00_README/README_refactor_v032.md
1430	╬ª┬┐├¬╧ä┬½├╣┬╡ΓîÉ╞Æ╧ä├▓Γûæ╬ª├╝Γéº_BRANCH_B_v049_FULL_HANDOFF_1944-08-04T24_2026-09-04/02_ORIGINAL_EXTRACTED_TREE/╬ª┬┐├¬╧ä┬½├╣┬╡ΓîÉ╞Æ╧ä├▓Γûæ╬ª├╝Γéº_BRANCH_B_v048_REAUDIT_FULL_RESUME_1944-02-20T24_2026-08-31/00_README/README_refactor_v033.md
2074	╬ª┬┐├¬╧ä┬½├╣┬╡ΓîÉ╞Æ╧ä├▓Γûæ╬ª├╝Γéº_BRANCH_B_v049_FULL_HANDOFF_1944-08-04T24_2026-09-04/02_ORIGINAL_EXTRACTED_TREE/╬ª┬┐├¬╧ä┬½├╣┬╡ΓîÉ╞Æ╧ä├▓Γûæ╬ª├╝Γéº_BRANCH_B_v048_REAUDIT_FULL_RESUME_1944-02-20T24_2026-08-31/00_README/README_refactor_v034.md
1378	╬ª┬┐├¬╧ä┬½├╣┬╡ΓîÉ╞Æ╧ä├▓Γûæ╬ª├╝Γéº_BRANCH_B_v049_FULL_HANDOFF_1944-08-04T24_2026-09-04/02_ORIGINAL_EXTRACTED_TREE/╬ª┬┐├¬╧ä┬½├╣┬╡ΓîÉ╞Æ╧ä├▓Γûæ╬ª├╝Γéº_BRANCH_B_v048_REAUDIT_FULL_RESUME_1944-02-20T24_2026-08-31/00_README/README_refactor_v035.md
2072	╬ª┬┐├¬╧ä┬½├╣┬╡ΓîÉ╞Æ╧ä├▓Γûæ╬ª├╝Γéº_BRANCH_B_v049_FULL_HANDOFF_1944-08-04T24_2026-09-04/02_ORIGINAL_EXTRACTED_TREE/╬ª┬┐├¬╧ä┬½├╣┬╡ΓîÉ╞Æ╧ä├▓Γûæ╬ª├╝Γéº_BRANCH_B_v048_REAUDIT_FULL_RESUME_1944-02-20T24_2026-08-31/00_README/README_refactor_v036.md
2200	╬ª┬┐├¬╧ä┬½├╣┬╡ΓîÉ╞Æ╧ä├▓Γûæ╬ª├╝Γéº_BRANCH_B_v049_FULL_HANDOFF_1944-08-04T24_2026-09-04/02_ORIGINAL_EXTRACTED_TREE/╬ª┬┐├¬╧ä┬½├╣┬╡ΓîÉ╞Æ╧ä├▓Γûæ╬ª├╝Γéº_BRANCH_B_v048_REAUDIT_FULL_RESUME_1944-02-20T24_2026-08-31/00_README/README_refactor_v037.md
1583	╬ª┬┐├¬╧ä┬½├╣┬╡ΓîÉ╞Æ╧ä├▓Γûæ╬ª├╝Γéº_BRANCH_B_v049_FULL_HANDOFF_1944-08-04T24_2026-09-04/02_ORIGINAL_EXTRACTED_TREE/╬ª┬┐├¬╧ä┬½├╣┬╡ΓîÉ╞Æ╧ä├▓Γûæ╬ª├╝Γéº_BRANCH_B_v048_REAUDIT_FULL_RESUME_1944-02-20T24_2026-08-31/00_README/README_refactor_v039.md
2026	╬ª┬┐├¬╧ä┬½├╣┬╡ΓîÉ╞Æ╧ä├▓Γûæ╬ª├╝Γéº_BRANCH_B_v049_FULL_HANDOFF_1944-08-04T24_2026-09-04/02_ORIGINAL_EXTRACTED_TREE/╬ª┬┐├¬╧ä┬½├╣┬╡ΓîÉ╞Æ╧ä├▓Γûæ╬ª├╝Γéº_BRANCH_B_v048_REAUDIT_FULL_RESUME_1944-02-20T24_2026-08-31/00_README/README_refactor_v040.md
1648	╬ª┬┐├¬╧ä┬½├╣┬╡ΓîÉ╞Æ╧ä├▓Γûæ╬ª├╝Γéº_BRANCH_B_v049_FULL_HANDOFF_1944-08-04T24_2026-09-04/02_ORIGINAL_EXTRACTED_TREE/╬ª┬┐├¬╧ä┬½├╣┬╡ΓîÉ╞Æ╧ä├▓Γûæ╬ª├╝Γéº_BRANCH_B_v048_REAUDIT_FULL_RESUME_1944-02-20T24_2026-08-31/00_README/README_refactor_v041.md
1805	╬ª┬┐├¬╧ä┬½├╣┬╡ΓîÉ╞Æ╧ä├▓Γûæ╬ª├╝Γéº_BRANCH_B_v049_FULL_HANDOFF_1944-08-04T24_2026-09-04/02_ORIGINAL_EXTRACTED_TREE/╬ª┬┐├¬╧ä┬½├╣┬╡ΓîÉ╞Æ╧ä├▓Γûæ╬ª├╝Γéº_BRANCH_B_v048_REAUDIT_FULL_RESUME_1944-02-20T24_2026-08-31/00_README/README_refactor_v042.md
2109	╬ª┬┐├¬╧ä┬½├╣┬╡ΓîÉ╞Æ╧ä├▓Γûæ╬ª├╝Γéº_BRANCH_B_v049_FULL_HANDOFF_1944-08-04T24_2026-09-04/02_ORIGINAL_EXTRACTED_TREE/╬ª┬┐├¬╧ä┬½├╣┬╡ΓîÉ╞Æ╧ä├▓Γûæ╬ª├╝Γéº_BRANCH_B_v048_REAUDIT_FULL_RESUME_1944-02-20T24_2026-08-31/00_README/README_refactor_v043.md
2021	╬ª┬┐├¬╧ä┬½├╣┬╡ΓîÉ╞Æ╧ä├▓Γûæ╬ª├╝Γéº_BRANCH_B_v049_FULL_HANDOFF_1944-08-04T24_2026-09-04/02_ORIGINAL_EXTRACTED_TREE/╬ª┬┐├¬╧ä┬½├╣┬╡ΓîÉ╞Æ╧ä├▓Γûæ╬ª├╝Γéº_BRANCH_B_v048_REAUDIT_FULL_RESUME_1944-02-20T24_2026-08-31/00_README/README_refactor_v046.md
3142	╬ª┬┐├¬╧ä┬½├╣┬╡ΓîÉ╞Æ╧ä├▓Γûæ╬ª├╝Γéº_BRANCH_B_v049_FULL_HANDOFF_1944-08-04T24_2026-09-04/02_ORIGINAL_EXTRACTED_TREE/╬ª┬┐├¬╧ä┬½├╣┬╡ΓîÉ╞Æ╧ä├▓Γûæ╬ª├╝Γéº_BRANCH_B_v048_REAUDIT_FULL_RESUME_1944-02-20T24_2026-08-31/00_README/README_refactor_v047.md
2438	╬ª┬┐├¬╧ä┬½├╣┬╡ΓîÉ╞Æ╧ä├▓Γûæ╬ª├╝Γéº_BRANCH_B_v049_FULL_HANDOFF_1944-08-04T24_2026-09-04/02_ORIGINAL_EXTRACTED_TREE/╬ª┬┐├¬╧ä┬½├╣┬╡ΓîÉ╞Æ╧ä├▓Γûæ╬ª├╝Γéº_BRANCH_B_v048_REAUDIT_FULL_RESUME_1944-02-20T24_2026-08-31/00_README/README_refactor_v048.md
1739	╬ª┬┐├¬╧ä┬½├╣┬╡ΓîÉ╞Æ╧ä├▓Γûæ╬ª├╝Γéº_BRANCH_B_v049_FULL_HANDOFF_1944-08-04T24_2026-09-04/02_ORIGINAL_EXTRACTED_TREE/╬ª┬┐├¬╧ä┬½├╣┬╡ΓîÉ╞Æ╧ä├▓Γûæ╬ª├╝Γéº_BRANCH_B_v048_REAUDIT_FULL_RESUME_1944-02-20T24_2026-08-31/01_CORE/CORE_INDEX_v001.json
12130	╬ª┬┐├¬╧ä┬½├╣┬╡ΓîÉ╞Æ╧ä├▓Γûæ╬ª├╝Γéº_BRANCH_B_v049_FULL_HANDOFF_1944-08-04T24_2026-09-04/02_ORIGINAL_EXTRACTED_TREE/╬ª┬┐├¬╧ä┬½├╣┬╡ΓîÉ╞Æ╧ä├▓Γûæ╬ª├╝Γéº_BRANCH_B_v048_REAUDIT_FULL_RESUME_1944-02-20T24_2026-08-31/02_TECH/INDUSTRIAL_LOGISTICS_BASELINE_1932_1942_v001.md
25886	╬ª┬┐├¬╧ä┬½├╣┬╡ΓîÉ╞Æ╧ä├▓Γûæ╬ª├╝Γéº_BRANCH_B_v049_FULL_HANDOFF_1944-08-04T24_2026-09-04/02_ORIGINAL_EXTRACTED_TREE/╬ª┬┐├¬╧ä┬½├╣┬╡ΓîÉ╞Æ╧ä├▓Γûæ╬ª├╝Γéº_BRANCH_B_v048_REAUDIT_FULL_RESUME_1944-02-20T24_2026-08-31/02_TECH/TECH_INDEX_v001.json
90878	╬ª┬┐├¬╧ä┬½├╣┬╡ΓîÉ╞Æ╧ä├▓Γûæ╬ª├╝Γéº_BRANCH_B_v049_FULL_HANDOFF_1944-08-04T24_2026-09-04/02_ORIGINAL_EXTRACTED_TREE/╬ª┬┐├¬╧ä┬½├╣┬╡ΓîÉ╞Æ╧ä├▓Γûæ╬ª├╝Γéº_BRANCH_B_v048_REAUDIT_FULL_RESUME_1944-02-20T24_2026-08-31/02_TECH/TECH_INDEX_v002.json
111541	╬ª┬┐├¬╧ä┬½├╣┬╡ΓîÉ╞Æ╧ä├▓Γûæ╬ª├╝Γéº_BRANCH_B_v049_FULL_HANDOFF_1944-08-04T24_2026-09-04/02_ORIGINAL_EXTRACTED_TREE/╬ª┬┐├¬╧ä┬½├╣┬╡ΓîÉ╞Æ╧ä├▓Γûæ╬ª├╝Γéº_BRANCH_B_v048_REAUDIT_FULL_RESUME_1944-02-20T24_2026-08-31/02_TECH/TECH_INDEX_v003.json
119604	╬ª┬┐├¬╧ä┬½├╣┬╡ΓîÉ╞Æ╧ä├▓Γûæ╬ª├╝Γéº_BRANCH_B_v049_FULL_HANDOFF_1944-08-04T24_2026-09-04/02_ORIGINAL_EXTRACTED_TREE/╬ª┬┐├¬╧ä┬½├╣┬╡ΓîÉ╞Æ╧ä├▓Γûæ╬ª├╝Γéº_BRANCH_B_v048_REAUDIT_FULL_RESUME_1944-02-20T24_2026-08-31/02_TECH/TECH_INDEX_v004.json
127080	╬ª┬┐├¬╧ä┬½├╣┬╡ΓîÉ╞Æ╧ä├▓Γûæ╬ª├╝Γéº_BRANCH_B_v049_FULL_HANDOFF_1944-08-04T24_2026-09-04/02_ORIGINAL_EXTRACTED_TREE/╬ª┬┐├¬╧ä┬½├╣┬╡ΓîÉ╞Æ╧ä├▓Γûæ╬ª├╝Γéº_BRANCH_B_v048_REAUDIT_FULL_RESUME_1944-02-20T24_2026-08-31/02_TECH/TECH_INDEX_v005.json
127805	╬ª┬┐├¬╧ä┬½├╣┬╡ΓîÉ╞Æ╧ä├▓Γûæ╬ª├╝Γéº_BRANCH_B_v049_FULL_HANDOFF_1944-08-04T24_2026-09-04/02_ORIGINAL_EXTRACTED_TREE/╬ª┬┐├¬╧ä┬½├╣┬╡ΓîÉ╞Æ╧ä├▓Γûæ╬ª├╝Γéº_BRANCH_B_v048_REAUDIT_FULL_RESUME_1944-02-20T24_2026-08-31/02_TECH/TECH_INDEX_v006.json
146337	╬ª┬┐├¬╧ä┬½├╣┬╡ΓîÉ╞Æ╧ä├▓Γûæ╬ª├╝Γéº_BRANCH_B_v049_FULL_HANDOFF_1944-08-04T24_2026-09-04/02_ORIGINAL_EXTRACTED_TREE/╬ª┬┐├¬╧ä┬½├╣┬╡ΓîÉ╞Æ╧ä├▓Γûæ╬ª├╝Γéº_BRANCH_B_v048_REAUDIT_FULL_RESUME_1944-02-20T24_2026-08-31/02_TECH/TECH_INDEX_v007.json
151480	╬ª┬┐├¬╧ä┬½├╣┬╡ΓîÉ╞Æ╧ä├▓Γûæ╬ª├╝Γéº_BRANCH_B_v049_FULL_HANDOFF_1944-08-04T24_2026-09-04/02_ORIGINAL_EXTRACTED_TREE/╬ª┬┐├¬╧ä┬½├╣┬╡ΓîÉ╞Æ╧ä├▓Γûæ╬ª├╝Γéº_BRANCH_B_v048_REAUDIT_FULL_RESUME_1944-02-20T24_2026-08-31/02_TECH/TECH_INDEX_v008.json
169803	╬ª┬┐├¬╧ä┬½├╣┬╡ΓîÉ╞Æ╧ä├▓Γûæ╬ª├╝Γéº_BRANCH_B_v049_FULL_HANDOFF_1944-08-04T24_2026-09-04/02_ORIGINAL_EXTRACTED_TREE/╬ª┬┐├¬╧ä┬½├╣┬╡ΓîÉ╞Æ╧ä├▓Γûæ╬ª├╝Γéº_BRANCH_B_v048_REAUDIT_FULL_RESUME_1944-02-20T24_2026-08-31/02_TECH/TECH_INDEX_v009.json
1683	╬ª┬┐├¬╧ä┬½├╣┬╡ΓîÉ╞Æ╧ä├▓Γûæ╬ª├╝Γéº_BRANCH_B_v049_FULL_HANDOFF_1944-08-04T24_2026-09-04/02_ORIGINAL_EXTRACTED_TREE/╬ª┬┐├¬╧ä┬½├╣┬╡ΓîÉ╞Æ╧ä├▓Γûæ╬ª├╝Γéº_BRANCH_B_v048_REAUDIT_FULL_RESUME_1944-02-20T24_2026-08-31/03_PREWAR/PREWAR_INDEX_v001.json
14246	╬ª┬┐├¬╧ä┬½├╣┬╡ΓîÉ╞Æ╧ä├▓Γûæ╬ª├╝Γéº_BRANCH_B_v049_FULL_HANDOFF_1944-08-04T24_2026-09-04/02_ORIGINAL_EXTRACTED_TREE/╬ª┬┐├¬╧ä┬½├╣┬╡ΓîÉ╞Æ╧ä├▓Γûæ╬ª├╝Γéº_BRANCH_B_v048_REAUDIT_FULL_RESUME_1944-02-20T24_2026-08-31/03_PREWAR/PREWAR_INDEX_v002.json
20076	╬ª┬┐├¬╧ä┬½├╣┬╡ΓîÉ╞Æ╧ä├▓Γûæ╬ª├╝Γéº_BRANCH_B_v049_FULL_HANDOFF_1944-08-04T24_2026-09-04/02_ORIGINAL_EXTRACTED_TREE/╬ª┬┐├¬╧ä┬½├╣┬╡ΓîÉ╞Æ╧ä├▓Γûæ╬ª├╝Γéº_BRANCH_B_v048_REAUDIT_FULL_RESUME_1944-02-20T24_2026-08-31/03_PREWAR/PREWAR_INDEX_v003.json
21661	╬ª┬┐├¬╧ä┬½├╣┬╡ΓîÉ╞Æ╧ä├▓Γûæ╬ª├╝Γéº_BRANCH_B_v049_FULL_HANDOFF_1944-08-04T24_2026-09-04/02_ORIGINAL_EXTRACTED_TREE/╬ª┬┐├¬╧ä┬½├╣┬╡ΓîÉ╞Æ╧ä├▓Γûæ╬ª├╝Γéº_BRANCH_B_v048_REAUDIT_FULL_RESUME_1944-02-20T24_2026-08-31/03_PREWAR/PREWAR_INDEX_v004.json
2081	╬ª┬┐├¬╧ä┬½├╣┬╡ΓîÉ╞Æ╧ä├▓Γûæ╬ª├╝Γéº_BRANCH_B_v049_FULL_HANDOFF_1944-08-04T24_2026-09-04/02_ORIGINAL_EXTRACTED_TREE/╬ª┬┐├¬╧ä┬½├╣┬╡ΓîÉ╞Æ╧ä├▓Γûæ╬ª├╝Γéº_BRANCH_B_v048_REAUDIT_FULL_RESUME_1944-02-20T24_2026-08-31/04_WARSTART/WARSTART_CHECKPOINT_v001.json
2258	╬ª┬┐├¬╧ä┬½├╣┬╡ΓîÉ╞Æ╧ä├▓Γûæ╬ª├╝Γéº_BRANCH_B_v049_FULL_HANDOFF_1944-08-04T24_2026-09-04/02_ORIGINAL_EXTRACTED_TREE/╬ª┬┐├¬╧ä┬½├╣┬╡ΓîÉ╞Æ╧ä├▓Γûæ╬ª├╝Γéº_BRANCH_B_v048_REAUDIT_FULL_RESUME_1944-02-20T24_2026-08-31/04_WARSTART/WARSTART_CHECKPOINT_v002.json
2325	╬ª┬┐├¬╧ä┬½├╣┬╡ΓîÉ╞Æ╧ä├▓Γûæ╬ª├╝Γéº_BRANCH_B_v049_FULL_HANDOFF_1944-08-04T24_2026-09-04/02_ORIGINAL_EXTRACTED_TREE/╬ª┬┐├¬╧ä┬½├╣┬╡ΓîÉ╞Æ╧ä├▓Γûæ╬ª├╝Γéº_BRANCH_B_v048_REAUDIT_FULL_RESUME_1944-02-20T24_2026-08-31/04_WARSTART/WARSTART_CHECKPOINT_v003.json
2441	╬ª┬┐├¬╧ä┬½├╣┬╡ΓîÉ╞Æ╧ä├▓Γûæ╬ª├╝Γéº_BRANCH_B_v049_FULL_HANDOFF_1944-08-04T24_2026-09-04/02_ORIGINAL_EXTRACTED_TREE/╬ª┬┐├¬╧ä┬½├╣┬╡ΓîÉ╞Æ╧ä├▓Γûæ╬ª├╝Γéº_BRANCH_B_v048_REAUDIT_FULL_RESUME_1944-02-20T24_2026-08-31/04_WARSTART/WARSTART_CHECKPOINT_v004.json
3810	╬ª┬┐├¬╧ä┬½├╣┬╡ΓîÉ╞Æ╧ä├▓Γûæ╬ª├╝Γéº_BRANCH_B_v049_FULL_HANDOFF_1944-08-04T24_2026-09-04/02_ORIGINAL_EXTRACTED_TREE/╬ª┬┐├¬╧ä┬½├╣┬╡ΓîÉ╞Æ╧ä├▓Γûæ╬ª├╝Γéº_BRANCH_B_v048_REAUDIT_FULL_RESUME_1944-02-20T24_2026-08-31/04_WARSTART/WARSTART_COMPLETENESS_AUDIT_v001.json
3763	╬ª┬┐├¬╧ä┬½├╣┬╡ΓîÉ╞Æ╧ä├▓Γûæ╬ª├╝Γéº_BRANCH_B_v049_FULL_HANDOFF_1944-08-04T24_2026-09-04/02_ORIGINAL_EXTRACTED_TREE/╬ª┬┐├¬╧ä┬½├╣┬╡ΓîÉ╞Æ╧ä├▓Γûæ╬ª├╝Γéº_BRANCH_B_v048_REAUDIT_FULL_RESUME_1944-02-20T24_2026-08-31/04_WARSTART/WARSTART_DOMAIN_AUDIT_v001.json
4003	╬ª┬┐├¬╧ä┬½├╣┬╡ΓîÉ╞Æ╧ä├▓Γûæ╬ª├╝Γéº_BRANCH_B_v049_FULL_HANDOFF_1944-08-04T24_2026-09-04/02_ORIGINAL_EXTRACTED_TREE/╬ª┬┐├¬╧ä┬½├╣┬╡ΓîÉ╞Æ╧ä├▓Γûæ╬ª├╝Γéº_BRANCH_B_v048_REAUDIT_FULL_RESUME_1944-02-20T24_2026-08-31/04_WARSTART/WARSTART_DOMAIN_AUDIT_v002.json
3929	╬ª┬┐├¬╧ä┬½├╣┬╡ΓîÉ╞Æ╧ä├▓Γûæ╬ª├╝Γéº_BRANCH_B_v049_FULL_HANDOFF_1944-08-04T24_2026-09-04/02_ORIGINAL_EXTRACTED_TREE/╬ª┬┐├¬╧ä┬½├╣┬╡ΓîÉ╞Æ╧ä├▓Γûæ╬ª├╝Γéº_BRANCH_B_v048_REAUDIT_FULL_RESUME_1944-02-20T24_2026-08-31/04_WARSTART/WARSTART_DOMAIN_AUDIT_v003.json
4329	╬ª┬┐├¬╧ä┬½├╣┬╡ΓîÉ╞Æ╧ä├▓Γûæ╬ª├╝Γéº_BRANCH_B_v049_FULL_HANDOFF_1944-08-04T24_2026-09-04/02_ORIGINAL_EXTRACTED_TREE/╬ª┬┐├¬╧ä┬½├╣┬╡ΓîÉ╞Æ╧ä├▓Γûæ╬ª├╝Γéº_BRANCH_B_v048_REAUDIT_FULL_RESUME_1944-02-20T24_2026-08-31/04_WARSTART/WARSTART_DOMAIN_AUDIT_v004.json
9009	╬ª┬┐├¬╧ä┬½├╣┬╡ΓîÉ╞Æ╧ä├▓Γûæ╬ª├╝Γéº_BRANCH_B_v049_FULL_HANDOFF_1944-08-04T24_2026-09-04/02_ORIGINAL_EXTRACTED_TREE/╬ª┬┐├¬╧ä┬½├╣┬╡ΓîÉ╞Æ╧ä├▓Γûæ╬ª├╝Γéº_BRANCH_B_v048_REAUDIT_FULL_RESUME_1944-02-20T24_2026-08-31/04_WARSTART/WARSTART_STATE_LEDGER_v001.json
10767	╬ª┬┐├¬╧ä┬½├╣┬╡ΓîÉ╞Æ╧ä├▓Γûæ╬ª├╝Γéº_BRANCH_B_v049_FULL_HANDOFF_1944-08-04T24_2026-09-04/02_ORIGINAL_EXTRACTED_TREE/╬ª┬┐├¬╧ä┬½├╣┬╡ΓîÉ╞Æ╧ä├▓Γûæ╬ª├╝Γéº_BRANCH_B_v048_REAUDIT_FULL_RESUME_1944-02-20T24_2026-08-31/04_WARSTART/WARSTART_STATE_LEDGER_v002.json
11182	╬ª┬┐├¬╧ä┬½├╣┬╡ΓîÉ╞Æ╧ä├▓Γûæ╬ª├╝Γéº_BRANCH_B_v049_FULL_HANDOFF_1944-08-04T24_2026-09-04/02_ORIGINAL_EXTRACTED_TREE/╬ª┬┐├¬╧ä┬½├╣┬╡ΓîÉ╞Æ╧ä├▓Γûæ╬ª├╝Γéº_BRANCH_B_v048_REAUDIT_FULL_RESUME_1944-02-20T24_2026-08-31/04_WARSTART/WARSTART_STATE_LEDGER_v003.json
2342	╬ª┬┐├¬╧ä┬½├╣┬╡ΓîÉ╞Æ╧ä├▓Γûæ╬ª├╝Γéº_BRANCH_B_v049_FULL_HANDOFF_1944-08-04T24_2026-09-04/02_ORIGINAL_EXTRACTED_TREE/╬ª┬┐├¬╧ä┬½├╣┬╡ΓîÉ╞Æ╧ä├▓Γûæ╬ª├╝Γéº_BRANCH_B_v048_REAUDIT_FULL_RESUME_1944-02-20T24_2026-08-31/04_WARSTART/opening_execution_state_v001.json
6338	╬ª┬┐├¬╧ä┬½├╣┬╡ΓîÉ╞Æ╧ä├▓Γûæ╬ª├╝Γéº_BRANCH_B_v049_FULL_HANDOFF_1944-08-04T24_2026-09-04/02_ORIGINAL_EXTRACTED_TREE/╬ª┬┐├¬╧ä┬½├╣┬╡ΓîÉ╞Æ╧ä├▓Γûæ╬ª├╝Γéº_BRANCH_B_v048_REAUDIT_FULL_RESUME_1944-02-20T24_2026-08-31/04_WARSTART/opening_state_1941-12-07_v006.json
3049	╬ª┬┐├¬╧ä┬½├╣┬╡ΓîÉ╞Æ╧ä├▓Γûæ╬ª├╝Γéº_BRANCH_B_v049_FULL_HANDOFF_1944-08-04T24_2026-09-04/02_ORIGINAL_EXTRACTED_TREE/╬ª┬┐├¬╧ä┬½├╣┬╡ΓîÉ╞Æ╧ä├▓Γûæ╬ª├╝Γéº_BRANCH_B_v048_REAUDIT_FULL_RESUME_1944-02-20T24_2026-08-31/04_WARSTART/opening_sync_state_1941-12-07_08_refactor_v002.json
2039	╬ª┬┐├¬╧ä┬½├╣┬╡ΓîÉ╞Æ╧ä├▓Γûæ╬ª├╝Γéº_BRANCH_B_v049_FULL_HANDOFF_1944-08-04T24_2026-09-04/02_ORIGINAL_EXTRACTED_TREE/╬ª┬┐├¬╧ä┬½├╣┬╡ΓîÉ╞Æ╧ä├▓Γûæ╬ª├╝Γéº_BRANCH_B_v048_REAUDIT_FULL_RESUME_1944-02-20T24_2026-08-31/04_WARSTART/opening_sync_state_1941-12-07_08_v001.json
1106	╬ª┬┐├¬╧ä┬½├╣┬╡ΓîÉ╞Æ╧ä├▓Γûæ╬ª├╝Γéº_BRANCH_B_v049_FULL_HANDOFF_1944-08-04T24_2026-09-04/02_ORIGINAL_EXTRACTED_TREE/╬ª┬┐├¬╧ä┬½├╣┬╡ΓîÉ╞Æ╧ä├▓Γûæ╬ª├╝Γéº_BRANCH_B_v048_REAUDIT_FULL_RESUME_1944-02-20T24_2026-08-31/04_WARSTART/opening_technical_clock_guard_v001.json
3137	╬ª┬┐├¬╧ä┬½├╣┬╡ΓîÉ╞Æ╧ä├▓Γûæ╬ª├╝Γéº_BRANCH_B_v049_FULL_HANDOFF_1944-08-04T24_2026-09-04/02_ORIGINAL_EXTRACTED_TREE/╬ª┬┐├¬╧ä┬½├╣┬╡ΓîÉ╞Æ╧ä├▓Γûæ╬ª├╝Γéº_BRANCH_B_v048_REAUDIT_FULL_RESUME_1944-02-20T24_2026-08-31/05_WARTIME/CHECKPOINT_1942-04-10T24_v001.json
3789	╬ª┬┐├¬╧ä┬½├╣┬╡ΓîÉ╞Æ╧ä├▓Γûæ╬ª├╝Γéº_BRANCH_B_v049_FULL_HANDOFF_1944-08-04T24_2026-09-04/02_ORIGINAL_EXTRACTED_TREE/╬ª┬┐├¬╧ä┬½├╣┬╡ΓîÉ╞Æ╧ä├▓Γûæ╬ª├╝Γéº_BRANCH_B_v048_REAUDIT_FULL_RESUME_1944-02-20T24_2026-08-31/05_WARTIME/CHECKPOINT_1942-05-06T24_v001.json
4412	╬ª┬┐├¬╧ä┬½├╣┬╡ΓîÉ╞Æ╧ä├▓Γûæ╬ª├╝Γéº_BRANCH_B_v049_FULL_HANDOFF_1944-08-04T24_2026-09-04/02_ORIGINAL_EXTRACTED_TREE/╬ª┬┐├¬╧ä┬½├╣┬╡ΓîÉ╞Æ╧ä├▓Γûæ╬ª├╝Γéº_BRANCH_B_v048_REAUDIT_FULL_RESUME_1944-02-20T24_2026-08-31/05_WARTIME/CHECKPOINT_1942-05-11T24_v001.json
6301	╬ª┬┐├¬╧ä┬½├╣┬╡ΓîÉ╞Æ╧ä├▓Γûæ╬ª├╝Γéº_BRANCH_B_v049_FULL_HANDOFF_1944-08-04T24_2026-09-04/02_ORIGINAL_EXTRACTED_TREE/╬ª┬┐├¬╧ä┬½├╣┬╡ΓîÉ╞Æ╧ä├▓Γûæ╬ª├╝Γéº_BRANCH_B_v048_REAUDIT_FULL_RESUME_1944-02-20T24_2026-08-31/05_WARTIME/CHECKPOINT_1942-06-02T24_v001.json
7646	╬ª┬┐├¬╧ä┬½├╣┬╡ΓîÉ╞Æ╧ä├▓Γûæ╬ª├╝Γéº_BRANCH_B_v049_FULL_HANDOFF_1944-08-04T24_2026-09-04/02_ORIGINAL_EXTRACTED_TREE/╬ª┬┐├¬╧ä┬½├╣┬╡ΓîÉ╞Æ╧ä├▓Γûæ╬ª├╝Γéº_BRANCH_B_v048_REAUDIT_FULL_RESUME_1944-02-20T24_2026-08-31/05_WARTIME/CHECKPOINT_1942-06-15T24_v001.json
8442	╬ª┬┐├¬╧ä┬½├╣┬╡ΓîÉ╞Æ╧ä├▓Γûæ╬ª├╝Γéº_BRANCH_B_v049_FULL_HANDOFF_1944-08-04T24_2026-09-04/02_ORIGINAL_EXTRACTED_TREE/╬ª┬┐├¬╧ä┬½├╣┬╡ΓîÉ╞Æ╧ä├▓Γûæ╬ª├╝Γéº_BRANCH_B_v048_REAUDIT_FULL_RESUME_1944-02-20T24_2026-08-31/05_WARTIME/CHECKPOINT_1942-06-15T24_v002.json
2291	╬ª┬┐├¬╧ä┬½├╣┬╡ΓîÉ╞Æ╧ä├▓Γûæ╬ª├╝Γéº_BRANCH_B_v049_FULL_HANDOFF_1944-08-04T24_2026-09-04/02_ORIGINAL_EXTRACTED_TREE/╬ª┬┐├¬╧ä┬½├╣┬╡ΓîÉ╞Æ╧ä├▓Γûæ╬ª├╝Γéº_BRANCH_B_v048_REAUDIT_FULL_RESUME_1944-02-20T24_2026-08-31/05_WARTIME/CHECKPOINT_1942-09-02T24_v001.json
2222	╬ª┬┐├¬╧ä┬½├╣┬╡ΓîÉ╞Æ╧ä├▓Γûæ╬ª├╝Γéº_BRANCH_B_v049_FULL_HANDOFF_1944-08-04T24_2026-09-04/02_ORIGINAL_EXTRACTED_TREE/╬ª┬┐├¬╧ä┬½├╣┬╡ΓîÉ╞Æ╧ä├▓Γûæ╬ª├╝Γéº_BRANCH_B_v048_REAUDIT_FULL_RESUME_1944-02-20T24_2026-08-31/05_WARTIME/CHECKPOINT_1942-10-24T24_v001.json
2244	╬ª┬┐├¬╧ä┬½├╣┬╡ΓîÉ╞Æ╧ä├▓Γûæ╬ª├╝Γéº_BRANCH_B_v049_FULL_HANDOFF_1944-08-04T24_2026-09-04/02_ORIGINAL_EXTRACTED_TREE/╬ª┬┐├¬╧ä┬½├╣┬╡ΓîÉ╞Æ╧ä├▓Γûæ╬ª├╝Γéº_BRANCH_B_v048_REAUDIT_FULL_RESUME_1944-02-20T24_2026-08-31/05_WARTIME/CHECKPOINT_1942-11-19T24_v001.json
4956	╬ª┬┐├¬╧ä┬½├╣┬╡ΓîÉ╞Æ╧ä├▓Γûæ╬ª├╝Γéº_BRANCH_B_v049_FULL_HANDOFF_1944-08-04T24_2026-09-04/02_ORIGINAL_EXTRACTED_TREE/╬ª┬┐├¬╧ä┬½├╣┬╡ΓîÉ╞Æ╧ä├▓Γûæ╬ª├╝Γéº_BRANCH_B_v048_REAUDIT_FULL_RESUME_1944-02-20T24_2026-08-31/05_WARTIME/CHECKPOINT_1942-12-31T24_v001.json
1985	╬ª┬┐├¬╧ä┬½├╣┬╡ΓîÉ╞Æ╧ä├▓Γûæ╬ª├╝Γéº_BRANCH_B_v049_FULL_HANDOFF_1944-08-04T24_2026-09-04/02_ORIGINAL_EXTRACTED_TREE/╬ª┬┐├¬╧ä┬½├╣┬╡ΓîÉ╞Æ╧ä├▓Γûæ╬ª├╝Γéº_BRANCH_B_v048_REAUDIT_FULL_RESUME_1944-02-20T24_2026-08-31/05_WARTIME/CHECKPOINT_1943-07-31T24_BRANCH_B_v001.json
9861	╬ª┬┐├¬╧ä┬½├╣┬╡ΓîÉ╞Æ╧ä├▓Γûæ╬ª├╝Γéº_BRANCH_B_v049_FULL_HANDOFF_1944-08-04T24_2026-09-04/02_ORIGINAL_EXTRACTED_TREE/╬ª┬┐├¬╧ä┬½├╣┬╡ΓîÉ╞Æ╧ä├▓Γûæ╬ª├╝Γéº_BRANCH_B_v048_REAUDIT_FULL_RESUME_1944-02-20T24_2026-08-31/05_WARTIME/CHECKPOINT_1943-09-30T24_v001.json
11075	╬ª┬┐├¬╧ä┬½├╣┬╡ΓîÉ╞Æ╧ä├▓Γûæ╬ª├╝Γéº_BRANCH_B_v049_FULL_HANDOFF_1944-08-04T24_2026-09-04/02_ORIGINAL_EXTRACTED_TREE/╬ª┬┐├¬╧ä┬½├╣┬╡ΓîÉ╞Æ╧ä├▓Γûæ╬ª├╝Γéº_BRANCH_B_v048_REAUDIT_FULL_RESUME_1944-02-20T24_2026-08-31/05_WARTIME/CHECKPOINT_1943-09-30T24_v002.json
11947	╬ª┬┐├¬╧ä┬½├╣┬╡ΓîÉ╞Æ╧ä├▓Γûæ╬ª├╝Γéº_BRANCH_B_v049_FULL_HANDOFF_1944-08-04T24_2026-09-04/02_ORIGINAL_EXTRACTED_TREE/╬ª┬┐├¬╧ä┬½├╣┬╡ΓîÉ╞Æ╧ä├▓Γûæ╬ª├╝Γéº_BRANCH_B_v048_REAUDIT_FULL_RESUME_1944-02-20T24_2026-08-31/05_WARTIME/CHECKPOINT_1943-09-30T24_v003.json
9632	╬ª┬┐├¬╧ä┬½├╣┬╡ΓîÉ╞Æ╧ä├▓Γûæ╬ª├╝Γéº_BRANCH_B_v049_FULL_HANDOFF_1944-08-04T24_2026-09-04/02_ORIGINAL_EXTRACTED_TREE/╬ª┬┐├¬╧ä┬½├╣┬╡ΓîÉ╞Æ╧ä├▓Γûæ╬ª├╝Γéº_BRANCH_B_v048_REAUDIT_FULL_RESUME_1944-02-20T24_2026-08-31/05_WARTIME/CHECKPOINT_1943-11-23T00_BRANCH_B_GALVANIC_REAUDIT_v001.json
4078	╬ª┬┐├¬╧ä┬½├╣┬╡ΓîÉ╞Æ╧ä├▓Γûæ╬ª├╝Γéº_BRANCH_B_v049_FULL_HANDOFF_1944-08-04T24_2026-09-04/02_ORIGINAL_EXTRACTED_TREE/╬ª┬┐├¬╧ä┬½├╣┬╡ΓîÉ╞Æ╧ä├▓Γûæ╬ª├╝Γéº_BRANCH_B_v048_REAUDIT_FULL_RESUME_1944-02-20T24_2026-08-31/05_WARTIME/CHECKPOINT_1943-12-31T24_BRANCH_B_v001.json
4905	╬ª┬┐├¬╧ä┬½├╣┬╡ΓîÉ╞Æ╧ä├▓Γûæ╬ª├╝Γéº_BRANCH_B_v049_FULL_HANDOFF_1944-08-04T24_2026-09-04/02_ORIGINAL_EXTRACTED_TREE/╬ª┬┐├¬╧ä┬½├╣┬╡ΓîÉ╞Æ╧ä├▓Γûæ╬ª├╝Γéº_BRANCH_B_v048_REAUDIT_FULL_RESUME_1944-02-20T24_2026-08-31/05_WARTIME/CHECKPOINT_1943-12-31T24_BRANCH_B_v002.json
6215	╬ª┬┐├¬╧ä┬½├╣┬╡ΓîÉ╞Æ╧ä├▓Γûæ╬ª├╝Γéº_BRANCH_B_v049_FULL_HANDOFF_1944-08-04T24_2026-09-04/02_ORIGINAL_EXTRACTED_TREE/╬ª┬┐├¬╧ä┬½├╣┬╡ΓîÉ╞Æ╧ä├▓Γûæ╬ª├╝Γéº_BRANCH_B_v048_REAUDIT_FULL_RESUME_1944-02-20T24_2026-08-31/05_WARTIME/CHECKPOINT_1943-12-31T24_BRANCH_B_v003.json
6478	╬ª┬┐├¬╧ä┬½├╣┬╡ΓîÉ╞Æ╧ä├▓Γûæ╬ª├╝Γéº_BRANCH_B_v049_FULL_HANDOFF_1944-08-04T24_2026-09-04/02_ORIGINAL_EXTRACTED_TREE/╬ª┬┐├¬╧ä┬½├╣┬╡ΓîÉ╞Æ╧ä├▓Γûæ╬ª├╝Γéº_BRANCH_B_v048_REAUDIT_FULL_RESUME_1944-02-20T24_2026-08-31/05_WARTIME/CHECKPOINT_1943-12-31T24_BRANCH_B_v004.json
6878	╬ª┬┐├¬╧ä┬½├╣┬╡ΓîÉ╞Æ╧ä├▓Γûæ╬ª├╝Γéº_BRANCH_B_v049_FULL_HANDOFF_1944-08-04T24_2026-09-04/02_ORIGINAL_EXTRACTED_TREE/╬ª┬┐├¬╧ä┬½├╣┬╡ΓîÉ╞Æ╧ä├▓Γûæ╬ª├╝Γéº_BRANCH_B_v048_REAUDIT_FULL_RESUME_1944-02-20T24_2026-08-31/05_WARTIME/CHECKPOINT_1943-12-31T24_BRANCH_B_v005.json
7992	╬ª┬┐├¬╧ä┬½├╣┬╡ΓîÉ╞Æ╧ä├▓Γûæ╬ª├╝Γéº_BRANCH_B_v049_FULL_HANDOFF_1944-08-04T24_2026-09-04/02_ORIGINAL_EXTRACTED_TREE/╬ª┬┐├¬╧ä┬½├╣┬╡ΓîÉ╞Æ╧ä├▓Γûæ╬ª├╝Γéº_BRANCH_B_v048_REAUDIT_FULL_RESUME_1944-02-20T24_2026-08-31/05_WARTIME/CHECKPOINT_1943-12-31T24_BRANCH_B_v006.json
7060	╬ª┬┐├¬╧ä┬½├╣┬╡ΓîÉ╞Æ╧ä├▓Γûæ╬ª├╝Γéº_BRANCH_B_v049_FULL_HANDOFF_1944-08-04T24_2026-09-04/02_ORIGINAL_EXTRACTED_TREE/╬ª┬┐├¬╧ä┬½├╣┬╡ΓîÉ╞Æ╧ä├▓Γûæ╬ª├╝Γéº_BRANCH_B_v048_REAUDIT_FULL_RESUME_1944-02-20T24_2026-08-31/05_WARTIME/CHECKPOINT_1944-04-30T24_v001.json
7755	╬ª┬┐├¬╧ä┬½├╣┬╡ΓîÉ╞Æ╧ä├▓Γûæ╬ª├╝Γéº_BRANCH_B_v049_FULL_HANDOFF_1944-08-04T24_2026-09-04/02_ORIGINAL_EXTRACTED_TREE/╬ª┬┐├¬╧ä┬½├╣┬╡ΓîÉ╞Æ╧ä├▓Γûæ╬ª├╝Γéº_BRANCH_B_v048_REAUDIT_FULL_RESUME_1944-02-20T24_2026-08-31/05_WARTIME/CHECKPOINT_1944-04-30T24_v002.json
8106	╬ª┬┐├¬╧ä┬½├╣┬╡ΓîÉ╞Æ╧ä├▓Γûæ╬ª├╝Γéº_BRANCH_B_v049_FULL_HANDOFF_1944-08-04T24_2026-09-04/02_ORIGINAL_EXTRACTED_TREE/╬ª┬┐├¬╧ä┬½├╣┬╡ΓîÉ╞Æ╧ä├▓Γûæ╬ª├╝Γéº_BRANCH_B_v048_REAUDIT_FULL_RESUME_1944-02-20T24_2026-08-31/05_WARTIME/CHECKPOINT_1944-04-30T24_v003.json
8416	╬ª┬┐├¬╧ä┬½├╣┬╡ΓîÉ╞Æ╧ä├▓Γûæ╬ª├╝Γéº_BRANCH_B_v049_FULL_HANDOFF_1944-08-04T24_2026-09-04/02_ORIGINAL_EXTRACTED_TREE/╬ª┬┐├¬╧ä┬½├╣┬╡ΓîÉ╞Æ╧ä├▓Γûæ╬ª├╝Γéº_BRANCH_B_v048_REAUDIT_FULL_RESUME_1944-02-20T24_2026-08-31/05_WARTIME/CHECKPOINT_1944-04-30T24_v004.json
2792	╬ª┬┐├¬╧ä┬½├╣┬╡ΓîÉ╞Æ╧ä├▓Γûæ╬ª├╝Γéº_BRANCH_B_v049_FULL_HANDOFF_1944-08-04T24_2026-09-04/02_ORIGINAL_EXTRACTED_TREE/╬ª┬┐├¬╧ä┬½├╣┬╡ΓîÉ╞Æ╧ä├▓Γûæ╬ª├╝Γéº_BRANCH_B_v048_REAUDIT_FULL_RESUME_1944-02-20T24_2026-08-31/05_WARTIME/CHECKPOINT_GRAPH_v001.json
3612	╬ª┬┐├¬╧ä┬½├╣┬╡ΓîÉ╞Æ╧ä├▓Γûæ╬ª├╝Γéº_BRANCH_B_v049_FULL_HANDOFF_1944-08-04T24_2026-09-04/02_ORIGINAL_EXTRACTED_TREE/╬ª┬┐├¬╧ä┬½├╣┬╡ΓîÉ╞Æ╧ä├▓Γûæ╬ª├╝Γéº_BRANCH_B_v048_REAUDIT_FULL_RESUME_1944-02-20T24_2026-08-31/05_WARTIME/CHECKPOINT_GRAPH_v002.json
5170	╬ª┬┐├¬╧ä┬½├╣┬╡ΓîÉ╞Æ╧ä├▓Γûæ╬ª├╝Γéº_BRANCH_B_v049_FULL_HANDOFF_1944-08-04T24_2026-09-04/02_ORIGINAL_EXTRACTED_TREE/╬ª┬┐├¬╧ä┬½├╣┬╡ΓîÉ╞Æ╧ä├▓Γûæ╬ª├╝Γéº_BRANCH_B_v048_REAUDIT_FULL_RESUME_1944-02-20T24_2026-08-31/05_WARTIME/CHECKPOINT_GRAPH_v003.json
5857	╬ª┬┐├¬╧ä┬½├╣┬╡ΓîÉ╞Æ╧ä├▓Γûæ╬ª├╝Γéº_BRANCH_B_v049_FULL_HANDOFF_1944-08-04T24_2026-09-04/02_ORIGINAL_EXTRACTED_TREE/╬ª┬┐├¬╧ä┬½├╣┬╡ΓîÉ╞Æ╧ä├▓Γûæ╬ª├╝Γéº_BRANCH_B_v048_REAUDIT_FULL_RESUME_1944-02-20T24_2026-08-31/05_WARTIME/CHECKPOINT_GRAPH_v004.json
7535	╬ª┬┐├¬╧ä┬½├╣┬╡ΓîÉ╞Æ╧ä├▓Γûæ╬ª├╝Γéº_BRANCH_B_v049_FULL_HANDOFF_1944-08-04T24_2026-09-04/02_ORIGINAL_EXTRACTED_TREE/╬ª┬┐├¬╧ä┬½├╣┬╡ΓîÉ╞Æ╧ä├▓Γûæ╬ª├╝Γéº_BRANCH_B_v048_REAUDIT_FULL_RESUME_1944-02-20T24_2026-08-31/05_WARTIME/CHECKPOINT_GRAPH_v005.json
8057	╬ª┬┐├¬╧ä┬½├╣┬╡ΓîÉ╞Æ╧ä├▓Γûæ╬ª├╝Γéº_BRANCH_B_v049_FULL_HANDOFF_1944-08-04T24_2026-09-04/02_ORIGINAL_EXTRACTED_TREE/╬ª┬┐├¬╧ä┬½├╣┬╡ΓîÉ╞Æ╧ä├▓Γûæ╬ª├╝Γéº_BRANCH_B_v048_REAUDIT_FULL_RESUME_1944-02-20T24_2026-08-31/05_WARTIME/CHECKPOINT_GRAPH_v006.json
8471	╬ª┬┐├¬╧ä┬½├╣┬╡ΓîÉ╞Æ╧ä├▓Γûæ╬ª├╝Γéº_BRANCH_B_v049_FULL_HANDOFF_1944-08-04T24_2026-09-04/02_ORIGINAL_EXTRACTED_TREE/╬ª┬┐├¬╧ä┬½├╣┬╡ΓîÉ╞Æ╧ä├▓Γûæ╬ª├╝Γéº_BRANCH_B_v048_REAUDIT_FULL_RESUME_1944-02-20T24_2026-08-31/05_WARTIME/CHECKPOINT_GRAPH_v007.json
9011	╬ª┬┐├¬╧ä┬½├╣┬╡ΓîÉ╞Æ╧ä├▓Γûæ╬ª├╝Γéº_BRANCH_B_v049_FULL_HANDOFF_1944-08-04T24_2026-09-04/02_ORIGINAL_EXTRACTED_TREE/╬ª┬┐├¬╧ä┬½├╣┬╡ΓîÉ╞Æ╧ä├▓Γûæ╬ª├╝Γéº_BRANCH_B_v048_REAUDIT_FULL_RESUME_1944-02-20T24_2026-08-31/05_WARTIME/CHECKPOINT_GRAPH_v008.json
9653	╬ª┬┐├¬╧ä┬½├╣┬╡ΓîÉ╞Æ╧ä├▓Γûæ╬ª├╝Γéº_BRANCH_B_v049_FULL_HANDOFF_1944-08-04T24_2026-09-04/02_ORIGINAL_EXTRACTED_TREE/╬ª┬┐├¬╧ä┬½├╣┬╡ΓîÉ╞Æ╧ä├▓Γûæ╬ª├╝Γéº_BRANCH_B_v048_REAUDIT_FULL_RESUME_1944-02-20T24_2026-08-31/05_WARTIME/CHECKPOINT_GRAPH_v009.json
10488	╬ª┬┐├¬╧ä┬½├╣┬╡ΓîÉ╞Æ╧ä├▓Γûæ╬ª├╝Γéº_BRANCH_B_v049_FULL_HANDOFF_1944-08-04T24_2026-09-04/02_ORIGINAL_EXTRACTED_TREE/╬ª┬┐├¬╧ä┬½├╣┬╡ΓîÉ╞Æ╧ä├▓Γûæ╬ª├╝Γéº_BRANCH_B_v048_REAUDIT_FULL_RESUME_1944-02-20T24_2026-08-31/05_WARTIME/CHECKPOINT_GRAPH_v010.json
11009	╬ª┬┐├¬╧ä┬½├╣┬╡ΓîÉ╞Æ╧ä├▓Γûæ╬ª├╝Γéº_BRANCH_B_v049_FULL_HANDOFF_1944-08-04T24_2026-09-04/02_ORIGINAL_EXTRACTED_TREE/╬ª┬┐├¬╧ä┬½├╣┬╡ΓîÉ╞Æ╧ä├▓Γûæ╬ª├╝Γéº_BRANCH_B_v048_REAUDIT_FULL_RESUME_1944-02-20T24_2026-08-31/05_WARTIME/CHECKPOINT_GRAPH_v011.json
11640	╬ª┬┐├¬╧ä┬½├╣┬╡ΓîÉ╞Æ╧ä├▓Γûæ╬ª├╝Γéº_BRANCH_B_v049_FULL_HANDOFF_1944-08-04T24_2026-09-04/02_ORIGINAL_EXTRACTED_TREE/╬ª┬┐├¬╧ä┬½├╣┬╡ΓîÉ╞Æ╧ä├▓Γûæ╬ª├╝Γéº_BRANCH_B_v048_REAUDIT_FULL_RESUME_1944-02-20T24_2026-08-31/05_WARTIME/CHECKPOINT_GRAPH_v012.json
12469	╬ª┬┐├¬╧ä┬½├╣┬╡ΓîÉ╞Æ╧ä├▓Γûæ╬ª├╝Γéº_BRANCH_B_v049_FULL_HANDOFF_1944-08-04T24_2026-09-04/02_ORIGINAL_EXTRACTED_TREE/╬ª┬┐├¬╧ä┬½├╣┬╡ΓîÉ╞Æ╧ä├▓Γûæ╬ª├╝Γéº_BRANCH_B_v048_REAUDIT_FULL_RESUME_1944-02-20T24_2026-08-31/05_WARTIME/CHECKPOINT_GRAPH_v013.json
13056	╬ª┬┐├¬╧ä┬½├╣┬╡ΓîÉ╞Æ╧ä├▓Γûæ╬ª├╝Γéº_BRANCH_B_v049_FULL_HANDOFF_1944-08-04T24_2026-09-04/02_ORIGINAL_EXTRACTED_TREE/╬ª┬┐├¬╧ä┬½├╣┬╡ΓîÉ╞Æ╧ä├▓Γûæ╬ª├╝Γéº_BRANCH_B_v048_REAUDIT_FULL_RESUME_1944-02-20T24_2026-08-31/05_WARTIME/CHECKPOINT_GRAPH_v014.json
14449	╬ª┬┐├¬╧ä┬½├╣┬╡ΓîÉ╞Æ╧ä├▓Γûæ╬ª├╝Γéº_BRANCH_B_v049_FULL_HANDOFF_1944-08-04T24_2026-09-04/02_ORIGINAL_EXTRACTED_TREE/╬ª┬┐├¬╧ä┬½├╣┬╡ΓîÉ╞Æ╧ä├▓Γûæ╬ª├╝Γéº_BRANCH_B_v048_REAUDIT_FULL_RESUME_1944-02-20T24_2026-08-31/05_WARTIME/CHECKPOINT_GRAPH_v015.json
15008	╬ª┬┐├¬╧ä┬½├╣┬╡ΓîÉ╞Æ╧ä├▓Γûæ╬ª├╝Γéº_BRANCH_B_v049_FULL_HANDOFF_1944-08-04T24_2026-09-04/02_ORIGINAL_EXTRACTED_TREE/╬ª┬┐├¬╧ä┬½├╣┬╡ΓîÉ╞Æ╧ä├▓Γûæ╬ª├╝Γéº_BRANCH_B_v048_REAUDIT_FULL_RESUME_1944-02-20T24_2026-08-31/05_WARTIME/CHECKPOINT_GRAPH_v016.json
15622	╬ª┬┐├¬╧ä┬½├╣┬╡ΓîÉ╞Æ╧ä├▓Γûæ╬ª├╝Γéº_BRANCH_B_v049_FULL_HANDOFF_1944-08-04T24_2026-09-04/02_ORIGINAL_EXTRACTED_TREE/╬ª┬┐├¬╧ä┬½├╣┬╡ΓîÉ╞Æ╧ä├▓Γûæ╬ª├╝Γéº_BRANCH_B_v048_REAUDIT_FULL_RESUME_1944-02-20T24_2026-08-31/05_WARTIME/CHECKPOINT_GRAPH_v017.json
16354	╬ª┬┐├¬╧ä┬½├╣┬╡ΓîÉ╞Æ╧ä├▓Γûæ╬ª├╝Γéº_BRANCH_B_v049_FULL_HANDOFF_1944-08-04T24_2026-09-04/02_ORIGINAL_EXTRACTED_TREE/╬ª┬┐├¬╧ä┬½├╣┬╡ΓîÉ╞Æ╧ä├▓Γûæ╬ª├╝Γéº_BRANCH_B_v048_REAUDIT_FULL_RESUME_1944-02-20T24_2026-08-31/05_WARTIME/CHECKPOINT_GRAPH_v018.json
17180	╬ª┬┐├¬╧ä┬½├╣┬╡ΓîÉ╞Æ╧ä├▓Γûæ╬ª├╝Γéº_BRANCH_B_v049_FULL_HANDOFF_1944-08-04T24_2026-09-04/02_ORIGINAL_EXTRACTED_TREE/╬ª┬┐├¬╧ä┬½├╣┬╡ΓîÉ╞Æ╧ä├▓Γûæ╬ª├╝Γéº_BRANCH_B_v048_REAUDIT_FULL_RESUME_1944-02-20T24_2026-08-31/05_WARTIME/CHECKPOINT_GRAPH_v019.json
4532	╬ª┬┐├¬╧ä┬½├╣┬╡ΓîÉ╞Æ╧ä├▓Γûæ╬ª├╝Γéº_BRANCH_B_v049_FULL_HANDOFF_1944-08-04T24_2026-09-04/02_ORIGINAL_EXTRACTED_TREE/╬ª┬┐├¬╧ä┬½├╣┬╡ΓîÉ╞Æ╧ä├▓Γûæ╬ª├╝Γéº_BRANCH_B_v048_REAUDIT_FULL_RESUME_1944-02-20T24_2026-08-31/05_WARTIME/CHECKPOINT_INDEX_v001.json
1175	╬ª┬┐├¬╧ä┬½├╣┬╡ΓîÉ╞Æ╧ä├▓Γûæ╬ª├╝Γéº_BRANCH_B_v049_FULL_HANDOFF_1944-08-04T24_2026-09-04/02_ORIGINAL_EXTRACTED_TREE/╬ª┬┐├¬╧ä┬½├╣┬╡ΓîÉ╞Æ╧ä├▓Γûæ╬ª├╝Γéº_BRANCH_B_v048_REAUDIT_FULL_RESUME_1944-02-20T24_2026-08-31/05_WARTIME/CHECKPOINT_INDEX_v002.json
511	╬ª┬┐├¬╧ä┬½├╣┬╡ΓîÉ╞Æ╧ä├▓Γûæ╬ª├╝Γéº_BRANCH_B_v049_FULL_HANDOFF_1944-08-04T24_2026-09-04/02_ORIGINAL_EXTRACTED_TREE/╬ª┬┐├¬╧ä┬½├╣┬╡ΓîÉ╞Æ╧ä├▓Γûæ╬ª├╝Γéº_BRANCH_B_v048_REAUDIT_FULL_RESUME_1944-02-20T24_2026-08-31/05_WARTIME/CHECKPOINT_INDEX_v003.json
672	╬ª┬┐├¬╧ä┬½├╣┬╡ΓîÉ╞Æ╧ä├▓Γûæ╬ª├╝Γéº_BRANCH_B_v049_FULL_HANDOFF_1944-08-04T24_2026-09-04/02_ORIGINAL_EXTRACTED_TREE/╬ª┬┐├¬╧ä┬½├╣┬╡ΓîÉ╞Æ╧ä├▓Γûæ╬ª├╝Γéº_BRANCH_B_v048_REAUDIT_FULL_RESUME_1944-02-20T24_2026-08-31/05_WARTIME/CHECKPOINT_INDEX_v004.json
762	╬ª┬┐├¬╧ä┬½├╣┬╡ΓîÉ╞Æ╧ä├▓Γûæ╬ª├╝Γéº_BRANCH_B_v049_FULL_HANDOFF_1944-08-04T24_2026-09-04/02_ORIGINAL_EXTRACTED_TREE/╬ª┬┐├¬╧ä┬½├╣┬╡ΓîÉ╞Æ╧ä├▓Γûæ╬ª├╝Γéº_BRANCH_B_v048_REAUDIT_FULL_RESUME_1944-02-20T24_2026-08-31/05_WARTIME/CHECKPOINT_INDEX_v005.json
961	╬ª┬┐├¬╧ä┬½├╣┬╡ΓîÉ╞Æ╧ä├▓Γûæ╬ª├╝Γéº_BRANCH_B_v049_FULL_HANDOFF_1944-08-04T24_2026-09-04/02_ORIGINAL_EXTRACTED_TREE/╬ª┬┐├¬╧ä┬½├╣┬╡ΓîÉ╞Æ╧ä├▓Γûæ╬ª├╝Γéº_BRANCH_B_v048_REAUDIT_FULL_RESUME_1944-02-20T24_2026-08-31/05_WARTIME/CHECKPOINT_INDEX_v006.json
1018	╬ª┬┐├¬╧ä┬½├╣┬╡ΓîÉ╞Æ╧ä├▓Γûæ╬ª├╝Γéº_BRANCH_B_v049_FULL_HANDOFF_1944-08-04T24_2026-09-04/02_ORIGINAL_EXTRACTED_TREE/╬ª┬┐├¬╧ä┬½├╣┬╡ΓîÉ╞Æ╧ä├▓Γûæ╬ª├╝Γéº_BRANCH_B_v048_REAUDIT_FULL_RESUME_1944-02-20T24_2026-08-31/05_WARTIME/CHECKPOINT_INDEX_v007.json
1011	╬ª┬┐├¬╧ä┬½├╣┬╡ΓîÉ╞Æ╧ä├▓Γûæ╬ª├╝Γéº_BRANCH_B_v049_FULL_HANDOFF_1944-08-04T24_2026-09-04/02_ORIGINAL_EXTRACTED_TREE/╬ª┬┐├¬╧ä┬½├╣┬╡ΓîÉ╞Æ╧ä├▓Γûæ╬ª├╝Γéº_BRANCH_B_v048_REAUDIT_FULL_RESUME_1944-02-20T24_2026-08-31/05_WARTIME/CHECKPOINT_INDEX_v008.json
1035	╬ª┬┐├¬╧ä┬½├╣┬╡ΓîÉ╞Æ╧ä├▓Γûæ╬ª├╝Γéº_BRANCH_B_v049_FULL_HANDOFF_1944-08-04T24_2026-09-04/02_ORIGINAL_EXTRACTED_TREE/╬ª┬┐├¬╧ä┬½├╣┬╡ΓîÉ╞Æ╧ä├▓Γûæ╬ª├╝Γéº_BRANCH_B_v048_REAUDIT_FULL_RESUME_1944-02-20T24_2026-08-31/05_WARTIME/CHECKPOINT_INDEX_v009.json
1106	╬ª┬┐├¬╧ä┬½├╣┬╡ΓîÉ╞Æ╧ä├▓Γûæ╬ª├╝Γéº_BRANCH_B_v049_FULL_HANDOFF_1944-08-04T24_2026-09-04/02_ORIGINAL_EXTRACTED_TREE/╬ª┬┐├¬╧ä┬½├╣┬╡ΓîÉ╞Æ╧ä├▓Γûæ╬ª├╝Γéº_BRANCH_B_v048_REAUDIT_FULL_RESUME_1944-02-20T24_2026-08-31/05_WARTIME/CHECKPOINT_INDEX_v010.json
918	╬ª┬┐├¬╧ä┬½├╣┬╡ΓîÉ╞Æ╧ä├▓Γûæ╬ª├╝Γéº_BRANCH_B_v049_FULL_HANDOFF_1944-08-04T24_2026-09-04/02_ORIGINAL_EXTRACTED_TREE/╬ª┬┐├¬╧ä┬½├╣┬╡ΓîÉ╞Æ╧ä├▓Γûæ╬ª├╝Γéº_BRANCH_B_v048_REAUDIT_FULL_RESUME_1944-02-20T24_2026-08-31/05_WARTIME/CHECKPOINT_INDEX_v011.json
941	╬ª┬┐├¬╧ä┬½├╣┬╡ΓîÉ╞Æ╧ä├▓Γûæ╬ª├╝Γéº_BRANCH_B_v049_FULL_HANDOFF_1944-08-04T24_2026-09-04/02_ORIGINAL_EXTRACTED_TREE/╬ª┬┐├¬╧ä┬½├╣┬╡ΓîÉ╞Æ╧ä├▓Γûæ╬ª├╝Γéº_BRANCH_B_v048_REAUDIT_FULL_RESUME_1944-02-20T24_2026-08-31/05_WARTIME/CHECKPOINT_INDEX_v012.json
998	╬ª┬┐├¬╧ä┬½├╣┬╡ΓîÉ╞Æ╧ä├▓Γûæ╬ª├╝Γéº_BRANCH_B_v049_FULL_HANDOFF_1944-08-04T24_2026-09-04/02_ORIGINAL_EXTRACTED_TREE/╬ª┬┐├¬╧ä┬½├╣┬╡ΓîÉ╞Æ╧ä├▓Γûæ╬ª├╝Γéº_BRANCH_B_v048_REAUDIT_FULL_RESUME_1944-02-20T24_2026-08-31/05_WARTIME/CHECKPOINT_INDEX_v013.json
1150	╬ª┬┐├¬╧ä┬½├╣┬╡ΓîÉ╞Æ╧ä├▓Γûæ╬ª├╝Γéº_BRANCH_B_v049_FULL_HANDOFF_1944-08-04T24_2026-09-04/02_ORIGINAL_EXTRACTED_TREE/╬ª┬┐├¬╧ä┬½├╣┬╡ΓîÉ╞Æ╧ä├▓Γûæ╬ª├╝Γéº_BRANCH_B_v048_REAUDIT_FULL_RESUME_1944-02-20T24_2026-08-31/05_WARTIME/CHECKPOINT_INDEX_v014.json
1026	╬ª┬┐├¬╧ä┬½├╣┬╡ΓîÉ╞Æ╧ä├▓Γûæ╬ª├╝Γéº_BRANCH_B_v049_FULL_HANDOFF_1944-08-04T24_2026-09-04/02_ORIGINAL_EXTRACTED_TREE/╬ª┬┐├¬╧ä┬½├╣┬╡ΓîÉ╞Æ╧ä├▓Γûæ╬ª├╝Γéº_BRANCH_B_v048_REAUDIT_FULL_RESUME_1944-02-20T24_2026-08-31/05_WARTIME/CHECKPOINT_INDEX_v015.json
1379	╬ª┬┐├¬╧ä┬½├╣┬╡ΓîÉ╞Æ╧ä├▓Γûæ╬ª├╝Γéº_BRANCH_B_v049_FULL_HANDOFF_1944-08-04T24_2026-09-04/02_ORIGINAL_EXTRACTED_TREE/╬ª┬┐├¬╧ä┬½├╣┬╡ΓîÉ╞Æ╧ä├▓Γûæ╬ª├╝Γéº_BRANCH_B_v048_REAUDIT_FULL_RESUME_1944-02-20T24_2026-08-31/05_WARTIME/CHECKPOINT_INDEX_v016.json
1183	╬ª┬┐├¬╧ä┬½├╣┬╡ΓîÉ╞Æ╧ä├▓Γûæ╬ª├╝Γéº_BRANCH_B_v049_FULL_HANDOFF_1944-08-04T24_2026-09-04/02_ORIGINAL_EXTRACTED_TREE/╬ª┬┐├¬╧ä┬½├╣┬╡ΓîÉ╞Æ╧ä├▓Γûæ╬ª├╝Γéº_BRANCH_B_v048_REAUDIT_FULL_RESUME_1944-02-20T24_2026-08-31/05_WARTIME/CHECKPOINT_INDEX_v017.json
1063	╬ª┬┐├¬╧ä┬½├╣┬╡ΓîÉ╞Æ╧ä├▓Γûæ╬ª├╝Γéº_BRANCH_B_v049_FULL_HANDOFF_1944-08-04T24_2026-09-04/02_ORIGINAL_EXTRACTED_TREE/╬ª┬┐├¬╧ä┬½├╣┬╡ΓîÉ╞Æ╧ä├▓Γûæ╬ª├╝Γéº_BRANCH_B_v048_REAUDIT_FULL_RESUME_1944-02-20T24_2026-08-31/05_WARTIME/CHECKPOINT_INDEX_v018.json
1087	╬ª┬┐├¬╧ä┬½├╣┬╡ΓîÉ╞Æ╧ä├▓Γûæ╬ª├╝Γéº_BRANCH_B_v049_FULL_HANDOFF_1944-08-04T24_2026-09-04/02_ORIGINAL_EXTRACTED_TREE/╬ª┬┐├¬╧ä┬½├╣┬╡ΓîÉ╞Æ╧ä├▓Γûæ╬ª├╝Γéº_BRANCH_B_v048_REAUDIT_FULL_RESUME_1944-02-20T24_2026-08-31/05_WARTIME/CHECKPOINT_INDEX_v019.json
1126	╬ª┬┐├¬╧ä┬½├╣┬╡ΓîÉ╞Æ╧ä├▓Γûæ╬ª├╝Γéº_BRANCH_B_v049_FULL_HANDOFF_1944-08-04T24_2026-09-04/02_ORIGINAL_EXTRACTED_TREE/╬ª┬┐├¬╧ä┬½├╣┬╡ΓîÉ╞Æ╧ä├▓Γûæ╬ª├╝Γéº_BRANCH_B_v048_REAUDIT_FULL_RESUME_1944-02-20T24_2026-08-31/05_WARTIME/CHECKPOINT_INDEX_v020.json
630	╬ª┬┐├¬╧ä┬½├╣┬╡ΓîÉ╞Æ╧ä├▓Γûæ╬ª├╝Γéº_BRANCH_B_v049_FULL_HANDOFF_1944-08-04T24_2026-09-04/02_ORIGINAL_EXTRACTED_TREE/╬ª┬┐├¬╧ä┬½├╣┬╡ΓîÉ╞Æ╧ä├▓Γûæ╬ª├╝Γéº_BRANCH_B_v048_REAUDIT_FULL_RESUME_1944-02-20T24_2026-08-31/05_WARTIME/CHECKPOINT_SCHEMA_v001.json
2265	╬ª┬┐├¬╧ä┬½├╣┬╡ΓîÉ╞Æ╧ä├▓Γûæ╬ª├╝Γéº_BRANCH_B_v049_FULL_HANDOFF_1944-08-04T24_2026-09-04/02_ORIGINAL_EXTRACTED_TREE/╬ª┬┐├¬╧ä┬½├╣┬╡ΓîÉ╞Æ╧ä├▓Γûæ╬ª├╝Γéº_BRANCH_B_v048_REAUDIT_FULL_RESUME_1944-02-20T24_2026-08-31/05_WARTIME/RULE_DEPENDENCY_MAP_v001.json
4230	╬ª┬┐├¬╧ä┬½├╣┬╡ΓîÉ╞Æ╧ä├▓Γûæ╬ª├╝Γéº_BRANCH_B_v049_FULL_HANDOFF_1944-08-04T24_2026-09-04/02_ORIGINAL_EXTRACTED_TREE/╬ª┬┐├¬╧ä┬½├╣┬╡ΓîÉ╞Æ╧ä├▓Γûæ╬ª├╝Γéº_BRANCH_B_v048_REAUDIT_FULL_RESUME_1944-02-20T24_2026-08-31/05_WARTIME/RULE_DEPENDENCY_MAP_v002.json
21252	╬ª┬┐├¬╧ä┬½├╣┬╡ΓîÉ╞Æ╧ä├▓Γûæ╬ª├╝Γéº_BRANCH_B_v049_FULL_HANDOFF_1944-08-04T24_2026-09-04/02_ORIGINAL_EXTRACTED_TREE/╬ª┬┐├¬╧ä┬½├╣┬╡ΓîÉ╞Æ╧ä├▓Γûæ╬ª├╝Γéº_BRANCH_B_v048_REAUDIT_FULL_RESUME_1944-02-20T24_2026-08-31/06_RUNTIME/1942H2_STRATEGIC_SETTLEMENT_v001.md
14532	╬ª┬┐├¬╧ä┬½├╣┬╡ΓîÉ╞Æ╧ä├▓Γûæ╬ª├╝Γéº_BRANCH_B_v049_FULL_HANDOFF_1944-08-04T24_2026-09-04/02_ORIGINAL_EXTRACTED_TREE/╬ª┬┐├¬╧ä┬½├╣┬╡ΓîÉ╞Æ╧ä├▓Γûæ╬ª├╝Γéº_BRANCH_B_v048_REAUDIT_FULL_RESUME_1944-02-20T24_2026-08-31/06_RUNTIME/1942Q2_OPERATION_C_MO_MI_REAUDIT_SETTLEMENT_v001.md
2475	╬ª┬┐├¬╧ä┬½├╣┬╡ΓîÉ╞Æ╧ä├▓Γûæ╬ª├╝Γéº_BRANCH_B_v049_FULL_HANDOFF_1944-08-04T24_2026-09-04/02_ORIGINAL_EXTRACTED_TREE/╬ª┬┐├¬╧ä┬½├╣┬╡ΓîÉ╞Æ╧ä├▓Γûæ╬ª├╝Γéº_BRANCH_B_v048_REAUDIT_FULL_RESUME_1944-02-20T24_2026-08-31/06_RUNTIME/1943_1944Q1_STRATEGIC_SETTLEMENT_v001.md
9289	╬ª┬┐├¬╧ä┬½├╣┬╡ΓîÉ╞Æ╧ä├▓Γûæ╬ª├╝Γéº_BRANCH_B_v049_FULL_HANDOFF_1944-08-04T24_2026-09-04/02_ORIGINAL_EXTRACTED_TREE/╬ª┬┐├¬╧ä┬½├╣┬╡ΓîÉ╞Æ╧ä├▓Γûæ╬ª├╝Γéº_BRANCH_B_v048_REAUDIT_FULL_RESUME_1944-02-20T24_2026-08-31/06_RUNTIME/1944SUMMER_JAPAN_US_FORCE_REGENERATION_WORKING_LEDGER_v001.md
10454	╬ª┬┐├¬╧ä┬½├╣┬╡ΓîÉ╞Æ╧ä├▓Γûæ╬ª├╝Γéº_BRANCH_B_v049_FULL_HANDOFF_1944-08-04T24_2026-09-04/02_ORIGINAL_EXTRACTED_TREE/╬ª┬┐├¬╧ä┬½├╣┬╡ΓîÉ╞Æ╧ä├▓Γûæ╬ª├╝Γéº_BRANCH_B_v048_REAUDIT_FULL_RESUME_1944-02-20T24_2026-08-31/06_RUNTIME/1944SUMMER_JAPAN_US_FORCE_REGENERATION_WORKING_LEDGER_v002.md
3573	╬ª┬┐├¬╧ä┬½├╣┬╡ΓîÉ╞Æ╧ä├▓Γûæ╬ª├╝Γéº_BRANCH_B_v049_FULL_HANDOFF_1944-08-04T24_2026-09-04/02_ORIGINAL_EXTRACTED_TREE/╬ª┬┐├¬╧ä┬½├╣┬╡ΓîÉ╞Æ╧ä├▓Γûæ╬ª├╝Γéº_BRANCH_B_v048_REAUDIT_FULL_RESUME_1944-02-20T24_2026-08-31/06_RUNTIME/AIRCRAFT_FIELDING_LEDGER_1943-10-01_v001.json
4698	╬ª┬┐├¬╧ä┬½├╣┬╡ΓîÉ╞Æ╧ä├▓Γûæ╬ª├╝Γéº_BRANCH_B_v049_FULL_HANDOFF_1944-08-04T24_2026-09-04/02_ORIGINAL_EXTRACTED_TREE/╬ª┬┐├¬╧ä┬½├╣┬╡ΓîÉ╞Æ╧ä├▓Γûæ╬ª├╝Γéº_BRANCH_B_v048_REAUDIT_FULL_RESUME_1944-02-20T24_2026-08-31/06_RUNTIME/AIRCRAFT_FIELDING_LEDGER_1943-10-01_v002.json
4776	╬ª┬┐├¬╧ä┬½├╣┬╡ΓîÉ╞Æ╧ä├▓Γûæ╬ª├╝Γéº_BRANCH_B_v049_FULL_HANDOFF_1944-08-04T24_2026-09-04/02_ORIGINAL_EXTRACTED_TREE/╬ª┬┐├¬╧ä┬½├╣┬╡ΓîÉ╞Æ╧ä├▓Γûæ╬ª├╝Γéº_BRANCH_B_v048_REAUDIT_FULL_RESUME_1944-02-20T24_2026-08-31/06_RUNTIME/AIRCRAFT_FIELDING_LEDGER_1943-10-01_v003.json
3273	╬ª┬┐├¬╧ä┬½├╣┬╡ΓîÉ╞Æ╧ä├▓Γûæ╬ª├╝Γéº_BRANCH_B_v049_FULL_HANDOFF_1944-08-04T24_2026-09-04/02_ORIGINAL_EXTRACTED_TREE/╬ª┬┐├¬╧ä┬½├╣┬╡ΓîÉ╞Æ╧ä├▓Γûæ╬ª├╝Γéº_BRANCH_B_v048_REAUDIT_FULL_RESUME_1944-02-20T24_2026-08-31/06_RUNTIME/AIR_COMBAT_RESEARCH_1944SPRING_v001.md
4690	╬ª┬┐├¬╧ä┬½├╣┬╡ΓîÉ╞Æ╧ä├▓Γûæ╬ª├╝Γéº_BRANCH_B_v049_FULL_HANDOFF_1944-08-04T24_2026-09-04/02_ORIGINAL_EXTRACTED_TREE/╬ª┬┐├¬╧ä┬½├╣┬╡ΓîÉ╞Æ╧ä├▓Γûæ╬ª├╝Γéº_BRANCH_B_v048_REAUDIT_FULL_RESUME_1944-02-20T24_2026-08-31/06_RUNTIME/AIR_DEFENSE_EXCHANGE_TRANSITION_POST_GALVANIC_1943-11_1944-01_WORKING_v001.json
5743	╬ª┬┐├¬╧ä┬½├╣┬╡ΓîÉ╞Æ╧ä├▓Γûæ╬ª├╝Γéº_BRANCH_B_v049_FULL_HANDOFF_1944-08-04T24_2026-09-04/02_ORIGINAL_EXTRACTED_TREE/╬ª┬┐├¬╧ä┬½├╣┬╡ΓîÉ╞Æ╧ä├▓Γûæ╬ª├╝Γéº_BRANCH_B_v048_REAUDIT_FULL_RESUME_1944-02-20T24_2026-08-31/06_RUNTIME/ALEUTIANS_ATTU_KISKA_REAUDIT_1943-03_07_SETTLEMENT_v001.md
5410	╬ª┬┐├¬╧ä┬½├╣┬╡ΓîÉ╞Æ╧ä├▓Γûæ╬ª├╝Γéº_BRANCH_B_v049_FULL_HANDOFF_1944-08-04T24_2026-09-04/02_ORIGINAL_EXTRACTED_TREE/╬ª┬┐├¬╧ä┬½├╣┬╡ΓîÉ╞Æ╧ä├▓Γûæ╬ª├╝Γéº_BRANCH_B_v048_REAUDIT_FULL_RESUME_1944-02-20T24_2026-08-31/06_RUNTIME/ALLIED_DEATH_TALLY_RETROACTIVE_LAND_HARDWARE_RESERVATION_1941_1944_WORKING_v001.json
7336	╬ª┬┐├¬╧ä┬½├╣┬╡ΓîÉ╞Æ╧ä├▓Γûæ╬ª├╝Γéº_BRANCH_B_v049_FULL_HANDOFF_1944-08-04T24_2026-09-04/02_ORIGINAL_EXTRACTED_TREE/╬ª┬┐├¬╧ä┬½├╣┬╡ΓîÉ╞Æ╧ä├▓Γûæ╬ª├╝Γéº_BRANCH_B_v048_REAUDIT_FULL_RESUME_1944-02-20T24_2026-08-31/06_RUNTIME/ALLIED_DEATH_TALLY_RETROACTIVE_LAND_HARDWARE_RESERVATION_1941_1944_WORKING_v002.json
8839	╬ª┬┐├¬╧ä┬½├╣┬╡ΓîÉ╞Æ╧ä├▓Γûæ╬ª├╝Γéº_BRANCH_B_v049_FULL_HANDOFF_1944-08-04T24_2026-09-04/02_ORIGINAL_EXTRACTED_TREE/╬ª┬┐├¬╧ä┬½├╣┬╡ΓîÉ╞Æ╧ä├▓Γûæ╬ª├╝Γéº_BRANCH_B_v048_REAUDIT_FULL_RESUME_1944-02-20T24_2026-08-31/06_RUNTIME/ALLIED_DEATH_TALLY_RETROACTIVE_LAND_HARDWARE_RESERVATION_1941_1944_WORKING_v003.json
4678	╬ª┬┐├¬╧ä┬½├╣┬╡ΓîÉ╞Æ╧ä├▓Γûæ╬ª├╝Γéº_BRANCH_B_v049_FULL_HANDOFF_1944-08-04T24_2026-09-04/02_ORIGINAL_EXTRACTED_TREE/╬ª┬┐├¬╧ä┬½├╣┬╡ΓîÉ╞Æ╧ä├▓Γûæ╬ª├╝Γéº_BRANCH_B_v048_REAUDIT_FULL_RESUME_1944-02-20T24_2026-08-31/06_RUNTIME/ALLIED_LOGISTICS_FLEET_AXIS_EFFECTS_1942H2_v001.md
6739	╬ª┬┐├¬╧ä┬½├╣┬╡ΓîÉ╞Æ╧ä├▓Γûæ╬ª├╝Γéº_BRANCH_B_v049_FULL_HANDOFF_1944-08-04T24_2026-09-04/02_ORIGINAL_EXTRACTED_TREE/╬ª┬┐├¬╧ä┬½├╣┬╡ΓîÉ╞Æ╧ä├▓Γûæ╬ª├╝Γéº_BRANCH_B_v048_REAUDIT_FULL_RESUME_1944-02-20T24_2026-08-31/06_RUNTIME/ANDAMAN_ARAKAN_OBSERVATION_NETWORK_1944-01-01_WORKING_v001.json
2888	╬ª┬┐├¬╧ä┬½├╣┬╡ΓîÉ╞Æ╧ä├▓Γûæ╬ª├╝Γéº_BRANCH_B_v049_FULL_HANDOFF_1944-08-04T24_2026-09-04/02_ORIGINAL_EXTRACTED_TREE/╬ª┬┐├¬╧ä┬½├╣┬╡ΓîÉ╞Æ╧ä├▓Γûæ╬ª├╝Γéº_BRANCH_B_v048_REAUDIT_FULL_RESUME_1944-02-20T24_2026-08-31/06_RUNTIME/ASW_TOKAI_MAD_SUBWAR_1944SPRING_v001.md
8572	╬ª┬┐├¬╧ä┬½├╣┬╡ΓîÉ╞Æ╧ä├▓Γûæ╬ª├╝Γéº_BRANCH_B_v049_FULL_HANDOFF_1944-08-04T24_2026-09-04/02_ORIGINAL_EXTRACTED_TREE/╬ª┬┐├¬╧ä┬½├╣┬╡ΓîÉ╞Æ╧ä├▓Γûæ╬ª├╝Γéº_BRANCH_B_v048_REAUDIT_FULL_RESUME_1944-02-20T24_2026-08-31/06_RUNTIME/AXIS_SUBMARINE_LIAISON_TECH_TRANSFER_AUDIT_1942_1944_v001.md
5700	╬ª┬┐├¬╧ä┬½├╣┬╡ΓîÉ╞Æ╧ä├▓Γûæ╬ª├╝Γéº_BRANCH_B_v049_FULL_HANDOFF_1944-08-04T24_2026-09-04/02_ORIGINAL_EXTRACTED_TREE/╬ª┬┐├¬╧ä┬½├╣┬╡ΓîÉ╞Æ╧ä├▓Γûæ╬ª├╝Γéº_BRANCH_B_v048_REAUDIT_FULL_RESUME_1944-02-20T24_2026-08-31/06_RUNTIME/AXIS_SUBMARINE_TECH_TRANSFER_REAUDIT_1942-1944_v001.md
5119	╬ª┬┐├¬╧ä┬½├╣┬╡ΓîÉ╞Æ╧ä├▓Γûæ╬ª├╝Γéº_BRANCH_B_v049_FULL_HANDOFF_1944-08-04T24_2026-09-04/02_ORIGINAL_EXTRACTED_TREE/╬ª┬┐├¬╧ä┬½├╣┬╡ΓîÉ╞Æ╧ä├▓Γûæ╬ª├╝Γéº_BRANCH_B_v048_REAUDIT_FULL_RESUME_1944-02-20T24_2026-08-31/06_RUNTIME/BENGAL_ARAKAN_CHITTAGONG_1943-10_12_SETTLEMENT_v001.md
6039	╬ª┬┐├¬╧ä┬½├╣┬╡ΓîÉ╞Æ╧ä├▓Γûæ╬ª├╝Γéº_BRANCH_B_v049_FULL_HANDOFF_1944-08-04T24_2026-09-04/02_ORIGINAL_EXTRACTED_TREE/╬ª┬┐├¬╧ä┬½├╣┬╡ΓîÉ╞Æ╧ä├▓Γûæ╬ª├╝Γéº_BRANCH_B_v048_REAUDIT_FULL_RESUME_1944-02-20T24_2026-08-31/06_RUNTIME/BENGAL_ARAKAN_CHITTAGONG_1943-10_12_SETTLEMENT_v002.md
9722	╬ª┬┐├¬╧ä┬½├╣┬╡ΓîÉ╞Æ╧ä├▓Γûæ╬ª├╝Γéº_BRANCH_B_v049_FULL_HANDOFF_1944-08-04T24_2026-09-04/02_ORIGINAL_EXTRACTED_TREE/╬ª┬┐├¬╧ä┬½├╣┬╡ΓîÉ╞Æ╧ä├▓Γûæ╬ª├╝Γéº_BRANCH_B_v048_REAUDIT_FULL_RESUME_1944-02-20T24_2026-08-31/06_RUNTIME/BENGAL_ARAKAN_LAND_VEHICLE_EVENT_LEDGER_1943-10_12_v001.json
10329	╬ª┬┐├¬╧ä┬½├╣┬╡ΓîÉ╞Æ╧ä├▓Γûæ╬ª├╝Γéº_BRANCH_B_v049_FULL_HANDOFF_1944-08-04T24_2026-09-04/02_ORIGINAL_EXTRACTED_TREE/╬ª┬┐├¬╧ä┬½├╣┬╡ΓîÉ╞Æ╧ä├▓Γûæ╬ª├╝Γéº_BRANCH_B_v048_REAUDIT_FULL_RESUME_1944-02-20T24_2026-08-31/06_RUNTIME/BRANCH_B_1943H2_YEAR_END_SETTLEMENT_v001.md
11908	╬ª┬┐├¬╧ä┬½├╣┬╡ΓîÉ╞Æ╧ä├▓Γûæ╬ª├╝Γéº_BRANCH_B_v049_FULL_HANDOFF_1944-08-04T24_2026-09-04/02_ORIGINAL_EXTRACTED_TREE/╬ª┬┐├¬╧ä┬½├╣┬╡ΓîÉ╞Æ╧ä├▓Γûæ╬ª├╝Γéº_BRANCH_B_v048_REAUDIT_FULL_RESUME_1944-02-20T24_2026-08-31/06_RUNTIME/BRANCH_B_1943H2_YEAR_END_SETTLEMENT_v002.md
12258	╬ª┬┐├¬╧ä┬½├╣┬╡ΓîÉ╞Æ╧ä├▓Γûæ╬ª├╝Γéº_BRANCH_B_v049_FULL_HANDOFF_1944-08-04T24_2026-09-04/02_ORIGINAL_EXTRACTED_TREE/╬ª┬┐├¬╧ä┬½├╣┬╡ΓîÉ╞Æ╧ä├▓Γûæ╬ª├╝Γéº_BRANCH_B_v048_REAUDIT_FULL_RESUME_1944-02-20T24_2026-08-31/06_RUNTIME/BRANCH_B_1943H2_YEAR_END_SETTLEMENT_v003.md
12926	╬ª┬┐├¬╧ä┬½├╣┬╡ΓîÉ╞Æ╧ä├▓Γûæ╬ª├╝Γéº_BRANCH_B_v049_FULL_HANDOFF_1944-08-04T24_2026-09-04/02_ORIGINAL_EXTRACTED_TREE/╬ª┬┐├¬╧ä┬½├╣┬╡ΓîÉ╞Æ╧ä├▓Γûæ╬ª├╝Γéº_BRANCH_B_v048_REAUDIT_FULL_RESUME_1944-02-20T24_2026-08-31/06_RUNTIME/BRANCH_B_1943H2_YEAR_END_SETTLEMENT_v004.md
14405	╬ª┬┐├¬╧ä┬½├╣┬╡ΓîÉ╞Æ╧ä├▓Γûæ╬ª├╝Γéº_BRANCH_B_v049_FULL_HANDOFF_1944-08-04T24_2026-09-04/02_ORIGINAL_EXTRACTED_TREE/╬ª┬┐├¬╧ä┬½├╣┬╡ΓîÉ╞Æ╧ä├▓Γûæ╬ª├╝Γéº_BRANCH_B_v048_REAUDIT_FULL_RESUME_1944-02-20T24_2026-08-31/06_RUNTIME/BRANCH_B_1943H2_YEAR_END_SETTLEMENT_v005.md
1668	╬ª┬┐├¬╧ä┬½├╣┬╡ΓîÉ╞Æ╧ä├▓Γûæ╬ª├╝Γéº_BRANCH_B_v049_FULL_HANDOFF_1944-08-04T24_2026-09-04/02_ORIGINAL_EXTRACTED_TREE/╬ª┬┐├¬╧ä┬½├╣┬╡ΓîÉ╞Æ╧ä├▓Γûæ╬ª├╝Γéº_BRANCH_B_v048_REAUDIT_FULL_RESUME_1944-02-20T24_2026-08-31/06_RUNTIME/BRANCH_B_ROLLBACK_GUARD_1943-08-01_v001.json
1931	╬ª┬┐├¬╧ä┬½├╣┬╡ΓîÉ╞Æ╧ä├▓Γûæ╬ª├╝Γéº_BRANCH_B_v049_FULL_HANDOFF_1944-08-04T24_2026-09-04/02_ORIGINAL_EXTRACTED_TREE/╬ª┬┐├¬╧ä┬½├╣┬╡ΓîÉ╞Æ╧ä├▓Γûæ╬ª├╝Γéº_BRANCH_B_v048_REAUDIT_FULL_RESUME_1944-02-20T24_2026-08-31/06_RUNTIME/BRANCH_B_SUMMER_STATE_1943-07-31_v001.md
1839	╬ª┬┐├¬╧ä┬½├╣┬╡ΓîÉ╞Æ╧ä├▓Γûæ╬ª├╝Γéº_BRANCH_B_v049_FULL_HANDOFF_1944-08-04T24_2026-09-04/02_ORIGINAL_EXTRACTED_TREE/╬ª┬┐├¬╧ä┬½├╣┬╡ΓîÉ╞Æ╧ä├▓Γûæ╬ª├╝Γéº_BRANCH_B_v048_REAUDIT_FULL_RESUME_1944-02-20T24_2026-08-31/06_RUNTIME/BRANCH_B_YEAR_END_GUARD_1944-01-01_v001.json
3069	╬ª┬┐├¬╧ä┬½├╣┬╡ΓîÉ╞Æ╧ä├▓Γûæ╬ª├╝Γéº_BRANCH_B_v049_FULL_HANDOFF_1944-08-04T24_2026-09-04/02_ORIGINAL_EXTRACTED_TREE/╬ª┬┐├¬╧ä┬½├╣┬╡ΓîÉ╞Æ╧ä├▓Γûæ╬ª├╝Γéº_BRANCH_B_v048_REAUDIT_FULL_RESUME_1944-02-20T24_2026-08-31/06_RUNTIME/BRANCH_B_YEAR_END_GUARD_1944-01-01_v002.json
3520	╬ª┬┐├¬╧ä┬½├╣┬╡ΓîÉ╞Æ╧ä├▓Γûæ╬ª├╝Γéº_BRANCH_B_v049_FULL_HANDOFF_1944-08-04T24_2026-09-04/02_ORIGINAL_EXTRACTED_TREE/╬ª┬┐├¬╧ä┬½├╣┬╡ΓîÉ╞Æ╧ä├▓Γûæ╬ª├╝Γéº_BRANCH_B_v048_REAUDIT_FULL_RESUME_1944-02-20T24_2026-08-31/06_RUNTIME/BRANCH_B_YEAR_END_GUARD_1944-01-01_v003.json
3831	╬ª┬┐├¬╧ä┬½├╣┬╡ΓîÉ╞Æ╧ä├▓Γûæ╬ª├╝Γéº_BRANCH_B_v049_FULL_HANDOFF_1944-08-04T24_2026-09-04/02_ORIGINAL_EXTRACTED_TREE/╬ª┬┐├¬╧ä┬½├╣┬╡ΓîÉ╞Æ╧ä├▓Γûæ╬ª├╝Γéº_BRANCH_B_v048_REAUDIT_FULL_RESUME_1944-02-20T24_2026-08-31/06_RUNTIME/BRANCH_B_YEAR_END_GUARD_1944-01-01_v004.json
4625	╬ª┬┐├¬╧ä┬½├╣┬╡ΓîÉ╞Æ╧ä├▓Γûæ╬ª├╝Γéº_BRANCH_B_v049_FULL_HANDOFF_1944-08-04T24_2026-09-04/02_ORIGINAL_EXTRACTED_TREE/╬ª┬┐├¬╧ä┬½├╣┬╡ΓîÉ╞Æ╧ä├▓Γûæ╬ª├╝Γéº_BRANCH_B_v048_REAUDIT_FULL_RESUME_1944-02-20T24_2026-08-31/06_RUNTIME/BRANCH_B_YEAR_END_GUARD_1944-01-01_v005.json
8980	╬ª┬┐├¬╧ä┬½├╣┬╡ΓîÉ╞Æ╧ä├▓Γûæ╬ª├╝Γéº_BRANCH_B_v049_FULL_HANDOFF_1944-08-04T24_2026-09-04/02_ORIGINAL_EXTRACTED_TREE/╬ª┬┐├¬╧ä┬½├╣┬╡ΓîÉ╞Æ╧ä├▓Γûæ╬ª├╝Γéº_BRANCH_B_v048_REAUDIT_FULL_RESUME_1944-02-20T24_2026-08-31/06_RUNTIME/BRANCH_INVARIANT_GUARD_1943-10-01_v001.json
10932	╬ª┬┐├¬╧ä┬½├╣┬╡ΓîÉ╞Æ╧ä├▓Γûæ╬ª├╝Γéº_BRANCH_B_v049_FULL_HANDOFF_1944-08-04T24_2026-09-04/02_ORIGINAL_EXTRACTED_TREE/╬ª┬┐├¬╧ä┬½├╣┬╡ΓîÉ╞Æ╧ä├▓Γûæ╬ª├╝Γéº_BRANCH_B_v048_REAUDIT_FULL_RESUME_1944-02-20T24_2026-08-31/06_RUNTIME/BRANCH_INVARIANT_GUARD_1943-10-01_v002.json
7112	╬ª┬┐├¬╧ä┬½├╣┬╡ΓîÉ╞Æ╧ä├▓Γûæ╬ª├╝Γéº_BRANCH_B_v049_FULL_HANDOFF_1944-08-04T24_2026-09-04/02_ORIGINAL_EXTRACTED_TREE/╬ª┬┐├¬╧ä┬½├╣┬╡ΓîÉ╞Æ╧ä├▓Γûæ╬ª├╝Γéº_BRANCH_B_v048_REAUDIT_FULL_RESUME_1944-02-20T24_2026-08-31/06_RUNTIME/CARRIER_CAPABILITY_LEDGER_1943-10-01_v001.json
5938	╬ª┬┐├¬╧ä┬½├╣┬╡ΓîÉ╞Æ╧ä├▓Γûæ╬ª├╝Γéº_BRANCH_B_v049_FULL_HANDOFF_1944-08-04T24_2026-09-04/02_ORIGINAL_EXTRACTED_TREE/╬ª┬┐├¬╧ä┬½├╣┬╡ΓîÉ╞Æ╧ä├▓Γûæ╬ª├╝Γéº_BRANCH_B_v048_REAUDIT_FULL_RESUME_1944-02-20T24_2026-08-31/06_RUNTIME/CARRIER_DAMAGE_REPAIR_CLOCK_1944-02-03_WORKING_v001.json
10681	╬ª┬┐├¬╧ä┬½├╣┬╡ΓîÉ╞Æ╧ä├▓Γûæ╬ª├╝Γéº_BRANCH_B_v049_FULL_HANDOFF_1944-08-04T24_2026-09-04/02_ORIGINAL_EXTRACTED_TREE/╬ª┬┐├¬╧ä┬½├╣┬╡ΓîÉ╞Æ╧ä├▓Γûæ╬ª├╝Γéº_BRANCH_B_v048_REAUDIT_FULL_RESUME_1944-02-20T24_2026-08-31/06_RUNTIME/CATCHPOLE_ENIWETOK_1944-04-18_24_SETTLEMENT_v001.md
5627	╬ª┬┐├¬╧ä┬½├╣┬╡ΓîÉ╞Æ╧ä├▓Γûæ╬ª├╝Γéº_BRANCH_B_v049_FULL_HANDOFF_1944-08-04T24_2026-09-04/02_ORIGINAL_EXTRACTED_TREE/╬ª┬┐├¬╧ä┬½├╣┬╡ΓîÉ╞Æ╧ä├▓Γûæ╬ª├╝Γéº_BRANCH_B_v048_REAUDIT_FULL_RESUME_1944-02-20T24_2026-08-31/06_RUNTIME/CBI_AIR_LOGISTICS_TAX_1944-04_06_WORKING_SETTLEMENT_v001.md
1451	╬ª┬┐├¬╧ä┬½├╣┬╡ΓîÉ╞Æ╧ä├▓Γûæ╬ª├╝Γéº_BRANCH_B_v049_FULL_HANDOFF_1944-08-04T24_2026-09-04/02_ORIGINAL_EXTRACTED_TREE/╬ª┬┐├¬╧ä┬½├╣┬╡ΓîÉ╞Æ╧ä├▓Γûæ╬ª├╝Γéº_BRANCH_B_v048_REAUDIT_FULL_RESUME_1944-02-20T24_2026-08-31/06_RUNTIME/CBI_HUMP_INDIAN_OCEAN_DEPENDENCY_REAUDIT_GATE_1944_v001.md
10235	╬ª┬┐├¬╧ä┬½├╣┬╡ΓîÉ╞Æ╧ä├▓Γûæ╬ª├╝Γéº_BRANCH_B_v049_FULL_HANDOFF_1944-08-04T24_2026-09-04/02_ORIGINAL_EXTRACTED_TREE/╬ª┬┐├¬╧ä┬½├╣┬╡ΓîÉ╞Æ╧ä├▓Γûæ╬ª├╝Γéº_BRANCH_B_v048_REAUDIT_FULL_RESUME_1944-02-20T24_2026-08-31/06_RUNTIME/CENTRAL_PACIFIC_REGIONAL_AIRFIELD_NETWORK_1944-02-02T0430_WORKING_v001.json
4003	╬ª┬┐├¬╧ä┬½├╣┬╡ΓîÉ╞Æ╧ä├▓Γûæ╬ª├╝Γéº_BRANCH_B_v049_FULL_HANDOFF_1944-08-04T24_2026-09-04/02_ORIGINAL_EXTRACTED_TREE/╬ª┬┐├¬╧ä┬½├╣┬╡ΓîÉ╞Æ╧ä├▓Γûæ╬ª├╝Γéº_BRANCH_B_v048_REAUDIT_FULL_RESUME_1944-02-20T24_2026-08-31/06_RUNTIME/CHINA_BURMA_CBI_1943_1944Q1_SETTLEMENT_v001.md
3478	╬ª┬┐├¬╧ä┬½├╣┬╡ΓîÉ╞Æ╧ä├▓Γûæ╬ª├╝Γéº_BRANCH_B_v049_FULL_HANDOFF_1944-08-04T24_2026-09-04/02_ORIGINAL_EXTRACTED_TREE/╬ª┬┐├¬╧ä┬½├╣┬╡ΓîÉ╞Æ╧ä├▓Γûæ╬ª├╝Γéº_BRANCH_B_v048_REAUDIT_FULL_RESUME_1944-02-20T24_2026-08-31/06_RUNTIME/CHINA_FIVEGO_POLITICAL_IMPLEMENTATION_1942Q4_v001.md
3648	╬ª┬┐├¬╧ä┬½├╣┬╡ΓîÉ╞Æ╧ä├▓Γûæ╬ª├╝Γéº_BRANCH_B_v049_FULL_HANDOFF_1944-08-04T24_2026-09-04/02_ORIGINAL_EXTRACTED_TREE/╬ª┬┐├¬╧ä┬½├╣┬╡ΓîÉ╞Æ╧ä├▓Γûæ╬ª├╝Γéº_BRANCH_B_v048_REAUDIT_FULL_RESUME_1944-02-20T24_2026-08-31/06_RUNTIME/CHINA_ICHIGO_ANALOG_1944-05-10_10-20_PROVISIONAL_FORWARD_v001.md
12771	╬ª┬┐├¬╧ä┬½├╣┬╡ΓîÉ╞Æ╧ä├▓Γûæ╬ª├╝Γéº_BRANCH_B_v049_FULL_HANDOFF_1944-08-04T24_2026-09-04/02_ORIGINAL_EXTRACTED_TREE/╬ª┬┐├¬╧ä┬½├╣┬╡ΓîÉ╞Æ╧ä├▓Γûæ╬ª├╝Γéº_BRANCH_B_v048_REAUDIT_FULL_RESUME_1944-02-20T24_2026-08-31/06_RUNTIME/CHINA_ICHIGO_ANALOG_1944-05-27_08-06_FORWARD_ADJUDICATION_v001.md
1771	╬ª┬┐├¬╧ä┬½├╣┬╡ΓîÉ╞Æ╧ä├▓Γûæ╬ª├╝Γéº_BRANCH_B_v049_FULL_HANDOFF_1944-08-04T24_2026-09-04/02_ORIGINAL_EXTRACTED_TREE/╬ª┬┐├¬╧ä┬½├╣┬╡ΓîÉ╞Æ╧ä├▓Γûæ╬ª├╝Γéº_BRANCH_B_v048_REAUDIT_FULL_RESUME_1944-02-20T24_2026-08-31/06_RUNTIME/CHINA_TANK3_REGIMENT_RETRO_AUDIT_1944_v001.md
2515	╬ª┬┐├¬╧ä┬½├╣┬╡ΓîÉ╞Æ╧ä├▓Γûæ╬ª├╝Γéº_BRANCH_B_v049_FULL_HANDOFF_1944-08-04T24_2026-09-04/02_ORIGINAL_EXTRACTED_TREE/╬ª┬┐├¬╧ä┬½├╣┬╡ΓîÉ╞Æ╧ä├▓Γûæ╬ª├╝Γéº_BRANCH_B_v048_REAUDIT_FULL_RESUME_1944-02-20T24_2026-08-31/06_RUNTIME/COMBAT_ADJUDICATION_CONTEXT_v001.md
2547	╬ª┬┐├¬╧ä┬½├╣┬╡ΓîÉ╞Æ╧ä├▓Γûæ╬ª├╝Γéº_BRANCH_B_v049_FULL_HANDOFF_1944-08-04T24_2026-09-04/02_ORIGINAL_EXTRACTED_TREE/╬ª┬┐├¬╧ä┬½├╣┬╡ΓîÉ╞Æ╧ä├▓Γûæ╬ª├╝Γéº_BRANCH_B_v048_REAUDIT_FULL_RESUME_1944-02-20T24_2026-08-31/06_RUNTIME/COMBAT_ADJUDICATION_CONTEXT_v002.md
73666	╬ª┬┐├¬╧ä┬½├╣┬╡ΓîÉ╞Æ╧ä├▓Γûæ╬ª├╝Γéº_BRANCH_B_v049_FULL_HANDOFF_1944-08-04T24_2026-09-04/02_ORIGINAL_EXTRACTED_TREE/╬ª┬┐├¬╧ä┬½├╣┬╡ΓîÉ╞Æ╧ä├▓Γûæ╬ª├╝Γéº_BRANCH_B_v048_REAUDIT_FULL_RESUME_1944-02-20T24_2026-08-31/06_RUNTIME/COMBAT_CAPABILITY_FACTOR_INDEX_v001.json
9789	╬ª┬┐├¬╧ä┬½├╣┬╡ΓîÉ╞Æ╧ä├▓Γûæ╬ª├╝Γéº_BRANCH_B_v049_FULL_HANDOFF_1944-08-04T24_2026-09-04/02_ORIGINAL_EXTRACTED_TREE/╬ª┬┐├¬╧ä┬½├╣┬╡ΓîÉ╞Æ╧ä├▓Γûæ╬ª├╝Γéº_BRANCH_B_v048_REAUDIT_FULL_RESUME_1944-02-20T24_2026-08-31/06_RUNTIME/COMBAT_EVENT_FACTOR_MATRIX_v001.json
680	╬ª┬┐├¬╧ä┬½├╣┬╡ΓîÉ╞Æ╧ä├▓Γûæ╬ª├╝Γéº_BRANCH_B_v049_FULL_HANDOFF_1944-08-04T24_2026-09-04/02_ORIGINAL_EXTRACTED_TREE/╬ª┬┐├¬╧ä┬½├╣┬╡ΓîÉ╞Æ╧ä├▓Γûæ╬ª├╝Γéº_BRANCH_B_v048_REAUDIT_FULL_RESUME_1944-02-20T24_2026-08-31/06_RUNTIME/COMBAT_EVENT_INPUT_SCHEMA_v001.json
1409	╬ª┬┐├¬╧ä┬½├╣┬╡ΓîÉ╞Æ╧ä├▓Γûæ╬ª├╝Γéº_BRANCH_B_v049_FULL_HANDOFF_1944-08-04T24_2026-09-04/02_ORIGINAL_EXTRACTED_TREE/╬ª┬┐├¬╧ä┬½├╣┬╡ΓîÉ╞Æ╧ä├▓Γûæ╬ª├╝Γéº_BRANCH_B_v048_REAUDIT_FULL_RESUME_1944-02-20T24_2026-08-31/06_RUNTIME/COMBAT_EVENT_INPUT_SCHEMA_v002.json
3120	╬ª┬┐├¬╧ä┬½├╣┬╡ΓîÉ╞Æ╧ä├▓Γûæ╬ª├╝Γéº_BRANCH_B_v049_FULL_HANDOFF_1944-08-04T24_2026-09-04/02_ORIGINAL_EXTRACTED_TREE/╬ª┬┐├¬╧ä┬½├╣┬╡ΓîÉ╞Æ╧ä├▓Γûæ╬ª├╝Γéº_BRANCH_B_v048_REAUDIT_FULL_RESUME_1944-02-20T24_2026-08-31/06_RUNTIME/COMBAT_PLATFORM_MATRIX_v001.json
2362	╬ª┬┐├¬╧ä┬½├╣┬╡ΓîÉ╞Æ╧ä├▓Γûæ╬ª├╝Γéº_BRANCH_B_v049_FULL_HANDOFF_1944-08-04T24_2026-09-04/02_ORIGINAL_EXTRACTED_TREE/╬ª┬┐├¬╧ä┬½├╣┬╡ΓîÉ╞Æ╧ä├▓Γûæ╬ª├╝Γéº_BRANCH_B_v048_REAUDIT_FULL_RESUME_1944-02-20T24_2026-08-31/06_RUNTIME/CORAL_SEA_1942-05-04_06_REAUDIT_PACKET_v001.json
1853	╬ª┬┐├¬╧ä┬½├╣┬╡ΓîÉ╞Æ╧ä├▓Γûæ╬ª├╝Γéº_BRANCH_B_v049_FULL_HANDOFF_1944-08-04T24_2026-09-04/02_ORIGINAL_EXTRACTED_TREE/╬ª┬┐├¬╧ä┬½├╣┬╡ΓîÉ╞Æ╧ä├▓Γûæ╬ª├╝Γéº_BRANCH_B_v048_REAUDIT_FULL_RESUME_1944-02-20T24_2026-08-31/06_RUNTIME/CURRENT_ANALYSIS_FRONTIER_1944SPRING_REAUDIT_v001.json
3413	╬ª┬┐├¬╧ä┬½├╣┬╡ΓîÉ╞Æ╧ä├▓Γûæ╬ª├╝Γéº_BRANCH_B_v049_FULL_HANDOFF_1944-08-04T24_2026-09-04/02_ORIGINAL_EXTRACTED_TREE/╬ª┬┐├¬╧ä┬½├╣┬╡ΓîÉ╞Æ╧ä├▓Γûæ╬ª├╝Γéº_BRANCH_B_v048_REAUDIT_FULL_RESUME_1944-02-20T24_2026-08-31/06_RUNTIME/CURRENT_ANALYSIS_FRONTIER_1944SUMMER_v001.json
1963	╬ª┬┐├¬╧ä┬½├╣┬╡ΓîÉ╞Æ╧ä├▓Γûæ╬ª├╝Γéº_BRANCH_B_v049_FULL_HANDOFF_1944-08-04T24_2026-09-04/02_ORIGINAL_EXTRACTED_TREE/╬ª┬┐├¬╧ä┬½├╣┬╡ΓîÉ╞Æ╧ä├▓Γûæ╬ª├╝Γéº_BRANCH_B_v048_REAUDIT_FULL_RESUME_1944-02-20T24_2026-08-31/06_RUNTIME/CURRENT_BRANCH_STATE_v001.json
1363	╬ª┬┐├¬╧ä┬½├╣┬╡ΓîÉ╞Æ╧ä├▓Γûæ╬ª├╝Γéº_BRANCH_B_v049_FULL_HANDOFF_1944-08-04T24_2026-09-04/02_ORIGINAL_EXTRACTED_TREE/╬ª┬┐├¬╧ä┬½├╣┬╡ΓîÉ╞Æ╧ä├▓Γûæ╬ª├╝Γéº_BRANCH_B_v048_REAUDIT_FULL_RESUME_1944-02-20T24_2026-08-31/06_RUNTIME/CURRENT_BRANCH_STATE_v002.json
2005	╬ª┬┐├¬╧ä┬½├╣┬╡ΓîÉ╞Æ╧ä├▓Γûæ╬ª├╝Γéº_BRANCH_B_v049_FULL_HANDOFF_1944-08-04T24_2026-09-04/02_ORIGINAL_EXTRACTED_TREE/╬ª┬┐├¬╧ä┬½├╣┬╡ΓîÉ╞Æ╧ä├▓Γûæ╬ª├╝Γéº_BRANCH_B_v048_REAUDIT_FULL_RESUME_1944-02-20T24_2026-08-31/06_RUNTIME/CURRENT_BRANCH_STATE_v003.json
3167	╬ª┬┐├¬╧ä┬½├╣┬╡ΓîÉ╞Æ╧ä├▓Γûæ╬ª├╝Γéº_BRANCH_B_v049_FULL_HANDOFF_1944-08-04T24_2026-09-04/02_ORIGINAL_EXTRACTED_TREE/╬ª┬┐├¬╧ä┬½├╣┬╡ΓîÉ╞Æ╧ä├▓Γûæ╬ª├╝Γéº_BRANCH_B_v048_REAUDIT_FULL_RESUME_1944-02-20T24_2026-08-31/06_RUNTIME/CURRENT_BRANCH_STATE_v004.json
4091	╬ª┬┐├¬╧ä┬½├╣┬╡ΓîÉ╞Æ╧ä├▓Γûæ╬ª├╝Γéº_BRANCH_B_v049_FULL_HANDOFF_1944-08-04T24_2026-09-04/02_ORIGINAL_EXTRACTED_TREE/╬ª┬┐├¬╧ä┬½├╣┬╡ΓîÉ╞Æ╧ä├▓Γûæ╬ª├╝Γéº_BRANCH_B_v048_REAUDIT_FULL_RESUME_1944-02-20T24_2026-08-31/06_RUNTIME/CURRENT_BRANCH_STATE_v005.json
4748	╬ª┬┐├¬╧ä┬½├╣┬╡ΓîÉ╞Æ╧ä├▓Γûæ╬ª├╝Γéº_BRANCH_B_v049_FULL_HANDOFF_1944-08-04T24_2026-09-04/02_ORIGINAL_EXTRACTED_TREE/╬ª┬┐├¬╧ä┬½├╣┬╡ΓîÉ╞Æ╧ä├▓Γûæ╬ª├╝Γéº_BRANCH_B_v048_REAUDIT_FULL_RESUME_1944-02-20T24_2026-08-31/06_RUNTIME/CURRENT_BRANCH_STATE_v006.json
5509	╬ª┬┐├¬╧ä┬½├╣┬╡ΓîÉ╞Æ╧ä├▓Γûæ╬ª├╝Γéº_BRANCH_B_v049_FULL_HANDOFF_1944-08-04T24_2026-09-04/02_ORIGINAL_EXTRACTED_TREE/╬ª┬┐├¬╧ä┬½├╣┬╡ΓîÉ╞Æ╧ä├▓Γûæ╬ª├╝Γéº_BRANCH_B_v048_REAUDIT_FULL_RESUME_1944-02-20T24_2026-08-31/06_RUNTIME/CURRENT_BRANCH_STATE_v007.json
1513	╬ª┬┐├¬╧ä┬½├╣┬╡ΓîÉ╞Æ╧ä├▓Γûæ╬ª├╝Γéº_BRANCH_B_v049_FULL_HANDOFF_1944-08-04T24_2026-09-04/02_ORIGINAL_EXTRACTED_TREE/╬ª┬┐├¬╧ä┬½├╣┬╡ΓîÉ╞Æ╧ä├▓Γûæ╬ª├╝Γéº_BRANCH_B_v048_REAUDIT_FULL_RESUME_1944-02-20T24_2026-08-31/06_RUNTIME/CURRENT_BRANCH_STATE_v008.json
1434	╬ª┬┐├¬╧ä┬½├╣┬╡ΓîÉ╞Æ╧ä├▓Γûæ╬ª├╝Γéº_BRANCH_B_v049_FULL_HANDOFF_1944-08-04T24_2026-09-04/02_ORIGINAL_EXTRACTED_TREE/╬ª┬┐├¬╧ä┬½├╣┬╡ΓîÉ╞Æ╧ä├▓Γûæ╬ª├╝Γéº_BRANCH_B_v048_REAUDIT_FULL_RESUME_1944-02-20T24_2026-08-31/06_RUNTIME/CURRENT_BRANCH_STATE_v009.json
2423	╬ª┬┐├¬╧ä┬½├╣┬╡ΓîÉ╞Æ╧ä├▓Γûæ╬ª├╝Γéº_BRANCH_B_v049_FULL_HANDOFF_1944-08-04T24_2026-09-04/02_ORIGINAL_EXTRACTED_TREE/╬ª┬┐├¬╧ä┬½├╣┬╡ΓîÉ╞Æ╧ä├▓Γûæ╬ª├╝Γéº_BRANCH_B_v048_REAUDIT_FULL_RESUME_1944-02-20T24_2026-08-31/06_RUNTIME/CURRENT_BRANCH_STATE_v010.json
1977	╬ª┬┐├¬╧ä┬½├╣┬╡ΓîÉ╞Æ╧ä├▓Γûæ╬ª├╝Γéº_BRANCH_B_v049_FULL_HANDOFF_1944-08-04T24_2026-09-04/02_ORIGINAL_EXTRACTED_TREE/╬ª┬┐├¬╧ä┬½├╣┬╡ΓîÉ╞Æ╧ä├▓Γûæ╬ª├╝Γéº_BRANCH_B_v048_REAUDIT_FULL_RESUME_1944-02-20T24_2026-08-31/06_RUNTIME/CURRENT_BRANCH_STATE_v011.json
2110	╬ª┬┐├¬╧ä┬½├╣┬╡ΓîÉ╞Æ╧ä├▓Γûæ╬ª├╝Γéº_BRANCH_B_v049_FULL_HANDOFF_1944-08-04T24_2026-09-04/02_ORIGINAL_EXTRACTED_TREE/╬ª┬┐├¬╧ä┬½├╣┬╡ΓîÉ╞Æ╧ä├▓Γûæ╬ª├╝Γéº_BRANCH_B_v048_REAUDIT_FULL_RESUME_1944-02-20T24_2026-08-31/06_RUNTIME/CURRENT_BRANCH_STATE_v012.json
2385	╬ª┬┐├¬╧ä┬½├╣┬╡ΓîÉ╞Æ╧ä├▓Γûæ╬ª├╝Γéº_BRANCH_B_v049_FULL_HANDOFF_1944-08-04T24_2026-09-04/02_ORIGINAL_EXTRACTED_TREE/╬ª┬┐├¬╧ä┬½├╣┬╡ΓîÉ╞Æ╧ä├▓Γûæ╬ª├╝Γéº_BRANCH_B_v048_REAUDIT_FULL_RESUME_1944-02-20T24_2026-08-31/06_RUNTIME/CURRENT_BRANCH_STATE_v013.json
2998	╬ª┬┐├¬╧ä┬½├╣┬╡ΓîÉ╞Æ╧ä├▓Γûæ╬ª├╝Γéº_BRANCH_B_v049_FULL_HANDOFF_1944-08-04T24_2026-09-04/02_ORIGINAL_EXTRACTED_TREE/╬ª┬┐├¬╧ä┬½├╣┬╡ΓîÉ╞Æ╧ä├▓Γûæ╬ª├╝Γéº_BRANCH_B_v048_REAUDIT_FULL_RESUME_1944-02-20T24_2026-08-31/06_RUNTIME/CURRENT_BRANCH_STATE_v014.json
2690	╬ª┬┐├¬╧ä┬½├╣┬╡ΓîÉ╞Æ╧ä├▓Γûæ╬ª├╝Γéº_BRANCH_B_v049_FULL_HANDOFF_1944-08-04T24_2026-09-04/02_ORIGINAL_EXTRACTED_TREE/╬ª┬┐├¬╧ä┬½├╣┬╡ΓîÉ╞Æ╧ä├▓Γûæ╬ª├╝Γéº_BRANCH_B_v048_REAUDIT_FULL_RESUME_1944-02-20T24_2026-08-31/06_RUNTIME/DECISION_RATIONALE_VARIABLE_LEDGER_v001.md
2618	╬ª┬┐├¬╧ä┬½├╣┬╡ΓîÉ╞Æ╧ä├▓Γûæ╬ª├╝Γéº_BRANCH_B_v049_FULL_HANDOFF_1944-08-04T24_2026-09-04/02_ORIGINAL_EXTRACTED_TREE/╬ª┬┐├¬╧ä┬½├╣┬╡ΓîÉ╞Æ╧ä├▓Γûæ╬ª├╝Γéº_BRANCH_B_v048_REAUDIT_FULL_RESUME_1944-02-20T24_2026-08-31/06_RUNTIME/DODECANESE_WITHDRAWAL_BRANCH_B_1943-11_SETTLEMENT_v001.md
4180	╬ª┬┐├¬╧ä┬½├╣┬╡ΓîÉ╞Æ╧ä├▓Γûæ╬ª├╝Γéº_BRANCH_B_v049_FULL_HANDOFF_1944-08-04T24_2026-09-04/02_ORIGINAL_EXTRACTED_TREE/╬ª┬┐├¬╧ä┬½├╣┬╡ΓîÉ╞Æ╧ä├▓Γûæ╬ª├╝Γéº_BRANCH_B_v048_REAUDIT_FULL_RESUME_1944-02-20T24_2026-08-31/06_RUNTIME/EASTERN_FLEET_1944Q1_POTENTIAL_GATE_v001.md
7363	╬ª┬┐├¬╧ä┬½├╣┬╡ΓîÉ╞Æ╧ä├▓Γûæ╬ª├╝Γéº_BRANCH_B_v049_FULL_HANDOFF_1944-08-04T24_2026-09-04/02_ORIGINAL_EXTRACTED_TREE/╬ª┬┐├¬╧ä┬½├╣┬╡ΓîÉ╞Æ╧ä├▓Γûæ╬ª├╝Γéº_BRANCH_B_v048_REAUDIT_FULL_RESUME_1944-02-20T24_2026-08-31/06_RUNTIME/EASTERN_FLEET_INDICATION_TIMELINE_1943-12_1944-01_WORKING_v001.json
7944	╬ª┬┐├¬╧ä┬½├╣┬╡ΓîÉ╞Æ╧ä├▓Γûæ╬ª├╝Γéº_BRANCH_B_v049_FULL_HANDOFF_1944-08-04T24_2026-09-04/02_ORIGINAL_EXTRACTED_TREE/╬ª┬┐├¬╧ä┬½├╣┬╡ΓîÉ╞Æ╧ä├▓Γûæ╬ª├╝Γéº_BRANCH_B_v048_REAUDIT_FULL_RESUME_1944-02-20T24_2026-08-31/06_RUNTIME/EASTERN_FLEET_INDICATION_TIMELINE_1943-12_1944-01_WORKING_v002.json
13315	╬ª┬┐├¬╧ä┬½├╣┬╡ΓîÉ╞Æ╧ä├▓Γûæ╬ª├╝Γéº_BRANCH_B_v049_FULL_HANDOFF_1944-08-04T24_2026-09-04/02_ORIGINAL_EXTRACTED_TREE/╬ª┬┐├¬╧ä┬½├╣┬╡ΓîÉ╞Æ╧ä├▓Γûæ╬ª├╝Γéº_BRANCH_B_v048_REAUDIT_FULL_RESUME_1944-02-20T24_2026-08-31/06_RUNTIME/EASTERN_FLEET_MEDIUM_LIGHT_OOB_1944-01_WORKING_v001.json
4530	╬ª┬┐├¬╧ä┬½├╣┬╡ΓîÉ╞Æ╧ä├▓Γûæ╬ª├╝Γéº_BRANCH_B_v049_FULL_HANDOFF_1944-08-04T24_2026-09-04/02_ORIGINAL_EXTRACTED_TREE/╬ª┬┐├¬╧ä┬½├╣┬╡ΓîÉ╞Æ╧ä├▓Γûæ╬ª├╝Γéº_BRANCH_B_v048_REAUDIT_FULL_RESUME_1944-02-20T24_2026-08-31/06_RUNTIME/EASTERN_FRONT_1941_1944Q1_DIFFERENTIAL_LEDGER_v001.md
4992	╬ª┬┐├¬╧ä┬½├╣┬╡ΓîÉ╞Æ╧ä├▓Γûæ╬ª├╝Γéº_BRANCH_B_v049_FULL_HANDOFF_1944-08-04T24_2026-09-04/02_ORIGINAL_EXTRACTED_TREE/╬ª┬┐├¬╧ä┬½├╣┬╡ΓîÉ╞Æ╧ä├▓Γûæ╬ª├╝Γéº_BRANCH_B_v048_REAUDIT_FULL_RESUME_1944-02-20T24_2026-08-31/06_RUNTIME/EFATE_LIMITED_NEUTRALIZATION_1943-06_SETTLEMENT_v001.md
4410	╬ª┬┐├¬╧ä┬½├╣┬╡ΓîÉ╞Æ╧ä├▓Γûæ╬ª├╝Γéº_BRANCH_B_v049_FULL_HANDOFF_1944-08-04T24_2026-09-04/02_ORIGINAL_EXTRACTED_TREE/╬ª┬┐├¬╧ä┬½├╣┬╡ΓîÉ╞Æ╧ä├▓Γûæ╬ª├╝Γéº_BRANCH_B_v048_REAUDIT_FULL_RESUME_1944-02-20T24_2026-08-31/06_RUNTIME/ELECTRONIC_WARFARE_OPERATIONAL_DERIVATIVES_1942-1944_v001.md
1770	╬ª┬┐├¬╧ä┬½├╣┬╡ΓîÉ╞Æ╧ä├▓Γûæ╬ª├╝Γéº_BRANCH_B_v049_FULL_HANDOFF_1944-08-04T24_2026-09-04/02_ORIGINAL_EXTRACTED_TREE/╬ª┬┐├¬╧ä┬½├╣┬╡ΓîÉ╞Æ╧ä├▓Γûæ╬ª├╝Γéº_BRANCH_B_v048_REAUDIT_FULL_RESUME_1944-02-20T24_2026-08-31/06_RUNTIME/EUROPE_CASUALTY_DELTA_LEDGER_TO_OVERLORD_v001.md
3219	╬ª┬┐├¬╧ä┬½├╣┬╡ΓîÉ╞Æ╧ä├▓Γûæ╬ª├╝Γéº_BRANCH_B_v049_FULL_HANDOFF_1944-08-04T24_2026-09-04/02_ORIGINAL_EXTRACTED_TREE/╬ª┬┐├¬╧ä┬½├╣┬╡ΓîÉ╞Æ╧ä├▓Γûæ╬ª├╝Γéº_BRANCH_B_v048_REAUDIT_FULL_RESUME_1944-02-20T24_2026-08-31/06_RUNTIME/EUROPE_ITALY_OVERLORD_ANVIL_REAUDIT_1943_1944Q1_v001.md
1150	╬ª┬┐├¬╧ä┬½├╣┬╡ΓîÉ╞Æ╧ä├▓Γûæ╬ª├╝Γéº_BRANCH_B_v049_FULL_HANDOFF_1944-08-04T24_2026-09-04/02_ORIGINAL_EXTRACTED_TREE/╬ª┬┐├¬╧ä┬½├╣┬╡ΓîÉ╞Æ╧ä├▓Γûæ╬ª├╝Γéº_BRANCH_B_v048_REAUDIT_FULL_RESUME_1944-02-20T24_2026-08-31/06_RUNTIME/EVENT_HANDOUT_SCHEMA_v001.json
1669	╬ª┬┐├¬╧ä┬½├╣┬╡ΓîÉ╞Æ╧ä├▓Γûæ╬ª├╝Γéº_BRANCH_B_v049_FULL_HANDOFF_1944-08-04T24_2026-09-04/02_ORIGINAL_EXTRACTED_TREE/╬ª┬┐├¬╧ä┬½├╣┬╡ΓîÉ╞Æ╧ä├▓Γûæ╬ª├╝Γéº_BRANCH_B_v048_REAUDIT_FULL_RESUME_1944-02-20T24_2026-08-31/06_RUNTIME/EVENT_HANDOUT_SCHEMA_v002.json
2350	╬ª┬┐├¬╧ä┬½├╣┬╡ΓîÉ╞Æ╧ä├▓Γûæ╬ª├╝Γéº_BRANCH_B_v049_FULL_HANDOFF_1944-08-04T24_2026-09-04/02_ORIGINAL_EXTRACTED_TREE/╬ª┬┐├¬╧ä┬½├╣┬╡ΓîÉ╞Æ╧ä├▓Γûæ╬ª├╝Γéº_BRANCH_B_v048_REAUDIT_FULL_RESUME_1944-02-20T24_2026-08-31/06_RUNTIME/EVENT_HANDOUT_SCHEMA_v003.json
2783	╬ª┬┐├¬╧ä┬½├╣┬╡ΓîÉ╞Æ╧ä├▓Γûæ╬ª├╝Γéº_BRANCH_B_v049_FULL_HANDOFF_1944-08-04T24_2026-09-04/02_ORIGINAL_EXTRACTED_TREE/╬ª┬┐├¬╧ä┬½├╣┬╡ΓîÉ╞Æ╧ä├▓Γûæ╬ª├╝Γéº_BRANCH_B_v048_REAUDIT_FULL_RESUME_1944-02-20T24_2026-08-31/06_RUNTIME/EVENT_HANDOUT_SCHEMA_v004.json
2782	╬ª┬┐├¬╧ä┬½├╣┬╡ΓîÉ╞Æ╧ä├▓Γûæ╬ª├╝Γéº_BRANCH_B_v049_FULL_HANDOFF_1944-08-04T24_2026-09-04/02_ORIGINAL_EXTRACTED_TREE/╬ª┬┐├¬╧ä┬½├╣┬╡ΓîÉ╞Æ╧ä├▓Γûæ╬ª├╝Γéº_BRANCH_B_v048_REAUDIT_FULL_RESUME_1944-02-20T24_2026-08-31/06_RUNTIME/EVENT_RELEVANCE_PROFILES_v001.json
3710	╬ª┬┐├¬╧ä┬½├╣┬╡ΓîÉ╞Æ╧ä├▓Γûæ╬ª├╝Γéº_BRANCH_B_v049_FULL_HANDOFF_1944-08-04T24_2026-09-04/02_ORIGINAL_EXTRACTED_TREE/╬ª┬┐├¬╧ä┬½├╣┬╡ΓîÉ╞Æ╧ä├▓Γûæ╬ª├╝Γéº_BRANCH_B_v048_REAUDIT_FULL_RESUME_1944-02-20T24_2026-08-31/06_RUNTIME/EVENT_RELEVANCE_PROFILES_v002.json
7758	╬ª┬┐├¬╧ä┬½├╣┬╡ΓîÉ╞Æ╧ä├▓Γûæ╬ª├╝Γéº_BRANCH_B_v049_FULL_HANDOFF_1944-08-04T24_2026-09-04/02_ORIGINAL_EXTRACTED_TREE/╬ª┬┐├¬╧ä┬½├╣┬╡ΓîÉ╞Æ╧ä├▓Γûæ╬ª├╝Γéº_BRANCH_B_v048_REAUDIT_FULL_RESUME_1944-02-20T24_2026-08-31/06_RUNTIME/EVENT_RELEVANCE_PROFILES_v003.json
21255	╬ª┬┐├¬╧ä┬½├╣┬╡ΓîÉ╞Æ╧ä├▓Γûæ╬ª├╝Γéº_BRANCH_B_v049_FULL_HANDOFF_1944-08-04T24_2026-09-04/02_ORIGINAL_EXTRACTED_TREE/╬ª┬┐├¬╧ä┬½├╣┬╡ΓîÉ╞Æ╧ä├▓Γûæ╬ª├╝Γéº_BRANCH_B_v048_REAUDIT_FULL_RESUME_1944-02-20T24_2026-08-31/06_RUNTIME/EXAMPLE_HANDOUT_CORAL_SEA_1942-05-07_v001.json
40532	╬ª┬┐├¬╧ä┬½├╣┬╡ΓîÉ╞Æ╧ä├▓Γûæ╬ª├╝Γéº_BRANCH_B_v049_FULL_HANDOFF_1944-08-04T24_2026-09-04/02_ORIGINAL_EXTRACTED_TREE/╬ª┬┐├¬╧ä┬½├╣┬╡ΓîÉ╞Æ╧ä├▓Γûæ╬ª├╝Γéº_BRANCH_B_v048_REAUDIT_FULL_RESUME_1944-02-20T24_2026-08-31/06_RUNTIME/EXAMPLE_HANDOUT_CORAL_SEA_1942-05-07_v002.json
44670	╬ª┬┐├¬╧ä┬½├╣┬╡ΓîÉ╞Æ╧ä├▓Γûæ╬ª├╝Γéº_BRANCH_B_v049_FULL_HANDOFF_1944-08-04T24_2026-09-04/02_ORIGINAL_EXTRACTED_TREE/╬ª┬┐├¬╧ä┬½├╣┬╡ΓîÉ╞Æ╧ä├▓Γûæ╬ª├╝Γéº_BRANCH_B_v048_REAUDIT_FULL_RESUME_1944-02-20T24_2026-08-31/06_RUNTIME/EXAMPLE_HANDOUT_CORAL_SEA_1942-05-07_v003.json
131894	╬ª┬┐├¬╧ä┬½├╣┬╡ΓîÉ╞Æ╧ä├▓Γûæ╬ª├╝Γéº_BRANCH_B_v049_FULL_HANDOFF_1944-08-04T24_2026-09-04/02_ORIGINAL_EXTRACTED_TREE/╬ª┬┐├¬╧ä┬½├╣┬╡ΓîÉ╞Æ╧ä├▓Γûæ╬ª├╝Γéº_BRANCH_B_v048_REAUDIT_FULL_RESUME_1944-02-20T24_2026-08-31/06_RUNTIME/EXAMPLE_HANDOUT_FORAGER_GATE_1944-05-01_v001.json
210706	╬ª┬┐├¬╧ä┬½├╣┬╡ΓîÉ╞Æ╧ä├▓Γûæ╬ª├╝Γéº_BRANCH_B_v049_FULL_HANDOFF_1944-08-04T24_2026-09-04/02_ORIGINAL_EXTRACTED_TREE/╬ª┬┐├¬╧ä┬½├╣┬╡ΓîÉ╞Æ╧ä├▓Γûæ╬ª├╝Γéº_BRANCH_B_v048_REAUDIT_FULL_RESUME_1944-02-20T24_2026-08-31/06_RUNTIME/EXAMPLE_HANDOUT_FORAGER_GATE_1944-05-01_v002.json
235673	╬ª┬┐├¬╧ä┬½├╣┬╡ΓîÉ╞Æ╧ä├▓Γûæ╬ª├╝Γéº_BRANCH_B_v049_FULL_HANDOFF_1944-08-04T24_2026-09-04/02_ORIGINAL_EXTRACTED_TREE/╬ª┬┐├¬╧ä┬½├╣┬╡ΓîÉ╞Æ╧ä├▓Γûæ╬ª├╝Γéº_BRANCH_B_v048_REAUDIT_FULL_RESUME_1944-02-20T24_2026-08-31/06_RUNTIME/EXAMPLE_HANDOUT_FORAGER_GATE_1944-05-01_v003.json
29082	╬ª┬┐├¬╧ä┬½├╣┬╡ΓîÉ╞Æ╧ä├▓Γûæ╬ª├╝Γéº_BRANCH_B_v049_FULL_HANDOFF_1944-08-04T24_2026-09-04/02_ORIGINAL_EXTRACTED_TREE/╬ª┬┐├¬╧ä┬½├╣┬╡ΓîÉ╞Æ╧ä├▓Γûæ╬ª├╝Γéº_BRANCH_B_v048_REAUDIT_FULL_RESUME_1944-02-20T24_2026-08-31/06_RUNTIME/EXAMPLE_HANDOUT_SURFACE_NIGHT_1942-11-13_v001.json
4744	╬ª┬┐├¬╧ä┬½├╣┬╡ΓîÉ╞Æ╧ä├▓Γûæ╬ª├╝Γéº_BRANCH_B_v049_FULL_HANDOFF_1944-08-04T24_2026-09-04/02_ORIGINAL_EXTRACTED_TREE/╬ª┬┐├¬╧ä┬½├╣┬╡ΓîÉ╞Æ╧ä├▓Γûæ╬ª├╝Γéº_BRANCH_B_v048_REAUDIT_FULL_RESUME_1944-02-20T24_2026-08-31/06_RUNTIME/FLINTLOCK_ASSAULT_APPROACH_SUBMARINE_INTERDICTION_1944-02-03_06_WORKING_v001.json
5443	╬ª┬┐├¬╧ä┬½├╣┬╡ΓîÉ╞Æ╧ä├▓Γûæ╬ª├╝Γéº_BRANCH_B_v049_FULL_HANDOFF_1944-08-04T24_2026-09-04/02_ORIGINAL_EXTRACTED_TREE/╬ª┬┐├¬╧ä┬½├╣┬╡ΓîÉ╞Æ╧ä├▓Γûæ╬ª├╝Γéº_BRANCH_B_v048_REAUDIT_FULL_RESUME_1944-02-20T24_2026-08-31/06_RUNTIME/FLINTLOCK_DDAY_DECISION_AND_LANDING_1944-02-06_WORKING_v001.json
6121	╬ª┬┐├¬╧ä┬½├╣┬╡ΓîÉ╞Æ╧ä├▓Γûæ╬ª├╝Γéº_BRANCH_B_v049_FULL_HANDOFF_1944-08-04T24_2026-09-04/02_ORIGINAL_EXTRACTED_TREE/╬ª┬┐├¬╧ä┬½├╣┬╡ΓîÉ╞Æ╧ä├▓Γûæ╬ª├╝Γéº_BRANCH_B_v048_REAUDIT_FULL_RESUME_1944-02-20T24_2026-08-31/06_RUNTIME/FLINTLOCK_DDAY_DECISION_AND_LANDING_1944-02-06_WORKING_v002.json
6387	╬ª┬┐├¬╧ä┬½├╣┬╡ΓîÉ╞Æ╧ä├▓Γûæ╬ª├╝Γéº_BRANCH_B_v049_FULL_HANDOFF_1944-08-04T24_2026-09-04/02_ORIGINAL_EXTRACTED_TREE/╬ª┬┐├¬╧ä┬½├╣┬╡ΓîÉ╞Æ╧ä├▓Γûæ╬ª├╝Γéº_BRANCH_B_v048_REAUDIT_FULL_RESUME_1944-02-20T24_2026-08-31/06_RUNTIME/FLINTLOCK_DDAY_DECISION_AND_LANDING_1944-02-06_WORKING_v003.json
6542	╬ª┬┐├¬╧ä┬½├╣┬╡ΓîÉ╞Æ╧ä├▓Γûæ╬ª├╝Γéº_BRANCH_B_v049_FULL_HANDOFF_1944-08-04T24_2026-09-04/02_ORIGINAL_EXTRACTED_TREE/╬ª┬┐├¬╧ä┬½├╣┬╡ΓîÉ╞Æ╧ä├▓Γûæ╬ª├╝Γéº_BRANCH_B_v048_REAUDIT_FULL_RESUME_1944-02-20T24_2026-08-31/06_RUNTIME/FLINTLOCK_FIRST_SUPPRESSION_STRIKE_1944-02-02_WORKING_v001.json
8590	╬ª┬┐├¬╧ä┬½├╣┬╡ΓîÉ╞Æ╧ä├▓Γûæ╬ª├╝Γéº_BRANCH_B_v049_FULL_HANDOFF_1944-08-04T24_2026-09-04/02_ORIGINAL_EXTRACTED_TREE/╬ª┬┐├¬╧ä┬½├╣┬╡ΓîÉ╞Æ╧ä├▓Γûæ╬ª├╝Γéº_BRANCH_B_v048_REAUDIT_FULL_RESUME_1944-02-20T24_2026-08-31/06_RUNTIME/FLINTLOCK_FIRST_SUPPRESSION_STRIKE_1944-02-02_WORKING_v002.json
6829	╬ª┬┐├¬╧ä┬½├╣┬╡ΓîÉ╞Æ╧ä├▓Γûæ╬ª├╝Γéº_BRANCH_B_v049_FULL_HANDOFF_1944-08-04T24_2026-09-04/02_ORIGINAL_EXTRACTED_TREE/╬ª┬┐├¬╧ä┬½├╣┬╡ΓîÉ╞Æ╧ä├▓Γûæ╬ª├╝Γéº_BRANCH_B_v048_REAUDIT_FULL_RESUME_1944-02-20T24_2026-08-31/06_RUNTIME/FLINTLOCK_SECOND_SUPPRESSION_CYCLE_1944-02-02_WORKING_v001.json
7458	╬ª┬┐├¬╧ä┬½├╣┬╡ΓîÉ╞Æ╧ä├▓Γûæ╬ª├╝Γéº_BRANCH_B_v049_FULL_HANDOFF_1944-08-04T24_2026-09-04/02_ORIGINAL_EXTRACTED_TREE/╬ª┬┐├¬╧ä┬½├╣┬╡ΓîÉ╞Æ╧ä├▓Γûæ╬ª├╝Γéº_BRANCH_B_v048_REAUDIT_FULL_RESUME_1944-02-20T24_2026-08-31/06_RUNTIME/FLINTLOCK_SECOND_SUPPRESSION_CYCLE_1944-02-02_WORKING_v002.json
4803	╬ª┬┐├¬╧ä┬½├╣┬╡ΓîÉ╞Æ╧ä├▓Γûæ╬ª├╝Γéº_BRANCH_B_v049_FULL_HANDOFF_1944-08-04T24_2026-09-04/02_ORIGINAL_EXTRACTED_TREE/╬ª┬┐├¬╧ä┬½├╣┬╡ΓîÉ╞Æ╧ä├▓Γûæ╬ª├╝Γéº_BRANCH_B_v048_REAUDIT_FULL_RESUME_1944-02-20T24_2026-08-31/06_RUNTIME/FOUNDATIONAL_BASELINE_REAUDIT_1944-01-01_v001.md
5868	╬ª┬┐├¬╧ä┬½├╣┬╡ΓîÉ╞Æ╧ä├▓Γûæ╬ª├╝Γéº_BRANCH_B_v049_FULL_HANDOFF_1944-08-04T24_2026-09-04/02_ORIGINAL_EXTRACTED_TREE/╬ª┬┐├¬╧ä┬½├╣┬╡ΓîÉ╞Æ╧ä├▓Γûæ╬ª├╝Γéº_BRANCH_B_v048_REAUDIT_FULL_RESUME_1944-02-20T24_2026-08-31/06_RUNTIME/GALVANIC_AIRCRAFT_AFTER_ACTION_LESSONS_1943-12_v001.md
4233	╬ª┬┐├¬╧ä┬½├╣┬╡ΓîÉ╞Æ╧ä├▓Γûæ╬ª├╝Γéº_BRANCH_B_v049_FULL_HANDOFF_1944-08-04T24_2026-09-04/02_ORIGINAL_EXTRACTED_TREE/╬ª┬┐├¬╧ä┬½├╣┬╡ΓîÉ╞Æ╧ä├▓Γûæ╬ª├╝Γéº_BRANCH_B_v048_REAUDIT_FULL_RESUME_1944-02-20T24_2026-08-31/06_RUNTIME/GALVANIC_AIRCRAFT_AFTER_ACTION_LESSONS_1943-12_v002.md
3181	╬ª┬┐├¬╧ä┬½├╣┬╡ΓîÉ╞Æ╧ä├▓Γûæ╬ª├╝Γéº_BRANCH_B_v049_FULL_HANDOFF_1944-08-04T24_2026-09-04/02_ORIGINAL_EXTRACTED_TREE/╬ª┬┐├¬╧ä┬½├╣┬╡ΓîÉ╞Æ╧ä├▓Γûæ╬ª├╝Γéº_BRANCH_B_v048_REAUDIT_FULL_RESUME_1944-02-20T24_2026-08-31/06_RUNTIME/GALVANIC_BRANCH_B_1943-11_REAUDIT_GATE_v001.md
2436	╬ª┬┐├¬╧ä┬½├╣┬╡ΓîÉ╞Æ╧ä├▓Γûæ╬ª├╝Γéº_BRANCH_B_v049_FULL_HANDOFF_1944-08-04T24_2026-09-04/02_ORIGINAL_EXTRACTED_TREE/╬ª┬┐├¬╧ä┬½├╣┬╡ΓîÉ╞Æ╧ä├▓Γûæ╬ª├╝Γéº_BRANCH_B_v048_REAUDIT_FULL_RESUME_1944-02-20T24_2026-08-31/06_RUNTIME/GALVANIC_BRANCH_B_1943-11_SETTLEMENT_v001.md
13112	╬ª┬┐├¬╧ä┬½├╣┬╡ΓîÉ╞Æ╧ä├▓Γûæ╬ª├╝Γéº_BRANCH_B_v049_FULL_HANDOFF_1944-08-04T24_2026-09-04/02_ORIGINAL_EXTRACTED_TREE/╬ª┬┐├¬╧ä┬½├╣┬╡ΓîÉ╞Æ╧ä├▓Γûæ╬ª├╝Γéº_BRANCH_B_v048_REAUDIT_FULL_RESUME_1944-02-20T24_2026-08-31/06_RUNTIME/GALVANIC_BRANCH_B_1943-11_SETTLEMENT_v002.md
14407	╬ª┬┐├¬╧ä┬½├╣┬╡ΓîÉ╞Æ╧ä├▓Γûæ╬ª├╝Γéº_BRANCH_B_v049_FULL_HANDOFF_1944-08-04T24_2026-09-04/02_ORIGINAL_EXTRACTED_TREE/╬ª┬┐├¬╧ä┬½├╣┬╡ΓîÉ╞Æ╧ä├▓Γûæ╬ª├╝Γéº_BRANCH_B_v048_REAUDIT_FULL_RESUME_1944-02-20T24_2026-08-31/06_RUNTIME/GALVANIC_BRANCH_B_1943-11_SETTLEMENT_v003.md
17187	╬ª┬┐├¬╧ä┬½├╣┬╡ΓîÉ╞Æ╧ä├▓Γûæ╬ª├╝Γéº_BRANCH_B_v049_FULL_HANDOFF_1944-08-04T24_2026-09-04/02_ORIGINAL_EXTRACTED_TREE/╬ª┬┐├¬╧ä┬½├╣┬╡ΓîÉ╞Æ╧ä├▓Γûæ╬ª├╝Γéº_BRANCH_B_v048_REAUDIT_FULL_RESUME_1944-02-20T24_2026-08-31/06_RUNTIME/GALVANIC_BRANCH_B_1943-11_SETTLEMENT_v004.md
4913	╬ª┬┐├¬╧ä┬½├╣┬╡ΓîÉ╞Æ╧ä├▓Γûæ╬ª├╝Γéº_BRANCH_B_v049_FULL_HANDOFF_1944-08-04T24_2026-09-04/02_ORIGINAL_EXTRACTED_TREE/╬ª┬┐├¬╧ä┬½├╣┬╡ΓîÉ╞Æ╧ä├▓Γûæ╬ª├╝Γéº_BRANCH_B_v048_REAUDIT_FULL_RESUME_1944-02-20T24_2026-08-31/06_RUNTIME/GALVANIC_DAMAGE_REPAIR_REGEN_LEDGER_1943-11_1944Q1_v001.json
5319	╬ª┬┐├¬╧ä┬½├╣┬╡ΓîÉ╞Æ╧ä├▓Γûæ╬ª├╝Γéº_BRANCH_B_v049_FULL_HANDOFF_1944-08-04T24_2026-09-04/02_ORIGINAL_EXTRACTED_TREE/╬ª┬┐├¬╧ä┬½├╣┬╡ΓîÉ╞Æ╧ä├▓Γûæ╬ª├╝Γéº_BRANCH_B_v048_REAUDIT_FULL_RESUME_1944-02-20T24_2026-08-31/06_RUNTIME/GALVANIC_DAMAGE_REPAIR_REGEN_LEDGER_1943-11_1944Q1_v002.json
5252	╬ª┬┐├¬╧ä┬½├╣┬╡ΓîÉ╞Æ╧ä├▓Γûæ╬ª├╝Γéº_BRANCH_B_v049_FULL_HANDOFF_1944-08-04T24_2026-09-04/02_ORIGINAL_EXTRACTED_TREE/╬ª┬┐├¬╧ä┬½├╣┬╡ΓîÉ╞Æ╧ä├▓Γûæ╬ª├╝Γéº_BRANCH_B_v048_REAUDIT_FULL_RESUME_1944-02-20T24_2026-08-31/06_RUNTIME/GALVANIC_FIGHTER_MICROCOMBAT_REAUDIT_1943-11_v001.md
11634	╬ª┬┐├¬╧ä┬½├╣┬╡ΓîÉ╞Æ╧ä├▓Γûæ╬ª├╝Γéº_BRANCH_B_v049_FULL_HANDOFF_1944-08-04T24_2026-09-04/02_ORIGINAL_EXTRACTED_TREE/╬ª┬┐├¬╧ä┬½├╣┬╡ΓîÉ╞Æ╧ä├▓Γûæ╬ª├╝Γéº_BRANCH_B_v048_REAUDIT_FULL_RESUME_1944-02-20T24_2026-08-31/06_RUNTIME/GALVANIC_FIGHTER_MICROCOMBAT_RESULT_1943-11_v001.json
7519	╬ª┬┐├¬╧ä┬½├╣┬╡ΓîÉ╞Æ╧ä├▓Γûæ╬ª├╝Γéº_BRANCH_B_v049_FULL_HANDOFF_1944-08-04T24_2026-09-04/02_ORIGINAL_EXTRACTED_TREE/╬ª┬┐├¬╧ä┬½├╣┬╡ΓîÉ╞Æ╧ä├▓Γûæ╬ª├╝Γéº_BRANCH_B_v048_REAUDIT_FULL_RESUME_1944-02-20T24_2026-08-31/06_RUNTIME/GALVANIC_FINAL_OUTCOME_LEDGER_1943-11_12_v001.json
8252	╬ª┬┐├¬╧ä┬½├╣┬╡ΓîÉ╞Æ╧ä├▓Γûæ╬ª├╝Γéº_BRANCH_B_v049_FULL_HANDOFF_1944-08-04T24_2026-09-04/02_ORIGINAL_EXTRACTED_TREE/╬ª┬┐├¬╧ä┬½├╣┬╡ΓîÉ╞Æ╧ä├▓Γûæ╬ª├╝Γéº_BRANCH_B_v048_REAUDIT_FULL_RESUME_1944-02-20T24_2026-08-31/06_RUNTIME/GALVANIC_FINAL_OUTCOME_LEDGER_1943-11_12_v002.json
10440	╬ª┬┐├¬╧ä┬½├╣┬╡ΓîÉ╞Æ╧ä├▓Γûæ╬ª├╝Γéº_BRANCH_B_v049_FULL_HANDOFF_1944-08-04T24_2026-09-04/02_ORIGINAL_EXTRACTED_TREE/╬ª┬┐├¬╧ä┬½├╣┬╡ΓîÉ╞Æ╧ä├▓Γûæ╬ª├╝Γéº_BRANCH_B_v048_REAUDIT_FULL_RESUME_1944-02-20T24_2026-08-31/06_RUNTIME/GALVANIC_FINAL_OUTCOME_LEDGER_1943-11_12_v003.json
10825	╬ª┬┐├¬╧ä┬½├╣┬╡ΓîÉ╞Æ╧ä├▓Γûæ╬ª├╝Γéº_BRANCH_B_v049_FULL_HANDOFF_1944-08-04T24_2026-09-04/02_ORIGINAL_EXTRACTED_TREE/╬ª┬┐├¬╧ä┬½├╣┬╡ΓîÉ╞Æ╧ä├▓Γûæ╬ª├╝Γéº_BRANCH_B_v048_REAUDIT_FULL_RESUME_1944-02-20T24_2026-08-31/06_RUNTIME/GALVANIC_FIRST_CONTACT_LEDGER_1943-11-22_23_v001.json
7421	╬ª┬┐├¬╧ä┬½├╣┬╡ΓîÉ╞Æ╧ä├▓Γûæ╬ª├╝Γéº_BRANCH_B_v049_FULL_HANDOFF_1944-08-04T24_2026-09-04/02_ORIGINAL_EXTRACTED_TREE/╬ª┬┐├¬╧ä┬½├╣┬╡ΓîÉ╞Æ╧ä├▓Γûæ╬ª├╝Γéº_BRANCH_B_v048_REAUDIT_FULL_RESUME_1944-02-20T24_2026-08-31/06_RUNTIME/GALVANIC_FIRST_CONTACT_REAUDIT_1943-11-22_23_v001.md
2154	╬ª┬┐├¬╧ä┬½├╣┬╡ΓîÉ╞Æ╧ä├▓Γûæ╬ª├╝Γéº_BRANCH_B_v049_FULL_HANDOFF_1944-08-04T24_2026-09-04/02_ORIGINAL_EXTRACTED_TREE/╬ª┬┐├¬╧ä┬½├╣┬╡ΓîÉ╞Æ╧ä├▓Γûæ╬ª├╝Γéº_BRANCH_B_v048_REAUDIT_FULL_RESUME_1944-02-20T24_2026-08-31/06_RUNTIME/GALVANIC_FORECAST_BRANCH_B_1943SUMMER_v001.md
3756	╬ª┬┐├¬╧ä┬½├╣┬╡ΓîÉ╞Æ╧ä├▓Γûæ╬ª├╝Γéº_BRANCH_B_v049_FULL_HANDOFF_1944-08-04T24_2026-09-04/02_ORIGINAL_EXTRACTED_TREE/╬ª┬┐├¬╧ä┬½├╣┬╡ΓîÉ╞Æ╧ä├▓Γûæ╬ª├╝Γéº_BRANCH_B_v048_REAUDIT_FULL_RESUME_1944-02-20T24_2026-08-31/06_RUNTIME/GALVANIC_KINSEI_ZERO_FIELDING_GATE_1943-11_v001.json
4814	╬ª┬┐├¬╧ä┬½├╣┬╡ΓîÉ╞Æ╧ä├▓Γûæ╬ª├╝Γéº_BRANCH_B_v049_FULL_HANDOFF_1944-08-04T24_2026-09-04/02_ORIGINAL_EXTRACTED_TREE/╬ª┬┐├¬╧ä┬½├╣┬╡ΓîÉ╞Æ╧ä├▓Γûæ╬ª├╝Γéº_BRANCH_B_v048_REAUDIT_FULL_RESUME_1944-02-20T24_2026-08-31/06_RUNTIME/GALVANIC_KINSEI_ZERO_FIELDING_GATE_1943-11_v002.json
4903	╬ª┬┐├¬╧ä┬½├╣┬╡ΓîÉ╞Æ╧ä├▓Γûæ╬ª├╝Γéº_BRANCH_B_v049_FULL_HANDOFF_1944-08-04T24_2026-09-04/02_ORIGINAL_EXTRACTED_TREE/╬ª┬┐├¬╧ä┬½├╣┬╡ΓîÉ╞Æ╧ä├▓Γûæ╬ª├╝Γéº_BRANCH_B_v048_REAUDIT_FULL_RESUME_1944-02-20T24_2026-08-31/06_RUNTIME/GALVANIC_REAUDIT_GATE_1943-10_11_v001.md
3997	╬ª┬┐├¬╧ä┬½├╣┬╡ΓîÉ╞Æ╧ä├▓Γûæ╬ª├╝Γéº_BRANCH_B_v049_FULL_HANDOFF_1944-08-04T24_2026-09-04/02_ORIGINAL_EXTRACTED_TREE/╬ª┬┐├¬╧ä┬½├╣┬╡ΓîÉ╞Æ╧ä├▓Γûæ╬ª├╝Γéº_BRANCH_B_v048_REAUDIT_FULL_RESUME_1944-02-20T24_2026-08-31/06_RUNTIME/GALVANIC_REAUDIT_GUARD_1943-10-01_v001.json
15673	╬ª┬┐├¬╧ä┬½├╣┬╡ΓîÉ╞Æ╧ä├▓Γûæ╬ª├╝Γéº_BRANCH_B_v049_FULL_HANDOFF_1944-08-04T24_2026-09-04/02_ORIGINAL_EXTRACTED_TREE/╬ª┬┐├¬╧ä┬½├╣┬╡ΓîÉ╞Æ╧ä├▓Γûæ╬ª├╝Γéº_BRANCH_B_v048_REAUDIT_FULL_RESUME_1944-02-20T24_2026-08-31/06_RUNTIME/GALVANIC_SORTIE_MOBILIZATION_LEDGER_1943-11-10_23_v001.json
8427	╬ª┬┐├¬╧ä┬½├╣┬╡ΓîÉ╞Æ╧ä├▓Γûæ╬ª├╝Γéº_BRANCH_B_v049_FULL_HANDOFF_1944-08-04T24_2026-09-04/02_ORIGINAL_EXTRACTED_TREE/╬ª┬┐├¬╧ä┬½├╣┬╡ΓîÉ╞Æ╧ä├▓Γûæ╬ª├╝Γéº_BRANCH_B_v048_REAUDIT_FULL_RESUME_1944-02-20T24_2026-08-31/06_RUNTIME/GALVANIC_SORTIE_START_REAUDIT_1943-11-10_23_v001.md
4825	╬ª┬┐├¬╧ä┬½├╣┬╡ΓîÉ╞Æ╧ä├▓Γûæ╬ª├╝Γéº_BRANCH_B_v049_FULL_HANDOFF_1944-08-04T24_2026-09-04/02_ORIGINAL_EXTRACTED_TREE/╬ª┬┐├¬╧ä┬½├╣┬╡ΓîÉ╞Æ╧ä├▓Γûæ╬ª├╝Γéº_BRANCH_B_v048_REAUDIT_FULL_RESUME_1944-02-20T24_2026-08-31/06_RUNTIME/GLOBAL_1943Q3_SYNCHRONIZATION_LEDGER_v001.md
12476	╬ª┬┐├¬╧ä┬½├╣┬╡ΓîÉ╞Æ╧ä├▓Γûæ╬ª├╝Γéº_BRANCH_B_v049_FULL_HANDOFF_1944-08-04T24_2026-09-04/02_ORIGINAL_EXTRACTED_TREE/╬ª┬┐├¬╧ä┬½├╣┬╡ΓîÉ╞Æ╧ä├▓Γûæ╬ª├╝Γéº_BRANCH_B_v048_REAUDIT_FULL_RESUME_1944-02-20T24_2026-08-31/06_RUNTIME/HANZHONG_GUANGYUAN_ACTIVE_PRESSURE_AUDIT_1944-04-25_v001.md
2977	╬ª┬┐├¬╧ä┬½├╣┬╡ΓîÉ╞Æ╧ä├▓Γûæ╬ª├╝Γéº_BRANCH_B_v049_FULL_HANDOFF_1944-08-04T24_2026-09-04/02_ORIGINAL_EXTRACTED_TREE/╬ª┬┐├¬╧ä┬½├╣┬╡ΓîÉ╞Æ╧ä├▓Γûæ╬ª├╝Γéº_BRANCH_B_v048_REAUDIT_FULL_RESUME_1944-02-20T24_2026-08-31/06_RUNTIME/HANZHONG_GUANGYUAN_ACTIVE_PRESSURE_LEDGER_1944-04-25_v001.json
11142	╬ª┬┐├¬╧ä┬½├╣┬╡ΓîÉ╞Æ╧ä├▓Γûæ╬ª├╝Γéº_BRANCH_B_v049_FULL_HANDOFF_1944-08-04T24_2026-09-04/02_ORIGINAL_EXTRACTED_TREE/╬ª┬┐├¬╧ä┬½├╣┬╡ΓîÉ╞Æ╧ä├▓Γûæ╬ª├╝Γéº_BRANCH_B_v048_REAUDIT_FULL_RESUME_1944-02-20T24_2026-08-31/06_RUNTIME/HANZHONG_SICHUAN_TRANSPORT_INTERDICTION_AUDIT_1944-04-25_v001.md
4049	╬ª┬┐├¬╧ä┬½├╣┬╡ΓîÉ╞Æ╧ä├▓Γûæ╬ª├╝Γéº_BRANCH_B_v049_FULL_HANDOFF_1944-08-04T24_2026-09-04/02_ORIGINAL_EXTRACTED_TREE/╬ª┬┐├¬╧ä┬½├╣┬╡ΓîÉ╞Æ╧ä├▓Γûæ╬ª├╝Γéº_BRANCH_B_v048_REAUDIT_FULL_RESUME_1944-02-20T24_2026-08-31/06_RUNTIME/HANZHONG_SICHUAN_TRANSPORT_INTERDICTION_LEDGER_1944-04-25_v001.json
1905	╬ª┬┐├¬╧ä┬½├╣┬╡ΓîÉ╞Æ╧ä├▓Γûæ╬ª├╝Γéº_BRANCH_B_v049_FULL_HANDOFF_1944-08-04T24_2026-09-04/02_ORIGINAL_EXTRACTED_TREE/╬ª┬┐├¬╧ä┬½├╣┬╡ΓîÉ╞Æ╧ä├▓Γûæ╬ª├╝Γéº_BRANCH_B_v048_REAUDIT_FULL_RESUME_1944-02-20T24_2026-08-31/06_RUNTIME/I400_SEIRAN_READINESS_GATE_1944_v001.md
8888	╬ª┬┐├¬╧ä┬½├╣┬╡ΓîÉ╞Æ╧ä├▓Γûæ╬ª├╝Γéº_BRANCH_B_v049_FULL_HANDOFF_1944-08-04T24_2026-09-04/02_ORIGINAL_EXTRACTED_TREE/╬ª┬┐├¬╧ä┬½├╣┬╡ΓîÉ╞Æ╧ä├▓Γûæ╬ª├╝Γéº_BRANCH_B_v048_REAUDIT_FULL_RESUME_1944-02-20T24_2026-08-31/06_RUNTIME/INDIAN_OCEAN_BURMA_COASTAL_OPERATION_STUDY_1943-06_09_v001.md
3093	╬ª┬┐├¬╧ä┬½├╣┬╡ΓîÉ╞Æ╧ä├▓Γûæ╬ª├╝Γéº_BRANCH_B_v049_FULL_HANDOFF_1944-08-04T24_2026-09-04/02_ORIGINAL_EXTRACTED_TREE/╬ª┬┐├¬╧ä┬½├╣┬╡ΓîÉ╞Æ╧ä├▓Γûæ╬ª├╝Γéº_BRANCH_B_v048_REAUDIT_FULL_RESUME_1944-02-20T24_2026-08-31/06_RUNTIME/INDUSTRIAL_LOGISTICS_REVALIDATION_1941_1942Q2_v001.md
14455	╬ª┬┐├¬╧ä┬½├╣┬╡ΓîÉ╞Æ╧ä├▓Γûæ╬ª├╝Γéº_BRANCH_B_v049_FULL_HANDOFF_1944-08-04T24_2026-09-04/02_ORIGINAL_EXTRACTED_TREE/╬ª┬┐├¬╧ä┬½├╣┬╡ΓîÉ╞Æ╧ä├▓Γûæ╬ª├╝Γéº_BRANCH_B_v048_REAUDIT_FULL_RESUME_1944-02-20T24_2026-08-31/06_RUNTIME/JAPANESE_LAND_COMBAT_HARDWARE_LINEAGE_1932_1944_WORKING_v001.json
3982	╬ª┬┐├¬╧ä┬½├╣┬╡ΓîÉ╞Æ╧ä├▓Γûæ╬ª├╝Γéº_BRANCH_B_v049_FULL_HANDOFF_1944-08-04T24_2026-09-04/02_ORIGINAL_EXTRACTED_TREE/╬ª┬┐├¬╧ä┬½├╣┬╡ΓîÉ╞Æ╧ä├▓Γûæ╬ª├╝Γéº_BRANCH_B_v048_REAUDIT_FULL_RESUME_1944-02-20T24_2026-08-31/06_RUNTIME/JAPANESE_LAND_COMBAT_INTEGRATED_SYNTHESIS_1932_1944_WORKING_v001.json
4963	╬ª┬┐├¬╧ä┬½├╣┬╡ΓîÉ╞Æ╧ä├▓Γûæ╬ª├╝Γéº_BRANCH_B_v049_FULL_HANDOFF_1944-08-04T24_2026-09-04/02_ORIGINAL_EXTRACTED_TREE/╬ª┬┐├¬╧ä┬½├╣┬╡ΓîÉ╞Æ╧ä├▓Γûæ╬ª├╝Γéº_BRANCH_B_v048_REAUDIT_FULL_RESUME_1944-02-20T24_2026-08-31/06_RUNTIME/JAPANESE_LAND_COMBAT_INTEGRATED_SYNTHESIS_1932_1944_WORKING_v002.json
9576	╬ª┬┐├¬╧ä┬½├╣┬╡ΓîÉ╞Æ╧ä├▓Γûæ╬ª├╝Γéº_BRANCH_B_v049_FULL_HANDOFF_1944-08-04T24_2026-09-04/02_ORIGINAL_EXTRACTED_TREE/╬ª┬┐├¬╧ä┬½├╣┬╡ΓîÉ╞Æ╧ä├▓Γûæ╬ª├╝Γéº_BRANCH_B_v048_REAUDIT_FULL_RESUME_1944-02-20T24_2026-08-31/06_RUNTIME/JAPANESE_LAND_VEHICLE_ARMOR_LINEAGE_1932_1944_WORKING_v001.json
4279	╬ª┬┐├¬╧ä┬½├╣┬╡ΓîÉ╞Æ╧ä├▓Γûæ╬ª├╝Γéº_BRANCH_B_v049_FULL_HANDOFF_1944-08-04T24_2026-09-04/02_ORIGINAL_EXTRACTED_TREE/╬ª┬┐├¬╧ä┬½├╣┬╡ΓîÉ╞Æ╧ä├▓Γûæ╬ª├╝Γéº_BRANCH_B_v048_REAUDIT_FULL_RESUME_1944-02-20T24_2026-08-31/06_RUNTIME/JAPAN_AMPHIBIOUS_NAVAL_WALLET_1943-07_09_v001.json
3671	╬ª┬┐├¬╧ä┬½├╣┬╡ΓîÉ╞Æ╧ä├▓Γûæ╬ª├╝Γéº_BRANCH_B_v049_FULL_HANDOFF_1944-08-04T24_2026-09-04/02_ORIGINAL_EXTRACTED_TREE/╬ª┬┐├¬╧ä┬½├╣┬╡ΓîÉ╞Æ╧ä├▓Γûæ╬ª├╝Γéº_BRANCH_B_v048_REAUDIT_FULL_RESUME_1944-02-20T24_2026-08-31/06_RUNTIME/JAPAN_CARRIER_DAWN_STRIKE_1944-02-03_WORKING_v001.json
1877	╬ª┬┐├¬╧ä┬½├╣┬╡ΓîÉ╞Æ╧ä├▓Γûæ╬ª├╝Γéº_BRANCH_B_v049_FULL_HANDOFF_1944-08-04T24_2026-09-04/02_ORIGINAL_EXTRACTED_TREE/╬ª┬┐├¬╧ä┬½├╣┬╡ΓîÉ╞Æ╧ä├▓Γûæ╬ª├╝Γéº_BRANCH_B_v048_REAUDIT_FULL_RESUME_1944-02-20T24_2026-08-31/06_RUNTIME/JAPAN_FIRST_LINE_CARRIER_BATTLE_STATE_1944-02-03T1530_WORKING_v001.json
3387	╬ª┬┐├¬╧ä┬½├╣┬╡ΓîÉ╞Æ╧ä├▓Γûæ╬ª├╝Γéº_BRANCH_B_v049_FULL_HANDOFF_1944-08-04T24_2026-09-04/02_ORIGINAL_EXTRACTED_TREE/╬ª┬┐├¬╧ä┬½├╣┬╡ΓîÉ╞Æ╧ä├▓Γûæ╬ª├╝Γéº_BRANCH_B_v048_REAUDIT_FULL_RESUME_1944-02-20T24_2026-08-31/06_RUNTIME/JAPAN_FIRST_LINE_CARRIER_HOLDING_FORCE_1944-01-28_02-02_WORKING_v001.json
2036	╬ª┬┐├¬╧ä┬½├╣┬╡ΓîÉ╞Æ╧ä├▓Γûæ╬ª├╝Γéº_BRANCH_B_v049_FULL_HANDOFF_1944-08-04T24_2026-09-04/02_ORIGINAL_EXTRACTED_TREE/╬ª┬┐├¬╧ä┬½├╣┬╡ΓîÉ╞Æ╧ä├▓Γûæ╬ª├╝Γéº_BRANCH_B_v048_REAUDIT_FULL_RESUME_1944-02-20T24_2026-08-31/06_RUNTIME/JAPAN_FIRST_LINE_CARRIER_HOLDING_FORCE_1944-01-28_02-02_WORKING_v002.json
3482	╬ª┬┐├¬╧ä┬½├╣┬╡ΓîÉ╞Æ╧ä├▓Γûæ╬ª├╝Γéº_BRANCH_B_v049_FULL_HANDOFF_1944-08-04T24_2026-09-04/02_ORIGINAL_EXTRACTED_TREE/╬ª┬┐├¬╧ä┬½├╣┬╡ΓîÉ╞Æ╧ä├▓Γûæ╬ª├╝Γéº_BRANCH_B_v048_REAUDIT_FULL_RESUME_1944-02-20T24_2026-08-31/06_RUNTIME/JAPAN_FIRST_LINE_CARRIER_HOLDING_FORCE_1944-01-28_02-02_WORKING_v003.json
6139	╬ª┬┐├¬╧ä┬½├╣┬╡ΓîÉ╞Æ╧ä├▓Γûæ╬ª├╝Γéº_BRANCH_B_v049_FULL_HANDOFF_1944-08-04T24_2026-09-04/02_ORIGINAL_EXTRACTED_TREE/╬ª┬┐├¬╧ä┬½├╣┬╡ΓîÉ╞Æ╧ä├▓Γûæ╬ª├╝Γéº_BRANCH_B_v048_REAUDIT_FULL_RESUME_1944-02-20T24_2026-08-31/06_RUNTIME/JAPAN_HULL_RECONCILIATION_1944-01-01_WORKING_v001.json
10943	╬ª┬┐├¬╧ä┬½├╣┬╡ΓîÉ╞Æ╧ä├▓Γûæ╬ª├╝Γéº_BRANCH_B_v049_FULL_HANDOFF_1944-08-04T24_2026-09-04/02_ORIGINAL_EXTRACTED_TREE/╬ª┬┐├¬╧ä┬½├╣┬╡ΓîÉ╞Æ╧ä├▓Γûæ╬ª├╝Γéº_BRANCH_B_v048_REAUDIT_FULL_RESUME_1944-02-20T24_2026-08-31/06_RUNTIME/JAPAN_HULL_RECONCILIATION_1944-01-01_WORKING_v002.json
16045	╬ª┬┐├¬╧ä┬½├╣┬╡ΓîÉ╞Æ╧ä├▓Γûæ╬ª├╝Γéº_BRANCH_B_v049_FULL_HANDOFF_1944-08-04T24_2026-09-04/02_ORIGINAL_EXTRACTED_TREE/╬ª┬┐├¬╧ä┬½├╣┬╡ΓîÉ╞Æ╧ä├▓Γûæ╬ª├╝Γéº_BRANCH_B_v048_REAUDIT_FULL_RESUME_1944-02-20T24_2026-08-31/06_RUNTIME/JAPAN_HULL_RECONCILIATION_1944-01-01_WORKING_v003.json
16595	╬ª┬┐├¬╧ä┬½├╣┬╡ΓîÉ╞Æ╧ä├▓Γûæ╬ª├╝Γéº_BRANCH_B_v049_FULL_HANDOFF_1944-08-04T24_2026-09-04/02_ORIGINAL_EXTRACTED_TREE/╬ª┬┐├¬╧ä┬½├╣┬╡ΓîÉ╞Æ╧ä├▓Γûæ╬ª├╝Γéº_BRANCH_B_v048_REAUDIT_FULL_RESUME_1944-02-20T24_2026-08-31/06_RUNTIME/JAPAN_HULL_RECONCILIATION_1944-01-01_WORKING_v004.json
7208	╬ª┬┐├¬╧ä┬½├╣┬╡ΓîÉ╞Æ╧ä├▓Γûæ╬ª├╝Γéº_BRANCH_B_v049_FULL_HANDOFF_1944-08-04T24_2026-09-04/02_ORIGINAL_EXTRACTED_TREE/╬ª┬┐├¬╧ä┬½├╣┬╡ΓîÉ╞Æ╧ä├▓Γûæ╬ª├╝Γéº_BRANCH_B_v048_REAUDIT_FULL_RESUME_1944-02-20T24_2026-08-31/06_RUNTIME/JAPAN_INDIAN_OCEAN_REINFORCEMENT_CANDIDATES_1944-01_WORKING_v001.json
5100	╬ª┬┐├¬╧ä┬½├╣┬╡ΓîÉ╞Æ╧ä├▓Γûæ╬ª├╝Γéº_BRANCH_B_v049_FULL_HANDOFF_1944-08-04T24_2026-09-04/02_ORIGINAL_EXTRACTED_TREE/╬ª┬┐├¬╧ä┬½├╣┬╡ΓîÉ╞Æ╧ä├▓Γûæ╬ª├╝Γéº_BRANCH_B_v048_REAUDIT_FULL_RESUME_1944-02-20T24_2026-08-31/06_RUNTIME/JAPAN_INDIAN_OCEAN_REINFORCEMENT_CANDIDATES_1944-01_WORKING_v002.json
6159	╬ª┬┐├¬╧ä┬½├╣┬╡ΓîÉ╞Æ╧ä├▓Γûæ╬ª├╝Γéº_BRANCH_B_v049_FULL_HANDOFF_1944-08-04T24_2026-09-04/02_ORIGINAL_EXTRACTED_TREE/╬ª┬┐├¬╧ä┬½├╣┬╡ΓîÉ╞Æ╧ä├▓Γûæ╬ª├╝Γéº_BRANCH_B_v048_REAUDIT_FULL_RESUME_1944-02-20T24_2026-08-31/06_RUNTIME/JAPAN_INDIAN_OCEAN_REINFORCEMENT_CANDIDATES_1944-01_WORKING_v003.json
8959	╬ª┬┐├¬╧ä┬½├╣┬╡ΓîÉ╞Æ╧ä├▓Γûæ╬ª├╝Γéº_BRANCH_B_v049_FULL_HANDOFF_1944-08-04T24_2026-09-04/02_ORIGINAL_EXTRACTED_TREE/╬ª┬┐├¬╧ä┬½├╣┬╡ΓîÉ╞Æ╧ä├▓Γûæ╬ª├╝Γéº_BRANCH_B_v048_REAUDIT_FULL_RESUME_1944-02-20T24_2026-08-31/06_RUNTIME/JAPAN_INDIAN_OCEAN_REINFORCEMENT_CANDIDATES_1944-01_WORKING_v004.json
9708	╬ª┬┐├¬╧ä┬½├╣┬╡ΓîÉ╞Æ╧ä├▓Γûæ╬ª├╝Γéº_BRANCH_B_v049_FULL_HANDOFF_1944-08-04T24_2026-09-04/02_ORIGINAL_EXTRACTED_TREE/╬ª┬┐├¬╧ä┬½├╣┬╡ΓîÉ╞Æ╧ä├▓Γûæ╬ª├╝Γéº_BRANCH_B_v048_REAUDIT_FULL_RESUME_1944-02-20T24_2026-08-31/06_RUNTIME/JAPAN_INDIAN_OCEAN_REINFORCEMENT_CANDIDATES_1944-01_WORKING_v005.json
11293	╬ª┬┐├¬╧ä┬½├╣┬╡ΓîÉ╞Æ╧ä├▓Γûæ╬ª├╝Γéº_BRANCH_B_v049_FULL_HANDOFF_1944-08-04T24_2026-09-04/02_ORIGINAL_EXTRACTED_TREE/╬ª┬┐├¬╧ä┬½├╣┬╡ΓîÉ╞Æ╧ä├▓Γûæ╬ª├╝Γéº_BRANCH_B_v048_REAUDIT_FULL_RESUME_1944-02-20T24_2026-08-31/06_RUNTIME/JAPAN_INDIAN_OCEAN_REINFORCEMENT_CANDIDATES_1944-01_WORKING_v006.json
13800	╬ª┬┐├¬╧ä┬½├╣┬╡ΓîÉ╞Æ╧ä├▓Γûæ╬ª├╝Γéº_BRANCH_B_v049_FULL_HANDOFF_1944-08-04T24_2026-09-04/02_ORIGINAL_EXTRACTED_TREE/╬ª┬┐├¬╧ä┬½├╣┬╡ΓîÉ╞Æ╧ä├▓Γûæ╬ª├╝Γéº_BRANCH_B_v048_REAUDIT_FULL_RESUME_1944-02-20T24_2026-08-31/06_RUNTIME/JAPAN_JET_DEVELOPMENT_REAUDIT_1944_1945_WORKING_v001.json
1825	╬ª┬┐├¬╧ä┬½├╣┬╡ΓîÉ╞Æ╧ä├▓Γûæ╬ª├╝Γéº_BRANCH_B_v049_FULL_HANDOFF_1944-08-04T24_2026-09-04/02_ORIGINAL_EXTRACTED_TREE/╬ª┬┐├¬╧ä┬½├╣┬╡ΓîÉ╞Æ╧ä├▓Γûæ╬ª├╝Γéº_BRANCH_B_v048_REAUDIT_FULL_RESUME_1944-02-20T24_2026-08-31/06_RUNTIME/JAPAN_JET_PRE_I29_TECH_GATE_v001.md
2839	╬ª┬┐├¬╧ä┬½├╣┬╡ΓîÉ╞Æ╧ä├▓Γûæ╬ª├╝Γéº_BRANCH_B_v049_FULL_HANDOFF_1944-08-04T24_2026-09-04/02_ORIGINAL_EXTRACTED_TREE/╬ª┬┐├¬╧ä┬½├╣┬╡ΓîÉ╞Æ╧ä├▓Γûæ╬ª├╝Γéº_BRANCH_B_v048_REAUDIT_FULL_RESUME_1944-02-20T24_2026-08-31/06_RUNTIME/JAPAN_NAVAL_FORCE_REOPEN_GATE_1944_v001.md
1540	╬ª┬┐├¬╧ä┬½├╣┬╡ΓîÉ╞Æ╧ä├▓Γûæ╬ª├╝Γéº_BRANCH_B_v049_FULL_HANDOFF_1944-08-04T24_2026-09-04/02_ORIGINAL_EXTRACTED_TREE/╬ª┬┐├¬╧ä┬½├╣┬╡ΓîÉ╞Æ╧ä├▓Γûæ╬ª├╝Γéº_BRANCH_B_v048_REAUDIT_FULL_RESUME_1944-02-20T24_2026-08-31/06_RUNTIME/JAPAN_NAVAL_FORCE_REOPEN_GATE_1944_v002.md
1863	╬ª┬┐├¬╧ä┬½├╣┬╡ΓîÉ╞Æ╧ä├▓Γûæ╬ª├╝Γéº_BRANCH_B_v049_FULL_HANDOFF_1944-08-04T24_2026-09-04/02_ORIGINAL_EXTRACTED_TREE/╬ª┬┐├¬╧ä┬½├╣┬╡ΓîÉ╞Æ╧ä├▓Γûæ╬ª├╝Γéº_BRANCH_B_v048_REAUDIT_FULL_RESUME_1944-02-20T24_2026-08-31/06_RUNTIME/JET_TECHNOLOGY_PRE_I29_GATE_1944_v001.md
15386	╬ª┬┐├¬╧ä┬½├╣┬╡ΓîÉ╞Æ╧ä├▓Γûæ╬ª├╝Γéº_BRANCH_B_v049_FULL_HANDOFF_1944-08-04T24_2026-09-04/02_ORIGINAL_EXTRACTED_TREE/╬ª┬┐├¬╧ä┬½├╣┬╡ΓîÉ╞Æ╧ä├▓Γûæ╬ª├╝Γéº_BRANCH_B_v048_REAUDIT_FULL_RESUME_1944-02-20T24_2026-08-31/06_RUNTIME/MARIANAS_SAIPAN_1944-06-11_07-14_SETTLEMENT_v001.md
7674	╬ª┬┐├¬╧ä┬½├╣┬╡ΓîÉ╞Æ╧ä├▓Γûæ╬ª├╝Γéº_BRANCH_B_v049_FULL_HANDOFF_1944-08-04T24_2026-09-04/02_ORIGINAL_EXTRACTED_TREE/╬ª┬┐├¬╧ä┬½├╣┬╡ΓîÉ╞Æ╧ä├▓Γûæ╬ª├╝Γéº_BRANCH_B_v048_REAUDIT_FULL_RESUME_1944-02-20T24_2026-08-31/06_RUNTIME/MARSHALL_AIR_OOB_1944-01-28_WORKING_v001.json
9201	╬ª┬┐├¬╧ä┬½├╣┬╡ΓîÉ╞Æ╧ä├▓Γûæ╬ª├╝Γéº_BRANCH_B_v049_FULL_HANDOFF_1944-08-04T24_2026-09-04/02_ORIGINAL_EXTRACTED_TREE/╬ª┬┐├¬╧ä┬½├╣┬╡ΓîÉ╞Æ╧ä├▓Γûæ╬ª├╝Γéº_BRANCH_B_v048_REAUDIT_FULL_RESUME_1944-02-20T24_2026-08-31/06_RUNTIME/MARSHALL_AIR_OOB_1944-01-28_WORKING_v002.json
6524	╬ª┬┐├¬╧ä┬½├╣┬╡ΓîÉ╞Æ╧ä├▓Γûæ╬ª├╝Γéº_BRANCH_B_v049_FULL_HANDOFF_1944-08-04T24_2026-09-04/02_ORIGINAL_EXTRACTED_TREE/╬ª┬┐├¬╧ä┬½├╣┬╡ΓîÉ╞Æ╧ä├▓Γûæ╬ª├╝Γéº_BRANCH_B_v048_REAUDIT_FULL_RESUME_1944-02-20T24_2026-08-31/06_RUNTIME/MARSHALL_AIR_OOB_1944-01-28_WORKING_v003.json
2156	╬ª┬┐├¬╧ä┬½├╣┬╡ΓîÉ╞Æ╧ä├▓Γûæ╬ª├╝Γéº_BRANCH_B_v049_FULL_HANDOFF_1944-08-04T24_2026-09-04/02_ORIGINAL_EXTRACTED_TREE/╬ª┬┐├¬╧ä┬½├╣┬╡ΓîÉ╞Æ╧ä├▓Γûæ╬ª├╝Γéº_BRANCH_B_v048_REAUDIT_FULL_RESUME_1944-02-20T24_2026-08-31/06_RUNTIME/MARSHALL_AIR_OOB_1944-02-02T0430_WORKING_v001.json
2847	╬ª┬┐├¬╧ä┬½├╣┬╡ΓîÉ╞Æ╧ä├▓Γûæ╬ª├╝Γéº_BRANCH_B_v049_FULL_HANDOFF_1944-08-04T24_2026-09-04/02_ORIGINAL_EXTRACTED_TREE/╬ª┬┐├¬╧ä┬½├╣┬╡ΓîÉ╞Æ╧ä├▓Γûæ╬ª├╝Γéº_BRANCH_B_v048_REAUDIT_FULL_RESUME_1944-02-20T24_2026-08-31/06_RUNTIME/MARSHALL_AIR_OOB_1944-02-02T0930_WORKING_v001.json
3112	╬ª┬┐├¬╧ä┬½├╣┬╡ΓîÉ╞Æ╧ä├▓Γûæ╬ª├╝Γéº_BRANCH_B_v049_FULL_HANDOFF_1944-08-04T24_2026-09-04/02_ORIGINAL_EXTRACTED_TREE/╬ª┬┐├¬╧ä┬½├╣┬╡ΓîÉ╞Æ╧ä├▓Γûæ╬ª├╝Γéº_BRANCH_B_v048_REAUDIT_FULL_RESUME_1944-02-20T24_2026-08-31/06_RUNTIME/MARSHALL_AIR_OOB_1944-02-02T0930_WORKING_v002.json
3354	╬ª┬┐├¬╧ä┬½├╣┬╡ΓîÉ╞Æ╧ä├▓Γûæ╬ª├╝Γéº_BRANCH_B_v049_FULL_HANDOFF_1944-08-04T24_2026-09-04/02_ORIGINAL_EXTRACTED_TREE/╬ª┬┐├¬╧ä┬½├╣┬╡ΓîÉ╞Æ╧ä├▓Γûæ╬ª├╝Γéº_BRANCH_B_v048_REAUDIT_FULL_RESUME_1944-02-20T24_2026-08-31/06_RUNTIME/MARSHALL_AIR_OOB_1944-02-02T1630_WORKING_v001.json
1953	╬ª┬┐├¬╧ä┬½├╣┬╡ΓîÉ╞Æ╧ä├▓Γûæ╬ª├╝Γéº_BRANCH_B_v049_FULL_HANDOFF_1944-08-04T24_2026-09-04/02_ORIGINAL_EXTRACTED_TREE/╬ª┬┐├¬╧ä┬½├╣┬╡ΓîÉ╞Æ╧ä├▓Γûæ╬ª├╝Γéº_BRANCH_B_v048_REAUDIT_FULL_RESUME_1944-02-20T24_2026-08-31/06_RUNTIME/MARSHALL_AIR_OOB_1944-02-03T1530_WORKING_v001.json
1483	╬ª┬┐├¬╧ä┬½├╣┬╡ΓîÉ╞Æ╧ä├▓Γûæ╬ª├╝Γéº_BRANCH_B_v049_FULL_HANDOFF_1944-08-04T24_2026-09-04/02_ORIGINAL_EXTRACTED_TREE/╬ª┬┐├¬╧ä┬½├╣┬╡ΓîÉ╞Æ╧ä├▓Γûæ╬ª├╝Γéº_BRANCH_B_v048_REAUDIT_FULL_RESUME_1944-02-20T24_2026-08-31/06_RUNTIME/MARSHALL_AIR_OOB_1944-02-06T1800_WORKING_v001.json
5790	╬ª┬┐├¬╧ä┬½├╣┬╡ΓîÉ╞Æ╧ä├▓Γûæ╬ª├╝Γéº_BRANCH_B_v049_FULL_HANDOFF_1944-08-04T24_2026-09-04/02_ORIGINAL_EXTRACTED_TREE/╬ª┬┐├¬╧ä┬½├╣┬╡ΓîÉ╞Æ╧ä├▓Γûæ╬ª├╝Γéº_BRANCH_B_v048_REAUDIT_FULL_RESUME_1944-02-20T24_2026-08-31/06_RUNTIME/MARSHALL_FIRST_CONTACT_CHAIN_1944-01-28_31_WORKING_v001.json
3901	╬ª┬┐├¬╧ä┬½├╣┬╡ΓîÉ╞Æ╧ä├▓Γûæ╬ª├╝Γéº_BRANCH_B_v049_FULL_HANDOFF_1944-08-04T24_2026-09-04/02_ORIGINAL_EXTRACTED_TREE/╬ª┬┐├¬╧ä┬½├╣┬╡ΓîÉ╞Æ╧ä├▓Γûæ╬ª├╝Γéº_BRANCH_B_v048_REAUDIT_FULL_RESUME_1944-02-20T24_2026-08-31/06_RUNTIME/MARSHALL_NIGHT_DAWN_CONTACT_CHAIN_1944-02-02_03_WORKING_v001.json
5669	╬ª┬┐├¬╧ä┬½├╣┬╡ΓîÉ╞Æ╧ä├▓Γûæ╬ª├╝Γéº_BRANCH_B_v049_FULL_HANDOFF_1944-08-04T24_2026-09-04/02_ORIGINAL_EXTRACTED_TREE/╬ª┬┐├¬╧ä┬½├╣┬╡ΓîÉ╞Æ╧ä├▓Γûæ╬ª├╝Γéº_BRANCH_B_v048_REAUDIT_FULL_RESUME_1944-02-20T24_2026-08-31/06_RUNTIME/MARSHALL_RECONTACT_NIGHT_STRIKE_1944-01-31_02-01_WORKING_v001.json
5527	╬ª┬┐├¬╧ä┬½├╣┬╡ΓîÉ╞Æ╧ä├▓Γûæ╬ª├╝Γéº_BRANCH_B_v049_FULL_HANDOFF_1944-08-04T24_2026-09-04/02_ORIGINAL_EXTRACTED_TREE/╬ª┬┐├¬╧ä┬½├╣┬╡ΓîÉ╞Æ╧ä├▓Γûæ╬ª├╝Γéº_BRANCH_B_v048_REAUDIT_FULL_RESUME_1944-02-20T24_2026-08-31/06_RUNTIME/MARSHALL_SUBMARINE_CONTACT_LIAISON_1944-01-28_WORKING_v001.json
5121	╬ª┬┐├¬╧ä┬½├╣┬╡ΓîÉ╞Æ╧ä├▓Γûæ╬ª├╝Γéº_BRANCH_B_v049_FULL_HANDOFF_1944-08-04T24_2026-09-04/02_ORIGINAL_EXTRACTED_TREE/╬ª┬┐├¬╧ä┬½├╣┬╡ΓîÉ╞Æ╧ä├▓Γûæ╬ª├╝Γéº_BRANCH_B_v048_REAUDIT_FULL_RESUME_1944-02-20T24_2026-08-31/06_RUNTIME/MARSHALL_SUBMARINE_RECONTACT_1944-02-02_0930_1430_WORKING_v001.json
6564	╬ª┬┐├¬╧ä┬½├╣┬╡ΓîÉ╞Æ╧ä├▓Γûæ╬ª├╝Γéº_BRANCH_B_v049_FULL_HANDOFF_1944-08-04T24_2026-09-04/02_ORIGINAL_EXTRACTED_TREE/╬ª┬┐├¬╧ä┬½├╣┬╡ΓîÉ╞Æ╧ä├▓Γûæ╬ª├╝Γéº_BRANCH_B_v048_REAUDIT_FULL_RESUME_1944-02-20T24_2026-08-31/06_RUNTIME/MARSHALL_WATER_AVIATION_NETWORK_1944-02-02_WORKING_v001.json
2005	╬ª┬┐├¬╧ä┬½├╣┬╡ΓîÉ╞Æ╧ä├▓Γûæ╬ª├╝Γéº_BRANCH_B_v049_FULL_HANDOFF_1944-08-04T24_2026-09-04/02_ORIGINAL_EXTRACTED_TREE/╬ª┬┐├¬╧ä┬½├╣┬╡ΓîÉ╞Æ╧ä├▓Γûæ╬ª├╝Γéº_BRANCH_B_v048_REAUDIT_FULL_RESUME_1944-02-20T24_2026-08-31/06_RUNTIME/MATERIALS_NICKEL_TURBO_JET_1944SPRING_v001.md
8419	╬ª┬┐├¬╧ä┬½├╣┬╡ΓîÉ╞Æ╧ä├▓Γûæ╬ª├╝Γéº_BRANCH_B_v049_FULL_HANDOFF_1944-08-04T24_2026-09-04/02_ORIGINAL_EXTRACTED_TREE/╬ª┬┐├¬╧ä┬½├╣┬╡ΓîÉ╞Æ╧ä├▓Γûæ╬ª├╝Γéº_BRANCH_B_v048_REAUDIT_FULL_RESUME_1944-02-20T24_2026-08-31/06_RUNTIME/MIDWAY_1942-06-10_15_SETTLEMENT_v001.json
4642	╬ª┬┐├¬╧ä┬½├╣┬╡ΓîÉ╞Æ╧ä├▓Γûæ╬ª├╝Γéº_BRANCH_B_v049_FULL_HANDOFF_1944-08-04T24_2026-09-04/02_ORIGINAL_EXTRACTED_TREE/╬ª┬┐├¬╧ä┬½├╣┬╡ΓîÉ╞Æ╧ä├▓Γûæ╬ª├╝Γéº_BRANCH_B_v048_REAUDIT_FULL_RESUME_1944-02-20T24_2026-08-31/06_RUNTIME/NEW_CALEDONIA_1942-10_SETTLEMENT_v001.md
2010	╬ª┬┐├¬╧ä┬½├╣┬╡ΓîÉ╞Æ╧ä├▓Γûæ╬ª├╝Γéº_BRANCH_B_v049_FULL_HANDOFF_1944-08-04T24_2026-09-04/02_ORIGINAL_EXTRACTED_TREE/╬ª┬┐├¬╧ä┬½├╣┬╡ΓîÉ╞Æ╧ä├▓Γûæ╬ª├╝Γéº_BRANCH_B_v048_REAUDIT_FULL_RESUME_1944-02-20T24_2026-08-31/06_RUNTIME/NOVEL_WEAPON_ADJUDICATION_POLICY_v001.json
3633	╬ª┬┐├¬╧ä┬½├╣┬╡ΓîÉ╞Æ╧ä├▓Γûæ╬ª├╝Γéº_BRANCH_B_v049_FULL_HANDOFF_1944-08-04T24_2026-09-04/02_ORIGINAL_EXTRACTED_TREE/╬ª┬┐├¬╧ä┬½├╣┬╡ΓîÉ╞Æ╧ä├▓Γûæ╬ª├╝Γéº_BRANCH_B_v048_REAUDIT_FULL_RESUME_1944-02-20T24_2026-08-31/06_RUNTIME/PACIFIC_CENTRAL_1943_1944Q1_SETTLEMENT_v001.md
4229	╬ª┬┐├¬╧ä┬½├╣┬╡ΓîÉ╞Æ╧ä├▓Γûæ╬ª├╝Γéº_BRANCH_B_v049_FULL_HANDOFF_1944-08-04T24_2026-09-04/02_ORIGINAL_EXTRACTED_TREE/╬ª┬┐├¬╧ä┬½├╣┬╡ΓîÉ╞Æ╧ä├▓Γûæ╬ª├╝Γéº_BRANCH_B_v048_REAUDIT_FULL_RESUME_1944-02-20T24_2026-08-31/06_RUNTIME/PACIFIC_MIDWAY_CONTINUOUS_CAMPAIGN_REAUDIT_1943-07_10_v001.md
1130	╬ª┬┐├¬╧ä┬½├╣┬╡ΓîÉ╞Æ╧ä├▓Γûæ╬ª├╝Γéº_BRANCH_B_v049_FULL_HANDOFF_1944-08-04T24_2026-09-04/02_ORIGINAL_EXTRACTED_TREE/╬ª┬┐├¬╧ä┬½├╣┬╡ΓîÉ╞Æ╧ä├▓Γûæ╬ª├╝Γéº_BRANCH_B_v048_REAUDIT_FULL_RESUME_1944-02-20T24_2026-08-31/06_RUNTIME/PACIFIC_MIDWAY_COST_LEDGER_1943-10-10_v001.json
1994	╬ª┬┐├¬╧ä┬½├╣┬╡ΓîÉ╞Æ╧ä├▓Γûæ╬ª├╝Γéº_BRANCH_B_v049_FULL_HANDOFF_1944-08-04T24_2026-09-04/02_ORIGINAL_EXTRACTED_TREE/╬ª┬┐├¬╧ä┬½├╣┬╡ΓîÉ╞Æ╧ä├▓Γûæ╬ª├╝Γéº_BRANCH_B_v048_REAUDIT_FULL_RESUME_1944-02-20T24_2026-08-31/06_RUNTIME/PARALLEL_THEATER_STATE_1944-01-28_WORKING_v001.json
1180	╬ª┬┐├¬╧ä┬½├╣┬╡ΓîÉ╞Æ╧ä├▓Γûæ╬ª├╝Γéº_BRANCH_B_v049_FULL_HANDOFF_1944-08-04T24_2026-09-04/02_ORIGINAL_EXTRACTED_TREE/╬ª┬┐├¬╧ä┬½├╣┬╡ΓîÉ╞Æ╧ä├▓Γûæ╬ª├╝Γéº_BRANCH_B_v048_REAUDIT_FULL_RESUME_1944-02-20T24_2026-08-31/06_RUNTIME/PARALLEL_THEATER_STATE_1944-01-31_WORKING_v001.json
1311	╬ª┬┐├¬╧ä┬½├╣┬╡ΓîÉ╞Æ╧ä├▓Γûæ╬ª├╝Γéº_BRANCH_B_v049_FULL_HANDOFF_1944-08-04T24_2026-09-04/02_ORIGINAL_EXTRACTED_TREE/╬ª┬┐├¬╧ä┬½├╣┬╡ΓîÉ╞Æ╧ä├▓Γûæ╬ª├╝Γéº_BRANCH_B_v048_REAUDIT_FULL_RESUME_1944-02-20T24_2026-08-31/06_RUNTIME/PARALLEL_THEATER_STATE_1944-02-02T0930_WORKING_v001.json
1381	╬ª┬┐├¬╧ä┬½├╣┬╡ΓîÉ╞Æ╧ä├▓Γûæ╬ª├╝Γéº_BRANCH_B_v049_FULL_HANDOFF_1944-08-04T24_2026-09-04/02_ORIGINAL_EXTRACTED_TREE/╬ª┬┐├¬╧ä┬½├╣┬╡ΓîÉ╞Æ╧ä├▓Γûæ╬ª├╝Γéº_BRANCH_B_v048_REAUDIT_FULL_RESUME_1944-02-20T24_2026-08-31/06_RUNTIME/PARALLEL_THEATER_STATE_1944-02-02T0930_WORKING_v002.json
1504	╬ª┬┐├¬╧ä┬½├╣┬╡ΓîÉ╞Æ╧ä├▓Γûæ╬ª├╝Γéº_BRANCH_B_v049_FULL_HANDOFF_1944-08-04T24_2026-09-04/02_ORIGINAL_EXTRACTED_TREE/╬ª┬┐├¬╧ä┬½├╣┬╡ΓîÉ╞Æ╧ä├▓Γûæ╬ª├╝Γéº_BRANCH_B_v048_REAUDIT_FULL_RESUME_1944-02-20T24_2026-08-31/06_RUNTIME/PARALLEL_THEATER_STATE_1944-02-02T1630_WORKING_v001.json
1476	╬ª┬┐├¬╧ä┬½├╣┬╡ΓîÉ╞Æ╧ä├▓Γûæ╬ª├╝Γéº_BRANCH_B_v049_FULL_HANDOFF_1944-08-04T24_2026-09-04/02_ORIGINAL_EXTRACTED_TREE/╬ª┬┐├¬╧ä┬½├╣┬╡ΓîÉ╞Æ╧ä├▓Γûæ╬ª├╝Γéº_BRANCH_B_v048_REAUDIT_FULL_RESUME_1944-02-20T24_2026-08-31/06_RUNTIME/PARALLEL_THEATER_STATE_1944-02-03T1530_WORKING_v001.json
1388	╬ª┬┐├¬╧ä┬½├╣┬╡ΓîÉ╞Æ╧ä├▓Γûæ╬ª├╝Γéº_BRANCH_B_v049_FULL_HANDOFF_1944-08-04T24_2026-09-04/02_ORIGINAL_EXTRACTED_TREE/╬ª┬┐├¬╧ä┬½├╣┬╡ΓîÉ╞Æ╧ä├▓Γûæ╬ª├╝Γéº_BRANCH_B_v048_REAUDIT_FULL_RESUME_1944-02-20T24_2026-08-31/06_RUNTIME/PARALLEL_THEATER_STATE_1944-02-06T1800_WORKING_v001.json
1864	╬ª┬┐├¬╧ä┬½├╣┬╡ΓîÉ╞Æ╧ä├▓Γûæ╬ª├╝Γéº_BRANCH_B_v049_FULL_HANDOFF_1944-08-04T24_2026-09-04/02_ORIGINAL_EXTRACTED_TREE/╬ª┬┐├¬╧ä┬½├╣┬╡ΓîÉ╞Æ╧ä├▓Γûæ╬ª├╝Γéº_BRANCH_B_v048_REAUDIT_FULL_RESUME_1944-02-20T24_2026-08-31/06_RUNTIME/PARALLEL_THEATER_STATE_1944-02-06T1800_WORKING_v002.json
5566	╬ª┬┐├¬╧ä┬½├╣┬╡ΓîÉ╞Æ╧ä├▓Γûæ╬ª├╝Γéº_BRANCH_B_v049_FULL_HANDOFF_1944-08-04T24_2026-09-04/02_ORIGINAL_EXTRACTED_TREE/╬ª┬┐├¬╧ä┬½├╣┬╡ΓîÉ╞Æ╧ä├▓Γûæ╬ª├╝Γéº_BRANCH_B_v048_REAUDIT_FULL_RESUME_1944-02-20T24_2026-08-31/06_RUNTIME/PRE_ICHIGO_FINAL_FORCE_LOGISTICS_GATE_1944-04-25_v001.json
17451	╬ª┬┐├¬╧ä┬½├╣┬╡ΓîÉ╞Æ╧ä├▓Γûæ╬ª├╝Γéº_BRANCH_B_v049_FULL_HANDOFF_1944-08-04T24_2026-09-04/02_ORIGINAL_EXTRACTED_TREE/╬ª┬┐├¬╧ä┬½├╣┬╡ΓîÉ╞Æ╧ä├▓Γûæ╬ª├╝Γéº_BRANCH_B_v048_REAUDIT_FULL_RESUME_1944-02-20T24_2026-08-31/06_RUNTIME/PRE_ICHIGO_FINAL_FORCE_LOGISTICS_GATE_1944-04-25_v001.md
11229	╬ª┬┐├¬╧ä┬½├╣┬╡ΓîÉ╞Æ╧ä├▓Γûæ╬ª├╝Γéº_BRANCH_B_v049_FULL_HANDOFF_1944-08-04T24_2026-09-04/02_ORIGINAL_EXTRACTED_TREE/╬ª┬┐├¬╧ä┬½├╣┬╡ΓîÉ╞Æ╧ä├▓Γûæ╬ª├╝Γéº_BRANCH_B_v048_REAUDIT_FULL_RESUME_1944-02-20T24_2026-08-31/06_RUNTIME/PRE_ICHIGO_LAND_AIRFIELD_OOB_SHIPPING_NANJING_AUDIT_1944-04-25_v001.md
5149	╬ª┬┐├¬╧ä┬½├╣┬╡ΓîÉ╞Æ╧ä├▓Γûæ╬ª├╝Γéº_BRANCH_B_v049_FULL_HANDOFF_1944-08-04T24_2026-09-04/02_ORIGINAL_EXTRACTED_TREE/╬ª┬┐├¬╧ä┬½├╣┬╡ΓîÉ╞Æ╧ä├▓Γûæ╬ª├╝Γéº_BRANCH_B_v048_REAUDIT_FULL_RESUME_1944-02-20T24_2026-08-31/06_RUNTIME/RADAR_ESM_DOCTRINE_REAUDIT_1942_1944_v001.md
11022	╬ª┬┐├¬╧ä┬½├╣┬╡ΓîÉ╞Æ╧ä├▓Γûæ╬ª├╝Γéº_BRANCH_B_v049_FULL_HANDOFF_1944-08-04T24_2026-09-04/02_ORIGINAL_EXTRACTED_TREE/╬ª┬┐├¬╧ä┬½├╣┬╡ΓîÉ╞Æ╧ä├▓Γûæ╬ª├╝Γéº_BRANCH_B_v048_REAUDIT_FULL_RESUME_1944-02-20T24_2026-08-31/06_RUNTIME/RAIDEN_INTERCEPTOR_SYSTEM_1943Q4_1944Q1_WORKING_v001.json
7782	╬ª┬┐├¬╧ä┬½├╣┬╡ΓîÉ╞Æ╧ä├▓Γûæ╬ª├╝Γéº_BRANCH_B_v049_FULL_HANDOFF_1944-08-04T24_2026-09-04/02_ORIGINAL_EXTRACTED_TREE/╬ª┬┐├¬╧ä┬½├╣┬╡ΓîÉ╞Æ╧ä├▓Γûæ╬ª├╝Γéº_BRANCH_B_v048_REAUDIT_FULL_RESUME_1944-02-20T24_2026-08-31/06_RUNTIME/ROYAL_NAVY_DIVERGENCE_AUDIT_1942-1943_v001.md
1522	╬ª┬┐├¬╧ä┬½├╣┬╡ΓîÉ╞Æ╧ä├▓Γûæ╬ª├╝Γéº_BRANCH_B_v049_FULL_HANDOFF_1944-08-04T24_2026-09-04/02_ORIGINAL_EXTRACTED_TREE/╬ª┬┐├¬╧ä┬½├╣┬╡ΓîÉ╞Æ╧ä├▓Γûæ╬ª├╝Γéº_BRANCH_B_v048_REAUDIT_FULL_RESUME_1944-02-20T24_2026-08-31/06_RUNTIME/RUNTIME_CONTRACT_v001.json
2246	╬ª┬┐├¬╧ä┬½├╣┬╡ΓîÉ╞Æ╧ä├▓Γûæ╬ª├╝Γéº_BRANCH_B_v049_FULL_HANDOFF_1944-08-04T24_2026-09-04/02_ORIGINAL_EXTRACTED_TREE/╬ª┬┐├¬╧ä┬½├╣┬╡ΓîÉ╞Æ╧ä├▓Γûæ╬ª├╝Γéº_BRANCH_B_v048_REAUDIT_FULL_RESUME_1944-02-20T24_2026-08-31/06_RUNTIME/RUNTIME_CONTRACT_v002.json
2975	╬ª┬┐├¬╧ä┬½├╣┬╡ΓîÉ╞Æ╧ä├▓Γûæ╬ª├╝Γéº_BRANCH_B_v049_FULL_HANDOFF_1944-08-04T24_2026-09-04/02_ORIGINAL_EXTRACTED_TREE/╬ª┬┐├¬╧ä┬½├╣┬╡ΓîÉ╞Æ╧ä├▓Γûæ╬ª├╝Γéº_BRANCH_B_v048_REAUDIT_FULL_RESUME_1944-02-20T24_2026-08-31/06_RUNTIME/RUNTIME_CONTRACT_v003.json
3734	╬ª┬┐├¬╧ä┬½├╣┬╡ΓîÉ╞Æ╧ä├▓Γûæ╬ª├╝Γéº_BRANCH_B_v049_FULL_HANDOFF_1944-08-04T24_2026-09-04/02_ORIGINAL_EXTRACTED_TREE/╬ª┬┐├¬╧ä┬½├╣┬╡ΓîÉ╞Æ╧ä├▓Γûæ╬ª├╝Γéº_BRANCH_B_v048_REAUDIT_FULL_RESUME_1944-02-20T24_2026-08-31/06_RUNTIME/RUNTIME_CONTRACT_v004.json
3541	╬ª┬┐├¬╧ä┬½├╣┬╡ΓîÉ╞Æ╧ä├▓Γûæ╬ª├╝Γéº_BRANCH_B_v049_FULL_HANDOFF_1944-08-04T24_2026-09-04/02_ORIGINAL_EXTRACTED_TREE/╬ª┬┐├¬╧ä┬½├╣┬╡ΓîÉ╞Æ╧ä├▓Γûæ╬ª├╝Γéº_BRANCH_B_v048_REAUDIT_FULL_RESUME_1944-02-20T24_2026-08-31/06_RUNTIME/SANTO_1942-08_TECH_STACK_REAUDIT_v001.md
4595	╬ª┬┐├¬╧ä┬½├╣┬╡ΓîÉ╞Æ╧ä├▓Γûæ╬ª├╝Γéº_BRANCH_B_v049_FULL_HANDOFF_1944-08-04T24_2026-09-04/02_ORIGINAL_EXTRACTED_TREE/╬ª┬┐├¬╧ä┬½├╣┬╡ΓîÉ╞Æ╧ä├▓Γûæ╬ª├╝Γéº_BRANCH_B_v048_REAUDIT_FULL_RESUME_1944-02-20T24_2026-08-31/06_RUNTIME/SEAPLANE_TACTICS_LEDGER_1943-10-01_v001.json
15526	╬ª┬┐├¬╧ä┬½├╣┬╡ΓîÉ╞Æ╧ä├▓Γûæ╬ª├╝Γéº_BRANCH_B_v049_FULL_HANDOFF_1944-08-04T24_2026-09-04/02_ORIGINAL_EXTRACTED_TREE/╬ª┬┐├¬╧ä┬½├╣┬╡ΓîÉ╞Æ╧ä├▓Γûæ╬ª├╝Γéº_BRANCH_B_v048_REAUDIT_FULL_RESUME_1944-02-20T24_2026-08-31/06_RUNTIME/SESSION_2026-08-24_ROLLBACK_PACIFIC_CHINA_SETTLEMENT_v001.md
4252	╬ª┬┐├¬╧ä┬½├╣┬╡ΓîÉ╞Æ╧ä├▓Γûæ╬ª├╝Γéº_BRANCH_B_v049_FULL_HANDOFF_1944-08-04T24_2026-09-04/02_ORIGINAL_EXTRACTED_TREE/╬ª┬┐├¬╧ä┬½├╣┬╡ΓîÉ╞Æ╧ä├▓Γûæ╬ª├╝Γéº_BRANCH_B_v048_REAUDIT_FULL_RESUME_1944-02-20T24_2026-08-31/06_RUNTIME/SESSION_2026-08-26_1943Q3_SYNCHRONIZED_HANDOFF_v001.md
12410	╬ª┬┐├¬╧ä┬½├╣┬╡ΓîÉ╞Æ╧ä├▓Γûæ╬ª├╝Γéº_BRANCH_B_v049_FULL_HANDOFF_1944-08-04T24_2026-09-04/02_ORIGINAL_EXTRACTED_TREE/╬ª┬┐├¬╧ä┬½├╣┬╡ΓîÉ╞Æ╧ä├▓Γûæ╬ª├╝Γéº_BRANCH_B_v048_REAUDIT_FULL_RESUME_1944-02-20T24_2026-08-31/06_RUNTIME/SESSION_2026-08-26_ALEUTIANS_EFATE_COUPLED_REAUDIT_HANDOFF_v001.md
1667	╬ª┬┐├¬╧ä┬½├╣┬╡ΓîÉ╞Æ╧ä├▓Γûæ╬ª├╝Γéº_BRANCH_B_v049_FULL_HANDOFF_1944-08-04T24_2026-09-04/02_ORIGINAL_EXTRACTED_TREE/╬ª┬┐├¬╧ä┬½├╣┬╡ΓîÉ╞Æ╧ä├▓Γûæ╬ª├╝Γéº_BRANCH_B_v048_REAUDIT_FULL_RESUME_1944-02-20T24_2026-08-31/06_RUNTIME/SESSION_2026-08-27_BRANCH_B_1943SUMMER_EXPLORATION_HANDOFF_v001.md
7354	╬ª┬┐├¬╧ä┬½├╣┬╡ΓîÉ╞Æ╧ä├▓Γûæ╬ª├╝Γéº_BRANCH_B_v049_FULL_HANDOFF_1944-08-04T24_2026-09-04/02_ORIGINAL_EXTRACTED_TREE/╬ª┬┐├¬╧ä┬½├╣┬╡ΓîÉ╞Æ╧ä├▓Γûæ╬ª├╝Γéº_BRANCH_B_v048_REAUDIT_FULL_RESUME_1944-02-20T24_2026-08-31/06_RUNTIME/SESSION_2026-08-27_GALVANIC_MANDATORY_FACTORS_MEMO_v001.md
1681	╬ª┬┐├¬╧ä┬½├╣┬╡ΓîÉ╞Æ╧ä├▓Γûæ╬ª├╝Γéº_BRANCH_B_v049_FULL_HANDOFF_1944-08-04T24_2026-09-04/02_ORIGINAL_EXTRACTED_TREE/╬ª┬┐├¬╧ä┬½├╣┬╡ΓîÉ╞Æ╧ä├▓Γûæ╬ª├╝Γéº_BRANCH_B_v048_REAUDIT_FULL_RESUME_1944-02-20T24_2026-08-31/06_RUNTIME/SESSION_2026-08-28_BRANCH_B_1943YEAREND_HANDOFF_v001.md
3577	╬ª┬┐├¬╧ä┬½├╣┬╡ΓîÉ╞Æ╧ä├▓Γûæ╬ª├╝Γéº_BRANCH_B_v049_FULL_HANDOFF_1944-08-04T24_2026-09-04/02_ORIGINAL_EXTRACTED_TREE/╬ª┬┐├¬╧ä┬½├╣┬╡ΓîÉ╞Æ╧ä├▓Γûæ╬ª├╝Γéº_BRANCH_B_v048_REAUDIT_FULL_RESUME_1944-02-20T24_2026-08-31/06_RUNTIME/SESSION_2026-08-28_GALVANIC_TECH_REAUDIT_HANDOFF_v001.md
6270	╬ª┬┐├¬╧ä┬½├╣┬╡ΓîÉ╞Æ╧ä├▓Γûæ╬ª├╝Γéº_BRANCH_B_v049_FULL_HANDOFF_1944-08-04T24_2026-09-04/02_ORIGINAL_EXTRACTED_TREE/╬ª┬┐├¬╧ä┬½├╣┬╡ΓîÉ╞Æ╧ä├▓Γûæ╬ª├╝Γéº_BRANCH_B_v048_REAUDIT_FULL_RESUME_1944-02-20T24_2026-08-31/06_RUNTIME/SESSION_2026-08-28_GALVANIC_TECH_TRANSFER_REAUDIT_HANDOFF_v001.md
9293	╬ª┬┐├¬╧ä┬½├╣┬╡ΓîÉ╞Æ╧ä├▓Γûæ╬ª├╝Γéº_BRANCH_B_v049_FULL_HANDOFF_1944-08-04T24_2026-09-04/02_ORIGINAL_EXTRACTED_TREE/╬ª┬┐├¬╧ä┬½├╣┬╡ΓîÉ╞Æ╧ä├▓Γûæ╬ª├╝Γéº_BRANCH_B_v048_REAUDIT_FULL_RESUME_1944-02-20T24_2026-08-31/06_RUNTIME/SESSION_2026-08-28_MASTER_AUDIT_DELTA_v001.md
1384	╬ª┬┐├¬╧ä┬½├╣┬╡ΓîÉ╞Æ╧ä├▓Γûæ╬ª├╝Γéº_BRANCH_B_v049_FULL_HANDOFF_1944-08-04T24_2026-09-04/02_ORIGINAL_EXTRACTED_TREE/╬ª┬┐├¬╧ä┬½├╣┬╡ΓîÉ╞Æ╧ä├▓Γûæ╬ª├╝Γéº_BRANCH_B_v048_REAUDIT_FULL_RESUME_1944-02-20T24_2026-08-31/06_RUNTIME/SESSION_2026-08-29_GALVANIC_FINAL_CLOSEOUT_v001.md
913	╬ª┬┐├¬╧ä┬½├╣┬╡ΓîÉ╞Æ╧ä├▓Γûæ╬ª├╝Γéº_BRANCH_B_v049_FULL_HANDOFF_1944-08-04T24_2026-09-04/02_ORIGINAL_EXTRACTED_TREE/╬ª┬┐├¬╧ä┬½├╣┬╡ΓîÉ╞Æ╧ä├▓Γûæ╬ª├╝Γéº_BRANCH_B_v048_REAUDIT_FULL_RESUME_1944-02-20T24_2026-08-31/06_RUNTIME/SESSION_2026-08-29_GALVANIC_NEGATIVE_DELTA_CLOSEOUT_v001.md
1591	╬ª┬┐├¬╧ä┬½├╣┬╡ΓîÉ╞Æ╧ä├▓Γûæ╬ª├╝Γéº_BRANCH_B_v049_FULL_HANDOFF_1944-08-04T24_2026-09-04/02_ORIGINAL_EXTRACTED_TREE/╬ª┬┐├¬╧ä┬½├╣┬╡ΓîÉ╞Æ╧ä├▓Γûæ╬ª├╝Γéº_BRANCH_B_v048_REAUDIT_FULL_RESUME_1944-02-20T24_2026-08-31/06_RUNTIME/SESSION_2026-08-29_INDIAN_OCEAN_WALLET_WORKING_HANDOFF_v001.md
9759	╬ª┬┐├¬╧ä┬½├╣┬╡ΓîÉ╞Æ╧ä├▓Γûæ╬ª├╝Γéº_BRANCH_B_v049_FULL_HANDOFF_1944-08-04T24_2026-09-04/02_ORIGINAL_EXTRACTED_TREE/╬ª┬┐├¬╧ä┬½├╣┬╡ΓîÉ╞Æ╧ä├▓Γûæ╬ª├╝Γéº_BRANCH_B_v048_REAUDIT_FULL_RESUME_1944-02-20T24_2026-08-31/06_RUNTIME/SURFACE_COMBATANT_CAPABILITY_LEDGER_1943-10-01_v001.json
33789	╬ª┬┐├¬╧ä┬½├╣┬╡ΓîÉ╞Æ╧ä├▓Γûæ╬ª├╝Γéº_BRANCH_B_v049_FULL_HANDOFF_1944-08-04T24_2026-09-04/02_ORIGINAL_EXTRACTED_TREE/╬ª┬┐├¬╧ä┬½├╣┬╡ΓîÉ╞Æ╧ä├▓Γûæ╬ª├╝Γéº_BRANCH_B_v048_REAUDIT_FULL_RESUME_1944-02-20T24_2026-08-31/06_RUNTIME/TECHNOLOGY_LINEAGE_SYNTHESIS_1944-01-28_WORKING_v001.json
35889	╬ª┬┐├¬╧ä┬½├╣┬╡ΓîÉ╞Æ╧ä├▓Γûæ╬ª├╝Γéº_BRANCH_B_v049_FULL_HANDOFF_1944-08-04T24_2026-09-04/02_ORIGINAL_EXTRACTED_TREE/╬ª┬┐├¬╧ä┬½├╣┬╡ΓîÉ╞Æ╧ä├▓Γûæ╬ª├╝Γéº_BRANCH_B_v048_REAUDIT_FULL_RESUME_1944-02-20T24_2026-08-31/06_RUNTIME/TECHNOLOGY_LINEAGE_SYNTHESIS_1944-01-28_WORKING_v002.json
36718	╬ª┬┐├¬╧ä┬½├╣┬╡ΓîÉ╞Æ╧ä├▓Γûæ╬ª├╝Γéº_BRANCH_B_v049_FULL_HANDOFF_1944-08-04T24_2026-09-04/02_ORIGINAL_EXTRACTED_TREE/╬ª┬┐├¬╧ä┬½├╣┬╡ΓîÉ╞Æ╧ä├▓Γûæ╬ª├╝Γéº_BRANCH_B_v048_REAUDIT_FULL_RESUME_1944-02-20T24_2026-08-31/06_RUNTIME/TECHNOLOGY_LINEAGE_SYNTHESIS_1944-01-28_WORKING_v003.json
39788	╬ª┬┐├¬╧ä┬½├╣┬╡ΓîÉ╞Æ╧ä├▓Γûæ╬ª├╝Γéº_BRANCH_B_v049_FULL_HANDOFF_1944-08-04T24_2026-09-04/02_ORIGINAL_EXTRACTED_TREE/╬ª┬┐├¬╧ä┬½├╣┬╡ΓîÉ╞Æ╧ä├▓Γûæ╬ª├╝Γéº_BRANCH_B_v048_REAUDIT_FULL_RESUME_1944-02-20T24_2026-08-31/06_RUNTIME/TECHNOLOGY_LINEAGE_SYNTHESIS_1944-01-28_WORKING_v004.json
40467	╬ª┬┐├¬╧ä┬½├╣┬╡ΓîÉ╞Æ╧ä├▓Γûæ╬ª├╝Γéº_BRANCH_B_v049_FULL_HANDOFF_1944-08-04T24_2026-09-04/02_ORIGINAL_EXTRACTED_TREE/╬ª┬┐├¬╧ä┬½├╣┬╡ΓîÉ╞Æ╧ä├▓Γûæ╬ª├╝Γéº_BRANCH_B_v048_REAUDIT_FULL_RESUME_1944-02-20T24_2026-08-31/06_RUNTIME/TECHNOLOGY_LINEAGE_SYNTHESIS_1944-01-28_WORKING_v005.json
4183	╬ª┬┐├¬╧ä┬½├╣┬╡ΓîÉ╞Æ╧ä├▓Γûæ╬ª├╝Γéº_BRANCH_B_v049_FULL_HANDOFF_1944-08-04T24_2026-09-04/02_ORIGINAL_EXTRACTED_TREE/╬ª┬┐├¬╧ä┬½├╣┬╡ΓîÉ╞Æ╧ä├▓Γûæ╬ª├╝Γéº_BRANCH_B_v048_REAUDIT_FULL_RESUME_1944-02-20T24_2026-08-31/06_RUNTIME/US_COUNTERSTRIKE_JAPAN_CARRIER_FORCE_1944-02-03_WORKING_v001.json
3921	╬ª┬┐├¬╧ä┬½├╣┬╡ΓîÉ╞Æ╧ä├▓Γûæ╬ª├╝Γéº_BRANCH_B_v049_FULL_HANDOFF_1944-08-04T24_2026-09-04/02_ORIGINAL_EXTRACTED_TREE/╬ª┬┐├¬╧ä┬½├╣┬╡ΓîÉ╞Æ╧ä├▓Γûæ╬ª├╝Γéº_BRANCH_B_v048_REAUDIT_FULL_RESUME_1944-02-20T24_2026-08-31/06_RUNTIME/US_GILBERT_FORWARD_LAND_AIR_1944-02-02_WORKING_v001.json
5675	╬ª┬┐├¬╧ä┬½├╣┬╡ΓîÉ╞Æ╧ä├▓Γûæ╬ª├╝Γéº_BRANCH_B_v049_FULL_HANDOFF_1944-08-04T24_2026-09-04/02_ORIGINAL_EXTRACTED_TREE/╬ª┬┐├¬╧ä┬½├╣┬╡ΓîÉ╞Æ╧ä├▓Γûæ╬ª├╝Γéº_BRANCH_B_v048_REAUDIT_FULL_RESUME_1944-02-20T24_2026-08-31/06_RUNTIME/US_TF58_BRANCH_OOB_1944-01-28_WORKING_v001.json
2723	╬ª┬┐├¬╧ä┬½├╣┬╡ΓîÉ╞Æ╧ä├▓Γûæ╬ª├╝Γéº_BRANCH_B_v049_FULL_HANDOFF_1944-08-04T24_2026-09-04/02_ORIGINAL_EXTRACTED_TREE/╬ª┬┐├¬╧ä┬½├╣┬╡ΓîÉ╞Æ╧ä├▓Γûæ╬ª├╝Γéº_BRANCH_B_v048_REAUDIT_FULL_RESUME_1944-02-20T24_2026-08-31/06_RUNTIME/WEAPONS_AUDIT_1944-04-30_v001.md
17739	╬ª┬┐├¬╧ä┬½├╣┬╡ΓîÉ╞Æ╧ä├▓Γûæ╬ª├╝Γéº_BRANCH_B_v049_FULL_HANDOFF_1944-08-04T24_2026-09-04/02_ORIGINAL_EXTRACTED_TREE/╬ª┬┐├¬╧ä┬½├╣┬╡ΓîÉ╞Æ╧ä├▓Γûæ╬ª├╝Γéº_BRANCH_B_v048_REAUDIT_FULL_RESUME_1944-02-20T24_2026-08-31/06_RUNTIME/WEAPON_PLATFORM_CAPABILITY_INDEX_v001.json
11307	╬ª┬┐├¬╧ä┬½├╣┬╡ΓîÉ╞Æ╧ä├▓Γûæ╬ª├╝Γéº_BRANCH_B_v049_FULL_HANDOFF_1944-08-04T24_2026-09-04/02_ORIGINAL_EXTRACTED_TREE/╬ª┬┐├¬╧ä┬½├╣┬╡ΓîÉ╞Æ╧ä├▓Γûæ╬ª├╝Γéº_BRANCH_B_v048_REAUDIT_FULL_RESUME_1944-02-20T24_2026-08-31/06_RUNTIME/YANAGI_ROUTE_TECH_GATE_STATE_1944-01-28_WORKING_v001.json
67126	╬ª┬┐├¬╧ä┬½├╣┬╡ΓîÉ╞Æ╧ä├▓Γûæ╬ª├╝Γéº_BRANCH_B_v049_FULL_HANDOFF_1944-08-04T24_2026-09-04/02_ORIGINAL_EXTRACTED_TREE/╬ª┬┐├¬╧ä┬½├╣┬╡ΓîÉ╞Æ╧ä├▓Γûæ╬ª├╝Γéº_BRANCH_B_v048_REAUDIT_FULL_RESUME_1944-02-20T24_2026-08-31/90_REFERENCE/REFERENCE_CATALOG_v001.json
1583	╬ª┬┐├¬╧ä┬½├╣┬╡ΓîÉ╞Æ╧ä├▓Γûæ╬ª├╝Γéº_BRANCH_B_v049_FULL_HANDOFF_1944-08-04T24_2026-09-04/02_ORIGINAL_EXTRACTED_TREE/╬ª┬┐├¬╧ä┬½├╣┬╡ΓîÉ╞Æ╧ä├▓Γûæ╬ª├╝Γéº_BRANCH_B_v048_REAUDIT_FULL_RESUME_1944-02-20T24_2026-08-31/95_AUDIT/1942H2_ADVANCE_CLOSEOUT_v001.json
1121	╬ª┬┐├¬╧ä┬½├╣┬╡ΓîÉ╞Æ╧ä├▓Γûæ╬ª├╝Γéº_BRANCH_B_v049_FULL_HANDOFF_1944-08-04T24_2026-09-04/02_ORIGINAL_EXTRACTED_TREE/╬ª┬┐├¬╧ä┬½├╣┬╡ΓîÉ╞Æ╧ä├▓Γûæ╬ª├╝Γéº_BRANCH_B_v048_REAUDIT_FULL_RESUME_1944-02-20T24_2026-08-31/95_AUDIT/1942Q2_REAUDIT_CLOSEOUT_v001.json
1134	╬ª┬┐├¬╧ä┬½├╣┬╡ΓîÉ╞Æ╧ä├▓Γûæ╬ª├╝Γéº_BRANCH_B_v049_FULL_HANDOFF_1944-08-04T24_2026-09-04/02_ORIGINAL_EXTRACTED_TREE/╬ª┬┐├¬╧ä┬½├╣┬╡ΓîÉ╞Æ╧ä├▓Γûæ╬ª├╝Γéº_BRANCH_B_v048_REAUDIT_FULL_RESUME_1944-02-20T24_2026-08-31/95_AUDIT/1943_1944Q1_ADVANCE_CLOSEOUT_v001.json
1475	╬ª┬┐├¬╧ä┬½├╣┬╡ΓîÉ╞Æ╧ä├▓Γûæ╬ª├╝Γéº_BRANCH_B_v049_FULL_HANDOFF_1944-08-04T24_2026-09-04/02_ORIGINAL_EXTRACTED_TREE/╬ª┬┐├¬╧ä┬½├╣┬╡ΓîÉ╞Æ╧ä├▓Γûæ╬ª├╝Γéº_BRANCH_B_v048_REAUDIT_FULL_RESUME_1944-02-20T24_2026-08-31/95_AUDIT/1943_1944Q1_ADVANCE_CLOSEOUT_v002.json
6047	╬ª┬┐├¬╧ä┬½├╣┬╡ΓîÉ╞Æ╧ä├▓Γûæ╬ª├╝Γéº_BRANCH_B_v049_FULL_HANDOFF_1944-08-04T24_2026-09-04/02_ORIGINAL_EXTRACTED_TREE/╬ª┬┐├¬╧ä┬½├╣┬╡ΓîÉ╞Æ╧ä├▓Γûæ╬ª├╝Γéº_BRANCH_B_v048_REAUDIT_FULL_RESUME_1944-02-20T24_2026-08-31/95_AUDIT/BENGAL_ARAKAN_LAND_VEHICLE_ROLLBACK_REAUDIT_2026-08-29_v001.md
544	╬ª┬┐├¬╧ä┬½├╣┬╡ΓîÉ╞Æ╧ä├▓Γûæ╬ª├╝Γéº_BRANCH_B_v049_FULL_HANDOFF_1944-08-04T24_2026-09-04/02_ORIGINAL_EXTRACTED_TREE/╬ª┬┐├¬╧ä┬½├╣┬╡ΓîÉ╞Æ╧ä├▓Γûæ╬ª├╝Γéº_BRANCH_B_v048_REAUDIT_FULL_RESUME_1944-02-20T24_2026-08-31/95_AUDIT/BRANCH_PACKAGE_INFO_2026-08-27_v001.json
96842	╬ª┬┐├¬╧ä┬½├╣┬╡ΓîÉ╞Æ╧ä├▓Γûæ╬ª├╝Γéº_BRANCH_B_v049_FULL_HANDOFF_1944-08-04T24_2026-09-04/02_ORIGINAL_EXTRACTED_TREE/╬ª┬┐├¬╧ä┬½├╣┬╡ΓîÉ╞Æ╧ä├▓Γûæ╬ª├╝Γéº_BRANCH_B_v048_REAUDIT_FULL_RESUME_1944-02-20T24_2026-08-31/95_AUDIT/BRANCH_SHA256SUMS_2026-08-27_v001.txt
167	╬ª┬┐├¬╧ä┬½├╣┬╡ΓîÉ╞Æ╧ä├▓Γûæ╬ª├╝Γéº_BRANCH_B_v049_FULL_HANDOFF_1944-08-04T24_2026-09-04/02_ORIGINAL_EXTRACTED_TREE/╬ª┬┐├¬╧ä┬½├╣┬╡ΓîÉ╞Æ╧ä├▓Γûæ╬ª├╝Γéº_BRANCH_B_v048_REAUDIT_FULL_RESUME_1944-02-20T24_2026-08-31/95_AUDIT/BRANCH_VALIDATION_2026-08-27_v001.json
1379	╬ª┬┐├¬╧ä┬½├╣┬╡ΓîÉ╞Æ╧ä├▓Γûæ╬ª├╝Γéº_BRANCH_B_v049_FULL_HANDOFF_1944-08-04T24_2026-09-04/02_ORIGINAL_EXTRACTED_TREE/╬ª┬┐├¬╧ä┬½├╣┬╡ΓîÉ╞Æ╧ä├▓Γûæ╬ª├╝Γéº_BRANCH_B_v048_REAUDIT_FULL_RESUME_1944-02-20T24_2026-08-31/95_AUDIT/CANONICAL_PACKAGE_MANIFEST_2026-08-30_v001.json
6009	╬ª┬┐├¬╧ä┬½├╣┬╡ΓîÉ╞Æ╧ä├▓Γûæ╬ª├╝Γéº_BRANCH_B_v049_FULL_HANDOFF_1944-08-04T24_2026-09-04/02_ORIGINAL_EXTRACTED_TREE/╬ª┬┐├¬╧ä┬½├╣┬╡ΓîÉ╞Æ╧ä├▓Γûæ╬ª├╝Γéº_BRANCH_B_v048_REAUDIT_FULL_RESUME_1944-02-20T24_2026-08-31/95_AUDIT/CENTRAL_PACIFIC_AIRFIELD_WATER_AIR_REAUDIT_2026-08-29_v001.md
2530	╬ª┬┐├¬╧ä┬½├╣┬╡ΓîÉ╞Æ╧ä├▓Γûæ╬ª├╝Γéº_BRANCH_B_v049_FULL_HANDOFF_1944-08-04T24_2026-09-04/02_ORIGINAL_EXTRACTED_TREE/╬ª┬┐├¬╧ä┬½├╣┬╡ΓîÉ╞Æ╧ä├▓Γûæ╬ª├╝Γéº_BRANCH_B_v048_REAUDIT_FULL_RESUME_1944-02-20T24_2026-08-31/95_AUDIT/COMBAT_CAPABILITY_COVERAGE_AUDIT_v001.json
4513	╬ª┬┐├¬╧ä┬½├╣┬╡ΓîÉ╞Æ╧ä├▓Γûæ╬ª├╝Γéº_BRANCH_B_v049_FULL_HANDOFF_1944-08-04T24_2026-09-04/02_ORIGINAL_EXTRACTED_TREE/╬ª┬┐├¬╧ä┬½├╣┬╡ΓîÉ╞Æ╧ä├▓Γûæ╬ª├╝Γéº_BRANCH_B_v048_REAUDIT_FULL_RESUME_1944-02-20T24_2026-08-31/95_AUDIT/EASTERN_FLEET_MEDIUM_LIGHT_OOB_AUDIT_2026-08-29_v001.md
3749	╬ª┬┐├¬╧ä┬½├╣┬╡ΓîÉ╞Æ╧ä├▓Γûæ╬ª├╝Γéº_BRANCH_B_v049_FULL_HANDOFF_1944-08-04T24_2026-09-04/02_ORIGINAL_EXTRACTED_TREE/╬ª┬┐├¬╧ä┬½├╣┬╡ΓîÉ╞Æ╧ä├▓Γûæ╬ª├╝Γéº_BRANCH_B_v048_REAUDIT_FULL_RESUME_1944-02-20T24_2026-08-31/95_AUDIT/FLINTLOCK_DAMAGE_SUB_DDAY_AUDIT_2026-08-29_v001.md
4150	╬ª┬┐├¬╧ä┬½├╣┬╡ΓîÉ╞Æ╧ä├▓Γûæ╬ª├╝Γéº_BRANCH_B_v049_FULL_HANDOFF_1944-08-04T24_2026-09-04/02_ORIGINAL_EXTRACTED_TREE/╬ª┬┐├¬╧ä┬½├╣┬╡ΓîÉ╞Æ╧ä├▓Γûæ╬ª├╝Γéº_BRANCH_B_v048_REAUDIT_FULL_RESUME_1944-02-20T24_2026-08-31/95_AUDIT/FRONTIER_AND_EASTERN_FLEET_DATA_AUDIT_2026-08-29_v001.md
49764	╬ª┬┐├¬╧ä┬½├╣┬╡ΓîÉ╞Æ╧ä├▓Γûæ╬ª├╝Γéº_BRANCH_B_v049_FULL_HANDOFF_1944-08-04T24_2026-09-04/02_ORIGINAL_EXTRACTED_TREE/╬ª┬┐├¬╧ä┬½├╣┬╡ΓîÉ╞Æ╧ä├▓Γûæ╬ª├╝Γéº_BRANCH_B_v048_REAUDIT_FULL_RESUME_1944-02-20T24_2026-08-31/95_AUDIT/FULL_LEGACY_RESIDUAL_AUDIT_v001.json
1315	╬ª┬┐├¬╧ä┬½├╣┬╡ΓîÉ╞Æ╧ä├▓Γûæ╬ª├╝Γéº_BRANCH_B_v049_FULL_HANDOFF_1944-08-04T24_2026-09-04/02_ORIGINAL_EXTRACTED_TREE/╬ª┬┐├¬╧ä┬½├╣┬╡ΓîÉ╞Æ╧ä├▓Γûæ╬ª├╝Γéº_BRANCH_B_v048_REAUDIT_FULL_RESUME_1944-02-20T24_2026-08-31/95_AUDIT/GALVANIC_FIRST_CONTACT_AUDIT_2026-08-28.md
4596	╬ª┬┐├¬╧ä┬½├╣┬╡ΓîÉ╞Æ╧ä├▓Γûæ╬ª├╝Γéº_BRANCH_B_v049_FULL_HANDOFF_1944-08-04T24_2026-09-04/02_ORIGINAL_EXTRACTED_TREE/╬ª┬┐├¬╧ä┬½├╣┬╡ΓîÉ╞Æ╧ä├▓Γûæ╬ª├╝Γéº_BRANCH_B_v048_REAUDIT_FULL_RESUME_1944-02-20T24_2026-08-31/95_AUDIT/GALVANIC_GROUND_VEHICLE_ROLLBACK_REAUDIT_2026-08-29_v001.md
7091	╬ª┬┐├¬╧ä┬½├╣┬╡ΓîÉ╞Æ╧ä├▓Γûæ╬ª├╝Γéº_BRANCH_B_v049_FULL_HANDOFF_1944-08-04T24_2026-09-04/02_ORIGINAL_EXTRACTED_TREE/╬ª┬┐├¬╧ä┬½├╣┬╡ΓîÉ╞Æ╧ä├▓Γûæ╬ª├╝Γéº_BRANCH_B_v048_REAUDIT_FULL_RESUME_1944-02-20T24_2026-08-31/95_AUDIT/GALVANIC_NEGATIVE_DELTA_REVALIDATION_2026-08-29.md
703	╬ª┬┐├¬╧ä┬½├╣┬╡ΓîÉ╞Æ╧ä├▓Γûæ╬ª├╝Γéº_BRANCH_B_v049_FULL_HANDOFF_1944-08-04T24_2026-09-04/02_ORIGINAL_EXTRACTED_TREE/╬ª┬┐├¬╧ä┬½├╣┬╡ΓîÉ╞Æ╧ä├▓Γûæ╬ª├╝Γéº_BRANCH_B_v048_REAUDIT_FULL_RESUME_1944-02-20T24_2026-08-31/95_AUDIT/GALVANIC_NEGATIVE_DELTA_REVALIDATION_2026-08-29_v001.json
3065	╬ª┬┐├¬╧ä┬½├╣┬╡ΓîÉ╞Æ╧ä├▓Γûæ╬ª├╝Γéº_BRANCH_B_v049_FULL_HANDOFF_1944-08-04T24_2026-09-04/02_ORIGINAL_EXTRACTED_TREE/╬ª┬┐├¬╧ä┬½├╣┬╡ΓîÉ╞Æ╧ä├▓Γûæ╬ª├╝Γéº_BRANCH_B_v048_REAUDIT_FULL_RESUME_1944-02-20T24_2026-08-31/95_AUDIT/GALVANIC_SORTIE_START_AUDIT_2026-08-28.md
4547	╬ª┬┐├¬╧ä┬½├╣┬╡ΓîÉ╞Æ╧ä├▓Γûæ╬ª├╝Γéº_BRANCH_B_v049_FULL_HANDOFF_1944-08-04T24_2026-09-04/02_ORIGINAL_EXTRACTED_TREE/╬ª┬┐├¬╧ä┬½├╣┬╡ΓîÉ╞Æ╧ä├▓Γûæ╬ª├╝Γéº_BRANCH_B_v048_REAUDIT_FULL_RESUME_1944-02-20T24_2026-08-31/95_AUDIT/GALVANIC_V001_V002_PROPAGATION_AUDIT_2026-08-29.md
1362	╬ª┬┐├¬╧ä┬½├╣┬╡ΓîÉ╞Æ╧ä├▓Γûæ╬ª├╝Γéº_BRANCH_B_v049_FULL_HANDOFF_1944-08-04T24_2026-09-04/02_ORIGINAL_EXTRACTED_TREE/╬ª┬┐├¬╧ä┬½├╣┬╡ΓîÉ╞Æ╧ä├▓Γûæ╬ª├╝Γéº_BRANCH_B_v048_REAUDIT_FULL_RESUME_1944-02-20T24_2026-08-31/95_AUDIT/INDUSTRIAL_LOGISTICS_REBASE_CLOSEOUT_v001.json
4805	╬ª┬┐├¬╧ä┬½├╣┬╡ΓîÉ╞Æ╧ä├▓Γûæ╬ª├╝Γéº_BRANCH_B_v049_FULL_HANDOFF_1944-08-04T24_2026-09-04/02_ORIGINAL_EXTRACTED_TREE/╬ª┬┐├¬╧ä┬½├╣┬╡ΓîÉ╞Æ╧ä├▓Γûæ╬ª├╝Γéº_BRANCH_B_v048_REAUDIT_FULL_RESUME_1944-02-20T24_2026-08-31/95_AUDIT/JAPANESE_LAND_SYSTEM_INTEGRATED_REAUDIT_2026-08-29_v001.md
1595	╬ª┬┐├¬╧ä┬½├╣┬╡ΓîÉ╞Æ╧ä├▓Γûæ╬ª├╝Γéº_BRANCH_B_v049_FULL_HANDOFF_1944-08-04T24_2026-09-04/02_ORIGINAL_EXTRACTED_TREE/╬ª┬┐├¬╧ä┬½├╣┬╡ΓîÉ╞Æ╧ä├▓Γûæ╬ª├╝Γéº_BRANCH_B_v048_REAUDIT_FULL_RESUME_1944-02-20T24_2026-08-31/95_AUDIT/JAPAN_INDIAN_OCEAN_ORIGIN_ROUTE_AUDIT_1944-01_WORKING_v001.md
3519	╬ª┬┐├¬╧ä┬½├╣┬╡ΓîÉ╞Æ╧ä├▓Γûæ╬ª├╝Γéº_BRANCH_B_v049_FULL_HANDOFF_1944-08-04T24_2026-09-04/02_ORIGINAL_EXTRACTED_TREE/╬ª┬┐├¬╧ä┬½├╣┬╡ΓîÉ╞Æ╧ä├▓Γûæ╬ª├╝Γéº_BRANCH_B_v048_REAUDIT_FULL_RESUME_1944-02-20T24_2026-08-31/95_AUDIT/LAND_COMBAT_HARDWARE_RETRO_RESERVATION_AUDIT_2026-08-29_v001.md
3231	╬ª┬┐├¬╧ä┬½├╣┬╡ΓîÉ╞Æ╧ä├▓Γûæ╬ª├╝Γéº_BRANCH_B_v049_FULL_HANDOFF_1944-08-04T24_2026-09-04/02_ORIGINAL_EXTRACTED_TREE/╬ª┬┐├¬╧ä┬½├╣┬╡ΓîÉ╞Æ╧ä├▓Γûæ╬ª├╝Γéº_BRANCH_B_v048_REAUDIT_FULL_RESUME_1944-02-20T24_2026-08-31/95_AUDIT/MARSHALL_DAWN_CARRIER_EXCHANGE_AUDIT_2026-08-29_v001.md
2368	╬ª┬┐├¬╧ä┬½├╣┬╡ΓîÉ╞Æ╧ä├▓Γûæ╬ª├╝Γéº_BRANCH_B_v049_FULL_HANDOFF_1944-08-04T24_2026-09-04/02_ORIGINAL_EXTRACTED_TREE/╬ª┬┐├¬╧ä┬½├╣┬╡ΓîÉ╞Æ╧ä├▓Γûæ╬ª├╝Γéº_BRANCH_B_v048_REAUDIT_FULL_RESUME_1944-02-20T24_2026-08-31/95_AUDIT/MARSHALL_FIRST_CONTACT_ADVANCE_AUDIT_2026-08-29_v001.md
5519	╬ª┬┐├¬╧ä┬½├╣┬╡ΓîÉ╞Æ╧ä├▓Γûæ╬ª├╝Γéº_BRANCH_B_v049_FULL_HANDOFF_1944-08-04T24_2026-09-04/02_ORIGINAL_EXTRACTED_TREE/╬ª┬┐├¬╧ä┬½├╣┬╡ΓîÉ╞Æ╧ä├▓Γûæ╬ª├╝Γéº_BRANCH_B_v048_REAUDIT_FULL_RESUME_1944-02-20T24_2026-08-31/95_AUDIT/MARSHALL_MOBILIZATION_SUB_LIAISON_AUDIT_2026-08-29_v001.md
3600	╬ª┬┐├¬╧ä┬½├╣┬╡ΓîÉ╞Æ╧ä├▓Γûæ╬ª├╝Γéº_BRANCH_B_v049_FULL_HANDOFF_1944-08-04T24_2026-09-04/02_ORIGINAL_EXTRACTED_TREE/╬ª┬┐├¬╧ä┬½├╣┬╡ΓîÉ╞Æ╧ä├▓Γûæ╬ª├╝Γéº_BRANCH_B_v048_REAUDIT_FULL_RESUME_1944-02-20T24_2026-08-31/95_AUDIT/MARSHALL_RECONTACT_FIRST_STRIKE_AUDIT_2026-08-29_v001.md
2831	╬ª┬┐├¬╧ä┬½├╣┬╡ΓîÉ╞Æ╧ä├▓Γûæ╬ª├╝Γéº_BRANCH_B_v049_FULL_HANDOFF_1944-08-04T24_2026-09-04/02_ORIGINAL_EXTRACTED_TREE/╬ª┬┐├¬╧ä┬½├╣┬╡ΓîÉ╞Æ╧ä├▓Γûæ╬ª├╝Γéº_BRANCH_B_v048_REAUDIT_FULL_RESUME_1944-02-20T24_2026-08-31/95_AUDIT/MARSHALL_SUB_RECONTACT_SECOND_SUPPRESSION_AUDIT_2026-08-29_v001.md
1178	╬ª┬┐├¬╧ä┬½├╣┬╡ΓîÉ╞Æ╧ä├▓Γûæ╬ª├╝Γéº_BRANCH_B_v049_FULL_HANDOFF_1944-08-04T24_2026-09-04/02_ORIGINAL_EXTRACTED_TREE/╬ª┬┐├¬╧ä┬½├╣┬╡ΓîÉ╞Æ╧ä├▓Γûæ╬ª├╝Γéº_BRANCH_B_v048_REAUDIT_FULL_RESUME_1944-02-20T24_2026-08-31/95_AUDIT/MERGE_AUDIT_2026-08-28.md
71447	╬ª┬┐├¬╧ä┬½├╣┬╡ΓîÉ╞Æ╧ä├▓Γûæ╬ª├╝Γéº_BRANCH_B_v049_FULL_HANDOFF_1944-08-04T24_2026-09-04/02_ORIGINAL_EXTRACTED_TREE/╬ª┬┐├¬╧ä┬½├╣┬╡ΓîÉ╞Æ╧ä├▓Γûæ╬ª├╝Γéº_BRANCH_B_v048_REAUDIT_FULL_RESUME_1944-02-20T24_2026-08-31/95_AUDIT/PACKAGE_MANIFEST_v001.json
765	╬ª┬┐├¬╧ä┬½├╣┬╡ΓîÉ╞Æ╧ä├▓Γûæ╬ª├╝Γéº_BRANCH_B_v049_FULL_HANDOFF_1944-08-04T24_2026-09-04/02_ORIGINAL_EXTRACTED_TREE/╬ª┬┐├¬╧ä┬½├╣┬╡ΓîÉ╞Æ╧ä├▓Γûæ╬ª├╝Γéº_BRANCH_B_v048_REAUDIT_FULL_RESUME_1944-02-20T24_2026-08-31/95_AUDIT/PACKAGE_MANIFEST_v002.json
943	╬ª┬┐├¬╧ä┬½├╣┬╡ΓîÉ╞Æ╧ä├▓Γûæ╬ª├╝Γéº_BRANCH_B_v049_FULL_HANDOFF_1944-08-04T24_2026-09-04/02_ORIGINAL_EXTRACTED_TREE/╬ª┬┐├¬╧ä┬½├╣┬╡ΓîÉ╞Æ╧ä├▓Γûæ╬ª├╝Γéº_BRANCH_B_v048_REAUDIT_FULL_RESUME_1944-02-20T24_2026-08-31/95_AUDIT/PACKAGE_MANIFEST_v003.json
562	╬ª┬┐├¬╧ä┬½├╣┬╡ΓîÉ╞Æ╧ä├▓Γûæ╬ª├╝Γéº_BRANCH_B_v049_FULL_HANDOFF_1944-08-04T24_2026-09-04/02_ORIGINAL_EXTRACTED_TREE/╬ª┬┐├¬╧ä┬½├╣┬╡ΓîÉ╞Æ╧ä├▓Γûæ╬ª├╝Γéº_BRANCH_B_v048_REAUDIT_FULL_RESUME_1944-02-20T24_2026-08-31/95_AUDIT/PACKAGE_MANIFEST_v004.json
747	╬ª┬┐├¬╧ä┬½├╣┬╡ΓîÉ╞Æ╧ä├▓Γûæ╬ª├╝Γéº_BRANCH_B_v049_FULL_HANDOFF_1944-08-04T24_2026-09-04/02_ORIGINAL_EXTRACTED_TREE/╬ª┬┐├¬╧ä┬½├╣┬╡ΓîÉ╞Æ╧ä├▓Γûæ╬ª├╝Γéº_BRANCH_B_v048_REAUDIT_FULL_RESUME_1944-02-20T24_2026-08-31/95_AUDIT/PACKAGE_MANIFEST_v005.json
1176	╬ª┬┐├¬╧ä┬½├╣┬╡ΓîÉ╞Æ╧ä├▓Γûæ╬ª├╝Γéº_BRANCH_B_v049_FULL_HANDOFF_1944-08-04T24_2026-09-04/02_ORIGINAL_EXTRACTED_TREE/╬ª┬┐├¬╧ä┬½├╣┬╡ΓîÉ╞Æ╧ä├▓Γûæ╬ª├╝Γéº_BRANCH_B_v048_REAUDIT_FULL_RESUME_1944-02-20T24_2026-08-31/95_AUDIT/PACKAGE_MANIFEST_v006.json
1364	╬ª┬┐├¬╧ä┬½├╣┬╡ΓîÉ╞Æ╧ä├▓Γûæ╬ª├╝Γéº_BRANCH_B_v049_FULL_HANDOFF_1944-08-04T24_2026-09-04/02_ORIGINAL_EXTRACTED_TREE/╬ª┬┐├¬╧ä┬½├╣┬╡ΓîÉ╞Æ╧ä├▓Γûæ╬ª├╝Γéº_BRANCH_B_v048_REAUDIT_FULL_RESUME_1944-02-20T24_2026-08-31/95_AUDIT/PACKAGE_MANIFEST_v007.json
1925	╬ª┬┐├¬╧ä┬½├╣┬╡ΓîÉ╞Æ╧ä├▓Γûæ╬ª├╝Γéº_BRANCH_B_v049_FULL_HANDOFF_1944-08-04T24_2026-09-04/02_ORIGINAL_EXTRACTED_TREE/╬ª┬┐├¬╧ä┬½├╣┬╡ΓîÉ╞Æ╧ä├▓Γûæ╬ª├╝Γéº_BRANCH_B_v048_REAUDIT_FULL_RESUME_1944-02-20T24_2026-08-31/95_AUDIT/PACKAGE_MANIFEST_v008.json
2139	╬ª┬┐├¬╧ä┬½├╣┬╡ΓîÉ╞Æ╧ä├▓Γûæ╬ª├╝Γéº_BRANCH_B_v049_FULL_HANDOFF_1944-08-04T24_2026-09-04/02_ORIGINAL_EXTRACTED_TREE/╬ª┬┐├¬╧ä┬½├╣┬╡ΓîÉ╞Æ╧ä├▓Γûæ╬ª├╝Γéº_BRANCH_B_v048_REAUDIT_FULL_RESUME_1944-02-20T24_2026-08-31/95_AUDIT/PACKAGE_MANIFEST_v009.json
1796	╬ª┬┐├¬╧ä┬½├╣┬╡ΓîÉ╞Æ╧ä├▓Γûæ╬ª├╝Γéº_BRANCH_B_v049_FULL_HANDOFF_1944-08-04T24_2026-09-04/02_ORIGINAL_EXTRACTED_TREE/╬ª┬┐├¬╧ä┬½├╣┬╡ΓîÉ╞Æ╧ä├▓Γûæ╬ª├╝Γéº_BRANCH_B_v048_REAUDIT_FULL_RESUME_1944-02-20T24_2026-08-31/95_AUDIT/PACKAGE_MANIFEST_v010.json
1963	╬ª┬┐├¬╧ä┬½├╣┬╡ΓîÉ╞Æ╧ä├▓Γûæ╬ª├╝Γéº_BRANCH_B_v049_FULL_HANDOFF_1944-08-04T24_2026-09-04/02_ORIGINAL_EXTRACTED_TREE/╬ª┬┐├¬╧ä┬½├╣┬╡ΓîÉ╞Æ╧ä├▓Γûæ╬ª├╝Γéº_BRANCH_B_v048_REAUDIT_FULL_RESUME_1944-02-20T24_2026-08-31/95_AUDIT/PACKAGE_MANIFEST_v011.json
1652	╬ª┬┐├¬╧ä┬½├╣┬╡ΓîÉ╞Æ╧ä├▓Γûæ╬ª├╝Γéº_BRANCH_B_v049_FULL_HANDOFF_1944-08-04T24_2026-09-04/02_ORIGINAL_EXTRACTED_TREE/╬ª┬┐├¬╧ä┬½├╣┬╡ΓîÉ╞Æ╧ä├▓Γûæ╬ª├╝Γéº_BRANCH_B_v048_REAUDIT_FULL_RESUME_1944-02-20T24_2026-08-31/95_AUDIT/PACKAGE_MANIFEST_v012.json
2119	╬ª┬┐├¬╧ä┬½├╣┬╡ΓîÉ╞Æ╧ä├▓Γûæ╬ª├╝Γéº_BRANCH_B_v049_FULL_HANDOFF_1944-08-04T24_2026-09-04/02_ORIGINAL_EXTRACTED_TREE/╬ª┬┐├¬╧ä┬½├╣┬╡ΓîÉ╞Æ╧ä├▓Γûæ╬ª├╝Γéº_BRANCH_B_v048_REAUDIT_FULL_RESUME_1944-02-20T24_2026-08-31/95_AUDIT/PACKAGE_MANIFEST_v013.json
1538	╬ª┬┐├¬╧ä┬½├╣┬╡ΓîÉ╞Æ╧ä├▓Γûæ╬ª├╝Γéº_BRANCH_B_v049_FULL_HANDOFF_1944-08-04T24_2026-09-04/02_ORIGINAL_EXTRACTED_TREE/╬ª┬┐├¬╧ä┬½├╣┬╡ΓîÉ╞Æ╧ä├▓Γûæ╬ª├╝Γéº_BRANCH_B_v048_REAUDIT_FULL_RESUME_1944-02-20T24_2026-08-31/95_AUDIT/PACKAGE_MANIFEST_v014.json
1649	╬ª┬┐├¬╧ä┬½├╣┬╡ΓîÉ╞Æ╧ä├▓Γûæ╬ª├╝Γéº_BRANCH_B_v049_FULL_HANDOFF_1944-08-04T24_2026-09-04/02_ORIGINAL_EXTRACTED_TREE/╬ª┬┐├¬╧ä┬½├╣┬╡ΓîÉ╞Æ╧ä├▓Γûæ╬ª├╝Γéº_BRANCH_B_v048_REAUDIT_FULL_RESUME_1944-02-20T24_2026-08-31/95_AUDIT/PACKAGE_MANIFEST_v015.json
1020	╬ª┬┐├¬╧ä┬½├╣┬╡ΓîÉ╞Æ╧ä├▓Γûæ╬ª├╝Γéº_BRANCH_B_v049_FULL_HANDOFF_1944-08-04T24_2026-09-04/02_ORIGINAL_EXTRACTED_TREE/╬ª┬┐├¬╧ä┬½├╣┬╡ΓîÉ╞Æ╧ä├▓Γûæ╬ª├╝Γéº_BRANCH_B_v048_REAUDIT_FULL_RESUME_1944-02-20T24_2026-08-31/95_AUDIT/PACKAGE_MANIFEST_v016.json
1112	╬ª┬┐├¬╧ä┬½├╣┬╡ΓîÉ╞Æ╧ä├▓Γûæ╬ª├╝Γéº_BRANCH_B_v049_FULL_HANDOFF_1944-08-04T24_2026-09-04/02_ORIGINAL_EXTRACTED_TREE/╬ª┬┐├¬╧ä┬½├╣┬╡ΓîÉ╞Æ╧ä├▓Γûæ╬ª├╝Γéº_BRANCH_B_v048_REAUDIT_FULL_RESUME_1944-02-20T24_2026-08-31/95_AUDIT/PACKAGE_MANIFEST_v017.json
1176	╬ª┬┐├¬╧ä┬½├╣┬╡ΓîÉ╞Æ╧ä├▓Γûæ╬ª├╝Γéº_BRANCH_B_v049_FULL_HANDOFF_1944-08-04T24_2026-09-04/02_ORIGINAL_EXTRACTED_TREE/╬ª┬┐├¬╧ä┬½├╣┬╡ΓîÉ╞Æ╧ä├▓Γûæ╬ª├╝Γéº_BRANCH_B_v048_REAUDIT_FULL_RESUME_1944-02-20T24_2026-08-31/95_AUDIT/PACKAGE_MANIFEST_v018.json
1137	╬ª┬┐├¬╧ä┬½├╣┬╡ΓîÉ╞Æ╧ä├▓Γûæ╬ª├╝Γéº_BRANCH_B_v049_FULL_HANDOFF_1944-08-04T24_2026-09-04/02_ORIGINAL_EXTRACTED_TREE/╬ª┬┐├¬╧ä┬½├╣┬╡ΓîÉ╞Æ╧ä├▓Γûæ╬ª├╝Γéº_BRANCH_B_v048_REAUDIT_FULL_RESUME_1944-02-20T24_2026-08-31/95_AUDIT/PACKAGE_MANIFEST_v019.json
1117	╬ª┬┐├¬╧ä┬½├╣┬╡ΓîÉ╞Æ╧ä├▓Γûæ╬ª├╝Γéº_BRANCH_B_v049_FULL_HANDOFF_1944-08-04T24_2026-09-04/02_ORIGINAL_EXTRACTED_TREE/╬ª┬┐├¬╧ä┬½├╣┬╡ΓîÉ╞Æ╧ä├▓Γûæ╬ª├╝Γéº_BRANCH_B_v048_REAUDIT_FULL_RESUME_1944-02-20T24_2026-08-31/95_AUDIT/PACKAGE_MANIFEST_v020.json
1299	╬ª┬┐├¬╧ä┬½├╣┬╡ΓîÉ╞Æ╧ä├▓Γûæ╬ª├╝Γéº_BRANCH_B_v049_FULL_HANDOFF_1944-08-04T24_2026-09-04/02_ORIGINAL_EXTRACTED_TREE/╬ª┬┐├¬╧ä┬½├╣┬╡ΓîÉ╞Æ╧ä├▓Γûæ╬ª├╝Γéº_BRANCH_B_v048_REAUDIT_FULL_RESUME_1944-02-20T24_2026-08-31/95_AUDIT/PACKAGE_MANIFEST_v021.json
1337	╬ª┬┐├¬╧ä┬½├╣┬╡ΓîÉ╞Æ╧ä├▓Γûæ╬ª├╝Γéº_BRANCH_B_v049_FULL_HANDOFF_1944-08-04T24_2026-09-04/02_ORIGINAL_EXTRACTED_TREE/╬ª┬┐├¬╧ä┬½├╣┬╡ΓîÉ╞Æ╧ä├▓Γûæ╬ª├╝Γéº_BRANCH_B_v048_REAUDIT_FULL_RESUME_1944-02-20T24_2026-08-31/95_AUDIT/PACKAGE_MANIFEST_v022.json
1325	╬ª┬┐├¬╧ä┬½├╣┬╡ΓîÉ╞Æ╧ä├▓Γûæ╬ª├╝Γéº_BRANCH_B_v049_FULL_HANDOFF_1944-08-04T24_2026-09-04/02_ORIGINAL_EXTRACTED_TREE/╬ª┬┐├¬╧ä┬½├╣┬╡ΓîÉ╞Æ╧ä├▓Γûæ╬ª├╝Γéº_BRANCH_B_v048_REAUDIT_FULL_RESUME_1944-02-20T24_2026-08-31/95_AUDIT/PACKAGE_MANIFEST_v023.json
1448	╬ª┬┐├¬╧ä┬½├╣┬╡ΓîÉ╞Æ╧ä├▓Γûæ╬ª├╝Γéº_BRANCH_B_v049_FULL_HANDOFF_1944-08-04T24_2026-09-04/02_ORIGINAL_EXTRACTED_TREE/╬ª┬┐├¬╧ä┬½├╣┬╡ΓîÉ╞Æ╧ä├▓Γûæ╬ª├╝Γéº_BRANCH_B_v048_REAUDIT_FULL_RESUME_1944-02-20T24_2026-08-31/95_AUDIT/PACKAGE_MANIFEST_v024.json
1676	╬ª┬┐├¬╧ä┬½├╣┬╡ΓîÉ╞Æ╧ä├▓Γûæ╬ª├╝Γéº_BRANCH_B_v049_FULL_HANDOFF_1944-08-04T24_2026-09-04/02_ORIGINAL_EXTRACTED_TREE/╬ª┬┐├¬╧ä┬½├╣┬╡ΓîÉ╞Æ╧ä├▓Γûæ╬ª├╝Γéº_BRANCH_B_v048_REAUDIT_FULL_RESUME_1944-02-20T24_2026-08-31/95_AUDIT/PACKAGE_MANIFEST_v025.json
1420	╬ª┬┐├¬╧ä┬½├╣┬╡ΓîÉ╞Æ╧ä├▓Γûæ╬ª├╝Γéº_BRANCH_B_v049_FULL_HANDOFF_1944-08-04T24_2026-09-04/02_ORIGINAL_EXTRACTED_TREE/╬ª┬┐├¬╧ä┬½├╣┬╡ΓîÉ╞Æ╧ä├▓Γûæ╬ª├╝Γéº_BRANCH_B_v048_REAUDIT_FULL_RESUME_1944-02-20T24_2026-08-31/95_AUDIT/PACKAGE_MANIFEST_v026.json
1299	╬ª┬┐├¬╧ä┬½├╣┬╡ΓîÉ╞Æ╧ä├▓Γûæ╬ª├╝Γéº_BRANCH_B_v049_FULL_HANDOFF_1944-08-04T24_2026-09-04/02_ORIGINAL_EXTRACTED_TREE/╬ª┬┐├¬╧ä┬½├╣┬╡ΓîÉ╞Æ╧ä├▓Γûæ╬ª├╝Γéº_BRANCH_B_v048_REAUDIT_FULL_RESUME_1944-02-20T24_2026-08-31/95_AUDIT/PACKAGE_MANIFEST_v027.json
3764	╬ª┬┐├¬╧ä┬½├╣┬╡ΓîÉ╞Æ╧ä├▓Γûæ╬ª├╝Γéº_BRANCH_B_v049_FULL_HANDOFF_1944-08-04T24_2026-09-04/02_ORIGINAL_EXTRACTED_TREE/╬ª┬┐├¬╧ä┬½├╣┬╡ΓîÉ╞Æ╧ä├▓Γûæ╬ª├╝Γéº_BRANCH_B_v048_REAUDIT_FULL_RESUME_1944-02-20T24_2026-08-31/95_AUDIT/PACKAGE_MANIFEST_v028.json
3150	╬ª┬┐├¬╧ä┬½├╣┬╡ΓîÉ╞Æ╧ä├▓Γûæ╬ª├╝Γéº_BRANCH_B_v049_FULL_HANDOFF_1944-08-04T24_2026-09-04/02_ORIGINAL_EXTRACTED_TREE/╬ª┬┐├¬╧ä┬½├╣┬╡ΓîÉ╞Æ╧ä├▓Γûæ╬ª├╝Γéº_BRANCH_B_v048_REAUDIT_FULL_RESUME_1944-02-20T24_2026-08-31/95_AUDIT/PACKAGE_MANIFEST_v029.json
3478	╬ª┬┐├¬╧ä┬½├╣┬╡ΓîÉ╞Æ╧ä├▓Γûæ╬ª├╝Γéº_BRANCH_B_v049_FULL_HANDOFF_1944-08-04T24_2026-09-04/02_ORIGINAL_EXTRACTED_TREE/╬ª┬┐├¬╧ä┬½├╣┬╡ΓîÉ╞Æ╧ä├▓Γûæ╬ª├╝Γéº_BRANCH_B_v048_REAUDIT_FULL_RESUME_1944-02-20T24_2026-08-31/95_AUDIT/PACKAGE_MANIFEST_v030.json
1961	╬ª┬┐├¬╧ä┬½├╣┬╡ΓîÉ╞Æ╧ä├▓Γûæ╬ª├╝Γéº_BRANCH_B_v049_FULL_HANDOFF_1944-08-04T24_2026-09-04/02_ORIGINAL_EXTRACTED_TREE/╬ª┬┐├¬╧ä┬½├╣┬╡ΓîÉ╞Æ╧ä├▓Γûæ╬ª├╝Γéº_BRANCH_B_v048_REAUDIT_FULL_RESUME_1944-02-20T24_2026-08-31/95_AUDIT/PACKAGE_MANIFEST_v031.json
2353	╬ª┬┐├¬╧ä┬½├╣┬╡ΓîÉ╞Æ╧ä├▓Γûæ╬ª├╝Γéº_BRANCH_B_v049_FULL_HANDOFF_1944-08-04T24_2026-09-04/02_ORIGINAL_EXTRACTED_TREE/╬ª┬┐├¬╧ä┬½├╣┬╡ΓîÉ╞Æ╧ä├▓Γûæ╬ª├╝Γéº_BRANCH_B_v048_REAUDIT_FULL_RESUME_1944-02-20T24_2026-08-31/95_AUDIT/PACKAGE_MANIFEST_v032.json
1438	╬ª┬┐├¬╧ä┬½├╣┬╡ΓîÉ╞Æ╧ä├▓Γûæ╬ª├╝Γéº_BRANCH_B_v049_FULL_HANDOFF_1944-08-04T24_2026-09-04/02_ORIGINAL_EXTRACTED_TREE/╬ª┬┐├¬╧ä┬½├╣┬╡ΓîÉ╞Æ╧ä├▓Γûæ╬ª├╝Γéº_BRANCH_B_v048_REAUDIT_FULL_RESUME_1944-02-20T24_2026-08-31/95_AUDIT/PACKAGE_MANIFEST_v033.json
1804	╬ª┬┐├¬╧ä┬½├╣┬╡ΓîÉ╞Æ╧ä├▓Γûæ╬ª├╝Γéº_BRANCH_B_v049_FULL_HANDOFF_1944-08-04T24_2026-09-04/02_ORIGINAL_EXTRACTED_TREE/╬ª┬┐├¬╧ä┬½├╣┬╡ΓîÉ╞Æ╧ä├▓Γûæ╬ª├╝Γéº_BRANCH_B_v048_REAUDIT_FULL_RESUME_1944-02-20T24_2026-08-31/95_AUDIT/PACKAGE_MANIFEST_v034.json
1719	╬ª┬┐├¬╧ä┬½├╣┬╡ΓîÉ╞Æ╧ä├▓Γûæ╬ª├╝Γéº_BRANCH_B_v049_FULL_HANDOFF_1944-08-04T24_2026-09-04/02_ORIGINAL_EXTRACTED_TREE/╬ª┬┐├¬╧ä┬½├╣┬╡ΓîÉ╞Æ╧ä├▓Γûæ╬ª├╝Γéº_BRANCH_B_v048_REAUDIT_FULL_RESUME_1944-02-20T24_2026-08-31/95_AUDIT/PACKAGE_MANIFEST_v035.json
1886	╬ª┬┐├¬╧ä┬½├╣┬╡ΓîÉ╞Æ╧ä├▓Γûæ╬ª├╝Γéº_BRANCH_B_v049_FULL_HANDOFF_1944-08-04T24_2026-09-04/02_ORIGINAL_EXTRACTED_TREE/╬ª┬┐├¬╧ä┬½├╣┬╡ΓîÉ╞Æ╧ä├▓Γûæ╬ª├╝Γéº_BRANCH_B_v048_REAUDIT_FULL_RESUME_1944-02-20T24_2026-08-31/95_AUDIT/PACKAGE_MANIFEST_v036.json
1985	╬ª┬┐├¬╧ä┬½├╣┬╡ΓîÉ╞Æ╧ä├▓Γûæ╬ª├╝Γéº_BRANCH_B_v049_FULL_HANDOFF_1944-08-04T24_2026-09-04/02_ORIGINAL_EXTRACTED_TREE/╬ª┬┐├¬╧ä┬½├╣┬╡ΓîÉ╞Æ╧ä├▓Γûæ╬ª├╝Γéº_BRANCH_B_v048_REAUDIT_FULL_RESUME_1944-02-20T24_2026-08-31/95_AUDIT/PACKAGE_MANIFEST_v037.json
623	╬ª┬┐├¬╧ä┬½├╣┬╡ΓîÉ╞Æ╧ä├▓Γûæ╬ª├╝Γéº_BRANCH_B_v049_FULL_HANDOFF_1944-08-04T24_2026-09-04/02_ORIGINAL_EXTRACTED_TREE/╬ª┬┐├¬╧ä┬½├╣┬╡ΓîÉ╞Æ╧ä├▓Γûæ╬ª├╝Γéº_BRANCH_B_v048_REAUDIT_FULL_RESUME_1944-02-20T24_2026-08-31/95_AUDIT/PACKAGE_MANIFEST_v038.json
971	╬ª┬┐├¬╧ä┬½├╣┬╡ΓîÉ╞Æ╧ä├▓Γûæ╬ª├╝Γéº_BRANCH_B_v049_FULL_HANDOFF_1944-08-04T24_2026-09-04/02_ORIGINAL_EXTRACTED_TREE/╬ª┬┐├¬╧ä┬½├╣┬╡ΓîÉ╞Æ╧ä├▓Γûæ╬ª├╝Γéº_BRANCH_B_v048_REAUDIT_FULL_RESUME_1944-02-20T24_2026-08-31/95_AUDIT/PACKAGE_MANIFEST_v039.json
1296	╬ª┬┐├¬╧ä┬½├╣┬╡ΓîÉ╞Æ╧ä├▓Γûæ╬ª├╝Γéº_BRANCH_B_v049_FULL_HANDOFF_1944-08-04T24_2026-09-04/02_ORIGINAL_EXTRACTED_TREE/╬ª┬┐├¬╧ä┬½├╣┬╡ΓîÉ╞Æ╧ä├▓Γûæ╬ª├╝Γéº_BRANCH_B_v048_REAUDIT_FULL_RESUME_1944-02-20T24_2026-08-31/95_AUDIT/PACKAGE_MANIFEST_v040.json
1017	╬ª┬┐├¬╧ä┬½├╣┬╡ΓîÉ╞Æ╧ä├▓Γûæ╬ª├╝Γéº_BRANCH_B_v049_FULL_HANDOFF_1944-08-04T24_2026-09-04/02_ORIGINAL_EXTRACTED_TREE/╬ª┬┐├¬╧ä┬½├╣┬╡ΓîÉ╞Æ╧ä├▓Γûæ╬ª├╝Γéº_BRANCH_B_v048_REAUDIT_FULL_RESUME_1944-02-20T24_2026-08-31/95_AUDIT/PACKAGE_MANIFEST_v041.json
1286	╬ª┬┐├¬╧ä┬½├╣┬╡ΓîÉ╞Æ╧ä├▓Γûæ╬ª├╝Γéº_BRANCH_B_v049_FULL_HANDOFF_1944-08-04T24_2026-09-04/02_ORIGINAL_EXTRACTED_TREE/╬ª┬┐├¬╧ä┬½├╣┬╡ΓîÉ╞Æ╧ä├▓Γûæ╬ª├╝Γéº_BRANCH_B_v048_REAUDIT_FULL_RESUME_1944-02-20T24_2026-08-31/95_AUDIT/PACKAGE_MANIFEST_v042.json
1040	╬ª┬┐├¬╧ä┬½├╣┬╡ΓîÉ╞Æ╧ä├▓Γûæ╬ª├╝Γéº_BRANCH_B_v049_FULL_HANDOFF_1944-08-04T24_2026-09-04/02_ORIGINAL_EXTRACTED_TREE/╬ª┬┐├¬╧ä┬½├╣┬╡ΓîÉ╞Æ╧ä├▓Γûæ╬ª├╝Γéº_BRANCH_B_v048_REAUDIT_FULL_RESUME_1944-02-20T24_2026-08-31/95_AUDIT/PACKAGE_MANIFEST_v043.json
1136	╬ª┬┐├¬╧ä┬½├╣┬╡ΓîÉ╞Æ╧ä├▓Γûæ╬ª├╝Γéº_BRANCH_B_v049_FULL_HANDOFF_1944-08-04T24_2026-09-04/02_ORIGINAL_EXTRACTED_TREE/╬ª┬┐├¬╧ä┬½├╣┬╡ΓîÉ╞Æ╧ä├▓Γûæ╬ª├╝Γéº_BRANCH_B_v048_REAUDIT_FULL_RESUME_1944-02-20T24_2026-08-31/95_AUDIT/PACKAGE_MANIFEST_v046.json
1541	╬ª┬┐├¬╧ä┬½├╣┬╡ΓîÉ╞Æ╧ä├▓Γûæ╬ª├╝Γéº_BRANCH_B_v049_FULL_HANDOFF_1944-08-04T24_2026-09-04/02_ORIGINAL_EXTRACTED_TREE/╬ª┬┐├¬╧ä┬½├╣┬╡ΓîÉ╞Æ╧ä├▓Γûæ╬ª├╝Γéº_BRANCH_B_v048_REAUDIT_FULL_RESUME_1944-02-20T24_2026-08-31/95_AUDIT/PACKAGE_MANIFEST_v047.json
1564	╬ª┬┐├¬╧ä┬½├╣┬╡ΓîÉ╞Æ╧ä├▓Γûæ╬ª├╝Γéº_BRANCH_B_v049_FULL_HANDOFF_1944-08-04T24_2026-09-04/02_ORIGINAL_EXTRACTED_TREE/╬ª┬┐├¬╧ä┬½├╣┬╡ΓîÉ╞Æ╧ä├▓Γûæ╬ª├╝Γéº_BRANCH_B_v048_REAUDIT_FULL_RESUME_1944-02-20T24_2026-08-31/95_AUDIT/PACKAGE_MANIFEST_v048.json
6090	╬ª┬┐├¬╧ä┬½├╣┬╡ΓîÉ╞Æ╧ä├▓Γûæ╬ª├╝Γéº_BRANCH_B_v049_FULL_HANDOFF_1944-08-04T24_2026-09-04/02_ORIGINAL_EXTRACTED_TREE/╬ª┬┐├¬╧ä┬½├╣┬╡ΓîÉ╞Æ╧ä├▓Γûæ╬ª├╝Γéº_BRANCH_B_v048_REAUDIT_FULL_RESUME_1944-02-20T24_2026-08-31/95_AUDIT/RAIDEN_HEAVY_BOMBER_INTERCEPT_REAUDIT_2026-08-29_v001.md
1008	╬ª┬┐├¬╧ä┬½├╣┬╡ΓîÉ╞Æ╧ä├▓Γûæ╬ª├╝Γéº_BRANCH_B_v049_FULL_HANDOFF_1944-08-04T24_2026-09-04/02_ORIGINAL_EXTRACTED_TREE/╬ª┬┐├¬╧ä┬½├╣┬╡ΓîÉ╞Æ╧ä├▓Γûæ╬ª├╝Γéº_BRANCH_B_v048_REAUDIT_FULL_RESUME_1944-02-20T24_2026-08-31/95_AUDIT/REFACTOR_CLOSEOUT_AUDIT_v001.json
1505	╬ª┬┐├¬╧ä┬½├╣┬╡ΓîÉ╞Æ╧ä├▓Γûæ╬ª├╝Γéº_BRANCH_B_v049_FULL_HANDOFF_1944-08-04T24_2026-09-04/02_ORIGINAL_EXTRACTED_TREE/╬ª┬┐├¬╧ä┬½├╣┬╡ΓîÉ╞Æ╧ä├▓Γûæ╬ª├╝Γéº_BRANCH_B_v048_REAUDIT_FULL_RESUME_1944-02-20T24_2026-08-31/95_AUDIT/RESIDUAL_AUDIT_v001.md
212038	╬ª┬┐├¬╧ä┬½├╣┬╡ΓîÉ╞Æ╧ä├▓Γûæ╬ª├╝Γéº_BRANCH_B_v049_FULL_HANDOFF_1944-08-04T24_2026-09-04/02_ORIGINAL_EXTRACTED_TREE/╬ª┬┐├¬╧ä┬½├╣┬╡ΓîÉ╞Æ╧ä├▓Γûæ╬ª├╝Γéº_BRANCH_B_v048_REAUDIT_FULL_RESUME_1944-02-20T24_2026-08-31/95_AUDIT/SHA256SUMS_CANONICAL_2026-08-30.txt
63084	╬ª┬┐├¬╧ä┬½├╣┬╡ΓîÉ╞Æ╧ä├▓Γûæ╬ª├╝Γéº_BRANCH_B_v049_FULL_HANDOFF_1944-08-04T24_2026-09-04/02_ORIGINAL_EXTRACTED_TREE/╬ª┬┐├¬╧ä┬½├╣┬╡ΓîÉ╞Æ╧ä├▓Γûæ╬ª├╝Γéº_BRANCH_B_v048_REAUDIT_FULL_RESUME_1944-02-20T24_2026-08-31/95_AUDIT/SHA256SUMS_REFACTOR_v004.txt
64730	╬ª┬┐├¬╧ä┬½├╣┬╡ΓîÉ╞Æ╧ä├▓Γûæ╬ª├╝Γéº_BRANCH_B_v049_FULL_HANDOFF_1944-08-04T24_2026-09-04/02_ORIGINAL_EXTRACTED_TREE/╬ª┬┐├¬╧ä┬½├╣┬╡ΓîÉ╞Æ╧ä├▓Γûæ╬ª├╝Γéº_BRANCH_B_v048_REAUDIT_FULL_RESUME_1944-02-20T24_2026-08-31/95_AUDIT/SHA256SUMS_REFACTOR_v005.txt
66681	╬ª┬┐├¬╧ä┬½├╣┬╡ΓîÉ╞Æ╧ä├▓Γûæ╬ª├╝Γéº_BRANCH_B_v049_FULL_HANDOFF_1944-08-04T24_2026-09-04/02_ORIGINAL_EXTRACTED_TREE/╬ª┬┐├¬╧ä┬½├╣┬╡ΓîÉ╞Æ╧ä├▓Γûæ╬ª├╝Γéº_BRANCH_B_v048_REAUDIT_FULL_RESUME_1944-02-20T24_2026-08-31/95_AUDIT/SHA256SUMS_REFACTOR_v006.txt
68787	╬ª┬┐├¬╧ä┬½├╣┬╡ΓîÉ╞Æ╧ä├▓Γûæ╬ª├╝Γéº_BRANCH_B_v049_FULL_HANDOFF_1944-08-04T24_2026-09-04/02_ORIGINAL_EXTRACTED_TREE/╬ª┬┐├¬╧ä┬½├╣┬╡ΓîÉ╞Æ╧ä├▓Γûæ╬ª├╝Γéº_BRANCH_B_v048_REAUDIT_FULL_RESUME_1944-02-20T24_2026-08-31/95_AUDIT/SHA256SUMS_REFACTOR_v007.txt
71494	╬ª┬┐├¬╧ä┬½├╣┬╡ΓîÉ╞Æ╧ä├▓Γûæ╬ª├╝Γéº_BRANCH_B_v049_FULL_HANDOFF_1944-08-04T24_2026-09-04/02_ORIGINAL_EXTRACTED_TREE/╬ª┬┐├¬╧ä┬½├╣┬╡ΓîÉ╞Æ╧ä├▓Γûæ╬ª├╝Γéº_BRANCH_B_v048_REAUDIT_FULL_RESUME_1944-02-20T24_2026-08-31/95_AUDIT/SHA256SUMS_REFACTOR_v008.txt
73959	╬ª┬┐├¬╧ä┬½├╣┬╡ΓîÉ╞Æ╧ä├▓Γûæ╬ª├╝Γéº_BRANCH_B_v049_FULL_HANDOFF_1944-08-04T24_2026-09-04/02_ORIGINAL_EXTRACTED_TREE/╬ª┬┐├¬╧ä┬½├╣┬╡ΓîÉ╞Æ╧ä├▓Γûæ╬ª├╝Γéº_BRANCH_B_v048_REAUDIT_FULL_RESUME_1944-02-20T24_2026-08-31/95_AUDIT/SHA256SUMS_REFACTOR_v009.txt
76252	╬ª┬┐├¬╧ä┬½├╣┬╡ΓîÉ╞Æ╧ä├▓Γûæ╬ª├╝Γéº_BRANCH_B_v049_FULL_HANDOFF_1944-08-04T24_2026-09-04/02_ORIGINAL_EXTRACTED_TREE/╬ª┬┐├¬╧ä┬½├╣┬╡ΓîÉ╞Æ╧ä├▓Γûæ╬ª├╝Γéº_BRANCH_B_v048_REAUDIT_FULL_RESUME_1944-02-20T24_2026-08-31/95_AUDIT/SHA256SUMS_REFACTOR_v010.txt
78791	╬ª┬┐├¬╧ä┬½├╣┬╡ΓîÉ╞Æ╧ä├▓Γûæ╬ª├╝Γéº_BRANCH_B_v049_FULL_HANDOFF_1944-08-04T24_2026-09-04/02_ORIGINAL_EXTRACTED_TREE/╬ª┬┐├¬╧ä┬½├╣┬╡ΓîÉ╞Æ╧ä├▓Γûæ╬ª├╝Γéº_BRANCH_B_v048_REAUDIT_FULL_RESUME_1944-02-20T24_2026-08-31/95_AUDIT/SHA256SUMS_REFACTOR_v011.txt
80307	╬ª┬┐├¬╧ä┬½├╣┬╡ΓîÉ╞Æ╧ä├▓Γûæ╬ª├╝Γéº_BRANCH_B_v049_FULL_HANDOFF_1944-08-04T24_2026-09-04/02_ORIGINAL_EXTRACTED_TREE/╬ª┬┐├¬╧ä┬½├╣┬╡ΓîÉ╞Æ╧ä├▓Γûæ╬ª├╝Γéº_BRANCH_B_v048_REAUDIT_FULL_RESUME_1944-02-20T24_2026-08-31/95_AUDIT/SHA256SUMS_REFACTOR_v012.txt
82187	╬ª┬┐├¬╧ä┬½├╣┬╡ΓîÉ╞Æ╧ä├▓Γûæ╬ª├╝Γéº_BRANCH_B_v049_FULL_HANDOFF_1944-08-04T24_2026-09-04/02_ORIGINAL_EXTRACTED_TREE/╬ª┬┐├¬╧ä┬½├╣┬╡ΓîÉ╞Æ╧ä├▓Γûæ╬ª├╝Γéº_BRANCH_B_v048_REAUDIT_FULL_RESUME_1944-02-20T24_2026-08-31/95_AUDIT/SHA256SUMS_REFACTOR_v013.txt
82067	╬ª┬┐├¬╧ä┬½├╣┬╡ΓîÉ╞Æ╧ä├▓Γûæ╬ª├╝Γéº_BRANCH_B_v049_FULL_HANDOFF_1944-08-04T24_2026-09-04/02_ORIGINAL_EXTRACTED_TREE/╬ª┬┐├¬╧ä┬½├╣┬╡ΓîÉ╞Æ╧ä├▓Γûæ╬ª├╝Γéº_BRANCH_B_v048_REAUDIT_FULL_RESUME_1944-02-20T24_2026-08-31/95_AUDIT/SHA256SUMS_REFACTOR_v014.txt
82843	╬ª┬┐├¬╧ä┬½├╣┬╡ΓîÉ╞Æ╧ä├▓Γûæ╬ª├╝Γéº_BRANCH_B_v049_FULL_HANDOFF_1944-08-04T24_2026-09-04/02_ORIGINAL_EXTRACTED_TREE/╬ª┬┐├¬╧ä┬½├╣┬╡ΓîÉ╞Æ╧ä├▓Γûæ╬ª├╝Γéº_BRANCH_B_v048_REAUDIT_FULL_RESUME_1944-02-20T24_2026-08-31/95_AUDIT/SHA256SUMS_REFACTOR_v015.txt
83630	╬ª┬┐├¬╧ä┬½├╣┬╡ΓîÉ╞Æ╧ä├▓Γûæ╬ª├╝Γéº_BRANCH_B_v049_FULL_HANDOFF_1944-08-04T24_2026-09-04/02_ORIGINAL_EXTRACTED_TREE/╬ª┬┐├¬╧ä┬½├╣┬╡ΓîÉ╞Æ╧ä├▓Γûæ╬ª├╝Γéº_BRANCH_B_v048_REAUDIT_FULL_RESUME_1944-02-20T24_2026-08-31/95_AUDIT/SHA256SUMS_REFACTOR_v016.txt
84561	╬ª┬┐├¬╧ä┬½├╣┬╡ΓîÉ╞Æ╧ä├▓Γûæ╬ª├╝Γéº_BRANCH_B_v049_FULL_HANDOFF_1944-08-04T24_2026-09-04/02_ORIGINAL_EXTRACTED_TREE/╬ª┬┐├¬╧ä┬½├╣┬╡ΓîÉ╞Æ╧ä├▓Γûæ╬ª├╝Γéº_BRANCH_B_v048_REAUDIT_FULL_RESUME_1944-02-20T24_2026-08-31/95_AUDIT/SHA256SUMS_REFACTOR_v017.txt
85507	╬ª┬┐├¬╧ä┬½├╣┬╡ΓîÉ╞Æ╧ä├▓Γûæ╬ª├╝Γéº_BRANCH_B_v049_FULL_HANDOFF_1944-08-04T24_2026-09-04/02_ORIGINAL_EXTRACTED_TREE/╬ª┬┐├¬╧ä┬½├╣┬╡ΓîÉ╞Æ╧ä├▓Γûæ╬ª├╝Γéº_BRANCH_B_v048_REAUDIT_FULL_RESUME_1944-02-20T24_2026-08-31/95_AUDIT/SHA256SUMS_REFACTOR_v018.txt
86418	╬ª┬┐├¬╧ä┬½├╣┬╡ΓîÉ╞Æ╧ä├▓Γûæ╬ª├╝Γéº_BRANCH_B_v049_FULL_HANDOFF_1944-08-04T24_2026-09-04/02_ORIGINAL_EXTRACTED_TREE/╬ª┬┐├¬╧ä┬½├╣┬╡ΓîÉ╞Æ╧ä├▓Γûæ╬ª├╝Γéº_BRANCH_B_v048_REAUDIT_FULL_RESUME_1944-02-20T24_2026-08-31/95_AUDIT/SHA256SUMS_REFACTOR_v019.txt
88055	╬ª┬┐├¬╧ä┬½├╣┬╡ΓîÉ╞Æ╧ä├▓Γûæ╬ª├╝Γéº_BRANCH_B_v049_FULL_HANDOFF_1944-08-04T24_2026-09-04/02_ORIGINAL_EXTRACTED_TREE/╬ª┬┐├¬╧ä┬½├╣┬╡ΓîÉ╞Æ╧ä├▓Γûæ╬ª├╝Γéº_BRANCH_B_v048_REAUDIT_FULL_RESUME_1944-02-20T24_2026-08-31/95_AUDIT/SHA256SUMS_REFACTOR_v020.txt
88730	╬ª┬┐├¬╧ä┬½├╣┬╡ΓîÉ╞Æ╧ä├▓Γûæ╬ª├╝Γéº_BRANCH_B_v049_FULL_HANDOFF_1944-08-04T24_2026-09-04/02_ORIGINAL_EXTRACTED_TREE/╬ª┬┐├¬╧ä┬½├╣┬╡ΓîÉ╞Æ╧ä├▓Γûæ╬ª├╝Γéº_BRANCH_B_v048_REAUDIT_FULL_RESUME_1944-02-20T24_2026-08-31/95_AUDIT/SHA256SUMS_REFACTOR_v021.txt
90372	╬ª┬┐├¬╧ä┬½├╣┬╡ΓîÉ╞Æ╧ä├▓Γûæ╬ª├╝Γéº_BRANCH_B_v049_FULL_HANDOFF_1944-08-04T24_2026-09-04/02_ORIGINAL_EXTRACTED_TREE/╬ª┬┐├¬╧ä┬½├╣┬╡ΓîÉ╞Æ╧ä├▓Γûæ╬ª├╝Γéº_BRANCH_B_v048_REAUDIT_FULL_RESUME_1944-02-20T24_2026-08-31/95_AUDIT/SHA256SUMS_REFACTOR_v022.txt
91973	╬ª┬┐├¬╧ä┬½├╣┬╡ΓîÉ╞Æ╧ä├▓Γûæ╬ª├╝Γéº_BRANCH_B_v049_FULL_HANDOFF_1944-08-04T24_2026-09-04/02_ORIGINAL_EXTRACTED_TREE/╬ª┬┐├¬╧ä┬½├╣┬╡ΓîÉ╞Æ╧ä├▓Γûæ╬ª├╝Γéº_BRANCH_B_v048_REAUDIT_FULL_RESUME_1944-02-20T24_2026-08-31/95_AUDIT/SHA256SUMS_REFACTOR_v023.txt
93803	╬ª┬┐├¬╧ä┬½├╣┬╡ΓîÉ╞Æ╧ä├▓Γûæ╬ª├╝Γéº_BRANCH_B_v049_FULL_HANDOFF_1944-08-04T24_2026-09-04/02_ORIGINAL_EXTRACTED_TREE/╬ª┬┐├¬╧ä┬½├╣┬╡ΓîÉ╞Æ╧ä├▓Γûæ╬ª├╝Γéº_BRANCH_B_v048_REAUDIT_FULL_RESUME_1944-02-20T24_2026-08-31/95_AUDIT/SHA256SUMS_REFACTOR_v024.txt
95525	╬ª┬┐├¬╧ä┬½├╣┬╡ΓîÉ╞Æ╧ä├▓Γûæ╬ª├╝Γéº_BRANCH_B_v049_FULL_HANDOFF_1944-08-04T24_2026-09-04/02_ORIGINAL_EXTRACTED_TREE/╬ª┬┐├¬╧ä┬½├╣┬╡ΓîÉ╞Æ╧ä├▓Γûæ╬ª├╝Γéº_BRANCH_B_v048_REAUDIT_FULL_RESUME_1944-02-20T24_2026-08-31/95_AUDIT/SHA256SUMS_REFACTOR_v025.txt
99280	╬ª┬┐├¬╧ä┬½├╣┬╡ΓîÉ╞Æ╧ä├▓Γûæ╬ª├╝Γéº_BRANCH_B_v049_FULL_HANDOFF_1944-08-04T24_2026-09-04/02_ORIGINAL_EXTRACTED_TREE/╬ª┬┐├¬╧ä┬½├╣┬╡ΓîÉ╞Æ╧ä├▓Γûæ╬ª├╝Γéº_BRANCH_B_v048_REAUDIT_FULL_RESUME_1944-02-20T24_2026-08-31/95_AUDIT/SHA256SUMS_REFACTOR_v026.txt
100732	╬ª┬┐├¬╧ä┬½├╣┬╡ΓîÉ╞Æ╧ä├▓Γûæ╬ª├╝Γéº_BRANCH_B_v049_FULL_HANDOFF_1944-08-04T24_2026-09-04/02_ORIGINAL_EXTRACTED_TREE/╬ª┬┐├¬╧ä┬½├╣┬╡ΓîÉ╞Æ╧ä├▓Γûæ╬ª├╝Γéº_BRANCH_B_v048_REAUDIT_FULL_RESUME_1944-02-20T24_2026-08-31/95_AUDIT/SHA256SUMS_REFACTOR_v027.txt
104886	╬ª┬┐├¬╧ä┬½├╣┬╡ΓîÉ╞Æ╧ä├▓Γûæ╬ª├╝Γéº_BRANCH_B_v049_FULL_HANDOFF_1944-08-04T24_2026-09-04/02_ORIGINAL_EXTRACTED_TREE/╬ª┬┐├¬╧ä┬½├╣┬╡ΓîÉ╞Æ╧ä├▓Γûæ╬ª├╝Γéº_BRANCH_B_v048_REAUDIT_FULL_RESUME_1944-02-20T24_2026-08-31/95_AUDIT/SHA256SUMS_REFACTOR_v028.txt
107438	╬ª┬┐├¬╧ä┬½├╣┬╡ΓîÉ╞Æ╧ä├▓Γûæ╬ª├╝Γéº_BRANCH_B_v049_FULL_HANDOFF_1944-08-04T24_2026-09-04/02_ORIGINAL_EXTRACTED_TREE/╬ª┬┐├¬╧ä┬½├╣┬╡ΓîÉ╞Æ╧ä├▓Γûæ╬ª├╝Γéº_BRANCH_B_v048_REAUDIT_FULL_RESUME_1944-02-20T24_2026-08-31/95_AUDIT/SHA256SUMS_REFACTOR_v029.txt
113991	╬ª┬┐├¬╧ä┬½├╣┬╡ΓîÉ╞Æ╧ä├▓Γûæ╬ª├╝Γéº_BRANCH_B_v049_FULL_HANDOFF_1944-08-04T24_2026-09-04/02_ORIGINAL_EXTRACTED_TREE/╬ª┬┐├¬╧ä┬½├╣┬╡ΓîÉ╞Æ╧ä├▓Γûæ╬ª├╝Γéº_BRANCH_B_v048_REAUDIT_FULL_RESUME_1944-02-20T24_2026-08-31/95_AUDIT/SHA256SUMS_REFACTOR_v030.txt
115803	╬ª┬┐├¬╧ä┬½├╣┬╡ΓîÉ╞Æ╧ä├▓Γûæ╬ª├╝Γéº_BRANCH_B_v049_FULL_HANDOFF_1944-08-04T24_2026-09-04/02_ORIGINAL_EXTRACTED_TREE/╬ª┬┐├¬╧ä┬½├╣┬╡ΓîÉ╞Æ╧ä├▓Γûæ╬ª├╝Γéº_BRANCH_B_v048_REAUDIT_FULL_RESUME_1944-02-20T24_2026-08-31/95_AUDIT/SHA256SUMS_REFACTOR_v031.txt
117374	╬ª┬┐├¬╧ä┬½├╣┬╡ΓîÉ╞Æ╧ä├▓Γûæ╬ª├╝Γéº_BRANCH_B_v049_FULL_HANDOFF_1944-08-04T24_2026-09-04/02_ORIGINAL_EXTRACTED_TREE/╬ª┬┐├¬╧ä┬½├╣┬╡ΓîÉ╞Æ╧ä├▓Γûæ╬ª├╝Γéº_BRANCH_B_v048_REAUDIT_FULL_RESUME_1944-02-20T24_2026-08-31/95_AUDIT/SHA256SUMS_REFACTOR_v032.txt
117313	╬ª┬┐├¬╧ä┬½├╣┬╡ΓîÉ╞Æ╧ä├▓Γûæ╬ª├╝Γéº_BRANCH_B_v049_FULL_HANDOFF_1944-08-04T24_2026-09-04/02_ORIGINAL_EXTRACTED_TREE/╬ª┬┐├¬╧ä┬½├╣┬╡ΓîÉ╞Æ╧ä├▓Γûæ╬ª├╝Γéº_BRANCH_B_v048_REAUDIT_FULL_RESUME_1944-02-20T24_2026-08-31/95_AUDIT/SHA256SUMS_REFACTOR_v033.txt
118813	╬ª┬┐├¬╧ä┬½├╣┬╡ΓîÉ╞Æ╧ä├▓Γûæ╬ª├╝Γéº_BRANCH_B_v049_FULL_HANDOFF_1944-08-04T24_2026-09-04/02_ORIGINAL_EXTRACTED_TREE/╬ª┬┐├¬╧ä┬½├╣┬╡ΓîÉ╞Æ╧ä├▓Γûæ╬ª├╝Γéº_BRANCH_B_v048_REAUDIT_FULL_RESUME_1944-02-20T24_2026-08-31/95_AUDIT/SHA256SUMS_REFACTOR_v034.txt
119925	╬ª┬┐├¬╧ä┬½├╣┬╡ΓîÉ╞Æ╧ä├▓Γûæ╬ª├╝Γéº_BRANCH_B_v049_FULL_HANDOFF_1944-08-04T24_2026-09-04/02_ORIGINAL_EXTRACTED_TREE/╬ª┬┐├¬╧ä┬½├╣┬╡ΓîÉ╞Æ╧ä├▓Γûæ╬ª├╝Γéº_BRANCH_B_v048_REAUDIT_FULL_RESUME_1944-02-20T24_2026-08-31/95_AUDIT/SHA256SUMS_REFACTOR_v035.txt
122859	╬ª┬┐├¬╧ä┬½├╣┬╡ΓîÉ╞Æ╧ä├▓Γûæ╬ª├╝Γéº_BRANCH_B_v049_FULL_HANDOFF_1944-08-04T24_2026-09-04/02_ORIGINAL_EXTRACTED_TREE/╬ª┬┐├¬╧ä┬½├╣┬╡ΓîÉ╞Æ╧ä├▓Γûæ╬ª├╝Γéº_BRANCH_B_v048_REAUDIT_FULL_RESUME_1944-02-20T24_2026-08-31/95_AUDIT/SHA256SUMS_REFACTOR_v036.txt
124556	╬ª┬┐├¬╧ä┬½├╣┬╡ΓîÉ╞Æ╧ä├▓Γûæ╬ª├╝Γéº_BRANCH_B_v049_FULL_HANDOFF_1944-08-04T24_2026-09-04/02_ORIGINAL_EXTRACTED_TREE/╬ª┬┐├¬╧ä┬½├╣┬╡ΓîÉ╞Æ╧ä├▓Γûæ╬ª├╝Γéº_BRANCH_B_v048_REAUDIT_FULL_RESUME_1944-02-20T24_2026-08-31/95_AUDIT/SHA256SUMS_REFACTOR_v037.txt
154359	╬ª┬┐├¬╧ä┬½├╣┬╡ΓîÉ╞Æ╧ä├▓Γûæ╬ª├╝Γéº_BRANCH_B_v049_FULL_HANDOFF_1944-08-04T24_2026-09-04/02_ORIGINAL_EXTRACTED_TREE/╬ª┬┐├¬╧ä┬½├╣┬╡ΓîÉ╞Æ╧ä├▓Γûæ╬ª├╝Γéº_BRANCH_B_v048_REAUDIT_FULL_RESUME_1944-02-20T24_2026-08-31/95_AUDIT/SHA256SUMS_REFACTOR_v039.txt
156322	╬ª┬┐├¬╧ä┬½├╣┬╡ΓîÉ╞Æ╧ä├▓Γûæ╬ª├╝Γéº_BRANCH_B_v049_FULL_HANDOFF_1944-08-04T24_2026-09-04/02_ORIGINAL_EXTRACTED_TREE/╬ª┬┐├¬╧ä┬½├╣┬╡ΓîÉ╞Æ╧ä├▓Γûæ╬ª├╝Γéº_BRANCH_B_v048_REAUDIT_FULL_RESUME_1944-02-20T24_2026-08-31/95_AUDIT/SHA256SUMS_REFACTOR_v040.txt
157910	╬ª┬┐├¬╧ä┬½├╣┬╡ΓîÉ╞Æ╧ä├▓Γûæ╬ª├╝Γéº_BRANCH_B_v049_FULL_HANDOFF_1944-08-04T24_2026-09-04/02_ORIGINAL_EXTRACTED_TREE/╬ª┬┐├¬╧ä┬½├╣┬╡ΓîÉ╞Æ╧ä├▓Γûæ╬ª├╝Γéº_BRANCH_B_v048_REAUDIT_FULL_RESUME_1944-02-20T24_2026-08-31/95_AUDIT/SHA256SUMS_REFACTOR_v041.txt
160010	╬ª┬┐├¬╧ä┬½├╣┬╡ΓîÉ╞Æ╧ä├▓Γûæ╬ª├╝Γéº_BRANCH_B_v049_FULL_HANDOFF_1944-08-04T24_2026-09-04/02_ORIGINAL_EXTRACTED_TREE/╬ª┬┐├¬╧ä┬½├╣┬╡ΓîÉ╞Æ╧ä├▓Γûæ╬ª├╝Γéº_BRANCH_B_v048_REAUDIT_FULL_RESUME_1944-02-20T24_2026-08-31/95_AUDIT/SHA256SUMS_REFACTOR_v042.txt
161681	╬ª┬┐├¬╧ä┬½├╣┬╡ΓîÉ╞Æ╧ä├▓Γûæ╬ª├╝Γéº_BRANCH_B_v049_FULL_HANDOFF_1944-08-04T24_2026-09-04/02_ORIGINAL_EXTRACTED_TREE/╬ª┬┐├¬╧ä┬½├╣┬╡ΓîÉ╞Æ╧ä├▓Γûæ╬ª├╝Γéº_BRANCH_B_v048_REAUDIT_FULL_RESUME_1944-02-20T24_2026-08-31/95_AUDIT/SHA256SUMS_REFACTOR_v043.txt
163250	╬ª┬┐├¬╧ä┬½├╣┬╡ΓîÉ╞Æ╧ä├▓Γûæ╬ª├╝Γéº_BRANCH_B_v049_FULL_HANDOFF_1944-08-04T24_2026-09-04/02_ORIGINAL_EXTRACTED_TREE/╬ª┬┐├¬╧ä┬½├╣┬╡ΓîÉ╞Æ╧ä├▓Γûæ╬ª├╝Γéº_BRANCH_B_v048_REAUDIT_FULL_RESUME_1944-02-20T24_2026-08-31/95_AUDIT/SHA256SUMS_REFACTOR_v046.txt
167959	╬ª┬┐├¬╧ä┬½├╣┬╡ΓîÉ╞Æ╧ä├▓Γûæ╬ª├╝Γéº_BRANCH_B_v049_FULL_HANDOFF_1944-08-04T24_2026-09-04/02_ORIGINAL_EXTRACTED_TREE/╬ª┬┐├¬╧ä┬½├╣┬╡ΓîÉ╞Æ╧ä├▓Γûæ╬ª├╝Γéº_BRANCH_B_v048_REAUDIT_FULL_RESUME_1944-02-20T24_2026-08-31/95_AUDIT/SHA256SUMS_REFACTOR_v047.txt
170491	╬ª┬┐├¬╧ä┬½├╣┬╡ΓîÉ╞Æ╧ä├▓Γûæ╬ª├╝Γéº_BRANCH_B_v049_FULL_HANDOFF_1944-08-04T24_2026-09-04/02_ORIGINAL_EXTRACTED_TREE/╬ª┬┐├¬╧ä┬½├╣┬╡ΓîÉ╞Æ╧ä├▓Γûæ╬ª├╝Γéº_BRANCH_B_v048_REAUDIT_FULL_RESUME_1944-02-20T24_2026-08-31/95_AUDIT/SHA256SUMS_REFACTOR_v048.txt
152791	╬ª┬┐├¬╧ä┬½├╣┬╡ΓîÉ╞Æ╧ä├▓Γûæ╬ª├╝Γéº_BRANCH_B_v049_FULL_HANDOFF_1944-08-04T24_2026-09-04/02_ORIGINAL_EXTRACTED_TREE/╬ª┬┐├¬╧ä┬½├╣┬╡ΓîÉ╞Æ╧ä├▓Γûæ╬ª├╝Γéº_BRANCH_B_v048_REAUDIT_FULL_RESUME_1944-02-20T24_2026-08-31/95_AUDIT/SHA256SUMS_v038.txt
11746	╬ª┬┐├¬╧ä┬½├╣┬╡ΓîÉ╞Æ╧ä├▓Γûæ╬ª├╝Γéº_BRANCH_B_v049_FULL_HANDOFF_1944-08-04T24_2026-09-04/02_ORIGINAL_EXTRACTED_TREE/╬ª┬┐├¬╧ä┬½├╣┬╡ΓîÉ╞Æ╧ä├▓Γûæ╬ª├╝Γéº_BRANCH_B_v048_REAUDIT_FULL_RESUME_1944-02-20T24_2026-08-31/95_AUDIT/TECHNOLOGY_LINEAGE_ALL_BANDS_AUDIT_2026-08-29_v001.md
1588	╬ª┬┐├¬╧ä┬½├╣┬╡ΓîÉ╞Æ╧ä├▓Γûæ╬ª├╝Γéº_BRANCH_B_v049_FULL_HANDOFF_1944-08-04T24_2026-09-04/02_ORIGINAL_EXTRACTED_TREE/╬ª┬┐├¬╧ä┬½├╣┬╡ΓîÉ╞Æ╧ä├▓Γûæ╬ª├╝Γéº_BRANCH_B_v048_REAUDIT_FULL_RESUME_1944-02-20T24_2026-08-31/95_AUDIT/TECH_COVERAGE_AUDIT_v001.json
3004	╬ª┬┐├¬╧ä┬½├╣┬╡ΓîÉ╞Æ╧ä├▓Γûæ╬ª├╝Γéº_BRANCH_B_v049_FULL_HANDOFF_1944-08-04T24_2026-09-04/02_ORIGINAL_EXTRACTED_TREE/╬ª┬┐├¬╧ä┬½├╣┬╡ΓîÉ╞Æ╧ä├▓Γûæ╬ª├╝Γéº_BRANCH_B_v048_REAUDIT_FULL_RESUME_1944-02-20T24_2026-08-31/95_AUDIT/TECH_COVERAGE_AUDIT_v002.json
6159	╬ª┬┐├¬╧ä┬½├╣┬╡ΓîÉ╞Æ╧ä├▓Γûæ╬ª├╝Γéº_BRANCH_B_v049_FULL_HANDOFF_1944-08-04T24_2026-09-04/02_ORIGINAL_EXTRACTED_TREE/╬ª┬┐├¬╧ä┬½├╣┬╡ΓîÉ╞Æ╧ä├▓Γûæ╬ª├╝Γéº_BRANCH_B_v048_REAUDIT_FULL_RESUME_1944-02-20T24_2026-08-31/95_AUDIT/TECH_COVERAGE_AUDIT_v003.json
3211	╬ª┬┐├¬╧ä┬½├╣┬╡ΓîÉ╞Æ╧ä├▓Γûæ╬ª├╝Γéº_BRANCH_B_v049_FULL_HANDOFF_1944-08-04T24_2026-09-04/02_ORIGINAL_EXTRACTED_TREE/╬ª┬┐├¬╧ä┬½├╣┬╡ΓîÉ╞Æ╧ä├▓Γûæ╬ª├╝Γéº_BRANCH_B_v048_REAUDIT_FULL_RESUME_1944-02-20T24_2026-08-31/95_AUDIT/V009_EXECUTION_REPAIR_AUDIT_v001.json
1058	╬ª┬┐├¬╧ä┬½├╣┬╡ΓîÉ╞Æ╧ä├▓Γûæ╬ª├╝Γéº_BRANCH_B_v049_FULL_HANDOFF_1944-08-04T24_2026-09-04/02_ORIGINAL_EXTRACTED_TREE/╬ª┬┐├¬╧ä┬½├╣┬╡ΓîÉ╞Æ╧ä├▓Γûæ╬ª├╝Γéº_BRANCH_B_v048_REAUDIT_FULL_RESUME_1944-02-20T24_2026-08-31/95_AUDIT/V010_COMBAT_FACTOR_REPAIR_AUDIT_v001.json
2411	╬ª┬┐├¬╧ä┬½├╣┬╡ΓîÉ╞Æ╧ä├▓Γûæ╬ª├╝Γéº_BRANCH_B_v049_FULL_HANDOFF_1944-08-04T24_2026-09-04/02_ORIGINAL_EXTRACTED_TREE/╬ª┬┐├¬╧ä┬½├╣┬╡ΓîÉ╞Æ╧ä├▓Γûæ╬ª├╝Γéº_BRANCH_B_v048_REAUDIT_FULL_RESUME_1944-02-20T24_2026-08-31/95_AUDIT/V011_WEAPON_PLATFORM_REPAIR_AUDIT_v001.json
1500	╬ª┬┐├¬╧ä┬½├╣┬╡ΓîÉ╞Æ╧ä├▓Γûæ╬ª├╝Γéº_BRANCH_B_v049_FULL_HANDOFF_1944-08-04T24_2026-09-04/02_ORIGINAL_EXTRACTED_TREE/╬ª┬┐├¬╧ä┬½├╣┬╡ΓîÉ╞Æ╧ä├▓Γûæ╬ª├╝Γéº_BRANCH_B_v048_REAUDIT_FULL_RESUME_1944-02-20T24_2026-08-31/95_AUDIT/V012_SESSION_STATE_AUDIT_v001.json
2245	╬ª┬┐├¬╧ä┬½├╣┬╡ΓîÉ╞Æ╧ä├▓Γûæ╬ª├╝Γéº_BRANCH_B_v049_FULL_HANDOFF_1944-08-04T24_2026-09-04/02_ORIGINAL_EXTRACTED_TREE/╬ª┬┐├¬╧ä┬½├╣┬╡ΓîÉ╞Æ╧ä├▓Γûæ╬ª├╝Γéº_BRANCH_B_v048_REAUDIT_FULL_RESUME_1944-02-20T24_2026-08-31/95_AUDIT/V013_SESSION_STATE_AUDIT_v001.json
1541	╬ª┬┐├¬╧ä┬½├╣┬╡ΓîÉ╞Æ╧ä├▓Γûæ╬ª├╝Γéº_BRANCH_B_v049_FULL_HANDOFF_1944-08-04T24_2026-09-04/02_ORIGINAL_EXTRACTED_TREE/╬ª┬┐├¬╧ä┬½├╣┬╡ΓîÉ╞Æ╧ä├▓Γûæ╬ª├╝Γéº_BRANCH_B_v048_REAUDIT_FULL_RESUME_1944-02-20T24_2026-08-31/95_AUDIT/V014_DATA_NORMALIZATION_AUDIT_v001.json
735	╬ª┬┐├¬╧ä┬½├╣┬╡ΓîÉ╞Æ╧ä├▓Γûæ╬ª├╝Γéº_BRANCH_B_v049_FULL_HANDOFF_1944-08-04T24_2026-09-04/02_ORIGINAL_EXTRACTED_TREE/╬ª┬┐├¬╧ä┬½├╣┬╡ΓîÉ╞Æ╧ä├▓Γûæ╬ª├╝Γéº_BRANCH_B_v048_REAUDIT_FULL_RESUME_1944-02-20T24_2026-08-31/95_AUDIT/V015_CATCHPOLE_ENIWETOK_CLOSEOUT_AUDIT_v001.json
711	╬ª┬┐├¬╧ä┬½├╣┬╡ΓîÉ╞Æ╧ä├▓Γûæ╬ª├╝Γéº_BRANCH_B_v049_FULL_HANDOFF_1944-08-04T24_2026-09-04/02_ORIGINAL_EXTRACTED_TREE/╬ª┬┐├¬╧ä┬½├╣┬╡ΓîÉ╞Æ╧ä├▓Γûæ╬ª├╝Γéº_BRANCH_B_v048_REAUDIT_FULL_RESUME_1944-02-20T24_2026-08-31/95_AUDIT/V016_PRE_ICHIGO_DATA_GAP_AUDIT_v001.json
633	╬ª┬┐├¬╧ä┬½├╣┬╡ΓîÉ╞Æ╧ä├▓Γûæ╬ª├╝Γéº_BRANCH_B_v049_FULL_HANDOFF_1944-08-04T24_2026-09-04/02_ORIGINAL_EXTRACTED_TREE/╬ª┬┐├¬╧ä┬½├╣┬╡ΓîÉ╞Æ╧ä├▓Γûæ╬ª├╝Γéº_BRANCH_B_v048_REAUDIT_FULL_RESUME_1944-02-20T24_2026-08-31/95_AUDIT/V017_HANZHONG_GUANGYUAN_ACTIVE_PRESSURE_AUDIT_v001.json
561	╬ª┬┐├¬╧ä┬½├╣┬╡ΓîÉ╞Æ╧ä├▓Γûæ╬ª├╝Γéº_BRANCH_B_v049_FULL_HANDOFF_1944-08-04T24_2026-09-04/02_ORIGINAL_EXTRACTED_TREE/╬ª┬┐├¬╧ä┬½├╣┬╡ΓîÉ╞Æ╧ä├▓Γûæ╬ª├╝Γéº_BRANCH_B_v048_REAUDIT_FULL_RESUME_1944-02-20T24_2026-08-31/95_AUDIT/V018_HANZHONG_SICHUAN_TRANSPORT_INTERDICTION_AUDIT_v001.json
633	╬ª┬┐├¬╧ä┬½├╣┬╡ΓîÉ╞Æ╧ä├▓Γûæ╬ª├╝Γéº_BRANCH_B_v049_FULL_HANDOFF_1944-08-04T24_2026-09-04/02_ORIGINAL_EXTRACTED_TREE/╬ª┬┐├¬╧ä┬½├╣┬╡ΓîÉ╞Æ╧ä├▓Γûæ╬ª├╝Γéº_BRANCH_B_v048_REAUDIT_FULL_RESUME_1944-02-20T24_2026-08-31/95_AUDIT/V019_PRE_ICHIGO_FINAL_GATE_AUDIT_v001.json
234	╬ª┬┐├¬╧ä┬½├╣┬╡ΓîÉ╞Æ╧ä├▓Γûæ╬ª├╝Γéº_BRANCH_B_v049_FULL_HANDOFF_1944-08-04T24_2026-09-04/02_ORIGINAL_EXTRACTED_TREE/╬ª┬┐├¬╧ä┬½├╣┬╡ΓîÉ╞Æ╧ä├▓Γûæ╬ª├╝Γéº_BRANCH_B_v048_REAUDIT_FULL_RESUME_1944-02-20T24_2026-08-31/95_AUDIT/VALIDATION_RESULT_v002.txt
278	╬ª┬┐├¬╧ä┬½├╣┬╡ΓîÉ╞Æ╧ä├▓Γûæ╬ª├╝Γéº_BRANCH_B_v049_FULL_HANDOFF_1944-08-04T24_2026-09-04/02_ORIGINAL_EXTRACTED_TREE/╬ª┬┐├¬╧ä┬½├╣┬╡ΓîÉ╞Æ╧ä├▓Γûæ╬ª├╝Γéº_BRANCH_B_v048_REAUDIT_FULL_RESUME_1944-02-20T24_2026-08-31/95_AUDIT/VALIDATION_RESULT_v003.json
964	╬ª┬┐├¬╧ä┬½├╣┬╡ΓîÉ╞Æ╧ä├▓Γûæ╬ª├╝Γéº_BRANCH_B_v049_FULL_HANDOFF_1944-08-04T24_2026-09-04/02_ORIGINAL_EXTRACTED_TREE/╬ª┬┐├¬╧ä┬½├╣┬╡ΓîÉ╞Æ╧ä├▓Γûæ╬ª├╝Γéº_BRANCH_B_v048_REAUDIT_FULL_RESUME_1944-02-20T24_2026-08-31/95_AUDIT/VALIDATION_RESULT_v004.json
182	╬ª┬┐├¬╧ä┬½├╣┬╡ΓîÉ╞Æ╧ä├▓Γûæ╬ª├╝Γéº_BRANCH_B_v049_FULL_HANDOFF_1944-08-04T24_2026-09-04/02_ORIGINAL_EXTRACTED_TREE/╬ª┬┐├¬╧ä┬½├╣┬╡ΓîÉ╞Æ╧ä├▓Γûæ╬ª├╝Γéº_BRANCH_B_v048_REAUDIT_FULL_RESUME_1944-02-20T24_2026-08-31/95_AUDIT/VALIDATION_RESULT_v005.json
409	╬ª┬┐├¬╧ä┬½├╣┬╡ΓîÉ╞Æ╧ä├▓Γûæ╬ª├╝Γéº_BRANCH_B_v049_FULL_HANDOFF_1944-08-04T24_2026-09-04/02_ORIGINAL_EXTRACTED_TREE/╬ª┬┐├¬╧ä┬½├╣┬╡ΓîÉ╞Æ╧ä├▓Γûæ╬ª├╝Γéº_BRANCH_B_v048_REAUDIT_FULL_RESUME_1944-02-20T24_2026-08-31/95_AUDIT/VALIDATION_RESULT_v006.json
512	╬ª┬┐├¬╧ä┬½├╣┬╡ΓîÉ╞Æ╧ä├▓Γûæ╬ª├╝Γéº_BRANCH_B_v049_FULL_HANDOFF_1944-08-04T24_2026-09-04/02_ORIGINAL_EXTRACTED_TREE/╬ª┬┐├¬╧ä┬½├╣┬╡ΓîÉ╞Æ╧ä├▓Γûæ╬ª├╝Γéº_BRANCH_B_v048_REAUDIT_FULL_RESUME_1944-02-20T24_2026-08-31/95_AUDIT/VALIDATION_RESULT_v007.json
512	╬ª┬┐├¬╧ä┬½├╣┬╡ΓîÉ╞Æ╧ä├▓Γûæ╬ª├╝Γéº_BRANCH_B_v049_FULL_HANDOFF_1944-08-04T24_2026-09-04/02_ORIGINAL_EXTRACTED_TREE/╬ª┬┐├¬╧ä┬½├╣┬╡ΓîÉ╞Æ╧ä├▓Γûæ╬ª├╝Γéº_BRANCH_B_v048_REAUDIT_FULL_RESUME_1944-02-20T24_2026-08-31/95_AUDIT/VALIDATION_RESULT_v008.json
1373	╬ª┬┐├¬╧ä┬½├╣┬╡ΓîÉ╞Æ╧ä├▓Γûæ╬ª├╝Γéº_BRANCH_B_v049_FULL_HANDOFF_1944-08-04T24_2026-09-04/02_ORIGINAL_EXTRACTED_TREE/╬ª┬┐├¬╧ä┬½├╣┬╡ΓîÉ╞Æ╧ä├▓Γûæ╬ª├╝Γéº_BRANCH_B_v048_REAUDIT_FULL_RESUME_1944-02-20T24_2026-08-31/95_AUDIT/VALIDATION_RESULT_v009.json
478	╬ª┬┐├¬╧ä┬½├╣┬╡ΓîÉ╞Æ╧ä├▓Γûæ╬ª├╝Γéº_BRANCH_B_v049_FULL_HANDOFF_1944-08-04T24_2026-09-04/02_ORIGINAL_EXTRACTED_TREE/╬ª┬┐├¬╧ä┬½├╣┬╡ΓîÉ╞Æ╧ä├▓Γûæ╬ª├╝Γéº_BRANCH_B_v048_REAUDIT_FULL_RESUME_1944-02-20T24_2026-08-31/95_AUDIT/VALIDATION_RESULT_v010.json
1548	╬ª┬┐├¬╧ä┬½├╣┬╡ΓîÉ╞Æ╧ä├▓Γûæ╬ª├╝Γéº_BRANCH_B_v049_FULL_HANDOFF_1944-08-04T24_2026-09-04/02_ORIGINAL_EXTRACTED_TREE/╬ª┬┐├¬╧ä┬½├╣┬╡ΓîÉ╞Æ╧ä├▓Γûæ╬ª├╝Γéº_BRANCH_B_v048_REAUDIT_FULL_RESUME_1944-02-20T24_2026-08-31/95_AUDIT/VALIDATION_RESULT_v011.json
1003	╬ª┬┐├¬╧ä┬½├╣┬╡ΓîÉ╞Æ╧ä├▓Γûæ╬ª├╝Γéº_BRANCH_B_v049_FULL_HANDOFF_1944-08-04T24_2026-09-04/02_ORIGINAL_EXTRACTED_TREE/╬ª┬┐├¬╧ä┬½├╣┬╡ΓîÉ╞Æ╧ä├▓Γûæ╬ª├╝Γéº_BRANCH_B_v048_REAUDIT_FULL_RESUME_1944-02-20T24_2026-08-31/95_AUDIT/VALIDATION_RESULT_v012.json
465	╬ª┬┐├¬╧ä┬½├╣┬╡ΓîÉ╞Æ╧ä├▓Γûæ╬ª├╝Γéº_BRANCH_B_v049_FULL_HANDOFF_1944-08-04T24_2026-09-04/02_ORIGINAL_EXTRACTED_TREE/╬ª┬┐├¬╧ä┬½├╣┬╡ΓîÉ╞Æ╧ä├▓Γûæ╬ª├╝Γéº_BRANCH_B_v048_REAUDIT_FULL_RESUME_1944-02-20T24_2026-08-31/95_AUDIT/VALIDATION_RESULT_v013.json
659	╬ª┬┐├¬╧ä┬½├╣┬╡ΓîÉ╞Æ╧ä├▓Γûæ╬ª├╝Γéº_BRANCH_B_v049_FULL_HANDOFF_1944-08-04T24_2026-09-04/02_ORIGINAL_EXTRACTED_TREE/╬ª┬┐├¬╧ä┬½├╣┬╡ΓîÉ╞Æ╧ä├▓Γûæ╬ª├╝Γéº_BRANCH_B_v048_REAUDIT_FULL_RESUME_1944-02-20T24_2026-08-31/95_AUDIT/VALIDATION_RESULT_v014.json
573	╬ª┬┐├¬╧ä┬½├╣┬╡ΓîÉ╞Æ╧ä├▓Γûæ╬ª├╝Γéº_BRANCH_B_v049_FULL_HANDOFF_1944-08-04T24_2026-09-04/02_ORIGINAL_EXTRACTED_TREE/╬ª┬┐├¬╧ä┬½├╣┬╡ΓîÉ╞Æ╧ä├▓Γûæ╬ª├╝Γéº_BRANCH_B_v048_REAUDIT_FULL_RESUME_1944-02-20T24_2026-08-31/95_AUDIT/VALIDATION_RESULT_v015.json
525	╬ª┬┐├¬╧ä┬½├╣┬╡ΓîÉ╞Æ╧ä├▓Γûæ╬ª├╝Γéº_BRANCH_B_v049_FULL_HANDOFF_1944-08-04T24_2026-09-04/02_ORIGINAL_EXTRACTED_TREE/╬ª┬┐├¬╧ä┬½├╣┬╡ΓîÉ╞Æ╧ä├▓Γûæ╬ª├╝Γéº_BRANCH_B_v048_REAUDIT_FULL_RESUME_1944-02-20T24_2026-08-31/95_AUDIT/VALIDATION_RESULT_v016.json
628	╬ª┬┐├¬╧ä┬½├╣┬╡ΓîÉ╞Æ╧ä├▓Γûæ╬ª├╝Γéº_BRANCH_B_v049_FULL_HANDOFF_1944-08-04T24_2026-09-04/02_ORIGINAL_EXTRACTED_TREE/╬ª┬┐├¬╧ä┬½├╣┬╡ΓîÉ╞Æ╧ä├▓Γûæ╬ª├╝Γéº_BRANCH_B_v048_REAUDIT_FULL_RESUME_1944-02-20T24_2026-08-31/95_AUDIT/VALIDATION_RESULT_v017.json
674	╬ª┬┐├¬╧ä┬½├╣┬╡ΓîÉ╞Æ╧ä├▓Γûæ╬ª├╝Γéº_BRANCH_B_v049_FULL_HANDOFF_1944-08-04T24_2026-09-04/02_ORIGINAL_EXTRACTED_TREE/╬ª┬┐├¬╧ä┬½├╣┬╡ΓîÉ╞Æ╧ä├▓Γûæ╬ª├╝Γéº_BRANCH_B_v048_REAUDIT_FULL_RESUME_1944-02-20T24_2026-08-31/95_AUDIT/VALIDATION_RESULT_v018.json
550	╬ª┬┐├¬╧ä┬½├╣┬╡ΓîÉ╞Æ╧ä├▓Γûæ╬ª├╝Γéº_BRANCH_B_v049_FULL_HANDOFF_1944-08-04T24_2026-09-04/02_ORIGINAL_EXTRACTED_TREE/╬ª┬┐├¬╧ä┬½├╣┬╡ΓîÉ╞Æ╧ä├▓Γûæ╬ª├╝Γéº_BRANCH_B_v048_REAUDIT_FULL_RESUME_1944-02-20T24_2026-08-31/95_AUDIT/VALIDATION_RESULT_v019.json
435	╬ª┬┐├¬╧ä┬½├╣┬╡ΓîÉ╞Æ╧ä├▓Γûæ╬ª├╝Γéº_BRANCH_B_v049_FULL_HANDOFF_1944-08-04T24_2026-09-04/02_ORIGINAL_EXTRACTED_TREE/╬ª┬┐├¬╧ä┬½├╣┬╡ΓîÉ╞Æ╧ä├▓Γûæ╬ª├╝Γéº_BRANCH_B_v048_REAUDIT_FULL_RESUME_1944-02-20T24_2026-08-31/95_AUDIT/VALIDATION_RESULT_v020.json
773	╬ª┬┐├¬╧ä┬½├╣┬╡ΓîÉ╞Æ╧ä├▓Γûæ╬ª├╝Γéº_BRANCH_B_v049_FULL_HANDOFF_1944-08-04T24_2026-09-04/02_ORIGINAL_EXTRACTED_TREE/╬ª┬┐├¬╧ä┬½├╣┬╡ΓîÉ╞Æ╧ä├▓Γûæ╬ª├╝Γéº_BRANCH_B_v048_REAUDIT_FULL_RESUME_1944-02-20T24_2026-08-31/95_AUDIT/VALIDATION_RESULT_v021.json
1005	╬ª┬┐├¬╧ä┬½├╣┬╡ΓîÉ╞Æ╧ä├▓Γûæ╬ª├╝Γéº_BRANCH_B_v049_FULL_HANDOFF_1944-08-04T24_2026-09-04/02_ORIGINAL_EXTRACTED_TREE/╬ª┬┐├¬╧ä┬½├╣┬╡ΓîÉ╞Æ╧ä├▓Γûæ╬ª├╝Γéº_BRANCH_B_v048_REAUDIT_FULL_RESUME_1944-02-20T24_2026-08-31/95_AUDIT/VALIDATION_RESULT_v022.json
1026	╬ª┬┐├¬╧ä┬½├╣┬╡ΓîÉ╞Æ╧ä├▓Γûæ╬ª├╝Γéº_BRANCH_B_v049_FULL_HANDOFF_1944-08-04T24_2026-09-04/02_ORIGINAL_EXTRACTED_TREE/╬ª┬┐├¬╧ä┬½├╣┬╡ΓîÉ╞Æ╧ä├▓Γûæ╬ª├╝Γéº_BRANCH_B_v048_REAUDIT_FULL_RESUME_1944-02-20T24_2026-08-31/95_AUDIT/VALIDATION_RESULT_v023.json
809	╬ª┬┐├¬╧ä┬½├╣┬╡ΓîÉ╞Æ╧ä├▓Γûæ╬ª├╝Γéº_BRANCH_B_v049_FULL_HANDOFF_1944-08-04T24_2026-09-04/02_ORIGINAL_EXTRACTED_TREE/╬ª┬┐├¬╧ä┬½├╣┬╡ΓîÉ╞Æ╧ä├▓Γûæ╬ª├╝Γéº_BRANCH_B_v048_REAUDIT_FULL_RESUME_1944-02-20T24_2026-08-31/95_AUDIT/VALIDATION_RESULT_v024.json
956	╬ª┬┐├¬╧ä┬½├╣┬╡ΓîÉ╞Æ╧ä├▓Γûæ╬ª├╝Γéº_BRANCH_B_v049_FULL_HANDOFF_1944-08-04T24_2026-09-04/02_ORIGINAL_EXTRACTED_TREE/╬ª┬┐├¬╧ä┬½├╣┬╡ΓîÉ╞Æ╧ä├▓Γûæ╬ª├╝Γéº_BRANCH_B_v048_REAUDIT_FULL_RESUME_1944-02-20T24_2026-08-31/95_AUDIT/VALIDATION_RESULT_v025.json
557	╬ª┬┐├¬╧ä┬½├╣┬╡ΓîÉ╞Æ╧ä├▓Γûæ╬ª├╝Γéº_BRANCH_B_v049_FULL_HANDOFF_1944-08-04T24_2026-09-04/02_ORIGINAL_EXTRACTED_TREE/╬ª┬┐├¬╧ä┬½├╣┬╡ΓîÉ╞Æ╧ä├▓Γûæ╬ª├╝Γéº_BRANCH_B_v048_REAUDIT_FULL_RESUME_1944-02-20T24_2026-08-31/95_AUDIT/VALIDATION_RESULT_v026.json
552	╬ª┬┐├¬╧ä┬½├╣┬╡ΓîÉ╞Æ╧ä├▓Γûæ╬ª├╝Γéº_BRANCH_B_v049_FULL_HANDOFF_1944-08-04T24_2026-09-04/02_ORIGINAL_EXTRACTED_TREE/╬ª┬┐├¬╧ä┬½├╣┬╡ΓîÉ╞Æ╧ä├▓Γûæ╬ª├╝Γéº_BRANCH_B_v048_REAUDIT_FULL_RESUME_1944-02-20T24_2026-08-31/95_AUDIT/VALIDATION_RESULT_v027.json
2852	╬ª┬┐├¬╧ä┬½├╣┬╡ΓîÉ╞Æ╧ä├▓Γûæ╬ª├╝Γéº_BRANCH_B_v049_FULL_HANDOFF_1944-08-04T24_2026-09-04/02_ORIGINAL_EXTRACTED_TREE/╬ª┬┐├¬╧ä┬½├╣┬╡ΓîÉ╞Æ╧ä├▓Γûæ╬ª├╝Γéº_BRANCH_B_v048_REAUDIT_FULL_RESUME_1944-02-20T24_2026-08-31/95_AUDIT/VALIDATION_RESULT_v028.json
974	╬ª┬┐├¬╧ä┬½├╣┬╡ΓîÉ╞Æ╧ä├▓Γûæ╬ª├╝Γéº_BRANCH_B_v049_FULL_HANDOFF_1944-08-04T24_2026-09-04/02_ORIGINAL_EXTRACTED_TREE/╬ª┬┐├¬╧ä┬½├╣┬╡ΓîÉ╞Æ╧ä├▓Γûæ╬ª├╝Γéº_BRANCH_B_v048_REAUDIT_FULL_RESUME_1944-02-20T24_2026-08-31/95_AUDIT/VALIDATION_RESULT_v029.json
1223	╬ª┬┐├¬╧ä┬½├╣┬╡ΓîÉ╞Æ╧ä├▓Γûæ╬ª├╝Γéº_BRANCH_B_v049_FULL_HANDOFF_1944-08-04T24_2026-09-04/02_ORIGINAL_EXTRACTED_TREE/╬ª┬┐├¬╧ä┬½├╣┬╡ΓîÉ╞Æ╧ä├▓Γûæ╬ª├╝Γéº_BRANCH_B_v048_REAUDIT_FULL_RESUME_1944-02-20T24_2026-08-31/95_AUDIT/VALIDATION_RESULT_v030.json
228	╬ª┬┐├¬╧ä┬½├╣┬╡ΓîÉ╞Æ╧ä├▓Γûæ╬ª├╝Γéº_BRANCH_B_v049_FULL_HANDOFF_1944-08-04T24_2026-09-04/02_ORIGINAL_EXTRACTED_TREE/╬ª┬┐├¬╧ä┬½├╣┬╡ΓîÉ╞Æ╧ä├▓Γûæ╬ª├╝Γéº_BRANCH_B_v048_REAUDIT_FULL_RESUME_1944-02-20T24_2026-08-31/95_AUDIT/VALIDATION_RESULT_v031.json
1171	╬ª┬┐├¬╧ä┬½├╣┬╡ΓîÉ╞Æ╧ä├▓Γûæ╬ª├╝Γéº_BRANCH_B_v049_FULL_HANDOFF_1944-08-04T24_2026-09-04/02_ORIGINAL_EXTRACTED_TREE/╬ª┬┐├¬╧ä┬½├╣┬╡ΓîÉ╞Æ╧ä├▓Γûæ╬ª├╝Γéº_BRANCH_B_v048_REAUDIT_FULL_RESUME_1944-02-20T24_2026-08-31/95_AUDIT/VALIDATION_RESULT_v032.json
876	╬ª┬┐├¬╧ä┬½├╣┬╡ΓîÉ╞Æ╧ä├▓Γûæ╬ª├╝Γéº_BRANCH_B_v049_FULL_HANDOFF_1944-08-04T24_2026-09-04/02_ORIGINAL_EXTRACTED_TREE/╬ª┬┐├¬╧ä┬½├╣┬╡ΓîÉ╞Æ╧ä├▓Γûæ╬ª├╝Γéº_BRANCH_B_v048_REAUDIT_FULL_RESUME_1944-02-20T24_2026-08-31/95_AUDIT/VALIDATION_RESULT_v033.json
931	╬ª┬┐├¬╧ä┬½├╣┬╡ΓîÉ╞Æ╧ä├▓Γûæ╬ª├╝Γéº_BRANCH_B_v049_FULL_HANDOFF_1944-08-04T24_2026-09-04/02_ORIGINAL_EXTRACTED_TREE/╬ª┬┐├¬╧ä┬½├╣┬╡ΓîÉ╞Æ╧ä├▓Γûæ╬ª├╝Γéº_BRANCH_B_v048_REAUDIT_FULL_RESUME_1944-02-20T24_2026-08-31/95_AUDIT/VALIDATION_RESULT_v034.json
254	╬ª┬┐├¬╧ä┬½├╣┬╡ΓîÉ╞Æ╧ä├▓Γûæ╬ª├╝Γéº_BRANCH_B_v049_FULL_HANDOFF_1944-08-04T24_2026-09-04/02_ORIGINAL_EXTRACTED_TREE/╬ª┬┐├¬╧ä┬½├╣┬╡ΓîÉ╞Æ╧ä├▓Γûæ╬ª├╝Γéº_BRANCH_B_v048_REAUDIT_FULL_RESUME_1944-02-20T24_2026-08-31/95_AUDIT/VALIDATION_RESULT_v035.json
710	╬ª┬┐├¬╧ä┬½├╣┬╡ΓîÉ╞Æ╧ä├▓Γûæ╬ª├╝Γéº_BRANCH_B_v049_FULL_HANDOFF_1944-08-04T24_2026-09-04/02_ORIGINAL_EXTRACTED_TREE/╬ª┬┐├¬╧ä┬½├╣┬╡ΓîÉ╞Æ╧ä├▓Γûæ╬ª├╝Γéº_BRANCH_B_v048_REAUDIT_FULL_RESUME_1944-02-20T24_2026-08-31/95_AUDIT/VALIDATION_RESULT_v036.json
907	╬ª┬┐├¬╧ä┬½├╣┬╡ΓîÉ╞Æ╧ä├▓Γûæ╬ª├╝Γéº_BRANCH_B_v049_FULL_HANDOFF_1944-08-04T24_2026-09-04/02_ORIGINAL_EXTRACTED_TREE/╬ª┬┐├¬╧ä┬½├╣┬╡ΓîÉ╞Æ╧ä├▓Γûæ╬ª├╝Γéº_BRANCH_B_v048_REAUDIT_FULL_RESUME_1944-02-20T24_2026-08-31/95_AUDIT/VALIDATION_RESULT_v037.json
313	╬ª┬┐├¬╧ä┬½├╣┬╡ΓîÉ╞Æ╧ä├▓Γûæ╬ª├╝Γéº_BRANCH_B_v049_FULL_HANDOFF_1944-08-04T24_2026-09-04/02_ORIGINAL_EXTRACTED_TREE/╬ª┬┐├¬╧ä┬½├╣┬╡ΓîÉ╞Æ╧ä├▓Γûæ╬ª├╝Γéº_BRANCH_B_v048_REAUDIT_FULL_RESUME_1944-02-20T24_2026-08-31/95_AUDIT/VALIDATION_RESULT_v038.json
324	╬ª┬┐├¬╧ä┬½├╣┬╡ΓîÉ╞Æ╧ä├▓Γûæ╬ª├╝Γéº_BRANCH_B_v049_FULL_HANDOFF_1944-08-04T24_2026-09-04/02_ORIGINAL_EXTRACTED_TREE/╬ª┬┐├¬╧ä┬½├╣┬╡ΓîÉ╞Æ╧ä├▓Γûæ╬ª├╝Γéº_BRANCH_B_v048_REAUDIT_FULL_RESUME_1944-02-20T24_2026-08-31/95_AUDIT/VALIDATION_RESULT_v039.json
339	╬ª┬┐├¬╧ä┬½├╣┬╡ΓîÉ╞Æ╧ä├▓Γûæ╬ª├╝Γéº_BRANCH_B_v049_FULL_HANDOFF_1944-08-04T24_2026-09-04/02_ORIGINAL_EXTRACTED_TREE/╬ª┬┐├¬╧ä┬½├╣┬╡ΓîÉ╞Æ╧ä├▓Γûæ╬ª├╝Γéº_BRANCH_B_v048_REAUDIT_FULL_RESUME_1944-02-20T24_2026-08-31/95_AUDIT/VALIDATION_RESULT_v040.json
290	╬ª┬┐├¬╧ä┬½├╣┬╡ΓîÉ╞Æ╧ä├▓Γûæ╬ª├╝Γéº_BRANCH_B_v049_FULL_HANDOFF_1944-08-04T24_2026-09-04/02_ORIGINAL_EXTRACTED_TREE/╬ª┬┐├¬╧ä┬½├╣┬╡ΓîÉ╞Æ╧ä├▓Γûæ╬ª├╝Γéº_BRANCH_B_v048_REAUDIT_FULL_RESUME_1944-02-20T24_2026-08-31/95_AUDIT/VALIDATION_RESULT_v041.json
361	╬ª┬┐├¬╧ä┬½├╣┬╡ΓîÉ╞Æ╧ä├▓Γûæ╬ª├╝Γéº_BRANCH_B_v049_FULL_HANDOFF_1944-08-04T24_2026-09-04/02_ORIGINAL_EXTRACTED_TREE/╬ª┬┐├¬╧ä┬½├╣┬╡ΓîÉ╞Æ╧ä├▓Γûæ╬ª├╝Γéº_BRANCH_B_v048_REAUDIT_FULL_RESUME_1944-02-20T24_2026-08-31/95_AUDIT/VALIDATION_RESULT_v042.json
331	╬ª┬┐├¬╧ä┬½├╣┬╡ΓîÉ╞Æ╧ä├▓Γûæ╬ª├╝Γéº_BRANCH_B_v049_FULL_HANDOFF_1944-08-04T24_2026-09-04/02_ORIGINAL_EXTRACTED_TREE/╬ª┬┐├¬╧ä┬½├╣┬╡ΓîÉ╞Æ╧ä├▓Γûæ╬ª├╝Γéº_BRANCH_B_v048_REAUDIT_FULL_RESUME_1944-02-20T24_2026-08-31/95_AUDIT/VALIDATION_RESULT_v043.json
363	╬ª┬┐├¬╧ä┬½├╣┬╡ΓîÉ╞Æ╧ä├▓Γûæ╬ª├╝Γéº_BRANCH_B_v049_FULL_HANDOFF_1944-08-04T24_2026-09-04/02_ORIGINAL_EXTRACTED_TREE/╬ª┬┐├¬╧ä┬½├╣┬╡ΓîÉ╞Æ╧ä├▓Γûæ╬ª├╝Γéº_BRANCH_B_v048_REAUDIT_FULL_RESUME_1944-02-20T24_2026-08-31/95_AUDIT/VALIDATION_RESULT_v046.json
431	╬ª┬┐├¬╧ä┬½├╣┬╡ΓîÉ╞Æ╧ä├▓Γûæ╬ª├╝Γéº_BRANCH_B_v049_FULL_HANDOFF_1944-08-04T24_2026-09-04/02_ORIGINAL_EXTRACTED_TREE/╬ª┬┐├¬╧ä┬½├╣┬╡ΓîÉ╞Æ╧ä├▓Γûæ╬ª├╝Γéº_BRANCH_B_v048_REAUDIT_FULL_RESUME_1944-02-20T24_2026-08-31/95_AUDIT/VALIDATION_RESULT_v047.json
546	╬ª┬┐├¬╧ä┬½├╣┬╡ΓîÉ╞Æ╧ä├▓Γûæ╬ª├╝Γéº_BRANCH_B_v049_FULL_HANDOFF_1944-08-04T24_2026-09-04/02_ORIGINAL_EXTRACTED_TREE/╬ª┬┐├¬╧ä┬½├╣┬╡ΓîÉ╞Æ╧ä├▓Γûæ╬ª├╝Γéº_BRANCH_B_v048_REAUDIT_FULL_RESUME_1944-02-20T24_2026-08-31/95_AUDIT/VALIDATION_RESULT_v048.json
61617	╬ª┬┐├¬╧ä┬½├╣┬╡ΓîÉ╞Æ╧ä├▓Γûæ╬ª├╝Γéº_BRANCH_B_v049_FULL_HANDOFF_1944-08-04T24_2026-09-04/02_ORIGINAL_EXTRACTED_TREE/╬ª┬┐├¬╧ä┬½├╣┬╡ΓîÉ╞Æ╧ä├▓Γûæ╬ª├╝Γéº_BRANCH_B_v048_REAUDIT_FULL_RESUME_1944-02-20T24_2026-08-31/95_AUDIT/VERSION_LINEAGE_RECONCILIATION_2026-08-30_v001.json
3620	╬ª┬┐├¬╧ä┬½├╣┬╡ΓîÉ╞Æ╧ä├▓Γûæ╬ª├╝Γéº_BRANCH_B_v049_FULL_HANDOFF_1944-08-04T24_2026-09-04/02_ORIGINAL_EXTRACTED_TREE/╬ª┬┐├¬╧ä┬½├╣┬╡ΓîÉ╞Æ╧ä├▓Γûæ╬ª├╝Γéº_BRANCH_B_v048_REAUDIT_FULL_RESUME_1944-02-20T24_2026-08-31/95_AUDIT/WEAPON_PLATFORM_COVERAGE_AUDIT_v001.json
12599	╬ª┬┐├¬╧ä┬½├╣┬╡ΓîÉ╞Æ╧ä├▓Γûæ╬ª├╝Γéº_BRANCH_B_v049_FULL_HANDOFF_1944-08-04T24_2026-09-04/02_ORIGINAL_EXTRACTED_TREE/╬ª┬┐├¬╧ä┬½├╣┬╡ΓîÉ╞Æ╧ä├▓Γûæ╬ª├╝Γéº_BRANCH_B_v048_REAUDIT_FULL_RESUME_1944-02-20T24_2026-08-31/95_AUDIT/YANAGI_JET_CASCADE_REAUDIT_2026-08-29_v001.md
5639	╬ª┬┐├¬╧ä┬½├╣┬╡ΓîÉ╞Æ╧ä├▓Γûæ╬ª├╝Γéº_BRANCH_B_v049_FULL_HANDOFF_1944-08-04T24_2026-09-04/02_ORIGINAL_EXTRACTED_TREE/╬ª┬┐├¬╧ä┬½├╣┬╡ΓîÉ╞Æ╧ä├▓Γûæ╬ª├╝Γéº_BRANCH_B_v048_REAUDIT_FULL_RESUME_1944-02-20T24_2026-08-31/95_AUDIT/adjudication_cases_v001.json
7792	╬ª┬┐├¬╧ä┬½├╣┬╡ΓîÉ╞Æ╧ä├▓Γûæ╬ª├╝Γéº_BRANCH_B_v049_FULL_HANDOFF_1944-08-04T24_2026-09-04/02_ORIGINAL_EXTRACTED_TREE/╬ª┬┐├¬╧ä┬½├╣┬╡ΓîÉ╞Æ╧ä├▓Γûæ╬ª├╝Γéº_BRANCH_B_v048_REAUDIT_FULL_RESUME_1944-02-20T24_2026-08-31/95_AUDIT/adjudication_cases_v002.json
998	╬ª┬┐├¬╧ä┬½├╣┬╡ΓîÉ╞Æ╧ä├▓Γûæ╬ª├╝Γéº_BRANCH_B_v049_FULL_HANDOFF_1944-08-04T24_2026-09-04/02_ORIGINAL_EXTRACTED_TREE/╬ª┬┐├¬╧ä┬½├╣┬╡ΓîÉ╞Æ╧ä├▓Γûæ╬ª├╝Γéº_BRANCH_B_v048_REAUDIT_FULL_RESUME_1944-02-20T24_2026-08-31/95_AUDIT/current_version_families_v001.json
683	╬ª┬┐├¬╧ä┬½├╣┬╡ΓîÉ╞Æ╧ä├▓Γûæ╬ª├╝Γéº_BRANCH_B_v049_FULL_HANDOFF_1944-08-04T24_2026-09-04/02_ORIGINAL_EXTRACTED_TREE/╬ª┬┐├¬╧ä┬½├╣┬╡ΓîÉ╞Æ╧ä├▓Γûæ╬ª├╝Γéº_BRANCH_B_v048_REAUDIT_FULL_RESUME_1944-02-20T24_2026-08-31/95_AUDIT/current_version_families_v002.json
1213	╬ª┬┐├¬╧ä┬½├╣┬╡ΓîÉ╞Æ╧ä├▓Γûæ╬ª├╝Γéº_BRANCH_B_v049_FULL_HANDOFF_1944-08-04T24_2026-09-04/02_ORIGINAL_EXTRACTED_TREE/╬ª┬┐├¬╧ä┬½├╣┬╡ΓîÉ╞Æ╧ä├▓Γûæ╬ª├╝Γéº_BRANCH_B_v048_REAUDIT_FULL_RESUME_1944-02-20T24_2026-08-31/95_AUDIT/current_version_families_v003.json
1214	╬ª┬┐├¬╧ä┬½├╣┬╡ΓîÉ╞Æ╧ä├▓Γûæ╬ª├╝Γéº_BRANCH_B_v049_FULL_HANDOFF_1944-08-04T24_2026-09-04/02_ORIGINAL_EXTRACTED_TREE/╬ª┬┐├¬╧ä┬½├╣┬╡ΓîÉ╞Æ╧ä├▓Γûæ╬ª├╝Γéº_BRANCH_B_v048_REAUDIT_FULL_RESUME_1944-02-20T24_2026-08-31/95_AUDIT/current_version_families_v004.json
1214	╬ª┬┐├¬╧ä┬½├╣┬╡ΓîÉ╞Æ╧ä├▓Γûæ╬ª├╝Γéº_BRANCH_B_v049_FULL_HANDOFF_1944-08-04T24_2026-09-04/02_ORIGINAL_EXTRACTED_TREE/╬ª┬┐├¬╧ä┬½├╣┬╡ΓîÉ╞Æ╧ä├▓Γûæ╬ª├╝Γéº_BRANCH_B_v048_REAUDIT_FULL_RESUME_1944-02-20T24_2026-08-31/95_AUDIT/current_version_families_v005.json
2551	╬ª┬┐├¬╧ä┬½├╣┬╡ΓîÉ╞Æ╧ä├▓Γûæ╬ª├╝Γéº_BRANCH_B_v049_FULL_HANDOFF_1944-08-04T24_2026-09-04/02_ORIGINAL_EXTRACTED_TREE/╬ª┬┐├¬╧ä┬½├╣┬╡ΓîÉ╞Æ╧ä├▓Γûæ╬ª├╝Γéº_BRANCH_B_v048_REAUDIT_FULL_RESUME_1944-02-20T24_2026-08-31/95_AUDIT/current_version_families_v006.json
3133	╬ª┬┐├¬╧ä┬½├╣┬╡ΓîÉ╞Æ╧ä├▓Γûæ╬ª├╝Γéº_BRANCH_B_v049_FULL_HANDOFF_1944-08-04T24_2026-09-04/02_ORIGINAL_EXTRACTED_TREE/╬ª┬┐├¬╧ä┬½├╣┬╡ΓîÉ╞Æ╧ä├▓Γûæ╬ª├╝Γéº_BRANCH_B_v048_REAUDIT_FULL_RESUME_1944-02-20T24_2026-08-31/95_AUDIT/current_version_families_v007.json
3682	╬ª┬┐├¬╧ä┬½├╣┬╡ΓîÉ╞Æ╧ä├▓Γûæ╬ª├╝Γéº_BRANCH_B_v049_FULL_HANDOFF_1944-08-04T24_2026-09-04/02_ORIGINAL_EXTRACTED_TREE/╬ª┬┐├¬╧ä┬½├╣┬╡ΓîÉ╞Æ╧ä├▓Γûæ╬ª├╝Γéº_BRANCH_B_v048_REAUDIT_FULL_RESUME_1944-02-20T24_2026-08-31/95_AUDIT/current_version_families_v008.json
3697	╬ª┬┐├¬╧ä┬½├╣┬╡ΓîÉ╞Æ╧ä├▓Γûæ╬ª├╝Γéº_BRANCH_B_v049_FULL_HANDOFF_1944-08-04T24_2026-09-04/02_ORIGINAL_EXTRACTED_TREE/╬ª┬┐├¬╧ä┬½├╣┬╡ΓîÉ╞Æ╧ä├▓Γûæ╬ª├╝Γéº_BRANCH_B_v048_REAUDIT_FULL_RESUME_1944-02-20T24_2026-08-31/95_AUDIT/current_version_families_v009.json
1505	╬ª┬┐├¬╧ä┬½├╣┬╡ΓîÉ╞Æ╧ä├▓Γûæ╬ª├╝Γéº_BRANCH_B_v049_FULL_HANDOFF_1944-08-04T24_2026-09-04/02_ORIGINAL_EXTRACTED_TREE/╬ª┬┐├¬╧ä┬½├╣┬╡ΓîÉ╞Æ╧ä├▓Γûæ╬ª├╝Γéº_BRANCH_B_v048_REAUDIT_FULL_RESUME_1944-02-20T24_2026-08-31/95_AUDIT/current_version_families_v010.json
1489	╬ª┬┐├¬╧ä┬½├╣┬╡ΓîÉ╞Æ╧ä├▓Γûæ╬ª├╝Γéº_BRANCH_B_v049_FULL_HANDOFF_1944-08-04T24_2026-09-04/02_ORIGINAL_EXTRACTED_TREE/╬ª┬┐├¬╧ä┬½├╣┬╡ΓîÉ╞Æ╧ä├▓Γûæ╬ª├╝Γéº_BRANCH_B_v048_REAUDIT_FULL_RESUME_1944-02-20T24_2026-08-31/95_AUDIT/current_version_families_v011.json
3952	╬ª┬┐├¬╧ä┬½├╣┬╡ΓîÉ╞Æ╧ä├▓Γûæ╬ª├╝Γéº_BRANCH_B_v049_FULL_HANDOFF_1944-08-04T24_2026-09-04/02_ORIGINAL_EXTRACTED_TREE/╬ª┬┐├¬╧ä┬½├╣┬╡ΓîÉ╞Æ╧ä├▓Γûæ╬ª├╝Γéº_BRANCH_B_v048_REAUDIT_FULL_RESUME_1944-02-20T24_2026-08-31/95_AUDIT/current_version_families_v012.json
4194	╬ª┬┐├¬╧ä┬½├╣┬╡ΓîÉ╞Æ╧ä├▓Γûæ╬ª├╝Γéº_BRANCH_B_v049_FULL_HANDOFF_1944-08-04T24_2026-09-04/02_ORIGINAL_EXTRACTED_TREE/╬ª┬┐├¬╧ä┬½├╣┬╡ΓîÉ╞Æ╧ä├▓Γûæ╬ª├╝Γéº_BRANCH_B_v048_REAUDIT_FULL_RESUME_1944-02-20T24_2026-08-31/95_AUDIT/current_version_families_v013.json
4528	╬ª┬┐├¬╧ä┬½├╣┬╡ΓîÉ╞Æ╧ä├▓Γûæ╬ª├╝Γéº_BRANCH_B_v049_FULL_HANDOFF_1944-08-04T24_2026-09-04/02_ORIGINAL_EXTRACTED_TREE/╬ª┬┐├¬╧ä┬½├╣┬╡ΓîÉ╞Æ╧ä├▓Γûæ╬ª├╝Γéº_BRANCH_B_v048_REAUDIT_FULL_RESUME_1944-02-20T24_2026-08-31/95_AUDIT/current_version_families_v014.json
4680	╬ª┬┐├¬╧ä┬½├╣┬╡ΓîÉ╞Æ╧ä├▓Γûæ╬ª├╝Γéº_BRANCH_B_v049_FULL_HANDOFF_1944-08-04T24_2026-09-04/02_ORIGINAL_EXTRACTED_TREE/╬ª┬┐├¬╧ä┬½├╣┬╡ΓîÉ╞Æ╧ä├▓Γûæ╬ª├╝Γéº_BRANCH_B_v048_REAUDIT_FULL_RESUME_1944-02-20T24_2026-08-31/95_AUDIT/current_version_families_v015.json
4815	╬ª┬┐├¬╧ä┬½├╣┬╡ΓîÉ╞Æ╧ä├▓Γûæ╬ª├╝Γéº_BRANCH_B_v049_FULL_HANDOFF_1944-08-04T24_2026-09-04/02_ORIGINAL_EXTRACTED_TREE/╬ª┬┐├¬╧ä┬½├╣┬╡ΓîÉ╞Æ╧ä├▓Γûæ╬ª├╝Γéº_BRANCH_B_v048_REAUDIT_FULL_RESUME_1944-02-20T24_2026-08-31/95_AUDIT/current_version_families_v016.json
4817	╬ª┬┐├¬╧ä┬½├╣┬╡ΓîÉ╞Æ╧ä├▓Γûæ╬ª├╝Γéº_BRANCH_B_v049_FULL_HANDOFF_1944-08-04T24_2026-09-04/02_ORIGINAL_EXTRACTED_TREE/╬ª┬┐├¬╧ä┬½├╣┬╡ΓîÉ╞Æ╧ä├▓Γûæ╬ª├╝Γéº_BRANCH_B_v048_REAUDIT_FULL_RESUME_1944-02-20T24_2026-08-31/95_AUDIT/current_version_families_v017.json
4809	╬ª┬┐├¬╧ä┬½├╣┬╡ΓîÉ╞Æ╧ä├▓Γûæ╬ª├╝Γéº_BRANCH_B_v049_FULL_HANDOFF_1944-08-04T24_2026-09-04/02_ORIGINAL_EXTRACTED_TREE/╬ª┬┐├¬╧ä┬½├╣┬╡ΓîÉ╞Æ╧ä├▓Γûæ╬ª├╝Γéº_BRANCH_B_v048_REAUDIT_FULL_RESUME_1944-02-20T24_2026-08-31/95_AUDIT/current_version_families_v018.json
4804	╬ª┬┐├¬╧ä┬½├╣┬╡ΓîÉ╞Æ╧ä├▓Γûæ╬ª├╝Γéº_BRANCH_B_v049_FULL_HANDOFF_1944-08-04T24_2026-09-04/02_ORIGINAL_EXTRACTED_TREE/╬ª┬┐├¬╧ä┬½├╣┬╡ΓîÉ╞Æ╧ä├▓Γûæ╬ª├╝Γéº_BRANCH_B_v048_REAUDIT_FULL_RESUME_1944-02-20T24_2026-08-31/95_AUDIT/current_version_families_v019.json
12802	╬ª┬┐├¬╧ä┬½├╣┬╡ΓîÉ╞Æ╧ä├▓Γûæ╬ª├╝Γéº_BRANCH_B_v049_FULL_HANDOFF_1944-08-04T24_2026-09-04/02_ORIGINAL_EXTRACTED_TREE/╬ª┬┐├¬╧ä┬½├╣┬╡ΓîÉ╞Æ╧ä├▓Γûæ╬ª├╝Γéº_BRANCH_B_v048_REAUDIT_FULL_RESUME_1944-02-20T24_2026-08-31/95_AUDIT/current_version_families_v020.json
13466	╬ª┬┐├¬╧ä┬½├╣┬╡ΓîÉ╞Æ╧ä├▓Γûæ╬ª├╝Γéº_BRANCH_B_v049_FULL_HANDOFF_1944-08-04T24_2026-09-04/02_ORIGINAL_EXTRACTED_TREE/╬ª┬┐├¬╧ä┬½├╣┬╡ΓîÉ╞Æ╧ä├▓Γûæ╬ª├╝Γéº_BRANCH_B_v048_REAUDIT_FULL_RESUME_1944-02-20T24_2026-08-31/95_AUDIT/current_version_families_v021.json
15054	╬ª┬┐├¬╧ä┬½├╣┬╡ΓîÉ╞Æ╧ä├▓Γûæ╬ª├╝Γéº_BRANCH_B_v049_FULL_HANDOFF_1944-08-04T24_2026-09-04/02_ORIGINAL_EXTRACTED_TREE/╬ª┬┐├¬╧ä┬½├╣┬╡ΓîÉ╞Æ╧ä├▓Γûæ╬ª├╝Γéº_BRANCH_B_v048_REAUDIT_FULL_RESUME_1944-02-20T24_2026-08-31/95_AUDIT/current_version_families_v022.json
15685	╬ª┬┐├¬╧ä┬½├╣┬╡ΓîÉ╞Æ╧ä├▓Γûæ╬ª├╝Γéº_BRANCH_B_v049_FULL_HANDOFF_1944-08-04T24_2026-09-04/02_ORIGINAL_EXTRACTED_TREE/╬ª┬┐├¬╧ä┬½├╣┬╡ΓîÉ╞Æ╧ä├▓Γûæ╬ª├╝Γéº_BRANCH_B_v048_REAUDIT_FULL_RESUME_1944-02-20T24_2026-08-31/95_AUDIT/current_version_families_v023.json
16924	╬ª┬┐├¬╧ä┬½├╣┬╡ΓîÉ╞Æ╧ä├▓Γûæ╬ª├╝Γéº_BRANCH_B_v049_FULL_HANDOFF_1944-08-04T24_2026-09-04/02_ORIGINAL_EXTRACTED_TREE/╬ª┬┐├¬╧ä┬½├╣┬╡ΓîÉ╞Æ╧ä├▓Γûæ╬ª├╝Γéº_BRANCH_B_v048_REAUDIT_FULL_RESUME_1944-02-20T24_2026-08-31/95_AUDIT/current_version_families_v024.json
19524	╬ª┬┐├¬╧ä┬½├╣┬╡ΓîÉ╞Æ╧ä├▓Γûæ╬ª├╝Γéº_BRANCH_B_v049_FULL_HANDOFF_1944-08-04T24_2026-09-04/02_ORIGINAL_EXTRACTED_TREE/╬ª┬┐├¬╧ä┬½├╣┬╡ΓîÉ╞Æ╧ä├▓Γûæ╬ª├╝Γéº_BRANCH_B_v048_REAUDIT_FULL_RESUME_1944-02-20T24_2026-08-31/95_AUDIT/current_version_families_v025.json
21917	╬ª┬┐├¬╧ä┬½├╣┬╡ΓîÉ╞Æ╧ä├▓Γûæ╬ª├╝Γéº_BRANCH_B_v049_FULL_HANDOFF_1944-08-04T24_2026-09-04/02_ORIGINAL_EXTRACTED_TREE/╬ª┬┐├¬╧ä┬½├╣┬╡ΓîÉ╞Æ╧ä├▓Γûæ╬ª├╝Γéº_BRANCH_B_v048_REAUDIT_FULL_RESUME_1944-02-20T24_2026-08-31/95_AUDIT/current_version_families_v026.json
24585	╬ª┬┐├¬╧ä┬½├╣┬╡ΓîÉ╞Æ╧ä├▓Γûæ╬ª├╝Γéº_BRANCH_B_v049_FULL_HANDOFF_1944-08-04T24_2026-09-04/02_ORIGINAL_EXTRACTED_TREE/╬ª┬┐├¬╧ä┬½├╣┬╡ΓîÉ╞Æ╧ä├▓Γûæ╬ª├╝Γéº_BRANCH_B_v048_REAUDIT_FULL_RESUME_1944-02-20T24_2026-08-31/95_AUDIT/current_version_families_v027.json
27048	╬ª┬┐├¬╧ä┬½├╣┬╡ΓîÉ╞Æ╧ä├▓Γûæ╬ª├╝Γéº_BRANCH_B_v049_FULL_HANDOFF_1944-08-04T24_2026-09-04/02_ORIGINAL_EXTRACTED_TREE/╬ª┬┐├¬╧ä┬½├╣┬╡ΓîÉ╞Æ╧ä├▓Γûæ╬ª├╝Γéº_BRANCH_B_v048_REAUDIT_FULL_RESUME_1944-02-20T24_2026-08-31/95_AUDIT/current_version_families_v028.json
27034	╬ª┬┐├¬╧ä┬½├╣┬╡ΓîÉ╞Æ╧ä├▓Γûæ╬ª├╝Γéº_BRANCH_B_v049_FULL_HANDOFF_1944-08-04T24_2026-09-04/02_ORIGINAL_EXTRACTED_TREE/╬ª┬┐├¬╧ä┬½├╣┬╡ΓîÉ╞Æ╧ä├▓Γûæ╬ª├╝Γéº_BRANCH_B_v048_REAUDIT_FULL_RESUME_1944-02-20T24_2026-08-31/95_AUDIT/current_version_families_v029.json
29031	╬ª┬┐├¬╧ä┬½├╣┬╡ΓîÉ╞Æ╧ä├▓Γûæ╬ª├╝Γéº_BRANCH_B_v049_FULL_HANDOFF_1944-08-04T24_2026-09-04/02_ORIGINAL_EXTRACTED_TREE/╬ª┬┐├¬╧ä┬½├╣┬╡ΓîÉ╞Æ╧ä├▓Γûæ╬ª├╝Γéº_BRANCH_B_v048_REAUDIT_FULL_RESUME_1944-02-20T24_2026-08-31/95_AUDIT/current_version_families_v030.json
31079	╬ª┬┐├¬╧ä┬½├╣┬╡ΓîÉ╞Æ╧ä├▓Γûæ╬ª├╝Γéº_BRANCH_B_v049_FULL_HANDOFF_1944-08-04T24_2026-09-04/02_ORIGINAL_EXTRACTED_TREE/╬ª┬┐├¬╧ä┬½├╣┬╡ΓîÉ╞Æ╧ä├▓Γûæ╬ª├╝Γéº_BRANCH_B_v048_REAUDIT_FULL_RESUME_1944-02-20T24_2026-08-31/95_AUDIT/current_version_families_v031.json
34735	╬ª┬┐├¬╧ä┬½├╣┬╡ΓîÉ╞Æ╧ä├▓Γûæ╬ª├╝Γéº_BRANCH_B_v049_FULL_HANDOFF_1944-08-04T24_2026-09-04/02_ORIGINAL_EXTRACTED_TREE/╬ª┬┐├¬╧ä┬½├╣┬╡ΓîÉ╞Æ╧ä├▓Γûæ╬ª├╝Γéº_BRANCH_B_v048_REAUDIT_FULL_RESUME_1944-02-20T24_2026-08-31/95_AUDIT/current_version_families_v032.json
37026	╬ª┬┐├¬╧ä┬½├╣┬╡ΓîÉ╞Æ╧ä├▓Γûæ╬ª├╝Γéº_BRANCH_B_v049_FULL_HANDOFF_1944-08-04T24_2026-09-04/02_ORIGINAL_EXTRACTED_TREE/╬ª┬┐├¬╧ä┬½├╣┬╡ΓîÉ╞Æ╧ä├▓Γûæ╬ª├╝Γéº_BRANCH_B_v048_REAUDIT_FULL_RESUME_1944-02-20T24_2026-08-31/95_AUDIT/current_version_families_v033.json
12324	╬ª┬┐├¬╧ä┬½├╣┬╡ΓîÉ╞Æ╧ä├▓Γûæ╬ª├╝Γéº_BRANCH_B_v049_FULL_HANDOFF_1944-08-04T24_2026-09-04/02_ORIGINAL_EXTRACTED_TREE/╬ª┬┐├¬╧ä┬½├╣┬╡ΓîÉ╞Æ╧ä├▓Γûæ╬ª├╝Γéº_BRANCH_B_v048_REAUDIT_FULL_RESUME_1944-02-20T24_2026-08-31/95_AUDIT/judgment_registry_v001.json
12635	╬ª┬┐├¬╧ä┬½├╣┬╡ΓîÉ╞Æ╧ä├▓Γûæ╬ª├╝Γéº_BRANCH_B_v049_FULL_HANDOFF_1944-08-04T24_2026-09-04/02_ORIGINAL_EXTRACTED_TREE/╬ª┬┐├¬╧ä┬½├╣┬╡ΓîÉ╞Æ╧ä├▓Γûæ╬ª├╝Γéº_BRANCH_B_v048_REAUDIT_FULL_RESUME_1944-02-20T24_2026-08-31/95_AUDIT/judgment_registry_v002.json
48766	╬ª┬┐├¬╧ä┬½├╣┬╡ΓîÉ╞Æ╧ä├▓Γûæ╬ª├╝Γéº_BRANCH_B_v049_FULL_HANDOFF_1944-08-04T24_2026-09-04/02_ORIGINAL_EXTRACTED_TREE/╬ª┬┐├¬╧ä┬½├╣┬╡ΓîÉ╞Æ╧ä├▓Γûæ╬ª├╝Γéº_BRANCH_B_v048_REAUDIT_FULL_RESUME_1944-02-20T24_2026-08-31/95_AUDIT/judgment_registry_v003.json
67035	╬ª┬┐├¬╧ä┬½├╣┬╡ΓîÉ╞Æ╧ä├▓Γûæ╬ª├╝Γéº_BRANCH_B_v049_FULL_HANDOFF_1944-08-04T24_2026-09-04/02_ORIGINAL_EXTRACTED_TREE/╬ª┬┐├¬╧ä┬½├╣┬╡ΓîÉ╞Æ╧ä├▓Γûæ╬ª├╝Γéº_BRANCH_B_v048_REAUDIT_FULL_RESUME_1944-02-20T24_2026-08-31/95_AUDIT/legacy_file_responsibility_map_v001.json
45277	╬ª┬┐├¬╧ä┬½├╣┬╡ΓîÉ╞Æ╧ä├▓Γûæ╬ª├╝Γéº_BRANCH_B_v049_FULL_HANDOFF_1944-08-04T24_2026-09-04/02_ORIGINAL_EXTRACTED_TREE/╬ª┬┐├¬╧ä┬½├╣┬╡ΓîÉ╞Æ╧ä├▓Γûæ╬ª├╝Γéº_BRANCH_B_v048_REAUDIT_FULL_RESUME_1944-02-20T24_2026-08-31/95_AUDIT/legacy_file_responsibility_map_v001.tsv
6825	╬ª┬┐├¬╧ä┬½├╣┬╡ΓîÉ╞Æ╧ä├▓Γûæ╬ª├╝Γéº_BRANCH_B_v049_FULL_HANDOFF_1944-08-04T24_2026-09-04/02_ORIGINAL_EXTRACTED_TREE/╬ª┬┐├¬╧ä┬½├╣┬╡ΓîÉ╞Æ╧ä├▓Γûæ╬ª├╝Γéº_BRANCH_B_v048_REAUDIT_FULL_RESUME_1944-02-20T24_2026-08-31/95_AUDIT/residual_collision_ledger_v001.json
8751	╬ª┬┐├¬╧ä┬½├╣┬╡ΓîÉ╞Æ╧ä├▓Γûæ╬ª├╝Γéº_BRANCH_B_v049_FULL_HANDOFF_1944-08-04T24_2026-09-04/02_ORIGINAL_EXTRACTED_TREE/╬ª┬┐├¬╧ä┬½├╣┬╡ΓîÉ╞Æ╧ä├▓Γûæ╬ª├╝Γéº_BRANCH_B_v048_REAUDIT_FULL_RESUME_1944-02-20T24_2026-08-31/95_AUDIT/residual_collision_ledger_v002.json
9576	╬ª┬┐├¬╧ä┬½├╣┬╡ΓîÉ╞Æ╧ä├▓Γûæ╬ª├╝Γéº_BRANCH_B_v049_FULL_HANDOFF_1944-08-04T24_2026-09-04/02_ORIGINAL_EXTRACTED_TREE/╬ª┬┐├¬╧ä┬½├╣┬╡ΓîÉ╞Æ╧ä├▓Γûæ╬ª├╝Γéº_BRANCH_B_v048_REAUDIT_FULL_RESUME_1944-02-20T24_2026-08-31/95_AUDIT/residual_collision_ledger_v003.json
12246	╬ª┬┐├¬╧ä┬½├╣┬╡ΓîÉ╞Æ╧ä├▓Γûæ╬ª├╝Γéº_BRANCH_B_v049_FULL_HANDOFF_1944-08-04T24_2026-09-04/02_ORIGINAL_EXTRACTED_TREE/╬ª┬┐├¬╧ä┬½├╣┬╡ΓîÉ╞Æ╧ä├▓Γûæ╬ª├╝Γéº_BRANCH_B_v048_REAUDIT_FULL_RESUME_1944-02-20T24_2026-08-31/95_AUDIT/residual_collision_ledger_v004.json
4263	╬ª┬┐├¬╧ä┬½├╣┬╡ΓîÉ╞Æ╧ä├▓Γûæ╬ª├╝Γéº_BRANCH_B_v049_FULL_HANDOFF_1944-08-04T24_2026-09-04/02_ORIGINAL_EXTRACTED_TREE/╬ª┬┐├¬╧ä┬½├╣┬╡ΓîÉ╞Æ╧ä├▓Γûæ╬ª├╝Γéº_BRANCH_B_v048_REAUDIT_FULL_RESUME_1944-02-20T24_2026-08-31/96_SESSION_WORKING_2026-08-30/ARMOR/BURMA_1942_SYSTEMIC_ARMOR_RETRO_AUDIT_WORKING_v001.json
2877	╬ª┬┐├¬╧ä┬½├╣┬╡ΓîÉ╞Æ╧ä├▓Γûæ╬ª├╝Γéº_BRANCH_B_v049_FULL_HANDOFF_1944-08-04T24_2026-09-04/02_ORIGINAL_EXTRACTED_TREE/╬ª┬┐├¬╧ä┬½├╣┬╡ΓîÉ╞Æ╧ä├▓Γûæ╬ª├╝Γéº_BRANCH_B_v048_REAUDIT_FULL_RESUME_1944-02-20T24_2026-08-31/96_SESSION_WORKING_2026-08-30/ARMOR/CHINA_1937_38_SYSTEMIC_ARMOR_RETRO_AUDIT_WORKING_v001.json
7497	╬ª┬┐├¬╧ä┬½├╣┬╡ΓîÉ╞Æ╧ä├▓Γûæ╬ª├╝Γéº_BRANCH_B_v049_FULL_HANDOFF_1944-08-04T24_2026-09-04/02_ORIGINAL_EXTRACTED_TREE/╬ª┬┐├¬╧ä┬½├╣┬╡ΓîÉ╞Æ╧ä├▓Γûæ╬ª├╝Γéº_BRANCH_B_v048_REAUDIT_FULL_RESUME_1944-02-20T24_2026-08-31/96_SESSION_WORKING_2026-08-30/ARMOR/FIVEGO_1943_SYSTEMIC_ARMOR_ATTRITION_FIRST_PASS_WORKING_v001.json
4232	╬ª┬┐├¬╧ä┬½├╣┬╡ΓîÉ╞Æ╧ä├▓Γûæ╬ª├╝Γéº_BRANCH_B_v049_FULL_HANDOFF_1944-08-04T24_2026-09-04/02_ORIGINAL_EXTRACTED_TREE/╬ª┬┐├¬╧ä┬½├╣┬╡ΓîÉ╞Æ╧ä├▓Γûæ╬ª├╝Γéº_BRANCH_B_v048_REAUDIT_FULL_RESUME_1944-02-20T24_2026-08-31/96_SESSION_WORKING_2026-08-30/ARMOR/FIVEGO_3RD_TANK_DIVISION_OOB_REOPEN_1942-12_1943_WORKING_v001.json
6955	╬ª┬┐├¬╧ä┬½├╣┬╡ΓîÉ╞Æ╧ä├▓Γûæ╬ª├╝Γéº_BRANCH_B_v049_FULL_HANDOFF_1944-08-04T24_2026-09-04/02_ORIGINAL_EXTRACTED_TREE/╬ª┬┐├¬╧ä┬½├╣┬╡ΓîÉ╞Æ╧ä├▓Γûæ╬ª├╝Γéº_BRANCH_B_v048_REAUDIT_FULL_RESUME_1944-02-20T24_2026-08-31/96_SESSION_WORKING_2026-08-30/ARMOR/IJA_9TH_TANK_REGIMENT_TRANSFER_AND_EQUIPMENT_REAUDIT_1944-02-21_06-15_WORKING_v001.json
2645	╬ª┬┐├¬╧ä┬½├╣┬╡ΓîÉ╞Æ╧ä├▓Γûæ╬ª├╝Γéº_BRANCH_B_v049_FULL_HANDOFF_1944-08-04T24_2026-09-04/02_ORIGINAL_EXTRACTED_TREE/╬ª┬┐├¬╧ä┬½├╣┬╡ΓîÉ╞Æ╧ä├▓Γûæ╬ª├╝Γéº_BRANCH_B_v048_REAUDIT_FULL_RESUME_1944-02-20T24_2026-08-31/96_SESSION_WORKING_2026-08-30/ARMOR/IJA_ALLIED_MEDIUM_TANK_INTELLIGENCE_FUSION_1943Q4_1944Q1_WORKING_v001.json
2184	╬ª┬┐├¬╧ä┬½├╣┬╡ΓîÉ╞Æ╧ä├▓Γûæ╬ª├╝Γéº_BRANCH_B_v049_FULL_HANDOFF_1944-08-04T24_2026-09-04/02_ORIGINAL_EXTRACTED_TREE/╬ª┬┐├¬╧ä┬½├╣┬╡ΓîÉ╞Æ╧ä├▓Γûæ╬ª├╝Γéº_BRANCH_B_v048_REAUDIT_FULL_RESUME_1944-02-20T24_2026-08-31/96_SESSION_WORKING_2026-08-30/ARMOR/IJA_ALLIED_MEDIUM_TANK_INTELLIGENCE_FUSION_1943Q4_1944Q1_WORKING_v002.json
11829	╬ª┬┐├¬╧ä┬½├╣┬╡ΓîÉ╞Æ╧ä├▓Γûæ╬ª├╝Γéº_BRANCH_B_v049_FULL_HANDOFF_1944-08-04T24_2026-09-04/02_ORIGINAL_EXTRACTED_TREE/╬ª┬┐├¬╧ä┬½├╣┬╡ΓîÉ╞Æ╧ä├▓Γûæ╬ª├╝Γéº_BRANCH_B_v048_REAUDIT_FULL_RESUME_1944-02-20T24_2026-08-31/96_SESSION_WORKING_2026-08-30/ARMOR/IJA_ARMOR_M4_LEE_RESPONSE_1943-07_1944-02-21_WORKING_v001.json
5766	╬ª┬┐├¬╧ä┬½├╣┬╡ΓîÉ╞Æ╧ä├▓Γûæ╬ª├╝Γéº_BRANCH_B_v049_FULL_HANDOFF_1944-08-04T24_2026-09-04/02_ORIGINAL_EXTRACTED_TREE/╬ª┬┐├¬╧ä┬½├╣┬╡ΓîÉ╞Æ╧ä├▓Γûæ╬ª├╝Γéº_BRANCH_B_v048_REAUDIT_FULL_RESUME_1944-02-20T24_2026-08-31/96_SESSION_WORKING_2026-08-30/ARMOR/JAPANESE_ARMOR_DOWNSTREAM_DEVELOPMENT_GATE_1941_1944_WORKING_v001.json
1123	╬ª┬┐├¬╧ä┬½├╣┬╡ΓîÉ╞Æ╧ä├▓Γûæ╬ª├╝Γéº_BRANCH_B_v049_FULL_HANDOFF_1944-08-04T24_2026-09-04/02_ORIGINAL_EXTRACTED_TREE/╬ª┬┐├¬╧ä┬½├╣┬╡ΓîÉ╞Æ╧ä├▓Γûæ╬ª├╝Γéº_BRANCH_B_v048_REAUDIT_FULL_RESUME_1944-02-20T24_2026-08-31/96_SESSION_WORKING_2026-08-30/ARMOR/JAPANESE_ARMOR_ENIWETOK_9_TYPE95_NATIONAL_POSTING_1944-02-21_25_WORKING_v001.json
9429	╬ª┬┐├¬╧ä┬½├╣┬╡ΓîÉ╞Æ╧ä├▓Γûæ╬ª├╝Γéº_BRANCH_B_v049_FULL_HANDOFF_1944-08-04T24_2026-09-04/02_ORIGINAL_EXTRACTED_TREE/╬ª┬┐├¬╧ä┬½├╣┬╡ΓîÉ╞Æ╧ä├▓Γûæ╬ª├╝Γéº_BRANCH_B_v048_REAUDIT_FULL_RESUME_1944-02-20T24_2026-08-31/96_SESSION_WORKING_2026-08-30/ARMOR/JAPANESE_ARMOR_HISTORICAL_ATTRITION_AND_RESIDUAL_FORCE_AUDIT_GATE_1937_1943_WORKING_v001.json
22897	╬ª┬┐├¬╧ä┬½├╣┬╡ΓîÉ╞Æ╧ä├▓Γûæ╬ª├╝Γéº_BRANCH_B_v049_FULL_HANDOFF_1944-08-04T24_2026-09-04/02_ORIGINAL_EXTRACTED_TREE/╬ª┬┐├¬╧ä┬½├╣┬╡ΓîÉ╞Æ╧ä├▓Γûæ╬ª├╝Γéº_BRANCH_B_v048_REAUDIT_FULL_RESUME_1944-02-20T24_2026-08-31/96_SESSION_WORKING_2026-08-30/ARMOR/JAPANESE_ARMOR_HISTORY_REAUDIT_1935_1944_WORKING_v001.md
8383	╬ª┬┐├¬╧ä┬½├╣┬╡ΓîÉ╞Æ╧ä├▓Γûæ╬ª├╝Γéº_BRANCH_B_v049_FULL_HANDOFF_1944-08-04T24_2026-09-04/02_ORIGINAL_EXTRACTED_TREE/╬ª┬┐├¬╧ä┬½├╣┬╡ΓîÉ╞Æ╧ä├▓Γûæ╬ª├╝Γéº_BRANCH_B_v048_REAUDIT_FULL_RESUME_1944-02-20T24_2026-08-31/96_SESSION_WORKING_2026-08-30/ARMOR/JAPANESE_ARMOR_NATIONAL_CHECKPOINT_1943-12-31_WORKING_v001.json
7041	╬ª┬┐├¬╧ä┬½├╣┬╡ΓîÉ╞Æ╧ä├▓Γûæ╬ª├╝Γéº_BRANCH_B_v049_FULL_HANDOFF_1944-08-04T24_2026-09-04/02_ORIGINAL_EXTRACTED_TREE/╬ª┬┐├¬╧ä┬½├╣┬╡ΓîÉ╞Æ╧ä├▓Γûæ╬ª├╝Γéº_BRANCH_B_v048_REAUDIT_FULL_RESUME_1944-02-20T24_2026-08-31/96_SESSION_WORKING_2026-08-30/ARMOR/JAPANESE_ARMOR_NATIONAL_CHECKPOINT_1944-02-21_WORKING_v001.json
7862	╬ª┬┐├¬╧ä┬½├╣┬╡ΓîÉ╞Æ╧ä├▓Γûæ╬ª├╝Γéº_BRANCH_B_v049_FULL_HANDOFF_1944-08-04T24_2026-09-04/02_ORIGINAL_EXTRACTED_TREE/╬ª┬┐├¬╧ä┬½├╣┬╡ΓîÉ╞Æ╧ä├▓Γûæ╬ª├╝Γéº_BRANCH_B_v048_REAUDIT_FULL_RESUME_1944-02-20T24_2026-08-31/96_SESSION_WORKING_2026-08-30/ARMOR/JAPANESE_ARMOR_OPENING_PRODUCTION_LEDGER_1935_1941_WORKING_v001.json
2554	╬ª┬┐├¬╧ä┬½├╣┬╡ΓîÉ╞Æ╧ä├▓Γûæ╬ª├╝Γéº_BRANCH_B_v049_FULL_HANDOFF_1944-08-04T24_2026-09-04/02_ORIGINAL_EXTRACTED_TREE/╬ª┬┐├¬╧ä┬½├╣┬╡ΓîÉ╞Æ╧ä├▓Γûæ╬ª├╝Γéº_BRANCH_B_v048_REAUDIT_FULL_RESUME_1944-02-20T24_2026-08-31/96_SESSION_WORKING_2026-08-30/ARMOR/JAPANESE_ARMOR_PRODUCTION_ACCOUNTING_CALENDAR_GUARD_1941_1944_WORKING_v001.json
7175	╬ª┬┐├¬╧ä┬½├╣┬╡ΓîÉ╞Æ╧ä├▓Γûæ╬ª├╝Γéº_BRANCH_B_v049_FULL_HANDOFF_1944-08-04T24_2026-09-04/02_ORIGINAL_EXTRACTED_TREE/╬ª┬┐├¬╧ä┬½├╣┬╡ΓîÉ╞Æ╧ä├▓Γûæ╬ª├╝Γéº_BRANCH_B_v048_REAUDIT_FULL_RESUME_1944-02-20T24_2026-08-31/96_SESSION_WORKING_2026-08-30/ARMOR/JAPANESE_ARMOR_PRODUCTION_AND_ALLOCATION_1943_WORKING_v001.json
6642	╬ª┬┐├¬╧ä┬½├╣┬╡ΓîÉ╞Æ╧ä├▓Γûæ╬ª├╝Γéº_BRANCH_B_v049_FULL_HANDOFF_1944-08-04T24_2026-09-04/02_ORIGINAL_EXTRACTED_TREE/╬ª┬┐├¬╧ä┬½├╣┬╡ΓîÉ╞Æ╧ä├▓Γûæ╬ª├╝Γéº_BRANCH_B_v048_REAUDIT_FULL_RESUME_1944-02-20T24_2026-08-31/96_SESSION_WORKING_2026-08-30/ARMOR/JAPANESE_ARMOR_PRODUCTION_LEDGER_1942_WORKING_v001.json
6212	╬ª┬┐├¬╧ä┬½├╣┬╡ΓîÉ╞Æ╧ä├▓Γûæ╬ª├╝Γéº_BRANCH_B_v049_FULL_HANDOFF_1944-08-04T24_2026-09-04/02_ORIGINAL_EXTRACTED_TREE/╬ª┬┐├¬╧ä┬½├╣┬╡ΓîÉ╞Æ╧ä├▓Γûæ╬ª├╝Γéº_BRANCH_B_v048_REAUDIT_FULL_RESUME_1944-02-20T24_2026-08-31/96_SESSION_WORKING_2026-08-30/ARMOR/JAPANESE_ARMOR_PRODUCTION_LEDGER_1942_WORKING_v002.json
5408	╬ª┬┐├¬╧ä┬½├╣┬╡ΓîÉ╞Æ╧ä├▓Γûæ╬ª├╝Γéº_BRANCH_B_v049_FULL_HANDOFF_1944-08-04T24_2026-09-04/02_ORIGINAL_EXTRACTED_TREE/╬ª┬┐├¬╧ä┬½├╣┬╡ΓîÉ╞Æ╧ä├▓Γûæ╬ª├╝Γéº_BRANCH_B_v048_REAUDIT_FULL_RESUME_1944-02-20T24_2026-08-31/96_SESSION_WORKING_2026-08-30/ARMOR/JAPANESE_ARMOR_PRODUCTION_SOURCE_RECONCILIATION_1935_1941_WORKING_v001.md
2544	╬ª┬┐├¬╧ä┬½├╣┬╡ΓîÉ╞Æ╧ä├▓Γûæ╬ª├╝Γéº_BRANCH_B_v049_FULL_HANDOFF_1944-08-04T24_2026-09-04/02_ORIGINAL_EXTRACTED_TREE/╬ª┬┐├¬╧ä┬½├╣┬╡ΓîÉ╞Æ╧ä├▓Γûæ╬ª├╝Γéº_BRANCH_B_v048_REAUDIT_FULL_RESUME_1944-02-20T24_2026-08-31/96_SESSION_WORKING_2026-08-30/ARMOR/JAPANESE_ARMOR_RESIDUAL_DELTA_THROUGH_1942-06-15_WORKING_v001.json
3409	╬ª┬┐├¬╧ä┬½├╣┬╡ΓîÉ╞Æ╧ä├▓Γûæ╬ª├╝Γéº_BRANCH_B_v049_FULL_HANDOFF_1944-08-04T24_2026-09-04/02_ORIGINAL_EXTRACTED_TREE/╬ª┬┐├¬╧ä┬½├╣┬╡ΓîÉ╞Æ╧ä├▓Γûæ╬ª├╝Γéº_BRANCH_B_v048_REAUDIT_FULL_RESUME_1944-02-20T24_2026-08-31/96_SESSION_WORKING_2026-08-30/ARMOR/JAPANESE_ARMOR_SOURCE_BASIS_MATRIX_1938_1944_WORKING_v001.json
2501	╬ª┬┐├¬╧ä┬½├╣┬╡ΓîÉ╞Æ╧ä├▓Γûæ╬ª├╝Γéº_BRANCH_B_v049_FULL_HANDOFF_1944-08-04T24_2026-09-04/02_ORIGINAL_EXTRACTED_TREE/╬ª┬┐├¬╧ä┬½├╣┬╡ΓîÉ╞Æ╧ä├▓Γûæ╬ª├╝Γéº_BRANCH_B_v048_REAUDIT_FULL_RESUME_1944-02-20T24_2026-08-31/96_SESSION_WORKING_2026-08-30/ARMOR/JAPANESE_ARMOR_THEATER_PLACEMENT_1942-12-31_PARTIAL_WORKING_v001.json
7867	╬ª┬┐├¬╧ä┬½├╣┬╡ΓîÉ╞Æ╧ä├▓Γûæ╬ª├╝Γéº_BRANCH_B_v049_FULL_HANDOFF_1944-08-04T24_2026-09-04/02_ORIGINAL_EXTRACTED_TREE/╬ª┬┐├¬╧ä┬½├╣┬╡ΓîÉ╞Æ╧ä├▓Γûæ╬ª├╝Γéº_BRANCH_B_v048_REAUDIT_FULL_RESUME_1944-02-20T24_2026-08-31/96_SESSION_WORKING_2026-08-30/ARMOR/JAPANESE_ARMOR_THEATER_PLACEMENT_1942-12-31_PARTIAL_WORKING_v002.json
2794	╬ª┬┐├¬╧ä┬½├╣┬╡ΓîÉ╞Æ╧ä├▓Γûæ╬ª├╝Γéº_BRANCH_B_v049_FULL_HANDOFF_1944-08-04T24_2026-09-04/02_ORIGINAL_EXTRACTED_TREE/╬ª┬┐├¬╧ä┬½├╣┬╡ΓîÉ╞Æ╧ä├▓Γûæ╬ª├╝Γéº_BRANCH_B_v048_REAUDIT_FULL_RESUME_1944-02-20T24_2026-08-31/96_SESSION_WORKING_2026-08-30/ARMOR/MALAYA_1941_42_SYSTEMIC_ARMOR_RETRO_AUDIT_WORKING_v001.json
3827	╬ª┬┐├¬╧ä┬½├╣┬╡ΓîÉ╞Æ╧ä├▓Γûæ╬ª├╝Γéº_BRANCH_B_v049_FULL_HANDOFF_1944-08-04T24_2026-09-04/02_ORIGINAL_EXTRACTED_TREE/╬ª┬┐├¬╧ä┬½├╣┬╡ΓîÉ╞Æ╧ä├▓Γûæ╬ª├╝Γéº_BRANCH_B_v048_REAUDIT_FULL_RESUME_1944-02-20T24_2026-08-31/96_SESSION_WORKING_2026-08-30/ARMOR/NEI_JAVA_1942_SYSTEMIC_ARMOR_AND_POSTCAMPAIGN_ALLOCATION_AUDIT_WORKING_v001.json
6034	╬ª┬┐├¬╧ä┬½├╣┬╡ΓîÉ╞Æ╧ä├▓Γûæ╬ª├╝Γéº_BRANCH_B_v049_FULL_HANDOFF_1944-08-04T24_2026-09-04/02_ORIGINAL_EXTRACTED_TREE/╬ª┬┐├¬╧ä┬½├╣┬╡ΓîÉ╞Æ╧ä├▓Γûæ╬ª├╝Γéº_BRANCH_B_v048_REAUDIT_FULL_RESUME_1944-02-20T24_2026-08-31/96_SESSION_WORKING_2026-08-30/ARMOR/NOMONHAN_SYSTEMIC_ARMOR_RETRO_AUDIT_FIRST_PASS_1939_WORKING_v001.json
3049	╬ª┬┐├¬╧ä┬½├╣┬╡ΓîÉ╞Æ╧ä├▓Γûæ╬ª├╝Γéº_BRANCH_B_v049_FULL_HANDOFF_1944-08-04T24_2026-09-04/02_ORIGINAL_EXTRACTED_TREE/╬ª┬┐├¬╧ä┬½├╣┬╡ΓîÉ╞Æ╧ä├▓Γûæ╬ª├╝Γéº_BRANCH_B_v048_REAUDIT_FULL_RESUME_1944-02-20T24_2026-08-31/96_SESSION_WORKING_2026-08-30/ARMOR/PHILIPPINES_1941_42_SYSTEMIC_ARMOR_RETRO_AUDIT_WORKING_v001.json
5366	╬ª┬┐├¬╧ä┬½├╣┬╡ΓîÉ╞Æ╧ä├▓Γûæ╬ª├╝Γéº_BRANCH_B_v049_FULL_HANDOFF_1944-08-04T24_2026-09-04/02_ORIGINAL_EXTRACTED_TREE/╬ª┬┐├¬╧ä┬½├╣┬╡ΓîÉ╞Æ╧ä├▓Γûæ╬ª├╝Γéº_BRANCH_B_v048_REAUDIT_FULL_RESUME_1944-02-20T24_2026-08-31/96_SESSION_WORKING_2026-08-30/ARMOR/SAIPAN_GROUND_ARMOR_AND_NIGHT_WINDOW_REOPEN_GATE_1944-06-15_WORKING_v001.json
7258	╬ª┬┐├¬╧ä┬½├╣┬╡ΓîÉ╞Æ╧ä├▓Γûæ╬ª├╝Γéº_BRANCH_B_v049_FULL_HANDOFF_1944-08-04T24_2026-09-04/02_ORIGINAL_EXTRACTED_TREE/╬ª┬┐├¬╧ä┬½├╣┬╡ΓîÉ╞Æ╧ä├▓Γûæ╬ª├╝Γéº_BRANCH_B_v048_REAUDIT_FULL_RESUME_1944-02-20T24_2026-08-31/96_SESSION_WORKING_2026-08-30/ARMOR/SOUTH_PACIFIC_ARMOR_ALLOCATION_AND_NEW_CALEDONIA_REAUDIT_1942_WORKING_v001.json
969	╬ª┬┐├¬╧ä┬½├╣┬╡ΓîÉ╞Æ╧ä├▓Γûæ╬ª├╝Γéº_BRANCH_B_v049_FULL_HANDOFF_1944-08-04T24_2026-09-04/02_ORIGINAL_EXTRACTED_TREE/╬ª┬┐├¬╧ä┬½├╣┬╡ΓîÉ╞Æ╧ä├▓Γûæ╬ª├╝Γéº_BRANCH_B_v048_REAUDIT_FULL_RESUME_1944-02-20T24_2026-08-31/96_SESSION_WORKING_2026-08-30/MANIFEST/README_CONTINUATION.md
5100	╬ª┬┐├¬╧ä┬½├╣┬╡ΓîÉ╞Æ╧ä├▓Γûæ╬ª├╝Γéº_BRANCH_B_v049_FULL_HANDOFF_1944-08-04T24_2026-09-04/02_ORIGINAL_EXTRACTED_TREE/╬ª┬┐├¬╧ä┬½├╣┬╡ΓîÉ╞Æ╧ä├▓Γûæ╬ª├╝Γéº_BRANCH_B_v048_REAUDIT_FULL_RESUME_1944-02-20T24_2026-08-31/96_SESSION_WORKING_2026-08-30/MANIFEST/SESSION_FILES.txt
6328	╬ª┬┐├¬╧ä┬½├╣┬╡ΓîÉ╞Æ╧ä├▓Γûæ╬ª├╝Γéº_BRANCH_B_v049_FULL_HANDOFF_1944-08-04T24_2026-09-04/02_ORIGINAL_EXTRACTED_TREE/╬ª┬┐├¬╧ä┬½├╣┬╡ΓîÉ╞Æ╧ä├▓Γûæ╬ª├╝Γéº_BRANCH_B_v048_REAUDIT_FULL_RESUME_1944-02-20T24_2026-08-31/96_SESSION_WORKING_2026-08-30/MANIFEST/SESSION_MANIFEST_v001.json
8594	╬ª┬┐├¬╧ä┬½├╣┬╡ΓîÉ╞Æ╧ä├▓Γûæ╬ª├╝Γéº_BRANCH_B_v049_FULL_HANDOFF_1944-08-04T24_2026-09-04/02_ORIGINAL_EXTRACTED_TREE/╬ª┬┐├¬╧ä┬½├╣┬╡ΓîÉ╞Æ╧ä├▓Γûæ╬ª├╝Γéº_BRANCH_B_v048_REAUDIT_FULL_RESUME_1944-02-20T24_2026-08-31/96_SESSION_WORKING_2026-08-30/MANIFEST/SHA256SUMS_SESSION_v001.txt
3454	╬ª┬┐├¬╧ä┬½├╣┬╡ΓîÉ╞Æ╧ä├▓Γûæ╬ª├╝Γéº_BRANCH_B_v049_FULL_HANDOFF_1944-08-04T24_2026-09-04/02_ORIGINAL_EXTRACTED_TREE/╬ª┬┐├¬╧ä┬½├╣┬╡ΓîÉ╞Æ╧ä├▓Γûæ╬ª├╝Γéº_BRANCH_B_v048_REAUDIT_FULL_RESUME_1944-02-20T24_2026-08-31/96_SESSION_WORKING_2026-08-30/OPERATIONS/BENGAL_25TH_DRAGOONS_AFV_REOPEN_GATE_1943-12_WORKING_v001.json
4817	╬ª┬┐├¬╧ä┬½├╣┬╡ΓîÉ╞Æ╧ä├▓Γûæ╬ª├╝Γéº_BRANCH_B_v049_FULL_HANDOFF_1944-08-04T24_2026-09-04/02_ORIGINAL_EXTRACTED_TREE/╬ª┬┐├¬╧ä┬½├╣┬╡ΓîÉ╞Æ╧ä├▓Γûæ╬ª├╝Γéº_BRANCH_B_v048_REAUDIT_FULL_RESUME_1944-02-20T24_2026-08-31/96_SESSION_WORKING_2026-08-30/OPERATIONS/BENGAL_25TH_DRAGOONS_AFV_REOPEN_GATE_1943-12_WORKING_v002.json
3091	╬ª┬┐├¬╧ä┬½├╣┬╡ΓîÉ╞Æ╧ä├▓Γûæ╬ª├╝Γéº_BRANCH_B_v049_FULL_HANDOFF_1944-08-04T24_2026-09-04/02_ORIGINAL_EXTRACTED_TREE/╬ª┬┐├¬╧ä┬½├╣┬╡ΓîÉ╞Æ╧ä├▓Γûæ╬ª├╝Γéº_BRANCH_B_v048_REAUDIT_FULL_RESUME_1944-02-20T24_2026-08-31/96_SESSION_WORKING_2026-08-30/OPERATIONS/CATCHPOLE_ENGEBI_1944-02-21_WORKING_v001.json
3160	╬ª┬┐├¬╧ä┬½├╣┬╡ΓîÉ╞Æ╧ä├▓Γûæ╬ª├╝Γéº_BRANCH_B_v049_FULL_HANDOFF_1944-08-04T24_2026-09-04/02_ORIGINAL_EXTRACTED_TREE/╬ª┬┐├¬╧ä┬½├╣┬╡ΓîÉ╞Æ╧ä├▓Γûæ╬ª├╝Γéº_BRANCH_B_v048_REAUDIT_FULL_RESUME_1944-02-20T24_2026-08-31/96_SESSION_WORKING_2026-08-30/OPERATIONS/CATCHPOLE_ENIWETOK_ISLAND_1944-02-22_23_WORKING_v001.json
2035	╬ª┬┐├¬╧ä┬½├╣┬╡ΓîÉ╞Æ╧ä├▓Γûæ╬ª├╝Γéº_BRANCH_B_v049_FULL_HANDOFF_1944-08-04T24_2026-09-04/02_ORIGINAL_EXTRACTED_TREE/╬ª┬┐├¬╧ä┬½├╣┬╡ΓîÉ╞Æ╧ä├▓Γûæ╬ª├╝Γéº_BRANCH_B_v048_REAUDIT_FULL_RESUME_1944-02-20T24_2026-08-31/96_SESSION_WORKING_2026-08-30/OPERATIONS/CATCHPOLE_HAILSTONE_AIKOKU_REINFORCEMENT_INTERLOCK_1944-02_WORKING_v001.json
4876	╬ª┬┐├¬╧ä┬½├╣┬╡ΓîÉ╞Æ╧ä├▓Γûæ╬ª├╝Γéº_BRANCH_B_v049_FULL_HANDOFF_1944-08-04T24_2026-09-04/02_ORIGINAL_EXTRACTED_TREE/╬ª┬┐├¬╧ä┬½├╣┬╡ΓîÉ╞Æ╧ä├▓Γûæ╬ª├╝Γéº_BRANCH_B_v048_REAUDIT_FULL_RESUME_1944-02-20T24_2026-08-31/96_SESSION_WORKING_2026-08-30/OPERATIONS/CATCHPOLE_PARRY_CLOSEOUT_1944-02-23_27_WORKING_v001.json
4743	╬ª┬┐├¬╧ä┬½├╣┬╡ΓîÉ╞Æ╧ä├▓Γûæ╬ª├╝Γéº_BRANCH_B_v049_FULL_HANDOFF_1944-08-04T24_2026-09-04/02_ORIGINAL_EXTRACTED_TREE/╬ª┬┐├¬╧ä┬½├╣┬╡ΓîÉ╞Æ╧ä├▓Γûæ╬ª├╝Γéº_BRANCH_B_v048_REAUDIT_FULL_RESUME_1944-02-20T24_2026-08-31/96_SESSION_WORKING_2026-08-30/OPERATIONS/CATCHPOLE_PREASSAULT_CROSS_DOMAIN_1944-02-20_21_WORKING_v001.json
8753	╬ª┬┐├¬╧ä┬½├╣┬╡ΓîÉ╞Æ╧ä├▓Γûæ╬ª├╝Γéº_BRANCH_B_v049_FULL_HANDOFF_1944-08-04T24_2026-09-04/02_ORIGINAL_EXTRACTED_TREE/╬ª┬┐├¬╧ä┬½├╣┬╡ΓîÉ╞Æ╧ä├▓Γûæ╬ª├╝Γéº_BRANCH_B_v048_REAUDIT_FULL_RESUME_1944-02-20T24_2026-08-31/96_SESSION_WORKING_2026-08-30/OPERATIONS/FLINTLOCK_GROUND_REDUCTION_1944-02-06_10_WORKING_v001.json
10914	╬ª┬┐├¬╧ä┬½├╣┬╡ΓîÉ╞Æ╧ä├▓Γûæ╬ª├╝Γéº_BRANCH_B_v049_FULL_HANDOFF_1944-08-04T24_2026-09-04/02_ORIGINAL_EXTRACTED_TREE/╬ª┬┐├¬╧ä┬½├╣┬╡ΓîÉ╞Æ╧ä├▓Γûæ╬ª├╝Γéº_BRANCH_B_v048_REAUDIT_FULL_RESUME_1944-02-20T24_2026-08-31/96_SESSION_WORKING_2026-08-30/OPERATIONS/FLINTLOCK_POSTCAPTURE_AND_NEXT_OPS_1944-02-06_27_WORKING_v001.json
9627	╬ª┬┐├¬╧ä┬½├╣┬╡ΓîÉ╞Æ╧ä├▓Γûæ╬ª├╝Γéº_BRANCH_B_v049_FULL_HANDOFF_1944-08-04T24_2026-09-04/02_ORIGINAL_EXTRACTED_TREE/╬ª┬┐├¬╧ä┬½├╣┬╡ΓîÉ╞Æ╧ä├▓Γûæ╬ª├╝Γéº_BRANCH_B_v048_REAUDIT_FULL_RESUME_1944-02-20T24_2026-08-31/96_SESSION_WORKING_2026-08-30/OPERATIONS/TRUK_HAILSTONE_DAY1_AIR_SEA_1944-02-20_WORKING_v001.json
5723	╬ª┬┐├¬╧ä┬½├╣┬╡ΓîÉ╞Æ╧ä├▓Γûæ╬ª├╝Γéº_BRANCH_B_v049_FULL_HANDOFF_1944-08-04T24_2026-09-04/02_ORIGINAL_EXTRACTED_TREE/╬ª┬┐├¬╧ä┬½├╣┬╡ΓîÉ╞Æ╧ä├▓Γûæ╬ª├╝Γéº_BRANCH_B_v048_REAUDIT_FULL_RESUME_1944-02-20T24_2026-08-31/96_SESSION_WORKING_2026-08-30/OPERATIONS/TRUK_HAILSTONE_DAY2_CLOSEOUT_1944-02-21_WORKING_v001.json
4053	╬ª┬┐├¬╧ä┬½├╣┬╡ΓîÉ╞Æ╧ä├▓Γûæ╬ª├╝Γéº_BRANCH_B_v049_FULL_HANDOFF_1944-08-04T24_2026-09-04/02_ORIGINAL_EXTRACTED_TREE/╬ª┬┐├¬╧ä┬½├╣┬╡ΓîÉ╞Æ╧ä├▓Γûæ╬ª├╝Γéº_BRANCH_B_v048_REAUDIT_FULL_RESUME_1944-02-20T24_2026-08-31/96_SESSION_WORKING_2026-08-30/OPERATIONS/TRUK_HAILSTONE_FIRST_FIGHTER_SWEEP_1944-02-20_WORKING_v001.json
4371	╬ª┬┐├¬╧ä┬½├╣┬╡ΓîÉ╞Æ╧ä├▓Γûæ╬ª├╝Γéº_BRANCH_B_v049_FULL_HANDOFF_1944-08-04T24_2026-09-04/02_ORIGINAL_EXTRACTED_TREE/╬ª┬┐├¬╧ä┬½├╣┬╡ΓîÉ╞Æ╧ä├▓Γûæ╬ª├╝Γéº_BRANCH_B_v048_REAUDIT_FULL_RESUME_1944-02-20T24_2026-08-31/96_SESSION_WORKING_2026-08-30/OPERATIONS/TRUK_HAILSTONE_NIGHT_COUNTERSTRIKE_1944-02-20_21_WORKING_v001.json
7199	╬ª┬┐├¬╧ä┬½├╣┬╡ΓîÉ╞Æ╧ä├▓Γûæ╬ª├╝Γéº_BRANCH_B_v049_FULL_HANDOFF_1944-08-04T24_2026-09-04/02_ORIGINAL_EXTRACTED_TREE/╬ª┬┐├¬╧ä┬½├╣┬╡ΓîÉ╞Æ╧ä├▓Γûæ╬ª├╝Γéº_BRANCH_B_v048_REAUDIT_FULL_RESUME_1944-02-20T24_2026-08-31/96_SESSION_WORKING_2026-08-30/OPERATIONS/TRUK_HAILSTONE_WARNING_CHAIN_1944-02-15_20_WORKING_v001.json
6850	╬ª┬┐├¬╧ä┬½├╣┬╡ΓîÉ╞Æ╧ä├▓Γûæ╬ª├╝Γéº_BRANCH_B_v049_FULL_HANDOFF_1944-08-04T24_2026-09-04/02_ORIGINAL_EXTRACTED_TREE/╬ª┬┐├¬╧ä┬½├╣┬╡ΓîÉ╞Æ╧ä├▓Γûæ╬ª├╝Γéº_BRANCH_B_v048_REAUDIT_FULL_RESUME_1944-02-20T24_2026-08-31/96_SESSION_WORKING_2026-08-30/RULES_ASW/ASW_RETROACTIVE_AND_FUTURE_ACTIVITY_GUARD_1943_1944Q1_WORKING_v001.json
4512	╬ª┬┐├¬╧ä┬½├╣┬╡ΓîÉ╞Æ╧ä├▓Γûæ╬ª├╝Γéº_BRANCH_B_v049_FULL_HANDOFF_1944-08-04T24_2026-09-04/02_ORIGINAL_EXTRACTED_TREE/╬ª┬┐├¬╧ä┬½├╣┬╡ΓîÉ╞Æ╧ä├▓Γûæ╬ª├╝Γéº_BRANCH_B_v048_REAUDIT_FULL_RESUME_1944-02-20T24_2026-08-31/96_SESSION_WORKING_2026-08-30/RULES_ASW/CROSS_DOMAIN_CAMPAIGN_REAUDIT_GUARD_1944Q1_WORKING_v001.json
1145	╬ª┬┐├¬╧ä┬½├╣┬╡ΓîÉ╞Æ╧ä├▓Γûæ╬ª├╝Γéº_BRANCH_B_v049_FULL_HANDOFF_1944-08-04T24_2026-09-04/02_ORIGINAL_EXTRACTED_TREE/╬ª┬┐├¬╧ä┬½├╣┬╡ΓîÉ╞Æ╧ä├▓Γûæ╬ª├╝Γéº_BRANCH_B_v048_REAUDIT_FULL_RESUME_1944-02-20T24_2026-08-31/96_SESSION_WORKING_2026-08-30/RULES_ASW/ISLAND_BATTLE_SUNSET_CROSSING_NIGHT_ACTION_AUDIT_RULE_WORKING_v001.json
3314	╬ª┬┐├¬╧ä┬½├╣┬╡ΓîÉ╞Æ╧ä├▓Γûæ╬ª├╝Γéº_BRANCH_B_v049_FULL_HANDOFF_1944-08-04T24_2026-09-04/02_ORIGINAL_EXTRACTED_TREE/╬ª┬┐├¬╧ä┬½├╣┬╡ΓîÉ╞Æ╧ä├▓Γûæ╬ª├╝Γéº_BRANCH_B_v048_REAUDIT_FULL_RESUME_1944-02-20T24_2026-08-31/96_SESSION_WORKING_2026-08-30/RULES_ASW/SYSTEMIC_COMBAT_EFFECT_ACCOUNTING_FOR_VEHICLE_RETRO_AUDITS_WORKING_v001.json
3361	╬ª┬┐├¬╧ä┬½├╣┬╡ΓîÉ╞Æ╧ä├▓Γûæ╬ª├╝Γéº_BRANCH_B_v049_FULL_HANDOFF_1944-08-04T24_2026-09-04/02_ORIGINAL_EXTRACTED_TREE/╬ª┬┐├¬╧ä┬½├╣┬╡ΓîÉ╞Æ╧ä├▓Γûæ╬ª├╝Γéº_BRANCH_B_v048_REAUDIT_FULL_RESUME_1944-02-20T24_2026-08-31/97_CONTINUATION_MASTER_2026-08-30/HANDOFF/NEXT_SESSION_HANDOFF_1944-06-15T24.md
8170	╬ª┬┐├¬╧ä┬½├╣┬╡ΓîÉ╞Æ╧ä├▓Γûæ╬ª├╝Γéº_BRANCH_B_v049_FULL_HANDOFF_1944-08-04T24_2026-09-04/02_ORIGINAL_EXTRACTED_TREE/╬ª┬┐├¬╧ä┬½├╣┬╡ΓîÉ╞Æ╧ä├▓Γûæ╬ª├╝Γéº_BRANCH_B_v048_REAUDIT_FULL_RESUME_1944-02-20T24_2026-08-31/97_CONTINUATION_MASTER_2026-08-30/MANIFEST/FULL_RESUME_MASTER_MANIFEST_v001.json
1415	╬ª┬┐├¬╧ä┬½├╣┬╡ΓîÉ╞Æ╧ä├▓Γûæ╬ª├╝Γéº_BRANCH_B_v049_FULL_HANDOFF_1944-08-04T24_2026-09-04/02_ORIGINAL_EXTRACTED_TREE/╬ª┬┐├¬╧ä┬½├╣┬╡ΓîÉ╞Æ╧ä├▓Γûæ╬ª├╝Γéº_BRANCH_B_v048_REAUDIT_FULL_RESUME_1944-02-20T24_2026-08-31/97_CONTINUATION_MASTER_2026-08-30/MANIFEST/FULL_RESUME_MASTER_MANIFEST_v002.json
32997	╬ª┬┐├¬╧ä┬½├╣┬╡ΓîÉ╞Æ╧ä├▓Γûæ╬ª├╝Γéº_BRANCH_B_v049_FULL_HANDOFF_1944-08-04T24_2026-09-04/02_ORIGINAL_EXTRACTED_TREE/╬ª┬┐├¬╧ä┬½├╣┬╡ΓîÉ╞Æ╧ä├▓Γûæ╬ª├╝Γéº_BRANCH_B_v048_REAUDIT_FULL_RESUME_1944-02-20T24_2026-08-31/97_CONTINUATION_MASTER_2026-08-30/MANIFEST/MASTER_LOAD_ORDER_v001.json
113	╬ª┬┐├¬╧ä┬½├╣┬╡ΓîÉ╞Æ╧ä├▓Γûæ╬ª├╝Γéº_BRANCH_B_v049_FULL_HANDOFF_1944-08-04T24_2026-09-04/02_ORIGINAL_EXTRACTED_TREE/╬ª┬┐├¬╧ä┬½├╣┬╡ΓîÉ╞Æ╧ä├▓Γûæ╬ª├╝Γéº_BRANCH_B_v048_REAUDIT_FULL_RESUME_1944-02-20T24_2026-08-31/97_CONTINUATION_MASTER_2026-08-30/MANIFEST/PACKAGE_COUNTS_AND_ID_AUDIT_v001.json
54974	╬ª┬┐├¬╧ä┬½├╣┬╡ΓîÉ╞Æ╧ä├▓Γûæ╬ª├╝Γéº_BRANCH_B_v049_FULL_HANDOFF_1944-08-04T24_2026-09-04/02_ORIGINAL_EXTRACTED_TREE/╬ª┬┐├¬╧ä┬½├╣┬╡ΓîÉ╞Æ╧ä├▓Γûæ╬ª├╝Γéº_BRANCH_B_v048_REAUDIT_FULL_RESUME_1944-02-20T24_2026-08-31/97_CONTINUATION_MASTER_2026-08-30/MANIFEST/SHA256SUMS_MASTER.txt
5569	╬ª┬┐├¬╧ä┬½├╣┬╡ΓîÉ╞Æ╧ä├▓Γûæ╬ª├╝Γéº_BRANCH_B_v049_FULL_HANDOFF_1944-08-04T24_2026-09-04/02_ORIGINAL_EXTRACTED_TREE/╬ª┬┐├¬╧ä┬½├╣┬╡ΓîÉ╞Æ╧ä├▓Γûæ╬ª├╝Γéº_BRANCH_B_v048_REAUDIT_FULL_RESUME_1944-02-20T24_2026-08-31/97_CONTINUATION_MASTER_2026-08-30/OVERLAYS/001_╬ª┬┐├¬╧ä┬½├╣┬╡ΓîÉ╞Æ╧ä├▓Γûæ╬ª├╝Γéº_v048_97_SESSION_AIR_CAPABILITY_RECONSTRUCTED_OVERLAY_2026-08-30/97_SESSION_CLEANED_2026-08-30/AIR/INDIAN_OCEAN_AIR_CAPABILITY_GAP_AUDIT_1944-02-21_v001.json
3689	╬ª┬┐├¬╧ä┬½├╣┬╡ΓîÉ╞Æ╧ä├▓Γûæ╬ª├╝Γéº_BRANCH_B_v049_FULL_HANDOFF_1944-08-04T24_2026-09-04/02_ORIGINAL_EXTRACTED_TREE/╬ª┬┐├¬╧ä┬½├╣┬╡ΓîÉ╞Æ╧ä├▓Γûæ╬ª├╝Γéº_BRANCH_B_v048_REAUDIT_FULL_RESUME_1944-02-20T24_2026-08-31/97_CONTINUATION_MASTER_2026-08-30/OVERLAYS/001_╬ª┬┐├¬╧ä┬½├╣┬╡ΓîÉ╞Æ╧ä├▓Γûæ╬ª├╝Γéº_v048_97_SESSION_AIR_CAPABILITY_RECONSTRUCTED_OVERLAY_2026-08-30/97_SESSION_CLEANED_2026-08-30/AIR/INDIAN_OCEAN_AIR_CAPABILITY_GAP_AUDIT_1944-02-21_v002.json
3706	╬ª┬┐├¬╧ä┬½├╣┬╡ΓîÉ╞Æ╧ä├▓Γûæ╬ª├╝Γéº_BRANCH_B_v049_FULL_HANDOFF_1944-08-04T24_2026-09-04/02_ORIGINAL_EXTRACTED_TREE/╬ª┬┐├¬╧ä┬½├╣┬╡ΓîÉ╞Æ╧ä├▓Γûæ╬ª├╝Γéº_BRANCH_B_v048_REAUDIT_FULL_RESUME_1944-02-20T24_2026-08-31/97_CONTINUATION_MASTER_2026-08-30/OVERLAYS/001_╬ª┬┐├¬╧ä┬½├╣┬╡ΓîÉ╞Æ╧ä├▓Γûæ╬ª├╝Γéº_v048_97_SESSION_AIR_CAPABILITY_RECONSTRUCTED_OVERLAY_2026-08-30/97_SESSION_CLEANED_2026-08-30/AIR/INDIAN_OCEAN_AIR_CAPABILITY_LEDGER_1944-02-19_22_WORKING_v001.json
14960	╬ª┬┐├¬╧ä┬½├╣┬╡ΓîÉ╞Æ╧ä├▓Γûæ╬ª├╝Γéº_BRANCH_B_v049_FULL_HANDOFF_1944-08-04T24_2026-09-04/02_ORIGINAL_EXTRACTED_TREE/╬ª┬┐├¬╧ä┬½├╣┬╡ΓîÉ╞Æ╧ä├▓Γûæ╬ª├╝Γéº_BRANCH_B_v048_REAUDIT_FULL_RESUME_1944-02-20T24_2026-08-31/97_CONTINUATION_MASTER_2026-08-30/OVERLAYS/001_╬ª┬┐├¬╧ä┬½├╣┬╡ΓîÉ╞Æ╧ä├▓Γûæ╬ª├╝Γéº_v048_97_SESSION_AIR_CAPABILITY_RECONSTRUCTED_OVERLAY_2026-08-30/97_SESSION_CLEANED_2026-08-30/AIR/INDIAN_OCEAN_AIR_CAPABILITY_LEDGER_1944-02-19_22_WORKING_v002.json
5622	╬ª┬┐├¬╧ä┬½├╣┬╡ΓîÉ╞Æ╧ä├▓Γûæ╬ª├╝Γéº_BRANCH_B_v049_FULL_HANDOFF_1944-08-04T24_2026-09-04/02_ORIGINAL_EXTRACTED_TREE/╬ª┬┐├¬╧ä┬½├╣┬╡ΓîÉ╞Æ╧ä├▓Γûæ╬ª├╝Γéº_BRANCH_B_v048_REAUDIT_FULL_RESUME_1944-02-20T24_2026-08-31/97_CONTINUATION_MASTER_2026-08-30/OVERLAYS/001_╬ª┬┐├¬╧ä┬½├╣┬╡ΓîÉ╞Æ╧ä├▓Γûæ╬ª├╝Γéº_v048_97_SESSION_AIR_CAPABILITY_RECONSTRUCTED_OVERLAY_2026-08-30/97_SESSION_CLEANED_2026-08-30/AIR/JAPAN_INDIAN_OCEAN_ASW_AIR_CAPABILITY_1944-02-19_22_WORKING_v001.json
8977	╬ª┬┐├¬╧ä┬½├╣┬╡ΓîÉ╞Æ╧ä├▓Γûæ╬ª├╝Γéº_BRANCH_B_v049_FULL_HANDOFF_1944-08-04T24_2026-09-04/02_ORIGINAL_EXTRACTED_TREE/╬ª┬┐├¬╧ä┬½├╣┬╡ΓîÉ╞Æ╧ä├▓Γûæ╬ª├╝Γéº_BRANCH_B_v048_REAUDIT_FULL_RESUME_1944-02-20T24_2026-08-31/97_CONTINUATION_MASTER_2026-08-30/OVERLAYS/001_╬ª┬┐├¬╧ä┬½├╣┬╡ΓîÉ╞Æ╧ä├▓Γûæ╬ª├╝Γéº_v048_97_SESSION_AIR_CAPABILITY_RECONSTRUCTED_OVERLAY_2026-08-30/97_SESSION_CLEANED_2026-08-30/ARMOR/JAPANESE_ARMOR_NATIONAL_CHECKPOINT_1944-02-21_WORKING_v002.json
1585	╬ª┬┐├¬╧ä┬½├╣┬╡ΓîÉ╞Æ╧ä├▓Γûæ╬ª├╝Γéº_BRANCH_B_v049_FULL_HANDOFF_1944-08-04T24_2026-09-04/02_ORIGINAL_EXTRACTED_TREE/╬ª┬┐├¬╧ä┬½├╣┬╡ΓîÉ╞Æ╧ä├▓Γûæ╬ª├╝Γéº_BRANCH_B_v048_REAUDIT_FULL_RESUME_1944-02-20T24_2026-08-31/97_CONTINUATION_MASTER_2026-08-30/OVERLAYS/001_╬ª┬┐├¬╧ä┬½├╣┬╡ΓîÉ╞Æ╧ä├▓Γûæ╬ª├╝Γéº_v048_97_SESSION_AIR_CAPABILITY_RECONSTRUCTED_OVERLAY_2026-08-30/97_SESSION_CLEANED_2026-08-30/MANIFEST/README_CLEANED_CONTINUATION.md
2491	╬ª┬┐├¬╧ä┬½├╣┬╡ΓîÉ╞Æ╧ä├▓Γûæ╬ª├╝Γéº_BRANCH_B_v049_FULL_HANDOFF_1944-08-04T24_2026-09-04/02_ORIGINAL_EXTRACTED_TREE/╬ª┬┐├¬╧ä┬½├╣┬╡ΓîÉ╞Æ╧ä├▓Γûæ╬ª├╝Γéº_BRANCH_B_v048_REAUDIT_FULL_RESUME_1944-02-20T24_2026-08-31/97_CONTINUATION_MASTER_2026-08-30/OVERLAYS/001_╬ª┬┐├¬╧ä┬½├╣┬╡ΓîÉ╞Æ╧ä├▓Γûæ╬ª├╝Γéº_v048_97_SESSION_AIR_CAPABILITY_RECONSTRUCTED_OVERLAY_2026-08-30/97_SESSION_CLEANED_2026-08-30/MANIFEST/RESUME_LOAD_ORDER_v001.json
3163	╬ª┬┐├¬╧ä┬½├╣┬╡ΓîÉ╞Æ╧ä├▓Γûæ╬ª├╝Γéº_BRANCH_B_v049_FULL_HANDOFF_1944-08-04T24_2026-09-04/02_ORIGINAL_EXTRACTED_TREE/╬ª┬┐├¬╧ä┬½├╣┬╡ΓîÉ╞Æ╧ä├▓Γûæ╬ª├╝Γéº_BRANCH_B_v048_REAUDIT_FULL_RESUME_1944-02-20T24_2026-08-31/97_CONTINUATION_MASTER_2026-08-30/OVERLAYS/001_╬ª┬┐├¬╧ä┬½├╣┬╡ΓîÉ╞Æ╧ä├▓Γûæ╬ª├╝Γéº_v048_97_SESSION_AIR_CAPABILITY_RECONSTRUCTED_OVERLAY_2026-08-30/97_SESSION_CLEANED_2026-08-30/MANIFEST/RESUME_LOAD_ORDER_v002.json
3316	╬ª┬┐├¬╧ä┬½├╣┬╡ΓîÉ╞Æ╧ä├▓Γûæ╬ª├╝Γéº_BRANCH_B_v049_FULL_HANDOFF_1944-08-04T24_2026-09-04/02_ORIGINAL_EXTRACTED_TREE/╬ª┬┐├¬╧ä┬½├╣┬╡ΓîÉ╞Æ╧ä├▓Γûæ╬ª├╝Γéº_BRANCH_B_v048_REAUDIT_FULL_RESUME_1944-02-20T24_2026-08-31/97_CONTINUATION_MASTER_2026-08-30/OVERLAYS/001_╬ª┬┐├¬╧ä┬½├╣┬╡ΓîÉ╞Æ╧ä├▓Γûæ╬ª├╝Γéº_v048_97_SESSION_AIR_CAPABILITY_RECONSTRUCTED_OVERLAY_2026-08-30/97_SESSION_CLEANED_2026-08-30/MANIFEST/RESUME_LOAD_ORDER_v003.json
3817	╬ª┬┐├¬╧ä┬½├╣┬╡ΓîÉ╞Æ╧ä├▓Γûæ╬ª├╝Γéº_BRANCH_B_v049_FULL_HANDOFF_1944-08-04T24_2026-09-04/02_ORIGINAL_EXTRACTED_TREE/╬ª┬┐├¬╧ä┬½├╣┬╡ΓîÉ╞Æ╧ä├▓Γûæ╬ª├╝Γéº_BRANCH_B_v048_REAUDIT_FULL_RESUME_1944-02-20T24_2026-08-31/97_CONTINUATION_MASTER_2026-08-30/OVERLAYS/001_╬ª┬┐├¬╧ä┬½├╣┬╡ΓîÉ╞Æ╧ä├▓Γûæ╬ª├╝Γéº_v048_97_SESSION_AIR_CAPABILITY_RECONSTRUCTED_OVERLAY_2026-08-30/97_SESSION_CLEANED_2026-08-30/MANIFEST/SESSION_DATA_AUDIT_v001.json
4624	╬ª┬┐├¬╧ä┬½├╣┬╡ΓîÉ╞Æ╧ä├▓Γûæ╬ª├╝Γéº_BRANCH_B_v049_FULL_HANDOFF_1944-08-04T24_2026-09-04/02_ORIGINAL_EXTRACTED_TREE/╬ª┬┐├¬╧ä┬½├╣┬╡ΓîÉ╞Æ╧ä├▓Γûæ╬ª├╝Γéº_BRANCH_B_v048_REAUDIT_FULL_RESUME_1944-02-20T24_2026-08-31/97_CONTINUATION_MASTER_2026-08-30/OVERLAYS/001_╬ª┬┐├¬╧ä┬½├╣┬╡ΓîÉ╞Æ╧ä├▓Γûæ╬ª├╝Γéº_v048_97_SESSION_AIR_CAPABILITY_RECONSTRUCTED_OVERLAY_2026-08-30/97_SESSION_CLEANED_2026-08-30/MANIFEST/SESSION_DATA_AUDIT_v002.json
5842	╬ª┬┐├¬╧ä┬½├╣┬╡ΓîÉ╞Æ╧ä├▓Γûæ╬ª├╝Γéº_BRANCH_B_v049_FULL_HANDOFF_1944-08-04T24_2026-09-04/02_ORIGINAL_EXTRACTED_TREE/╬ª┬┐├¬╧ä┬½├╣┬╡ΓîÉ╞Æ╧ä├▓Γûæ╬ª├╝Γéº_BRANCH_B_v048_REAUDIT_FULL_RESUME_1944-02-20T24_2026-08-31/97_CONTINUATION_MASTER_2026-08-30/OVERLAYS/001_╬ª┬┐├¬╧ä┬½├╣┬╡ΓîÉ╞Æ╧ä├▓Γûæ╬ª├╝Γéº_v048_97_SESSION_AIR_CAPABILITY_RECONSTRUCTED_OVERLAY_2026-08-30/97_SESSION_CLEANED_2026-08-30/MANIFEST/SESSION_DATA_AUDIT_v003.json
7987	╬ª┬┐├¬╧ä┬½├╣┬╡ΓîÉ╞Æ╧ä├▓Γûæ╬ª├╝Γéº_BRANCH_B_v049_FULL_HANDOFF_1944-08-04T24_2026-09-04/02_ORIGINAL_EXTRACTED_TREE/╬ª┬┐├¬╧ä┬½├╣┬╡ΓîÉ╞Æ╧ä├▓Γûæ╬ª├╝Γéº_BRANCH_B_v048_REAUDIT_FULL_RESUME_1944-02-20T24_2026-08-31/97_CONTINUATION_MASTER_2026-08-30/OVERLAYS/001_╬ª┬┐├¬╧ä┬½├╣┬╡ΓîÉ╞Æ╧ä├▓Γûæ╬ª├╝Γéº_v048_97_SESSION_AIR_CAPABILITY_RECONSTRUCTED_OVERLAY_2026-08-30/97_SESSION_CLEANED_2026-08-30/MANIFEST/SESSION_MANIFEST_v002.json
8918	╬ª┬┐├¬╧ä┬½├╣┬╡ΓîÉ╞Æ╧ä├▓Γûæ╬ª├╝Γéº_BRANCH_B_v049_FULL_HANDOFF_1944-08-04T24_2026-09-04/02_ORIGINAL_EXTRACTED_TREE/╬ª┬┐├¬╧ä┬½├╣┬╡ΓîÉ╞Æ╧ä├▓Γûæ╬ª├╝Γéº_BRANCH_B_v048_REAUDIT_FULL_RESUME_1944-02-20T24_2026-08-31/97_CONTINUATION_MASTER_2026-08-30/OVERLAYS/001_╬ª┬┐├¬╧ä┬½├╣┬╡ΓîÉ╞Æ╧ä├▓Γûæ╬ª├╝Γéº_v048_97_SESSION_AIR_CAPABILITY_RECONSTRUCTED_OVERLAY_2026-08-30/97_SESSION_CLEANED_2026-08-30/MANIFEST/SESSION_MANIFEST_v003.json
9912	╬ª┬┐├¬╧ä┬½├╣┬╡ΓîÉ╞Æ╧ä├▓Γûæ╬ª├╝Γéº_BRANCH_B_v049_FULL_HANDOFF_1944-08-04T24_2026-09-04/02_ORIGINAL_EXTRACTED_TREE/╬ª┬┐├¬╧ä┬½├╣┬╡ΓîÉ╞Æ╧ä├▓Γûæ╬ª├╝Γéº_BRANCH_B_v048_REAUDIT_FULL_RESUME_1944-02-20T24_2026-08-31/97_CONTINUATION_MASTER_2026-08-30/OVERLAYS/001_╬ª┬┐├¬╧ä┬½├╣┬╡ΓîÉ╞Æ╧ä├▓Γûæ╬ª├╝Γéº_v048_97_SESSION_AIR_CAPABILITY_RECONSTRUCTED_OVERLAY_2026-08-30/97_SESSION_CLEANED_2026-08-30/MANIFEST/SESSION_MANIFEST_v004.json
1170	╬ª┬┐├¬╧ä┬½├╣┬╡ΓîÉ╞Æ╧ä├▓Γûæ╬ª├╝Γéº_BRANCH_B_v049_FULL_HANDOFF_1944-08-04T24_2026-09-04/02_ORIGINAL_EXTRACTED_TREE/╬ª┬┐├¬╧ä┬½├╣┬╡ΓîÉ╞Æ╧ä├▓Γûæ╬ª├╝Γéº_BRANCH_B_v048_REAUDIT_FULL_RESUME_1944-02-20T24_2026-08-31/97_CONTINUATION_MASTER_2026-08-30/OVERLAYS/001_╬ª┬┐├¬╧ä┬½├╣┬╡ΓîÉ╞Æ╧ä├▓Γûæ╬ª├╝Γéº_v048_97_SESSION_AIR_CAPABILITY_RECONSTRUCTED_OVERLAY_2026-08-30/97_SESSION_CLEANED_2026-08-30/MANIFEST/SHA256SUMS_CLEANED_v001.txt
2023	╬ª┬┐├¬╧ä┬½├╣┬╡ΓîÉ╞Æ╧ä├▓Γûæ╬ª├╝Γéº_BRANCH_B_v049_FULL_HANDOFF_1944-08-04T24_2026-09-04/02_ORIGINAL_EXTRACTED_TREE/╬ª┬┐├¬╧ä┬½├╣┬╡ΓîÉ╞Æ╧ä├▓Γûæ╬ª├╝Γéº_BRANCH_B_v048_REAUDIT_FULL_RESUME_1944-02-20T24_2026-08-31/97_CONTINUATION_MASTER_2026-08-30/OVERLAYS/001_╬ª┬┐├¬╧ä┬½├╣┬╡ΓîÉ╞Æ╧ä├▓Γûæ╬ª├╝Γéº_v048_97_SESSION_AIR_CAPABILITY_RECONSTRUCTED_OVERLAY_2026-08-30/97_SESSION_CLEANED_2026-08-30/MANIFEST/SHA256SUMS_CLEANED_v002.txt
3046	╬ª┬┐├¬╧ä┬½├╣┬╡ΓîÉ╞Æ╧ä├▓Γûæ╬ª├╝Γéº_BRANCH_B_v049_FULL_HANDOFF_1944-08-04T24_2026-09-04/02_ORIGINAL_EXTRACTED_TREE/╬ª┬┐├¬╧ä┬½├╣┬╡ΓîÉ╞Æ╧ä├▓Γûæ╬ª├╝Γéº_BRANCH_B_v048_REAUDIT_FULL_RESUME_1944-02-20T24_2026-08-31/97_CONTINUATION_MASTER_2026-08-30/OVERLAYS/001_╬ª┬┐├¬╧ä┬½├╣┬╡ΓîÉ╞Æ╧ä├▓Γûæ╬ª├╝Γéº_v048_97_SESSION_AIR_CAPABILITY_RECONSTRUCTED_OVERLAY_2026-08-30/97_SESSION_CLEANED_2026-08-30/MANIFEST/SHA256SUMS_CLEANED_v003.txt
201	╬ª┬┐├¬╧ä┬½├╣┬╡ΓîÉ╞Æ╧ä├▓Γûæ╬ª├╝Γéº_BRANCH_B_v049_FULL_HANDOFF_1944-08-04T24_2026-09-04/02_ORIGINAL_EXTRACTED_TREE/╬ª┬┐├¬╧ä┬½├╣┬╡ΓîÉ╞Æ╧ä├▓Γûæ╬ª├╝Γéº_BRANCH_B_v048_REAUDIT_FULL_RESUME_1944-02-20T24_2026-08-31/97_CONTINUATION_MASTER_2026-08-30/OVERLAYS/001_╬ª┬┐├¬╧ä┬½├╣┬╡ΓîÉ╞Æ╧ä├▓Γûæ╬ª├╝Γéº_v048_97_SESSION_AIR_CAPABILITY_RECONSTRUCTED_OVERLAY_2026-08-30/97_SESSION_CLEANED_2026-08-30/MANIFEST/VERIFY_CLEANED.sh
145	╬ª┬┐├¬╧ä┬½├╣┬╡ΓîÉ╞Æ╧ä├▓Γûæ╬ª├╝Γéº_BRANCH_B_v049_FULL_HANDOFF_1944-08-04T24_2026-09-04/02_ORIGINAL_EXTRACTED_TREE/╬ª┬┐├¬╧ä┬½├╣┬╡ΓîÉ╞Æ╧ä├▓Γûæ╬ª├╝Γéº_BRANCH_B_v048_REAUDIT_FULL_RESUME_1944-02-20T24_2026-08-31/97_CONTINUATION_MASTER_2026-08-30/OVERLAYS/001_╬ª┬┐├¬╧ä┬½├╣┬╡ΓîÉ╞Æ╧ä├▓Γûæ╬ª├╝Γéº_v048_97_SESSION_AIR_CAPABILITY_RECONSTRUCTED_OVERLAY_2026-08-30/97_SESSION_CLEANED_2026-08-30/MANIFEST/VERIFY_CLEANED_v002.sh
145	╬ª┬┐├¬╧ä┬½├╣┬╡ΓîÉ╞Æ╧ä├▓Γûæ╬ª├╝Γéº_BRANCH_B_v049_FULL_HANDOFF_1944-08-04T24_2026-09-04/02_ORIGINAL_EXTRACTED_TREE/╬ª┬┐├¬╧ä┬½├╣┬╡ΓîÉ╞Æ╧ä├▓Γûæ╬ª├╝Γéº_BRANCH_B_v048_REAUDIT_FULL_RESUME_1944-02-20T24_2026-08-31/97_CONTINUATION_MASTER_2026-08-30/OVERLAYS/001_╬ª┬┐├¬╧ä┬½├╣┬╡ΓîÉ╞Æ╧ä├▓Γûæ╬ª├╝Γéº_v048_97_SESSION_AIR_CAPABILITY_RECONSTRUCTED_OVERLAY_2026-08-30/97_SESSION_CLEANED_2026-08-30/MANIFEST/VERIFY_CLEANED_v003.sh
7532	╬ª┬┐├¬╧ä┬½├╣┬╡ΓîÉ╞Æ╧ä├▓Γûæ╬ª├╝Γéº_BRANCH_B_v049_FULL_HANDOFF_1944-08-04T24_2026-09-04/02_ORIGINAL_EXTRACTED_TREE/╬ª┬┐├¬╧ä┬½├╣┬╡ΓîÉ╞Æ╧ä├▓Γûæ╬ª├╝Γéº_BRANCH_B_v048_REAUDIT_FULL_RESUME_1944-02-20T24_2026-08-31/97_CONTINUATION_MASTER_2026-08-30/OVERLAYS/001_╬ª┬┐├¬╧ä┬½├╣┬╡ΓîÉ╞Æ╧ä├▓Γûæ╬ª├╝Γéº_v048_97_SESSION_AIR_CAPABILITY_RECONSTRUCTED_OVERLAY_2026-08-30/97_SESSION_CLEANED_2026-08-30/OPERATIONS/TRUK_HAILSTONE_WARNING_CHAIN_1944-02-15_20_WORKING_v002.json
7574	╬ª┬┐├¬╧ä┬½├╣┬╡ΓîÉ╞Æ╧ä├▓Γûæ╬ª├╝Γéº_BRANCH_B_v049_FULL_HANDOFF_1944-08-04T24_2026-09-04/02_ORIGINAL_EXTRACTED_TREE/╬ª┬┐├¬╧ä┬½├╣┬╡ΓîÉ╞Æ╧ä├▓Γûæ╬ª├╝Γéº_BRANCH_B_v048_REAUDIT_FULL_RESUME_1944-02-20T24_2026-08-31/97_CONTINUATION_MASTER_2026-08-30/OVERLAYS/001_╬ª┬┐├¬╧ä┬½├╣┬╡ΓîÉ╞Æ╧ä├▓Γûæ╬ª├╝Γéº_v048_97_SESSION_AIR_CAPABILITY_RECONSTRUCTED_OVERLAY_2026-08-30/97_SESSION_CLEANED_2026-08-30/RULES_ASW/ASW_RETROACTIVE_AND_FUTURE_ACTIVITY_GUARD_1943_1944Q1_WORKING_v002.json
1270	╬ª┬┐├¬╧ä┬½├╣┬╡ΓîÉ╞Æ╧ä├▓Γûæ╬ª├╝Γéº_BRANCH_B_v049_FULL_HANDOFF_1944-08-04T24_2026-09-04/02_ORIGINAL_EXTRACTED_TREE/╬ª┬┐├¬╧ä┬½├╣┬╡ΓîÉ╞Æ╧ä├▓Γûæ╬ª├╝Γéº_BRANCH_B_v048_REAUDIT_FULL_RESUME_1944-02-20T24_2026-08-31/97_CONTINUATION_MASTER_2026-08-30/OVERLAYS/002_╬ª┬┐├¬╧ä┬½├╣┬╡ΓîÉ╞Æ╧ä├▓Γûæ╬ª├╝Γéº_v048_PROGRESS_1944-02-19_22_OVERLAY_2026-08-30/PROGRESS_1944-02-19_22/MANIFEST/RESUME_LOAD_ORDER_1944-02-22T24_PROGRESS_v001.json
551	╬ª┬┐├¬╧ä┬½├╣┬╡ΓîÉ╞Æ╧ä├▓Γûæ╬ª├╝Γéº_BRANCH_B_v049_FULL_HANDOFF_1944-08-04T24_2026-09-04/02_ORIGINAL_EXTRACTED_TREE/╬ª┬┐├¬╧ä┬½├╣┬╡ΓîÉ╞Æ╧ä├▓Γûæ╬ª├╝Γéº_BRANCH_B_v048_REAUDIT_FULL_RESUME_1944-02-20T24_2026-08-31/97_CONTINUATION_MASTER_2026-08-30/OVERLAYS/002_╬ª┬┐├¬╧ä┬½├╣┬╡ΓîÉ╞Æ╧ä├▓Γûæ╬ª├╝Γéº_v048_PROGRESS_1944-02-19_22_OVERLAY_2026-08-30/PROGRESS_1944-02-19_22/MANIFEST/SHA256SUMS.txt
6120	╬ª┬┐├¬╧ä┬½├╣┬╡ΓîÉ╞Æ╧ä├▓Γûæ╬ª├╝Γéº_BRANCH_B_v049_FULL_HANDOFF_1944-08-04T24_2026-09-04/02_ORIGINAL_EXTRACTED_TREE/╬ª┬┐├¬╧ä┬½├╣┬╡ΓîÉ╞Æ╧ä├▓Γûæ╬ª├╝Γéº_BRANCH_B_v048_REAUDIT_FULL_RESUME_1944-02-20T24_2026-08-31/97_CONTINUATION_MASTER_2026-08-30/OVERLAYS/002_╬ª┬┐├¬╧ä┬½├╣┬╡ΓîÉ╞Æ╧ä├▓Γûæ╬ª├╝Γéº_v048_PROGRESS_1944-02-19_22_OVERLAY_2026-08-30/PROGRESS_1944-02-19_22/OPERATIONS/EASTERN_FLEET_ANDAMAN_BAY_ADJUDICATION_1944-02-19_22_WORKING_v001.json
2768	╬ª┬┐├¬╧ä┬½├╣┬╡ΓîÉ╞Æ╧ä├▓Γûæ╬ª├╝Γéº_BRANCH_B_v049_FULL_HANDOFF_1944-08-04T24_2026-09-04/02_ORIGINAL_EXTRACTED_TREE/╬ª┬┐├¬╧ä┬½├╣┬╡ΓîÉ╞Æ╧ä├▓Γûæ╬ª├╝Γéº_BRANCH_B_v048_REAUDIT_FULL_RESUME_1944-02-20T24_2026-08-31/97_CONTINUATION_MASTER_2026-08-30/OVERLAYS/002_╬ª┬┐├¬╧ä┬½├╣┬╡ΓîÉ╞Æ╧ä├▓Γûæ╬ª├╝Γéº_v048_PROGRESS_1944-02-19_22_OVERLAY_2026-08-30/PROGRESS_1944-02-19_22/STATE/PARALLEL_THEATER_STATE_1944-02-22T24_WORKING_v001.json
3832	╬ª┬┐├¬╧ä┬½├╣┬╡ΓîÉ╞Æ╧ä├▓Γûæ╬ª├╝Γéº_BRANCH_B_v049_FULL_HANDOFF_1944-08-04T24_2026-09-04/02_ORIGINAL_EXTRACTED_TREE/╬ª┬┐├¬╧ä┬½├╣┬╡ΓîÉ╞Æ╧ä├▓Γûæ╬ª├╝Γéº_BRANCH_B_v048_REAUDIT_FULL_RESUME_1944-02-20T24_2026-08-31/97_CONTINUATION_MASTER_2026-08-30/OVERLAYS/002_╬ª┬┐├¬╧ä┬½├╣┬╡ΓîÉ╞Æ╧ä├▓Γûæ╬ª├╝Γéº_v048_PROGRESS_1944-02-19_22_OVERLAY_2026-08-30/PROGRESS_1944-02-19_22/SUBWAR/JAPAN_INDIAN_OCEAN_SUBMARINE_CATCHUP_1944-02-11_22_WORKING_v001.json
2529	╬ª┬┐├¬╧ä┬½├╣┬╡ΓîÉ╞Æ╧ä├▓Γûæ╬ª├╝Γéº_BRANCH_B_v049_FULL_HANDOFF_1944-08-04T24_2026-09-04/02_ORIGINAL_EXTRACTED_TREE/╬ª┬┐├¬╧ä┬½├╣┬╡ΓîÉ╞Æ╧ä├▓Γûæ╬ª├╝Γéº_BRANCH_B_v048_REAUDIT_FULL_RESUME_1944-02-20T24_2026-08-31/97_CONTINUATION_MASTER_2026-08-30/OVERLAYS/003_╬ª┬┐├¬╧ä┬½├╣┬╡ΓîÉ╞Æ╧ä├▓Γûæ╬ª├╝Γéº_v048_PROGRESS_1944-02-23_27_OVERLAY_2026-08-30/PROGRESS_1944-02-23_27/AIR/JAPAN_INDIAN_OCEAN_AIR_POSTURE_1944-02-23_27_WORKING_v001.json
1321	╬ª┬┐├¬╧ä┬½├╣┬╡ΓîÉ╞Æ╧ä├▓Γûæ╬ª├╝Γéº_BRANCH_B_v049_FULL_HANDOFF_1944-08-04T24_2026-09-04/02_ORIGINAL_EXTRACTED_TREE/╬ª┬┐├¬╧ä┬½├╣┬╡ΓîÉ╞Æ╧ä├▓Γûæ╬ª├╝Γéº_BRANCH_B_v048_REAUDIT_FULL_RESUME_1944-02-20T24_2026-08-31/97_CONTINUATION_MASTER_2026-08-30/OVERLAYS/003_╬ª┬┐├¬╧ä┬½├╣┬╡ΓîÉ╞Æ╧ä├▓Γûæ╬ª├╝Γéº_v048_PROGRESS_1944-02-23_27_OVERLAY_2026-08-30/PROGRESS_1944-02-23_27/MANIFEST/RESUME_LOAD_ORDER_1944-02-27T24_PROGRESS_v001.json
1105	╬ª┬┐├¬╧ä┬½├╣┬╡ΓîÉ╞Æ╧ä├▓Γûæ╬ª├╝Γéº_BRANCH_B_v049_FULL_HANDOFF_1944-08-04T24_2026-09-04/02_ORIGINAL_EXTRACTED_TREE/╬ª┬┐├¬╧ä┬½├╣┬╡ΓîÉ╞Æ╧ä├▓Γûæ╬ª├╝Γéº_BRANCH_B_v048_REAUDIT_FULL_RESUME_1944-02-20T24_2026-08-31/97_CONTINUATION_MASTER_2026-08-30/OVERLAYS/003_╬ª┬┐├¬╧ä┬½├╣┬╡ΓîÉ╞Æ╧ä├▓Γûæ╬ª├╝Γéº_v048_PROGRESS_1944-02-23_27_OVERLAY_2026-08-30/PROGRESS_1944-02-23_27/MANIFEST/SHA256SUMS.txt
3332	╬ª┬┐├¬╧ä┬½├╣┬╡ΓîÉ╞Æ╧ä├▓Γûæ╬ª├╝Γéº_BRANCH_B_v049_FULL_HANDOFF_1944-08-04T24_2026-09-04/02_ORIGINAL_EXTRACTED_TREE/╬ª┬┐├¬╧ä┬½├╣┬╡ΓîÉ╞Æ╧ä├▓Γûæ╬ª├╝Γéº_BRANCH_B_v048_REAUDIT_FULL_RESUME_1944-02-20T24_2026-08-31/97_CONTINUATION_MASTER_2026-08-30/OVERLAYS/003_╬ª┬┐├¬╧ä┬½├╣┬╡ΓîÉ╞Æ╧ä├▓Γûæ╬ª├╝Γéº_v048_PROGRESS_1944-02-23_27_OVERLAY_2026-08-30/PROGRESS_1944-02-23_27/OPERATIONS/CATCHPOLE_GLOBAL_MERGE_1944-02-23_27_WORKING_v001.json
4487	╬ª┬┐├¬╧ä┬½├╣┬╡ΓîÉ╞Æ╧ä├▓Γûæ╬ª├╝Γéº_BRANCH_B_v049_FULL_HANDOFF_1944-08-04T24_2026-09-04/02_ORIGINAL_EXTRACTED_TREE/╬ª┬┐├¬╧ä┬½├╣┬╡ΓîÉ╞Æ╧ä├▓Γûæ╬ª├╝Γéº_BRANCH_B_v048_REAUDIT_FULL_RESUME_1944-02-20T24_2026-08-31/97_CONTINUATION_MASTER_2026-08-30/OVERLAYS/003_╬ª┬┐├¬╧ä┬½├╣┬╡ΓîÉ╞Æ╧ä├▓Γûæ╬ª├╝Γéº_v048_PROGRESS_1944-02-23_27_OVERLAY_2026-08-30/PROGRESS_1944-02-23_27/OPERATIONS/EASTERN_FLEET_SLEUTH_ADJUDICATION_1944-02-23_27_WORKING_v001.json
2523	╬ª┬┐├¬╧ä┬½├╣┬╡ΓîÉ╞Æ╧ä├▓Γûæ╬ª├╝Γéº_BRANCH_B_v049_FULL_HANDOFF_1944-08-04T24_2026-09-04/02_ORIGINAL_EXTRACTED_TREE/╬ª┬┐├¬╧ä┬½├╣┬╡ΓîÉ╞Æ╧ä├▓Γûæ╬ª├╝Γéº_BRANCH_B_v048_REAUDIT_FULL_RESUME_1944-02-20T24_2026-08-31/97_CONTINUATION_MASTER_2026-08-30/OVERLAYS/003_╬ª┬┐├¬╧ä┬½├╣┬╡ΓîÉ╞Æ╧ä├▓Γûæ╬ª├╝Γéº_v048_PROGRESS_1944-02-23_27_OVERLAY_2026-08-30/PROGRESS_1944-02-23_27/OPERATIONS/JAPAN_OPERATION_SA1_MOBILIZATION_1944-02-25_27_WORKING_v001.json
2856	╬ª┬┐├¬╧ä┬½├╣┬╡ΓîÉ╞Æ╧ä├▓Γûæ╬ª├╝Γéº_BRANCH_B_v049_FULL_HANDOFF_1944-08-04T24_2026-09-04/02_ORIGINAL_EXTRACTED_TREE/╬ª┬┐├¬╧ä┬½├╣┬╡ΓîÉ╞Æ╧ä├▓Γûæ╬ª├╝Γéº_BRANCH_B_v048_REAUDIT_FULL_RESUME_1944-02-20T24_2026-08-31/97_CONTINUATION_MASTER_2026-08-30/OVERLAYS/003_╬ª┬┐├¬╧ä┬½├╣┬╡ΓîÉ╞Æ╧ä├▓Γûæ╬ª├╝Γéº_v048_PROGRESS_1944-02-23_27_OVERLAY_2026-08-30/PROGRESS_1944-02-23_27/STATE/PARALLEL_THEATER_STATE_1944-02-27T24_WORKING_v001.json
2163	╬ª┬┐├¬╧ä┬½├╣┬╡ΓîÉ╞Æ╧ä├▓Γûæ╬ª├╝Γéº_BRANCH_B_v049_FULL_HANDOFF_1944-08-04T24_2026-09-04/02_ORIGINAL_EXTRACTED_TREE/╬ª┬┐├¬╧ä┬½├╣┬╡ΓîÉ╞Æ╧ä├▓Γûæ╬ª├╝Γéº_BRANCH_B_v048_REAUDIT_FULL_RESUME_1944-02-20T24_2026-08-31/97_CONTINUATION_MASTER_2026-08-30/OVERLAYS/003_╬ª┬┐├¬╧ä┬½├╣┬╡ΓîÉ╞Æ╧ä├▓Γûæ╬ª├╝Γéº_v048_PROGRESS_1944-02-23_27_OVERLAY_2026-08-30/PROGRESS_1944-02-23_27/SUBWAR/JAPAN_INDIAN_OCEAN_SUBMARINE_UPDATE_1944-02-23_27_WORKING_v001.json
1201	╬ª┬┐├¬╧ä┬½├╣┬╡ΓîÉ╞Æ╧ä├▓Γûæ╬ª├╝Γéº_BRANCH_B_v049_FULL_HANDOFF_1944-08-04T24_2026-09-04/02_ORIGINAL_EXTRACTED_TREE/╬ª┬┐├¬╧ä┬½├╣┬╡ΓîÉ╞Æ╧ä├▓Γûæ╬ª├╝Γéº_BRANCH_B_v048_REAUDIT_FULL_RESUME_1944-02-20T24_2026-08-31/97_CONTINUATION_MASTER_2026-08-30/OVERLAYS/004_╬ª┬┐├¬╧ä┬½├╣┬╡ΓîÉ╞Æ╧ä├▓Γûæ╬ª├╝Γéº_v048_CORRECTION_SA1_1944-02-27_OVERLAY_2026-08-30/PROGRESS_1944-02-23_27_SA1_CORRECTION/MANIFEST/RESUME_LOAD_ORDER_1944-02-27T24_PROGRESS_v002.json
405	╬ª┬┐├¬╧ä┬½├╣┬╡ΓîÉ╞Æ╧ä├▓Γûæ╬ª├╝Γéº_BRANCH_B_v049_FULL_HANDOFF_1944-08-04T24_2026-09-04/02_ORIGINAL_EXTRACTED_TREE/╬ª┬┐├¬╧ä┬½├╣┬╡ΓîÉ╞Æ╧ä├▓Γûæ╬ª├╝Γéº_BRANCH_B_v048_REAUDIT_FULL_RESUME_1944-02-20T24_2026-08-31/97_CONTINUATION_MASTER_2026-08-30/OVERLAYS/004_╬ª┬┐├¬╧ä┬½├╣┬╡ΓîÉ╞Æ╧ä├▓Γûæ╬ª├╝Γéº_v048_CORRECTION_SA1_1944-02-27_OVERLAY_2026-08-30/PROGRESS_1944-02-23_27_SA1_CORRECTION/MANIFEST/SHA256SUMS.txt
4106	╬ª┬┐├¬╧ä┬½├╣┬╡ΓîÉ╞Æ╧ä├▓Γûæ╬ª├╝Γéº_BRANCH_B_v049_FULL_HANDOFF_1944-08-04T24_2026-09-04/02_ORIGINAL_EXTRACTED_TREE/╬ª┬┐├¬╧ä┬½├╣┬╡ΓîÉ╞Æ╧ä├▓Γûæ╬ª├╝Γéº_BRANCH_B_v048_REAUDIT_FULL_RESUME_1944-02-20T24_2026-08-31/97_CONTINUATION_MASTER_2026-08-30/OVERLAYS/004_╬ª┬┐├¬╧ä┬½├╣┬╡ΓîÉ╞Æ╧ä├▓Γûæ╬ª├╝Γéº_v048_CORRECTION_SA1_1944-02-27_OVERLAY_2026-08-30/PROGRESS_1944-02-23_27_SA1_CORRECTION/OPERATIONS/JAPAN_OPERATION_SA1_DECISION_REAUDIT_1944-02-25_27_WORKING_v002.json
1686	╬ª┬┐├¬╧ä┬½├╣┬╡ΓîÉ╞Æ╧ä├▓Γûæ╬ª├╝Γéº_BRANCH_B_v049_FULL_HANDOFF_1944-08-04T24_2026-09-04/02_ORIGINAL_EXTRACTED_TREE/╬ª┬┐├¬╧ä┬½├╣┬╡ΓîÉ╞Æ╧ä├▓Γûæ╬ª├╝Γéº_BRANCH_B_v048_REAUDIT_FULL_RESUME_1944-02-20T24_2026-08-31/97_CONTINUATION_MASTER_2026-08-30/OVERLAYS/004_╬ª┬┐├¬╧ä┬½├╣┬╡ΓîÉ╞Æ╧ä├▓Γûæ╬ª├╝Γéº_v048_CORRECTION_SA1_1944-02-27_OVERLAY_2026-08-30/PROGRESS_1944-02-23_27_SA1_CORRECTION/STATE/PARALLEL_THEATER_STATE_1944-02-27T24_WORKING_v002.json
3794	╬ª┬┐├¬╧ä┬½├╣┬╡ΓîÉ╞Æ╧ä├▓Γûæ╬ª├╝Γéº_BRANCH_B_v049_FULL_HANDOFF_1944-08-04T24_2026-09-04/02_ORIGINAL_EXTRACTED_TREE/╬ª┬┐├¬╧ä┬½├╣┬╡ΓîÉ╞Æ╧ä├▓Γûæ╬ª├╝Γéº_BRANCH_B_v048_REAUDIT_FULL_RESUME_1944-02-20T24_2026-08-31/97_CONTINUATION_MASTER_2026-08-30/OVERLAYS/005_╬ª┬┐├¬╧ä┬½├╣┬╡ΓîÉ╞Æ╧ä├▓Γûæ╬ª├╝Γéº_v048_PROGRESS_1944-02-28_03-03_OVERLAY_2026-08-30/PROGRESS_1944-02-28_03-03/AIR/JAPAN_705TH_NAG_EASTWARD_REDEPLOYMENT_1944-02-28_03-03_WORKING_v002.json
1892	╬ª┬┐├¬╧ä┬½├╣┬╡ΓîÉ╞Æ╧ä├▓Γûæ╬ª├╝Γéº_BRANCH_B_v049_FULL_HANDOFF_1944-08-04T24_2026-09-04/02_ORIGINAL_EXTRACTED_TREE/╬ª┬┐├¬╧ä┬½├╣┬╡ΓîÉ╞Æ╧ä├▓Γûæ╬ª├╝Γéº_BRANCH_B_v048_REAUDIT_FULL_RESUME_1944-02-20T24_2026-08-31/97_CONTINUATION_MASTER_2026-08-30/OVERLAYS/005_╬ª┬┐├¬╧ä┬½├╣┬╡ΓîÉ╞Æ╧ä├▓Γûæ╬ª├╝Γéº_v048_PROGRESS_1944-02-28_03-03_OVERLAY_2026-08-30/PROGRESS_1944-02-28_03-03/MANIFEST/RESUME_LOAD_ORDER_1944-03-03T24_PROGRESS_v001.json
1337	╬ª┬┐├¬╧ä┬½├╣┬╡ΓîÉ╞Æ╧ä├▓Γûæ╬ª├╝Γéº_BRANCH_B_v049_FULL_HANDOFF_1944-08-04T24_2026-09-04/02_ORIGINAL_EXTRACTED_TREE/╬ª┬┐├¬╧ä┬½├╣┬╡ΓîÉ╞Æ╧ä├▓Γûæ╬ª├╝Γéº_BRANCH_B_v048_REAUDIT_FULL_RESUME_1944-02-20T24_2026-08-31/97_CONTINUATION_MASTER_2026-08-30/OVERLAYS/005_╬ª┬┐├¬╧ä┬½├╣┬╡ΓîÉ╞Æ╧ä├▓Γûæ╬ª├╝Γéº_v048_PROGRESS_1944-02-28_03-03_OVERLAY_2026-08-30/PROGRESS_1944-02-28_03-03/MANIFEST/SHA256SUMS.txt
2448	╬ª┬┐├¬╧ä┬½├╣┬╡ΓîÉ╞Æ╧ä├▓Γûæ╬ª├╝Γéº_BRANCH_B_v049_FULL_HANDOFF_1944-08-04T24_2026-09-04/02_ORIGINAL_EXTRACTED_TREE/╬ª┬┐├¬╧ä┬½├╣┬╡ΓîÉ╞Æ╧ä├▓Γûæ╬ª├╝Γéº_BRANCH_B_v048_REAUDIT_FULL_RESUME_1944-02-20T24_2026-08-31/97_CONTINUATION_MASTER_2026-08-30/OVERLAYS/005_╬ª┬┐├¬╧ä┬½├╣┬╡ΓîÉ╞Æ╧ä├▓Γûæ╬ª├╝Γéº_v048_PROGRESS_1944-02-28_03-03_OVERLAY_2026-08-30/PROGRESS_1944-02-28_03-03/OPERATIONS/EASTERN_FLEET_SLEUTH_CLOSEOUT_1944-02-28_03-03_WORKING_v001.json
2339	╬ª┬┐├¬╧ä┬½├╣┬╡ΓîÉ╞Æ╧ä├▓Γûæ╬ª├╝Γéº_BRANCH_B_v049_FULL_HANDOFF_1944-08-04T24_2026-09-04/02_ORIGINAL_EXTRACTED_TREE/╬ª┬┐├¬╧ä┬½├╣┬╡ΓîÉ╞Æ╧ä├▓Γûæ╬ª├╝Γéº_BRANCH_B_v048_REAUDIT_FULL_RESUME_1944-02-20T24_2026-08-31/97_CONTINUATION_MASTER_2026-08-30/OVERLAYS/005_╬ª┬┐├¬╧ä┬½├╣┬╡ΓîÉ╞Æ╧ä├▓Γûæ╬ª├╝Γéº_v048_PROGRESS_1944-02-28_03-03_OVERLAY_2026-08-30/PROGRESS_1944-02-28_03-03/OPERATIONS/JAPAN_OPERATION_SA1_DECISION_1944-02-28_03-03_WORKING_v003.json
3699	╬ª┬┐├¬╧ä┬½├╣┬╡ΓîÉ╞Æ╧ä├▓Γûæ╬ª├╝Γéº_BRANCH_B_v049_FULL_HANDOFF_1944-08-04T24_2026-09-04/02_ORIGINAL_EXTRACTED_TREE/╬ª┬┐├¬╧ä┬½├╣┬╡ΓîÉ╞Æ╧ä├▓Γûæ╬ª├╝Γéº_BRANCH_B_v048_REAUDIT_FULL_RESUME_1944-02-20T24_2026-08-31/97_CONTINUATION_MASTER_2026-08-30/OVERLAYS/005_╬ª┬┐├¬╧ä┬½├╣┬╡ΓîÉ╞Æ╧ä├▓Γûæ╬ª├╝Γéº_v048_PROGRESS_1944-02-28_03-03_OVERLAY_2026-08-30/PROGRESS_1944-02-28_03-03/OPERATIONS/TONE_CHIKUMA_POST_03FEB_MOVEMENT_AND_RELEASE_RECONSTRUCTION_1944-02-03_03-03_WORKING_v001.json
1854	╬ª┬┐├¬╧ä┬½├╣┬╡ΓîÉ╞Æ╧ä├▓Γûæ╬ª├╝Γéº_BRANCH_B_v049_FULL_HANDOFF_1944-08-04T24_2026-09-04/02_ORIGINAL_EXTRACTED_TREE/╬ª┬┐├¬╧ä┬½├╣┬╡ΓîÉ╞Æ╧ä├▓Γûæ╬ª├╝Γéº_BRANCH_B_v048_REAUDIT_FULL_RESUME_1944-02-20T24_2026-08-31/97_CONTINUATION_MASTER_2026-08-30/OVERLAYS/005_╬ª┬┐├¬╧ä┬½├╣┬╡ΓîÉ╞Æ╧ä├▓Γûæ╬ª├╝Γéº_v048_PROGRESS_1944-02-28_03-03_OVERLAY_2026-08-30/PROGRESS_1944-02-28_03-03/RULES/OPERATION_INITIATION_MOTIVE_SLACK_GATE_1944_WORKING_v001.json
2806	╬ª┬┐├¬╧ä┬½├╣┬╡ΓîÉ╞Æ╧ä├▓Γûæ╬ª├╝Γéº_BRANCH_B_v049_FULL_HANDOFF_1944-08-04T24_2026-09-04/02_ORIGINAL_EXTRACTED_TREE/╬ª┬┐├¬╧ä┬½├╣┬╡ΓîÉ╞Æ╧ä├▓Γûæ╬ª├╝Γéº_BRANCH_B_v048_REAUDIT_FULL_RESUME_1944-02-20T24_2026-08-31/97_CONTINUATION_MASTER_2026-08-30/OVERLAYS/005_╬ª┬┐├¬╧ä┬½├╣┬╡ΓîÉ╞Æ╧ä├▓Γûæ╬ª├╝Γéº_v048_PROGRESS_1944-02-28_03-03_OVERLAY_2026-08-30/PROGRESS_1944-02-28_03-03/STATE/PARALLEL_THEATER_STATE_1944-03-03T24_WORKING_v001.json
2390	╬ª┬┐├¬╧ä┬½├╣┬╡ΓîÉ╞Æ╧ä├▓Γûæ╬ª├╝Γéº_BRANCH_B_v049_FULL_HANDOFF_1944-08-04T24_2026-09-04/02_ORIGINAL_EXTRACTED_TREE/╬ª┬┐├¬╧ä┬½├╣┬╡ΓîÉ╞Æ╧ä├▓Γûæ╬ª├╝Γéº_BRANCH_B_v048_REAUDIT_FULL_RESUME_1944-02-20T24_2026-08-31/97_CONTINUATION_MASTER_2026-08-30/OVERLAYS/005_╬ª┬┐├¬╧ä┬½├╣┬╡ΓîÉ╞Æ╧ä├▓Γûæ╬ª├╝Γéº_v048_PROGRESS_1944-02-28_03-03_OVERLAY_2026-08-30/PROGRESS_1944-02-28_03-03/SUBWAR/JAPAN_INDIAN_OCEAN_SUBMARINE_UPDATE_1944-02-28_03-03_WORKING_v001.json
524	╬ª┬┐├¬╧ä┬½├╣┬╡ΓîÉ╞Æ╧ä├▓Γûæ╬ª├╝Γéº_BRANCH_B_v049_FULL_HANDOFF_1944-08-04T24_2026-09-04/02_ORIGINAL_EXTRACTED_TREE/╬ª┬┐├¬╧ä┬½├╣┬╡ΓîÉ╞Æ╧ä├▓Γûæ╬ª├╝Γéº_BRANCH_B_v048_REAUDIT_FULL_RESUME_1944-02-20T24_2026-08-31/97_CONTINUATION_MASTER_2026-08-30/OVERLAYS/006_╬ª┬┐├¬╧ä┬½├╣┬╡ΓîÉ╞Æ╧ä├▓Γûæ╬ª├╝Γéº_v048_RETRO_EASTERN_FLEET_SUPPRESSION_PLANNING_1944-01-28_03-03_OVERLAY_2026-08-30/RETRO_EASTERN_FLEET_SUPPRESSION_1944-01-28_03-03/MANIFEST/RETRO_LOAD_ORDER_v001.json
261	╬ª┬┐├¬╧ä┬½├╣┬╡ΓîÉ╞Æ╧ä├▓Γûæ╬ª├╝Γéº_BRANCH_B_v049_FULL_HANDOFF_1944-08-04T24_2026-09-04/02_ORIGINAL_EXTRACTED_TREE/╬ª┬┐├¬╧ä┬½├╣┬╡ΓîÉ╞Æ╧ä├▓Γûæ╬ª├╝Γéº_BRANCH_B_v048_REAUDIT_FULL_RESUME_1944-02-20T24_2026-08-31/97_CONTINUATION_MASTER_2026-08-30/OVERLAYS/006_╬ª┬┐├¬╧ä┬½├╣┬╡ΓîÉ╞Æ╧ä├▓Γûæ╬ª├╝Γéº_v048_RETRO_EASTERN_FLEET_SUPPRESSION_PLANNING_1944-01-28_03-03_OVERLAY_2026-08-30/RETRO_EASTERN_FLEET_SUPPRESSION_1944-01-28_03-03/MANIFEST/SHA256SUMS.txt
7710	╬ª┬┐├¬╧ä┬½├╣┬╡ΓîÉ╞Æ╧ä├▓Γûæ╬ª├╝Γéº_BRANCH_B_v049_FULL_HANDOFF_1944-08-04T24_2026-09-04/02_ORIGINAL_EXTRACTED_TREE/╬ª┬┐├¬╧ä┬½├╣┬╡ΓîÉ╞Æ╧ä├▓Γûæ╬ª├╝Γéº_BRANCH_B_v048_REAUDIT_FULL_RESUME_1944-02-20T24_2026-08-31/97_CONTINUATION_MASTER_2026-08-30/OVERLAYS/006_╬ª┬┐├¬╧ä┬½├╣┬╡ΓîÉ╞Æ╧ä├▓Γûæ╬ª├╝Γéº_v048_RETRO_EASTERN_FLEET_SUPPRESSION_PLANNING_1944-01-28_03-03_OVERLAY_2026-08-30/RETRO_EASTERN_FLEET_SUPPRESSION_1944-01-28_03-03/OPERATIONS/JAPAN_EASTERN_FLEET_SUPPRESSION_RETRO_PLANNING_1944-01-28_03-03_WORKING_v001.json
3986	╬ª┬┐├¬╧ä┬½├╣┬╡ΓîÉ╞Æ╧ä├▓Γûæ╬ª├╝Γéº_BRANCH_B_v049_FULL_HANDOFF_1944-08-04T24_2026-09-04/02_ORIGINAL_EXTRACTED_TREE/╬ª┬┐├¬╧ä┬½├╣┬╡ΓîÉ╞Æ╧ä├▓Γûæ╬ª├╝Γéº_BRANCH_B_v048_REAUDIT_FULL_RESUME_1944-02-20T24_2026-08-31/97_CONTINUATION_MASTER_2026-08-30/OVERLAYS/007_╬ª┬┐├¬╧ä┬½├╣┬╡ΓîÉ╞Æ╧ä├▓Γûæ╬ª├╝Γéº_v048_PROGRESS_1944-03-04_08_OVERLAY_2026-08-30/PROGRESS_1944-03-04_08/AIR/JAPAN_705_706_331_REORGANIZATION_1944-03-04_08_WORKING_v001.json
2564	╬ª┬┐├¬╧ä┬½├╣┬╡ΓîÉ╞Æ╧ä├▓Γûæ╬ª├╝Γéº_BRANCH_B_v049_FULL_HANDOFF_1944-08-04T24_2026-09-04/02_ORIGINAL_EXTRACTED_TREE/╬ª┬┐├¬╧ä┬½├╣┬╡ΓîÉ╞Æ╧ä├▓Γûæ╬ª├╝Γéº_BRANCH_B_v048_REAUDIT_FULL_RESUME_1944-02-20T24_2026-08-31/97_CONTINUATION_MASTER_2026-08-30/OVERLAYS/007_╬ª┬┐├¬╧ä┬½├╣┬╡ΓîÉ╞Æ╧ä├▓Γûæ╬ª├╝Γéº_v048_PROGRESS_1944-03-04_08_OVERLAY_2026-08-30/PROGRESS_1944-03-04_08/MANIFEST/RESUME_LOAD_ORDER_1944-03-08T24_PROGRESS_v001.json
1682	╬ª┬┐├¬╧ä┬½├╣┬╡ΓîÉ╞Æ╧ä├▓Γûæ╬ª├╝Γéº_BRANCH_B_v049_FULL_HANDOFF_1944-08-04T24_2026-09-04/02_ORIGINAL_EXTRACTED_TREE/╬ª┬┐├¬╧ä┬½├╣┬╡ΓîÉ╞Æ╧ä├▓Γûæ╬ª├╝Γéº_BRANCH_B_v048_REAUDIT_FULL_RESUME_1944-02-20T24_2026-08-31/97_CONTINUATION_MASTER_2026-08-30/OVERLAYS/007_╬ª┬┐├¬╧ä┬½├╣┬╡ΓîÉ╞Æ╧ä├▓Γûæ╬ª├╝Γéº_v048_PROGRESS_1944-03-04_08_OVERLAY_2026-08-30/PROGRESS_1944-03-04_08/MANIFEST/SHA256SUMS.txt
4642	╬ª┬┐├¬╧ä┬½├╣┬╡ΓîÉ╞Æ╧ä├▓Γûæ╬ª├╝Γéº_BRANCH_B_v049_FULL_HANDOFF_1944-08-04T24_2026-09-04/02_ORIGINAL_EXTRACTED_TREE/╬ª┬┐├¬╧ä┬½├╣┬╡ΓîÉ╞Æ╧ä├▓Γûæ╬ª├╝Γéº_BRANCH_B_v048_REAUDIT_FULL_RESUME_1944-02-20T24_2026-08-31/97_CONTINUATION_MASTER_2026-08-30/OVERLAYS/007_╬ª┬┐├¬╧ä┬½├╣┬╡ΓîÉ╞Æ╧ä├▓Γûæ╬ª├╝Γéº_v048_PROGRESS_1944-03-04_08_OVERLAY_2026-08-30/PROGRESS_1944-03-04_08/OPERATIONS/EASTERN_FLEET_INITIAL_BRANCH_DECISION_AND_SORTIE_1944-03-04_08_WORKING_v001.json
3475	╬ª┬┐├¬╧ä┬½├╣┬╡ΓîÉ╞Æ╧ä├▓Γûæ╬ª├╝Γéº_BRANCH_B_v049_FULL_HANDOFF_1944-08-04T24_2026-09-04/02_ORIGINAL_EXTRACTED_TREE/╬ª┬┐├¬╧ä┬½├╣┬╡ΓîÉ╞Æ╧ä├▓Γûæ╬ª├╝Γéº_BRANCH_B_v048_REAUDIT_FULL_RESUME_1944-02-20T24_2026-08-31/97_CONTINUATION_MASTER_2026-08-30/OVERLAYS/007_╬ª┬┐├¬╧ä┬½├╣┬╡ΓîÉ╞Æ╧ä├▓Γûæ╬ª├╝Γéº_v048_PROGRESS_1944-03-04_08_OVERLAY_2026-08-30/PROGRESS_1944-03-04_08/OPERATIONS/JAPAN_EASTERN_FLEET_SUPPRESSION_RESPONSE_1944-03-04_08_WORKING_v002.json
2070	╬ª┬┐├¬╧ä┬½├╣┬╡ΓîÉ╞Æ╧ä├▓Γûæ╬ª├╝Γéº_BRANCH_B_v049_FULL_HANDOFF_1944-08-04T24_2026-09-04/02_ORIGINAL_EXTRACTED_TREE/╬ª┬┐├¬╧ä┬½├╣┬╡ΓîÉ╞Æ╧ä├▓Γûæ╬ª├╝Γéº_BRANCH_B_v048_REAUDIT_FULL_RESUME_1944-02-20T24_2026-08-31/97_CONTINUATION_MASTER_2026-08-30/OVERLAYS/007_╬ª┬┐├¬╧ä┬½├╣┬╡ΓîÉ╞Æ╧ä├▓Γûæ╬ª├╝Γéº_v048_PROGRESS_1944-03-04_08_OVERLAY_2026-08-30/PROGRESS_1944-03-04_08/OPERATIONS/JAPAN_FIRST_MOBILE_FLEET_SOUTHWARD_CONCENTRATION_DECISION_1944-03-04_08_WORKING_v001.json
3911	╬ª┬┐├¬╧ä┬½├╣┬╡ΓîÉ╞Æ╧ä├▓Γûæ╬ª├╝Γéº_BRANCH_B_v049_FULL_HANDOFF_1944-08-04T24_2026-09-04/02_ORIGINAL_EXTRACTED_TREE/╬ª┬┐├¬╧ä┬½├╣┬╡ΓîÉ╞Æ╧ä├▓Γûæ╬ª├╝Γéº_BRANCH_B_v048_REAUDIT_FULL_RESUME_1944-02-20T24_2026-08-31/97_CONTINUATION_MASTER_2026-08-30/OVERLAYS/007_╬ª┬┐├¬╧ä┬½├╣┬╡ΓîÉ╞Æ╧ä├▓Γûæ╬ª├╝Γéº_v048_PROGRESS_1944-03-04_08_OVERLAY_2026-08-30/PROGRESS_1944-03-04_08/RETRO/EASTERN_FLEET_RAMREE_FEINT_RETRO_ADJUDICATION_1944-02-10_14_WORKING_v001.json
3070	╬ª┬┐├¬╧ä┬½├╣┬╡ΓîÉ╞Æ╧ä├▓Γûæ╬ª├╝Γéº_BRANCH_B_v049_FULL_HANDOFF_1944-08-04T24_2026-09-04/02_ORIGINAL_EXTRACTED_TREE/╬ª┬┐├¬╧ä┬½├╣┬╡ΓîÉ╞Æ╧ä├▓Γûæ╬ª├╝Γéº_BRANCH_B_v048_REAUDIT_FULL_RESUME_1944-02-20T24_2026-08-31/97_CONTINUATION_MASTER_2026-08-30/OVERLAYS/007_╬ª┬┐├¬╧ä┬½├╣┬╡ΓîÉ╞Æ╧ä├▓Γûæ╬ª├╝Γéº_v048_PROGRESS_1944-03-04_08_OVERLAY_2026-08-30/PROGRESS_1944-03-04_08/RETRO/JAPAN_EASTERN_FLEET_SUPPRESSION_RETRO_PLANNING_1944-01-28_03-03_WORKING_v002.json
1868	╬ª┬┐├¬╧ä┬½├╣┬╡ΓîÉ╞Æ╧ä├▓Γûæ╬ª├╝Γéº_BRANCH_B_v049_FULL_HANDOFF_1944-08-04T24_2026-09-04/02_ORIGINAL_EXTRACTED_TREE/╬ª┬┐├¬╧ä┬½├╣┬╡ΓîÉ╞Æ╧ä├▓Γûæ╬ª├╝Γéº_BRANCH_B_v048_REAUDIT_FULL_RESUME_1944-02-20T24_2026-08-31/97_CONTINUATION_MASTER_2026-08-30/OVERLAYS/007_╬ª┬┐├¬╧ä┬½├╣┬╡ΓîÉ╞Æ╧ä├▓Γûæ╬ª├╝Γéº_v048_PROGRESS_1944-03-04_08_OVERLAY_2026-08-30/PROGRESS_1944-03-04_08/RULES/JAPAN_BAY_ENTRY_ESCALATION_GATE_REBASELINE_1944-03-08_WORKING_v001.json
2795	╬ª┬┐├¬╧ä┬½├╣┬╡ΓîÉ╞Æ╧ä├▓Γûæ╬ª├╝Γéº_BRANCH_B_v049_FULL_HANDOFF_1944-08-04T24_2026-09-04/02_ORIGINAL_EXTRACTED_TREE/╬ª┬┐├¬╧ä┬½├╣┬╡ΓîÉ╞Æ╧ä├▓Γûæ╬ª├╝Γéº_BRANCH_B_v048_REAUDIT_FULL_RESUME_1944-02-20T24_2026-08-31/97_CONTINUATION_MASTER_2026-08-30/OVERLAYS/007_╬ª┬┐├¬╧ä┬½├╣┬╡ΓîÉ╞Æ╧ä├▓Γûæ╬ª├╝Γéº_v048_PROGRESS_1944-03-04_08_OVERLAY_2026-08-30/PROGRESS_1944-03-04_08/STATE/PARALLEL_THEATER_STATE_1944-03-08T24_WORKING_v001.json
2203	╬ª┬┐├¬╧ä┬½├╣┬╡ΓîÉ╞Æ╧ä├▓Γûæ╬ª├╝Γéº_BRANCH_B_v049_FULL_HANDOFF_1944-08-04T24_2026-09-04/02_ORIGINAL_EXTRACTED_TREE/╬ª┬┐├¬╧ä┬½├╣┬╡ΓîÉ╞Æ╧ä├▓Γûæ╬ª├╝Γéº_BRANCH_B_v048_REAUDIT_FULL_RESUME_1944-02-20T24_2026-08-31/97_CONTINUATION_MASTER_2026-08-30/OVERLAYS/007_╬ª┬┐├¬╧ä┬½├╣┬╡ΓîÉ╞Æ╧ä├▓Γûæ╬ª├╝Γéº_v048_PROGRESS_1944-03-04_08_OVERLAY_2026-08-30/PROGRESS_1944-03-04_08/SUBWAR/JAPAN_INDIAN_OCEAN_SUBMARINE_UPDATE_1944-03-04_08_WORKING_v001.json
4838	╬ª┬┐├¬╧ä┬½├╣┬╡ΓîÉ╞Æ╧ä├▓Γûæ╬ª├╝Γéº_BRANCH_B_v049_FULL_HANDOFF_1944-08-04T24_2026-09-04/02_ORIGINAL_EXTRACTED_TREE/╬ª┬┐├¬╧ä┬½├╣┬╡ΓîÉ╞Æ╧ä├▓Γûæ╬ª├╝Γéº_BRANCH_B_v048_REAUDIT_FULL_RESUME_1944-02-20T24_2026-08-31/97_CONTINUATION_MASTER_2026-08-30/OVERLAYS/008_╬ª┬┐├¬╧ä┬½├╣┬╡ΓîÉ╞Æ╧ä├▓Γûæ╬ª├╝Γéº_v048_PACIFIC_FLEET_AUDIT_1944-03-08_OVERLAY_2026-08-30/PACIFIC_FLEET_AUDIT_1944-03-08/DECISIONS/JAPAN_PACIFIC_FLEET_STRATEGIC_DECISION_1944-03-08_WORKING_v001.json
5242	╬ª┬┐├¬╧ä┬½├╣┬╡ΓîÉ╞Æ╧ä├▓Γûæ╬ª├╝Γéº_BRANCH_B_v049_FULL_HANDOFF_1944-08-04T24_2026-09-04/02_ORIGINAL_EXTRACTED_TREE/╬ª┬┐├¬╧ä┬½├╣┬╡ΓîÉ╞Æ╧ä├▓Γûæ╬ª├╝Γéº_BRANCH_B_v048_REAUDIT_FULL_RESUME_1944-02-20T24_2026-08-31/97_CONTINUATION_MASTER_2026-08-30/OVERLAYS/008_╬ª┬┐├¬╧ä┬½├╣┬╡ΓîÉ╞Æ╧ä├▓Γûæ╬ª├╝Γéº_v048_PACIFIC_FLEET_AUDIT_1944-03-08_OVERLAY_2026-08-30/PACIFIC_FLEET_AUDIT_1944-03-08/FLEET/JAPAN_CARRIER_SURFACE_FLEET_AUDIT_1944-03-08_WORKING_v001.json
4444	╬ª┬┐├¬╧ä┬½├╣┬╡ΓîÉ╞Æ╧ä├▓Γûæ╬ª├╝Γéº_BRANCH_B_v049_FULL_HANDOFF_1944-08-04T24_2026-09-04/02_ORIGINAL_EXTRACTED_TREE/╬ª┬┐├¬╧ä┬½├╣┬╡ΓîÉ╞Æ╧ä├▓Γûæ╬ª├╝Γéº_BRANCH_B_v048_REAUDIT_FULL_RESUME_1944-02-20T24_2026-08-31/97_CONTINUATION_MASTER_2026-08-30/OVERLAYS/008_╬ª┬┐├¬╧ä┬½├╣┬╡ΓîÉ╞Æ╧ä├▓Γûæ╬ª├╝Γéº_v048_PACIFIC_FLEET_AUDIT_1944-03-08_OVERLAY_2026-08-30/PACIFIC_FLEET_AUDIT_1944-03-08/FLEET/US_FAST_CARRIER_PIPELINE_CORRECTION_1944-03-08_WORKING_v001.json
2473	╬ª┬┐├¬╧ä┬½├╣┬╡ΓîÉ╞Æ╧ä├▓Γûæ╬ª├╝Γéº_BRANCH_B_v049_FULL_HANDOFF_1944-08-04T24_2026-09-04/02_ORIGINAL_EXTRACTED_TREE/╬ª┬┐├¬╧ä┬½├╣┬╡ΓîÉ╞Æ╧ä├▓Γûæ╬ª├╝Γéº_BRANCH_B_v048_REAUDIT_FULL_RESUME_1944-02-20T24_2026-08-31/97_CONTINUATION_MASTER_2026-08-30/OVERLAYS/008_╬ª┬┐├¬╧ä┬½├╣┬╡ΓîÉ╞Æ╧ä├▓Γûæ╬ª├╝Γéº_v048_PACIFIC_FLEET_AUDIT_1944-03-08_OVERLAY_2026-08-30/PACIFIC_FLEET_AUDIT_1944-03-08/MANIFEST/RESUME_LOAD_ORDER_1944-03-08T24_PACIFIC_FLEET_AUDIT_v001.json
1001	╬ª┬┐├¬╧ä┬½├╣┬╡ΓîÉ╞Æ╧ä├▓Γûæ╬ª├╝Γéº_BRANCH_B_v049_FULL_HANDOFF_1944-08-04T24_2026-09-04/02_ORIGINAL_EXTRACTED_TREE/╬ª┬┐├¬╧ä┬½├╣┬╡ΓîÉ╞Æ╧ä├▓Γûæ╬ª├╝Γéº_BRANCH_B_v048_REAUDIT_FULL_RESUME_1944-02-20T24_2026-08-31/97_CONTINUATION_MASTER_2026-08-30/OVERLAYS/008_╬ª┬┐├¬╧ä┬½├╣┬╡ΓîÉ╞Æ╧ä├▓Γûæ╬ª├╝Γéº_v048_PACIFIC_FLEET_AUDIT_1944-03-08_OVERLAY_2026-08-30/PACIFIC_FLEET_AUDIT_1944-03-08/MANIFEST/SHA256SUMS.txt
1969	╬ª┬┐├¬╧ä┬½├╣┬╡ΓîÉ╞Æ╧ä├▓Γûæ╬ª├╝Γéº_BRANCH_B_v049_FULL_HANDOFF_1944-08-04T24_2026-09-04/02_ORIGINAL_EXTRACTED_TREE/╬ª┬┐├¬╧ä┬½├╣┬╡ΓîÉ╞Æ╧ä├▓Γûæ╬ª├╝Γéº_BRANCH_B_v048_REAUDIT_FULL_RESUME_1944-02-20T24_2026-08-31/97_CONTINUATION_MASTER_2026-08-30/OVERLAYS/008_╬ª┬┐├¬╧ä┬½├╣┬╡ΓîÉ╞Æ╧ä├▓Γûæ╬ª├╝Γéº_v048_PACIFIC_FLEET_AUDIT_1944-03-08_OVERLAY_2026-08-30/PACIFIC_FLEET_AUDIT_1944-03-08/RULES/EASTERN_FLEET_BENGAL_DORMANCY_GATE_1944-03-08_WORKING_v001.json
1982	╬ª┬┐├¬╧ä┬½├╣┬╡ΓîÉ╞Æ╧ä├▓Γûæ╬ª├╝Γéº_BRANCH_B_v049_FULL_HANDOFF_1944-08-04T24_2026-09-04/02_ORIGINAL_EXTRACTED_TREE/╬ª┬┐├¬╧ä┬½├╣┬╡ΓîÉ╞Æ╧ä├▓Γûæ╬ª├╝Γéº_BRANCH_B_v048_REAUDIT_FULL_RESUME_1944-02-20T24_2026-08-31/97_CONTINUATION_MASTER_2026-08-30/OVERLAYS/008_╬ª┬┐├¬╧ä┬½├╣┬╡ΓîÉ╞Æ╧ä├▓Γûæ╬ª├╝Γéº_v048_PACIFIC_FLEET_AUDIT_1944-03-08_OVERLAY_2026-08-30/PACIFIC_FLEET_AUDIT_1944-03-08/STATE/PACIFIC_FLEET_POSTURE_1944-03-08T24_WORKING_v001.json
16886	╬ª┬┐├¬╧ä┬½├╣┬╡ΓîÉ╞Æ╧ä├▓Γûæ╬ª├╝Γéº_BRANCH_B_v049_FULL_HANDOFF_1944-08-04T24_2026-09-04/02_ORIGINAL_EXTRACTED_TREE/╬ª┬┐├¬╧ä┬½├╣┬╡ΓîÉ╞Æ╧ä├▓Γûæ╬ª├╝Γéº_BRANCH_B_v048_REAUDIT_FULL_RESUME_1944-02-20T24_2026-08-31/97_CONTINUATION_MASTER_2026-08-30/OVERLAYS/009_╬ª┬┐├¬╧ä┬½├╣┬╡ΓîÉ╞Æ╧ä├▓Γûæ╬ª├╝Γéº_v048_AVIATION_REGEN_BENGAL_REBALANCE_1944-03-08_OVERLAY_2026-08-30/AVIATION_REGEN_BENGAL_REBALANCE_1944-03-08/AIR/INDIAN_OCEAN_AIR_CAPABILITY_LEDGER_1944-02-19_22_WORKING_v003.json
3665	╬ª┬┐├¬╧ä┬½├╣┬╡ΓîÉ╞Æ╧ä├▓Γûæ╬ª├╝Γéº_BRANCH_B_v049_FULL_HANDOFF_1944-08-04T24_2026-09-04/02_ORIGINAL_EXTRACTED_TREE/╬ª┬┐├¬╧ä┬½├╣┬╡ΓîÉ╞Æ╧ä├▓Γûæ╬ª├╝Γéº_BRANCH_B_v048_REAUDIT_FULL_RESUME_1944-02-20T24_2026-08-31/97_CONTINUATION_MASTER_2026-08-30/OVERLAYS/009_╬ª┬┐├¬╧ä┬½├╣┬╡ΓîÉ╞Æ╧ä├▓Γûæ╬ª├╝Γéº_v048_AVIATION_REGEN_BENGAL_REBALANCE_1944-03-08_OVERLAY_2026-08-30/AVIATION_REGEN_BENGAL_REBALANCE_1944-03-08/AIR/JAPAN_AIRCREW_REGENERATION_SOFT_PROGRESS_1944-03-08_WORKING_v001.json
1417	╬ª┬┐├¬╧ä┬½├╣┬╡ΓîÉ╞Æ╧ä├▓Γûæ╬ª├╝Γéº_BRANCH_B_v049_FULL_HANDOFF_1944-08-04T24_2026-09-04/02_ORIGINAL_EXTRACTED_TREE/╬ª┬┐├¬╧ä┬½├╣┬╡ΓîÉ╞Æ╧ä├▓Γûæ╬ª├╝Γéº_BRANCH_B_v048_REAUDIT_FULL_RESUME_1944-02-20T24_2026-08-31/97_CONTINUATION_MASTER_2026-08-30/OVERLAYS/009_╬ª┬┐├¬╧ä┬½├╣┬╡ΓîÉ╞Æ╧ä├▓Γûæ╬ª├╝Γéº_v048_AVIATION_REGEN_BENGAL_REBALANCE_1944-03-08_OVERLAY_2026-08-30/AVIATION_REGEN_BENGAL_REBALANCE_1944-03-08/MANIFEST/AVIATION_REGEN_BENGAL_REBALANCE_MANIFEST_1944-03-08_v001.json
723	╬ª┬┐├¬╧ä┬½├╣┬╡ΓîÉ╞Æ╧ä├▓Γûæ╬ª├╝Γéº_BRANCH_B_v049_FULL_HANDOFF_1944-08-04T24_2026-09-04/02_ORIGINAL_EXTRACTED_TREE/╬ª┬┐├¬╧ä┬½├╣┬╡ΓîÉ╞Æ╧ä├▓Γûæ╬ª├╝Γéº_BRANCH_B_v048_REAUDIT_FULL_RESUME_1944-02-20T24_2026-08-31/97_CONTINUATION_MASTER_2026-08-30/OVERLAYS/009_╬ª┬┐├¬╧ä┬½├╣┬╡ΓîÉ╞Æ╧ä├▓Γûæ╬ª├╝Γéº_v048_AVIATION_REGEN_BENGAL_REBALANCE_1944-03-08_OVERLAY_2026-08-30/AVIATION_REGEN_BENGAL_REBALANCE_1944-03-08/MANIFEST/SHA256SUMS.txt
3366	╬ª┬┐├¬╧ä┬½├╣┬╡ΓîÉ╞Æ╧ä├▓Γûæ╬ª├╝Γéº_BRANCH_B_v049_FULL_HANDOFF_1944-08-04T24_2026-09-04/02_ORIGINAL_EXTRACTED_TREE/╬ª┬┐├¬╧ä┬½├╣┬╡ΓîÉ╞Æ╧ä├▓Γûæ╬ª├╝Γéº_BRANCH_B_v048_REAUDIT_FULL_RESUME_1944-02-20T24_2026-08-31/97_CONTINUATION_MASTER_2026-08-30/OVERLAYS/009_╬ª┬┐├¬╧ä┬½├╣┬╡ΓîÉ╞Æ╧ä├▓Γûæ╬ª├╝Γéº_v048_AVIATION_REGEN_BENGAL_REBALANCE_1944-03-08_OVERLAY_2026-08-30/AVIATION_REGEN_BENGAL_REBALANCE_1944-03-08/STATE/BENGAL_ARAKAN_AIR_POSTURE_REBALANCE_1944-03-08_WORKING_v001.json
3578	╬ª┬┐├¬╧ä┬½├╣┬╡ΓîÉ╞Æ╧ä├▓Γûæ╬ª├╝Γéº_BRANCH_B_v049_FULL_HANDOFF_1944-08-04T24_2026-09-04/02_ORIGINAL_EXTRACTED_TREE/╬ª┬┐├¬╧ä┬½├╣┬╡ΓîÉ╞Æ╧ä├▓Γûæ╬ª├╝Γéº_BRANCH_B_v048_REAUDIT_FULL_RESUME_1944-02-20T24_2026-08-31/97_CONTINUATION_MASTER_2026-08-30/OVERLAYS/010_╬ª┬┐├¬╧ä┬½├╣┬╡ΓîÉ╞Æ╧ä├▓Γûæ╬ª├╝Γéº_v048_PACIFIC_CARRIER_REGEN_1944-03-09_20_OVERLAY_2026-08-30/PACIFIC_CARRIER_REGEN_1944-03-09_20/AIR/JAPAN_CARRIER_AIR_REGENERATION_LEDGER_1944-03-08_20_WORKING_v001.json
3511	╬ª┬┐├¬╧ä┬½├╣┬╡ΓîÉ╞Æ╧ä├▓Γûæ╬ª├╝Γéº_BRANCH_B_v049_FULL_HANDOFF_1944-08-04T24_2026-09-04/02_ORIGINAL_EXTRACTED_TREE/╬ª┬┐├¬╧ä┬½├╣┬╡ΓîÉ╞Æ╧ä├▓Γûæ╬ª├╝Γéº_BRANCH_B_v048_REAUDIT_FULL_RESUME_1944-02-20T24_2026-08-31/97_CONTINUATION_MASTER_2026-08-30/OVERLAYS/010_╬ª┬┐├¬╧ä┬½├╣┬╡ΓîÉ╞Æ╧ä├▓Γûæ╬ª├╝Γéº_v048_PACIFIC_CARRIER_REGEN_1944-03-09_20_OVERLAY_2026-08-30/PACIFIC_CARRIER_REGEN_1944-03-09_20/DECISIONS/JAPAN_PACIFIC_CARRIER_STRATEGIC_DECISION_1944-03-20_WORKING_v001.json
5268	╬ª┬┐├¬╧ä┬½├╣┬╡ΓîÉ╞Æ╧ä├▓Γûæ╬ª├╝Γéº_BRANCH_B_v049_FULL_HANDOFF_1944-08-04T24_2026-09-04/02_ORIGINAL_EXTRACTED_TREE/╬ª┬┐├¬╧ä┬½├╣┬╡ΓîÉ╞Æ╧ä├▓Γûæ╬ª├╝Γéº_BRANCH_B_v048_REAUDIT_FULL_RESUME_1944-02-20T24_2026-08-31/97_CONTINUATION_MASTER_2026-08-30/OVERLAYS/010_╬ª┬┐├¬╧ä┬½├╣┬╡ΓîÉ╞Æ╧ä├▓Γûæ╬ª├╝Γéº_v048_PACIFIC_CARRIER_REGEN_1944-03-09_20_OVERLAY_2026-08-30/PACIFIC_CARRIER_REGEN_1944-03-09_20/FLEET/TAIHO_WORKUP_AND_CARRIER_CADRE_ACCELERATION_1944-03-08_20_WORKING_v001.json
2978	╬ª┬┐├¬╧ä┬½├╣┬╡ΓîÉ╞Æ╧ä├▓Γûæ╬ª├╝Γéº_BRANCH_B_v049_FULL_HANDOFF_1944-08-04T24_2026-09-04/02_ORIGINAL_EXTRACTED_TREE/╬ª┬┐├¬╧ä┬½├╣┬╡ΓîÉ╞Æ╧ä├▓Γûæ╬ª├╝Γéº_BRANCH_B_v048_REAUDIT_FULL_RESUME_1944-02-20T24_2026-08-31/97_CONTINUATION_MASTER_2026-08-30/OVERLAYS/010_╬ª┬┐├¬╧ä┬½├╣┬╡ΓîÉ╞Æ╧ä├▓Γûæ╬ª├╝Γéº_v048_PACIFIC_CARRIER_REGEN_1944-03-09_20_OVERLAY_2026-08-30/PACIFIC_CARRIER_REGEN_1944-03-09_20/FLEET/US_FAST_CARRIER_REINFORCEMENT_1944-03-09_20_WORKING_v001.json
2100	╬ª┬┐├¬╧ä┬½├╣┬╡ΓîÉ╞Æ╧ä├▓Γûæ╬ª├╝Γéº_BRANCH_B_v049_FULL_HANDOFF_1944-08-04T24_2026-09-04/02_ORIGINAL_EXTRACTED_TREE/╬ª┬┐├¬╧ä┬½├╣┬╡ΓîÉ╞Æ╧ä├▓Γûæ╬ª├╝Γéº_BRANCH_B_v048_REAUDIT_FULL_RESUME_1944-02-20T24_2026-08-31/97_CONTINUATION_MASTER_2026-08-30/OVERLAYS/010_╬ª┬┐├¬╧ä┬½├╣┬╡ΓîÉ╞Æ╧ä├▓Γûæ╬ª├╝Γéº_v048_PACIFIC_CARRIER_REGEN_1944-03-09_20_OVERLAY_2026-08-30/PACIFIC_CARRIER_REGEN_1944-03-09_20/MANIFEST/PACIFIC_CARRIER_REGEN_MANIFEST_1944-03-20_v001.json
1095	╬ª┬┐├¬╧ä┬½├╣┬╡ΓîÉ╞Æ╧ä├▓Γûæ╬ª├╝Γéº_BRANCH_B_v049_FULL_HANDOFF_1944-08-04T24_2026-09-04/02_ORIGINAL_EXTRACTED_TREE/╬ª┬┐├¬╧ä┬½├╣┬╡ΓîÉ╞Æ╧ä├▓Γûæ╬ª├╝Γéº_BRANCH_B_v048_REAUDIT_FULL_RESUME_1944-02-20T24_2026-08-31/97_CONTINUATION_MASTER_2026-08-30/OVERLAYS/010_╬ª┬┐├¬╧ä┬½├╣┬╡ΓîÉ╞Æ╧ä├▓Γûæ╬ª├╝Γéº_v048_PACIFIC_CARRIER_REGEN_1944-03-09_20_OVERLAY_2026-08-30/PACIFIC_CARRIER_REGEN_1944-03-09_20/MANIFEST/SHA256SUMS.txt
1677	╬ª┬┐├¬╧ä┬½├╣┬╡ΓîÉ╞Æ╧ä├▓Γûæ╬ª├╝Γéº_BRANCH_B_v049_FULL_HANDOFF_1944-08-04T24_2026-09-04/02_ORIGINAL_EXTRACTED_TREE/╬ª┬┐├¬╧ä┬½├╣┬╡ΓîÉ╞Æ╧ä├▓Γûæ╬ª├╝Γéº_BRANCH_B_v048_REAUDIT_FULL_RESUME_1944-02-20T24_2026-08-31/97_CONTINUATION_MASTER_2026-08-30/OVERLAYS/010_╬ª┬┐├¬╧ä┬½├╣┬╡ΓîÉ╞Æ╧ä├▓Γûæ╬ª├╝Γéº_v048_PACIFIC_CARRIER_REGEN_1944-03-09_20_OVERLAY_2026-08-30/PACIFIC_CARRIER_REGEN_1944-03-09_20/OPERATIONS/K706_ENIWETOK_NIGHT_RAID_1944-03-09_WORKING_v001.json
1872	╬ª┬┐├¬╧ä┬½├╣┬╡ΓîÉ╞Æ╧ä├▓Γûæ╬ª├╝Γéº_BRANCH_B_v049_FULL_HANDOFF_1944-08-04T24_2026-09-04/02_ORIGINAL_EXTRACTED_TREE/╬ª┬┐├¬╧ä┬½├╣┬╡ΓîÉ╞Æ╧ä├▓Γûæ╬ª├╝Γéº_BRANCH_B_v048_REAUDIT_FULL_RESUME_1944-02-20T24_2026-08-31/97_CONTINUATION_MASTER_2026-08-30/OVERLAYS/010_╬ª┬┐├¬╧ä┬½├╣┬╡ΓîÉ╞Æ╧ä├▓Γûæ╬ª├╝Γéº_v048_PACIFIC_CARRIER_REGEN_1944-03-09_20_OVERLAY_2026-08-30/PACIFIC_CARRIER_REGEN_1944-03-09_20/RULES/INDIAN_OCEAN_BENGAL_BACKGROUND_FREEZE_1944-03-12_20_WORKING_v001.json
1731	╬ª┬┐├¬╧ä┬½├╣┬╡ΓîÉ╞Æ╧ä├▓Γûæ╬ª├╝Γéº_BRANCH_B_v049_FULL_HANDOFF_1944-08-04T24_2026-09-04/02_ORIGINAL_EXTRACTED_TREE/╬ª┬┐├¬╧ä┬½├╣┬╡ΓîÉ╞Æ╧ä├▓Γûæ╬ª├╝Γéº_BRANCH_B_v048_REAUDIT_FULL_RESUME_1944-02-20T24_2026-08-31/97_CONTINUATION_MASTER_2026-08-30/OVERLAYS/010_╬ª┬┐├¬╧ä┬½├╣┬╡ΓîÉ╞Æ╧ä├▓Γûæ╬ª├╝Γéº_v048_PACIFIC_CARRIER_REGEN_1944-03-09_20_OVERLAY_2026-08-30/PACIFIC_CARRIER_REGEN_1944-03-09_20/STATE/PARALLEL_THEATER_STATE_1944-03-20T24_WORKING_v001.json
2432	╬ª┬┐├¬╧ä┬½├╣┬╡ΓîÉ╞Æ╧ä├▓Γûæ╬ª├╝Γéº_BRANCH_B_v049_FULL_HANDOFF_1944-08-04T24_2026-09-04/02_ORIGINAL_EXTRACTED_TREE/╬ª┬┐├¬╧ä┬½├╣┬╡ΓîÉ╞Æ╧ä├▓Γûæ╬ª├╝Γéº_BRANCH_B_v048_REAUDIT_FULL_RESUME_1944-02-20T24_2026-08-31/97_CONTINUATION_MASTER_2026-08-30/OVERLAYS/011_╬ª┬┐├¬╧ä┬½├╣┬╡ΓîÉ╞Æ╧ä├▓Γûæ╬ª├╝Γéº_v048_PACIFIC_ISR_PALAU_1944-03-21_31_OVERLAY_2026-08-30/PACIFIC_ISR_PALAU_1944-03-21_31/DECISIONS/JAPAN_CARRIER_RESPONSE_PALAU_1944-03-27_31_WORKING_v001.json
2224	╬ª┬┐├¬╧ä┬½├╣┬╡ΓîÉ╞Æ╧ä├▓Γûæ╬ª├╝Γéº_BRANCH_B_v049_FULL_HANDOFF_1944-08-04T24_2026-09-04/02_ORIGINAL_EXTRACTED_TREE/╬ª┬┐├¬╧ä┬½├╣┬╡ΓîÉ╞Æ╧ä├▓Γûæ╬ª├╝Γéº_BRANCH_B_v048_REAUDIT_FULL_RESUME_1944-02-20T24_2026-08-31/97_CONTINUATION_MASTER_2026-08-30/OVERLAYS/011_╬ª┬┐├¬╧ä┬½├╣┬╡ΓîÉ╞Æ╧ä├▓Γûæ╬ª├╝Γéº_v048_PACIFIC_ISR_PALAU_1944-03-21_31_OVERLAY_2026-08-30/PACIFIC_ISR_PALAU_1944-03-21_31/FLEET/JAPAN_CARRIER_REGEN_AND_TAIHO_INTEGRATION_1944-03-21_31_WORKING_v001.json
2929	╬ª┬┐├¬╧ä┬½├╣┬╡ΓîÉ╞Æ╧ä├▓Γûæ╬ª├╝Γéº_BRANCH_B_v049_FULL_HANDOFF_1944-08-04T24_2026-09-04/02_ORIGINAL_EXTRACTED_TREE/╬ª┬┐├¬╧ä┬½├╣┬╡ΓîÉ╞Æ╧ä├▓Γûæ╬ª├╝Γéº_BRANCH_B_v048_REAUDIT_FULL_RESUME_1944-02-20T24_2026-08-31/97_CONTINUATION_MASTER_2026-08-30/OVERLAYS/011_╬ª┬┐├¬╧ä┬½├╣┬╡ΓîÉ╞Æ╧ä├▓Γûæ╬ª├╝Γéº_v048_PACIFIC_ISR_PALAU_1944-03-21_31_OVERLAY_2026-08-30/PACIFIC_ISR_PALAU_1944-03-21_31/HQ/COMBINED_FLEET_HQ_RELOCATION_AND_KOGA_SURVIVAL_1944-03-27_31_WORKING_v001.json
1928	╬ª┬┐├¬╧ä┬½├╣┬╡ΓîÉ╞Æ╧ä├▓Γûæ╬ª├╝Γéº_BRANCH_B_v049_FULL_HANDOFF_1944-08-04T24_2026-09-04/02_ORIGINAL_EXTRACTED_TREE/╬ª┬┐├¬╧ä┬½├╣┬╡ΓîÉ╞Æ╧ä├▓Γûæ╬ª├╝Γéº_BRANCH_B_v048_REAUDIT_FULL_RESUME_1944-02-20T24_2026-08-31/97_CONTINUATION_MASTER_2026-08-30/OVERLAYS/011_╬ª┬┐├¬╧ä┬½├╣┬╡ΓîÉ╞Æ╧ä├▓Γûæ╬ª├╝Γéº_v048_PACIFIC_ISR_PALAU_1944-03-21_31_OVERLAY_2026-08-30/PACIFIC_ISR_PALAU_1944-03-21_31/MANIFEST/PACIFIC_ISR_PALAU_MANIFEST_1944-03-31_v001.json
1089	╬ª┬┐├¬╧ä┬½├╣┬╡ΓîÉ╞Æ╧ä├▓Γûæ╬ª├╝Γéº_BRANCH_B_v049_FULL_HANDOFF_1944-08-04T24_2026-09-04/02_ORIGINAL_EXTRACTED_TREE/╬ª┬┐├¬╧ä┬½├╣┬╡ΓîÉ╞Æ╧ä├▓Γûæ╬ª├╝Γéº_BRANCH_B_v048_REAUDIT_FULL_RESUME_1944-02-20T24_2026-08-31/97_CONTINUATION_MASTER_2026-08-30/OVERLAYS/011_╬ª┬┐├¬╧ä┬½├╣┬╡ΓîÉ╞Æ╧ä├▓Γûæ╬ª├╝Γéº_v048_PACIFIC_ISR_PALAU_1944-03-21_31_OVERLAY_2026-08-30/PACIFIC_ISR_PALAU_1944-03-21_31/MANIFEST/SHA256SUMS.txt
3482	╬ª┬┐├¬╧ä┬½├╣┬╡ΓîÉ╞Æ╧ä├▓Γûæ╬ª├╝Γéº_BRANCH_B_v049_FULL_HANDOFF_1944-08-04T24_2026-09-04/02_ORIGINAL_EXTRACTED_TREE/╬ª┬┐├¬╧ä┬½├╣┬╡ΓîÉ╞Æ╧ä├▓Γûæ╬ª├╝Γéº_BRANCH_B_v048_REAUDIT_FULL_RESUME_1944-02-20T24_2026-08-31/97_CONTINUATION_MASTER_2026-08-30/OVERLAYS/011_╬ª┬┐├¬╧ä┬½├╣┬╡ΓîÉ╞Æ╧ä├▓Γûæ╬ª├╝Γéº_v048_PACIFIC_ISR_PALAU_1944-03-21_31_OVERLAY_2026-08-30/PACIFIC_ISR_PALAU_1944-03-21_31/OPERATIONS/PALAU_DESECRATE_I_1944-03-30_31_WORKING_v001.json
2986	╬ª┬┐├¬╧ä┬½├╣┬╡ΓîÉ╞Æ╧ä├▓Γûæ╬ª├╝Γéº_BRANCH_B_v049_FULL_HANDOFF_1944-08-04T24_2026-09-04/02_ORIGINAL_EXTRACTED_TREE/╬ª┬┐├¬╧ä┬½├╣┬╡ΓîÉ╞Æ╧ä├▓Γûæ╬ª├╝Γéº_BRANCH_B_v048_REAUDIT_FULL_RESUME_1944-02-20T24_2026-08-31/97_CONTINUATION_MASTER_2026-08-30/OVERLAYS/011_╬ª┬┐├¬╧ä┬½├╣┬╡ΓîÉ╞Æ╧ä├▓Γûæ╬ª├╝Γéº_v048_PACIFIC_ISR_PALAU_1944-03-21_31_OVERLAY_2026-08-30/PACIFIC_ISR_PALAU_1944-03-21_31/OPERATIONS/TF58_DESECRATE_APPROACH_WARNING_1944-03-22_29_WORKING_v001.json
4335	╬ª┬┐├¬╧ä┬½├╣┬╡ΓîÉ╞Æ╧ä├▓Γûæ╬ª├╝Γéº_BRANCH_B_v049_FULL_HANDOFF_1944-08-04T24_2026-09-04/02_ORIGINAL_EXTRACTED_TREE/╬ª┬┐├¬╧ä┬½├╣┬╡ΓîÉ╞Æ╧ä├▓Γûæ╬ª├╝Γéº_BRANCH_B_v048_REAUDIT_FULL_RESUME_1944-02-20T24_2026-08-31/97_CONTINUATION_MASTER_2026-08-30/OVERLAYS/011_╬ª┬┐├¬╧ä┬½├╣┬╡ΓîÉ╞Æ╧ä├▓Γûæ╬ª├╝Γéº_v048_PACIFIC_ISR_PALAU_1944-03-21_31_OVERLAY_2026-08-30/PACIFIC_ISR_PALAU_1944-03-21_31/SENSORS/JAPAN_PACIFIC_ISR_SYSTEM_MATURITY_1944-03-20_31_WORKING_v001.json
1928	╬ª┬┐├¬╧ä┬½├╣┬╡ΓîÉ╞Æ╧ä├▓Γûæ╬ª├╝Γéº_BRANCH_B_v049_FULL_HANDOFF_1944-08-04T24_2026-09-04/02_ORIGINAL_EXTRACTED_TREE/╬ª┬┐├¬╧ä┬½├╣┬╡ΓîÉ╞Æ╧ä├▓Γûæ╬ª├╝Γéº_BRANCH_B_v048_REAUDIT_FULL_RESUME_1944-02-20T24_2026-08-31/97_CONTINUATION_MASTER_2026-08-30/OVERLAYS/011_╬ª┬┐├¬╧ä┬½├╣┬╡ΓîÉ╞Æ╧ä├▓Γûæ╬ª├╝Γéº_v048_PACIFIC_ISR_PALAU_1944-03-21_31_OVERLAY_2026-08-30/PACIFIC_ISR_PALAU_1944-03-21_31/STATE/PARALLEL_THEATER_STATE_1944-03-31T24_WORKING_v001.json
3099	╬ª┬┐├¬╧ä┬½├╣┬╡ΓîÉ╞Æ╧ä├▓Γûæ╬ª├╝Γéº_BRANCH_B_v049_FULL_HANDOFF_1944-08-04T24_2026-09-04/02_ORIGINAL_EXTRACTED_TREE/╬ª┬┐├¬╧ä┬½├╣┬╡ΓîÉ╞Æ╧ä├▓Γûæ╬ª├╝Γéº_BRANCH_B_v048_REAUDIT_FULL_RESUME_1944-02-20T24_2026-08-31/97_CONTINUATION_MASTER_2026-08-30/OVERLAYS/012_╬ª┬┐├¬╧ä┬½├╣┬╡ΓîÉ╞Æ╧ä├▓Γûæ╬ª├╝Γéº_v048_CORRECTION_YAMAMOTO_COMMAND_1944-03-31_OVERLAY_2026-08-30/COMMAND/COMBINED_FLEET_COMMAND_YAMAMOTO_CORRECTION_1944-03-31_v001.json
398	╬ª┬┐├¬╧ä┬½├╣┬╡ΓîÉ╞Æ╧ä├▓Γûæ╬ª├╝Γéº_BRANCH_B_v049_FULL_HANDOFF_1944-08-04T24_2026-09-04/02_ORIGINAL_EXTRACTED_TREE/╬ª┬┐├¬╧ä┬½├╣┬╡ΓîÉ╞Æ╧ä├▓Γûæ╬ª├╝Γéº_BRANCH_B_v048_REAUDIT_FULL_RESUME_1944-02-20T24_2026-08-31/97_CONTINUATION_MASTER_2026-08-30/OVERLAYS/012_╬ª┬┐├¬╧ä┬½├╣┬╡ΓîÉ╞Æ╧ä├▓Γûæ╬ª├╝Γéº_v048_CORRECTION_YAMAMOTO_COMMAND_1944-03-31_OVERLAY_2026-08-30/MANIFEST/SHA256SUMS.txt
1164	╬ª┬┐├¬╧ä┬½├╣┬╡ΓîÉ╞Æ╧ä├▓Γûæ╬ª├╝Γéº_BRANCH_B_v049_FULL_HANDOFF_1944-08-04T24_2026-09-04/02_ORIGINAL_EXTRACTED_TREE/╬ª┬┐├¬╧ä┬½├╣┬╡ΓîÉ╞Æ╧ä├▓Γûæ╬ª├╝Γéº_BRANCH_B_v048_REAUDIT_FULL_RESUME_1944-02-20T24_2026-08-31/97_CONTINUATION_MASTER_2026-08-30/OVERLAYS/012_╬ª┬┐├¬╧ä┬½├╣┬╡ΓîÉ╞Æ╧ä├▓Γûæ╬ª├╝Γéº_v048_CORRECTION_YAMAMOTO_COMMAND_1944-03-31_OVERLAY_2026-08-30/MANIFEST/YAMAMOTO_COMMAND_CORRECTION_MANIFEST_1944-03-31_v001.json
2115	╬ª┬┐├¬╧ä┬½├╣┬╡ΓîÉ╞Æ╧ä├▓Γûæ╬ª├╝Γéº_BRANCH_B_v049_FULL_HANDOFF_1944-08-04T24_2026-09-04/02_ORIGINAL_EXTRACTED_TREE/╬ª┬┐├¬╧ä┬½├╣┬╡ΓîÉ╞Æ╧ä├▓Γûæ╬ª├╝Γéº_BRANCH_B_v048_REAUDIT_FULL_RESUME_1944-02-20T24_2026-08-31/97_CONTINUATION_MASTER_2026-08-30/OVERLAYS/012_╬ª┬┐├¬╧ä┬½├╣┬╡ΓîÉ╞Æ╧ä├▓Γûæ╬ª├╝Γéº_v048_CORRECTION_YAMAMOTO_COMMAND_1944-03-31_OVERLAY_2026-08-30/STATE/PARALLEL_THEATER_STATE_1944-03-31T24_WORKING_v002.json
1915	╬ª┬┐├¬╧ä┬½├╣┬╡ΓîÉ╞Æ╧ä├▓Γûæ╬ª├╝Γéº_BRANCH_B_v049_FULL_HANDOFF_1944-08-04T24_2026-09-04/02_ORIGINAL_EXTRACTED_TREE/╬ª┬┐├¬╧ä┬½├╣┬╡ΓîÉ╞Æ╧ä├▓Γûæ╬ª├╝Γéº_BRANCH_B_v048_REAUDIT_FULL_RESUME_1944-02-20T24_2026-08-31/97_CONTINUATION_MASTER_2026-08-30/OVERLAYS/013_╬ª┬┐├¬╧ä┬½├╣┬╡ΓîÉ╞Æ╧ä├▓Γûæ╬ª├╝Γéº_v048_PACIFIC_1944-04-01_15_OVERLAY_2026-08-30/PACIFIC_APRIL_1944-04-01_15/AIR/JAPAN_CARRIER_AIR_REGENERATION_1944-04-01_15_WORKING_v001.json
2520	╬ª┬┐├¬╧ä┬½├╣┬╡ΓîÉ╞Æ╧ä├▓Γûæ╬ª├╝Γéº_BRANCH_B_v049_FULL_HANDOFF_1944-08-04T24_2026-09-04/02_ORIGINAL_EXTRACTED_TREE/╬ª┬┐├¬╧ä┬½├╣┬╡ΓîÉ╞Æ╧ä├▓Γûæ╬ª├╝Γéº_BRANCH_B_v048_REAUDIT_FULL_RESUME_1944-02-20T24_2026-08-31/97_CONTINUATION_MASTER_2026-08-30/OVERLAYS/013_╬ª┬┐├¬╧ä┬½├╣┬╡ΓîÉ╞Æ╧ä├▓Γûæ╬ª├╝Γéº_v048_PACIFIC_1944-04-01_15_OVERLAY_2026-08-30/PACIFIC_APRIL_1944-04-01_15/DECISIONS/YAMAMOTO_PACIFIC_POSTURE_1944-04-15_WORKING_v001.json
2462	╬ª┬┐├¬╧ä┬½├╣┬╡ΓîÉ╞Æ╧ä├▓Γûæ╬ª├╝Γéº_BRANCH_B_v049_FULL_HANDOFF_1944-08-04T24_2026-09-04/02_ORIGINAL_EXTRACTED_TREE/╬ª┬┐├¬╧ä┬½├╣┬╡ΓîÉ╞Æ╧ä├▓Γûæ╬ª├╝Γéº_BRANCH_B_v048_REAUDIT_FULL_RESUME_1944-02-20T24_2026-08-31/97_CONTINUATION_MASTER_2026-08-30/OVERLAYS/013_╬ª┬┐├¬╧ä┬½├╣┬╡ΓîÉ╞Æ╧ä├▓Γûæ╬ª├╝Γéº_v048_PACIFIC_1944-04-01_15_OVERLAY_2026-08-30/PACIFIC_APRIL_1944-04-01_15/FLEET/TAIHO_FIVE_DECK_INTEGRATION_1944-04-01_15_WORKING_v001.json
2255	╬ª┬┐├¬╧ä┬½├╣┬╡ΓîÉ╞Æ╧ä├▓Γûæ╬ª├╝Γéº_BRANCH_B_v049_FULL_HANDOFF_1944-08-04T24_2026-09-04/02_ORIGINAL_EXTRACTED_TREE/╬ª┬┐├¬╧ä┬½├╣┬╡ΓîÉ╞Æ╧ä├▓Γûæ╬ª├╝Γéº_BRANCH_B_v048_REAUDIT_FULL_RESUME_1944-02-20T24_2026-08-31/97_CONTINUATION_MASTER_2026-08-30/OVERLAYS/013_╬ª┬┐├¬╧ä┬½├╣┬╡ΓîÉ╞Æ╧ä├▓Γûæ╬ª├╝Γéº_v048_PACIFIC_1944-04-01_15_OVERLAY_2026-08-30/PACIFIC_APRIL_1944-04-01_15/FLEET/US_FAST_CARRIER_STATE_1944-04-01_15_WORKING_v001.json
1416	╬ª┬┐├¬╧ä┬½├╣┬╡ΓîÉ╞Æ╧ä├▓Γûæ╬ª├╝Γéº_BRANCH_B_v049_FULL_HANDOFF_1944-08-04T24_2026-09-04/02_ORIGINAL_EXTRACTED_TREE/╬ª┬┐├¬╧ä┬½├╣┬╡ΓîÉ╞Æ╧ä├▓Γûæ╬ª├╝Γéº_BRANCH_B_v048_REAUDIT_FULL_RESUME_1944-02-20T24_2026-08-31/97_CONTINUATION_MASTER_2026-08-30/OVERLAYS/013_╬ª┬┐├¬╧ä┬½├╣┬╡ΓîÉ╞Æ╧ä├▓Γûæ╬ª├╝Γéº_v048_PACIFIC_1944-04-01_15_OVERLAY_2026-08-30/PACIFIC_APRIL_1944-04-01_15/MANIFEST/PACIFIC_APRIL_1944-04-01_15_MANIFEST_v001.json
1200	╬ª┬┐├¬╧ä┬½├╣┬╡ΓîÉ╞Æ╧ä├▓Γûæ╬ª├╝Γéº_BRANCH_B_v049_FULL_HANDOFF_1944-08-04T24_2026-09-04/02_ORIGINAL_EXTRACTED_TREE/╬ª┬┐├¬╧ä┬½├╣┬╡ΓîÉ╞Æ╧ä├▓Γûæ╬ª├╝Γéº_BRANCH_B_v048_REAUDIT_FULL_RESUME_1944-02-20T24_2026-08-31/97_CONTINUATION_MASTER_2026-08-30/OVERLAYS/013_╬ª┬┐├¬╧ä┬½├╣┬╡ΓîÉ╞Æ╧ä├▓Γûæ╬ª├╝Γéº_v048_PACIFIC_1944-04-01_15_OVERLAY_2026-08-30/PACIFIC_APRIL_1944-04-01_15/MANIFEST/SHA256SUMS.txt
1454	╬ª┬┐├¬╧ä┬½├╣┬╡ΓîÉ╞Æ╧ä├▓Γûæ╬ª├╝Γéº_BRANCH_B_v049_FULL_HANDOFF_1944-08-04T24_2026-09-04/02_ORIGINAL_EXTRACTED_TREE/╬ª┬┐├¬╧ä┬½├╣┬╡ΓîÉ╞Æ╧ä├▓Γûæ╬ª├╝Γéº_BRANCH_B_v048_REAUDIT_FULL_RESUME_1944-02-20T24_2026-08-31/97_CONTINUATION_MASTER_2026-08-30/OVERLAYS/013_╬ª┬┐├¬╧ä┬½├╣┬╡ΓîÉ╞Æ╧ä├▓Γûæ╬ª├╝Γéº_v048_PACIFIC_1944-04-01_15_OVERLAY_2026-08-30/PACIFIC_APRIL_1944-04-01_15/OPERATIONS/MARIANAS_9TH_TANK_REGIMENT_TRANSFER_1944-04-01_13_WORKING_v001.json
1147	╬ª┬┐├¬╧ä┬½├╣┬╡ΓîÉ╞Æ╧ä├▓Γûæ╬ª├╝Γéº_BRANCH_B_v049_FULL_HANDOFF_1944-08-04T24_2026-09-04/02_ORIGINAL_EXTRACTED_TREE/╬ª┬┐├¬╧ä┬½├╣┬╡ΓîÉ╞Æ╧ä├▓Γûæ╬ª├╝Γéº_BRANCH_B_v048_REAUDIT_FULL_RESUME_1944-02-20T24_2026-08-31/97_CONTINUATION_MASTER_2026-08-30/OVERLAYS/013_╬ª┬┐├¬╧ä┬½├╣┬╡ΓîÉ╞Æ╧ä├▓Γûæ╬ª├╝Γéº_v048_PACIFIC_1944-04-01_15_OVERLAY_2026-08-30/PACIFIC_APRIL_1944-04-01_15/RULES/FUTURE_US_CARRIER_OOB_REOPEN_GUARD_1944-06_WORKING_v001.json
1575	╬ª┬┐├¬╧ä┬½├╣┬╡ΓîÉ╞Æ╧ä├▓Γûæ╬ª├╝Γéº_BRANCH_B_v049_FULL_HANDOFF_1944-08-04T24_2026-09-04/02_ORIGINAL_EXTRACTED_TREE/╬ª┬┐├¬╧ä┬½├╣┬╡ΓîÉ╞Æ╧ä├▓Γûæ╬ª├╝Γéº_BRANCH_B_v048_REAUDIT_FULL_RESUME_1944-02-20T24_2026-08-31/97_CONTINUATION_MASTER_2026-08-30/OVERLAYS/013_╬ª┬┐├¬╧ä┬½├╣┬╡ΓîÉ╞Æ╧ä├▓Γûæ╬ª├╝Γéº_v048_PACIFIC_1944-04-01_15_OVERLAY_2026-08-30/PACIFIC_APRIL_1944-04-01_15/SENSORS/US_SUBMARINE_CUE_JAPAN_SOUTHERN_CONCENTRATION_1944-04-05_10_WORKING_v001.json
1890	╬ª┬┐├¬╧ä┬½├╣┬╡ΓîÉ╞Æ╧ä├▓Γûæ╬ª├╝Γéº_BRANCH_B_v049_FULL_HANDOFF_1944-08-04T24_2026-09-04/02_ORIGINAL_EXTRACTED_TREE/╬ª┬┐├¬╧ä┬½├╣┬╡ΓîÉ╞Æ╧ä├▓Γûæ╬ª├╝Γéº_BRANCH_B_v048_REAUDIT_FULL_RESUME_1944-02-20T24_2026-08-31/97_CONTINUATION_MASTER_2026-08-30/OVERLAYS/013_╬ª┬┐├¬╧ä┬½├╣┬╡ΓîÉ╞Æ╧ä├▓Γûæ╬ª├╝Γéº_v048_PACIFIC_1944-04-01_15_OVERLAY_2026-08-30/PACIFIC_APRIL_1944-04-01_15/STATE/PARALLEL_THEATER_STATE_1944-04-15T24_WORKING_v001.json
1955	╬ª┬┐├¬╧ä┬½├╣┬╡ΓîÉ╞Æ╧ä├▓Γûæ╬ª├╝Γéº_BRANCH_B_v049_FULL_HANDOFF_1944-08-04T24_2026-09-04/02_ORIGINAL_EXTRACTED_TREE/╬ª┬┐├¬╧ä┬½├╣┬╡ΓîÉ╞Æ╧ä├▓Γûæ╬ª├╝Γéº_BRANCH_B_v048_REAUDIT_FULL_RESUME_1944-02-20T24_2026-08-31/97_CONTINUATION_MASTER_2026-08-30/OVERLAYS/014_╬ª┬┐├¬╧ä┬½├╣┬╡ΓîÉ╞Æ╧ä├▓Γûæ╬ª├╝Γéº_v048_PACIFIC_1944-04-16_30_OVERLAY_2026-08-30/PACIFIC_APRIL_1944-04-16_30/AIR/JAPAN_CARRIER_AIR_REGENERATION_1944-04-16_30_WORKING_v001.json
2533	╬ª┬┐├¬╧ä┬½├╣┬╡ΓîÉ╞Æ╧ä├▓Γûæ╬ª├╝Γéº_BRANCH_B_v049_FULL_HANDOFF_1944-08-04T24_2026-09-04/02_ORIGINAL_EXTRACTED_TREE/╬ª┬┐├¬╧ä┬½├╣┬╡ΓîÉ╞Æ╧ä├▓Γûæ╬ª├╝Γéº_BRANCH_B_v048_REAUDIT_FULL_RESUME_1944-02-20T24_2026-08-31/97_CONTINUATION_MASTER_2026-08-30/OVERLAYS/014_╬ª┬┐├¬╧ä┬½├╣┬╡ΓîÉ╞Æ╧ä├▓Γûæ╬ª├╝Γéº_v048_PACIFIC_1944-04-16_30_OVERLAY_2026-08-30/PACIFIC_APRIL_1944-04-16_30/DECISIONS/YAMAMOTO_LATE_APRIL_POSTURE_AND_TATSUMAKI_1944-04-16_30_WORKING_v001.json
2042	╬ª┬┐├¬╧ä┬½├╣┬╡ΓîÉ╞Æ╧ä├▓Γûæ╬ª├╝Γéº_BRANCH_B_v049_FULL_HANDOFF_1944-08-04T24_2026-09-04/02_ORIGINAL_EXTRACTED_TREE/╬ª┬┐├¬╧ä┬½├╣┬╡ΓîÉ╞Æ╧ä├▓Γûæ╬ª├╝Γéº_BRANCH_B_v048_REAUDIT_FULL_RESUME_1944-02-20T24_2026-08-31/97_CONTINUATION_MASTER_2026-08-30/OVERLAYS/014_╬ª┬┐├¬╧ä┬½├╣┬╡ΓîÉ╞Æ╧ä├▓Γûæ╬ª├╝Γéº_v048_PACIFIC_1944-04-16_30_OVERLAY_2026-08-30/PACIFIC_APRIL_1944-04-16_30/FLEET/TAIHO_FIVE_DECK_INTEGRATION_1944-04-16_30_WORKING_v001.json
2084	╬ª┬┐├¬╧ä┬½├╣┬╡ΓîÉ╞Æ╧ä├▓Γûæ╬ª├╝Γéº_BRANCH_B_v049_FULL_HANDOFF_1944-08-04T24_2026-09-04/02_ORIGINAL_EXTRACTED_TREE/╬ª┬┐├¬╧ä┬½├╣┬╡ΓîÉ╞Æ╧ä├▓Γûæ╬ª├╝Γéº_BRANCH_B_v048_REAUDIT_FULL_RESUME_1944-02-20T24_2026-08-31/97_CONTINUATION_MASTER_2026-08-30/OVERLAYS/014_╬ª┬┐├¬╧ä┬½├╣┬╡ΓîÉ╞Æ╧ä├▓Γûæ╬ª├╝Γéº_v048_PACIFIC_1944-04-16_30_OVERLAY_2026-08-30/PACIFIC_APRIL_1944-04-16_30/FLEET/US_FAST_CARRIER_STATE_1944-04-16_30_WORKING_v001.json
1755	╬ª┬┐├¬╧ä┬½├╣┬╡ΓîÉ╞Æ╧ä├▓Γûæ╬ª├╝Γéº_BRANCH_B_v049_FULL_HANDOFF_1944-08-04T24_2026-09-04/02_ORIGINAL_EXTRACTED_TREE/╬ª┬┐├¬╧ä┬½├╣┬╡ΓîÉ╞Æ╧ä├▓Γûæ╬ª├╝Γéº_BRANCH_B_v048_REAUDIT_FULL_RESUME_1944-02-20T24_2026-08-31/97_CONTINUATION_MASTER_2026-08-30/OVERLAYS/014_╬ª┬┐├¬╧ä┬½├╣┬╡ΓîÉ╞Æ╧ä├▓Γûæ╬ª├╝Γéº_v048_PACIFIC_1944-04-16_30_OVERLAY_2026-08-30/PACIFIC_APRIL_1944-04-16_30/MANIFEST/PACIFIC_APRIL_1944-04-16_30_MANIFEST_v001.json
1201	╬ª┬┐├¬╧ä┬½├╣┬╡ΓîÉ╞Æ╧ä├▓Γûæ╬ª├╝Γéº_BRANCH_B_v049_FULL_HANDOFF_1944-08-04T24_2026-09-04/02_ORIGINAL_EXTRACTED_TREE/╬ª┬┐├¬╧ä┬½├╣┬╡ΓîÉ╞Æ╧ä├▓Γûæ╬ª├╝Γéº_BRANCH_B_v048_REAUDIT_FULL_RESUME_1944-02-20T24_2026-08-31/97_CONTINUATION_MASTER_2026-08-30/OVERLAYS/014_╬ª┬┐├¬╧ä┬½├╣┬╡ΓîÉ╞Æ╧ä├▓Γûæ╬ª├╝Γéº_v048_PACIFIC_1944-04-16_30_OVERLAY_2026-08-30/PACIFIC_APRIL_1944-04-16_30/MANIFEST/SHA256SUMS.txt
1786	╬ª┬┐├¬╧ä┬½├╣┬╡ΓîÉ╞Æ╧ä├▓Γûæ╬ª├╝Γéº_BRANCH_B_v049_FULL_HANDOFF_1944-08-04T24_2026-09-04/02_ORIGINAL_EXTRACTED_TREE/╬ª┬┐├¬╧ä┬½├╣┬╡ΓîÉ╞Æ╧ä├▓Γûæ╬ª├╝Γéº_BRANCH_B_v048_REAUDIT_FULL_RESUME_1944-02-20T24_2026-08-31/97_CONTINUATION_MASTER_2026-08-30/OVERLAYS/014_╬ª┬┐├¬╧ä┬½├╣┬╡ΓîÉ╞Æ╧ä├▓Γûæ╬ª├╝Γéº_v048_PACIFIC_1944-04-16_30_OVERLAY_2026-08-30/PACIFIC_APRIL_1944-04-16_30/OPERATIONS/MARIANAS_AIR_DEFENSE_BUILDUP_1944-04-16_30_WORKING_v001.json
2632	╬ª┬┐├¬╧ä┬½├╣┬╡ΓîÉ╞Æ╧ä├▓Γûæ╬ª├╝Γéº_BRANCH_B_v049_FULL_HANDOFF_1944-08-04T24_2026-09-04/02_ORIGINAL_EXTRACTED_TREE/╬ª┬┐├¬╧ä┬½├╣┬╡ΓîÉ╞Æ╧ä├▓Γûæ╬ª├╝Γéº_BRANCH_B_v048_REAUDIT_FULL_RESUME_1944-02-20T24_2026-08-31/97_CONTINUATION_MASTER_2026-08-30/OVERLAYS/014_╬ª┬┐├¬╧ä┬½├╣┬╡ΓîÉ╞Æ╧ä├▓Γûæ╬ª├╝Γéº_v048_PACIFIC_1944-04-16_30_OVERLAY_2026-08-30/PACIFIC_APRIL_1944-04-16_30/OPERATIONS/US_LIMITED_TRUK_REFRESH_RAID_1944-04-29_30_WORKING_v001.json
1995	╬ª┬┐├¬╧ä┬½├╣┬╡ΓîÉ╞Æ╧ä├▓Γûæ╬ª├╝Γéº_BRANCH_B_v049_FULL_HANDOFF_1944-08-04T24_2026-09-04/02_ORIGINAL_EXTRACTED_TREE/╬ª┬┐├¬╧ä┬½├╣┬╡ΓîÉ╞Æ╧ä├▓Γûæ╬ª├╝Γéº_BRANCH_B_v048_REAUDIT_FULL_RESUME_1944-02-20T24_2026-08-31/97_CONTINUATION_MASTER_2026-08-30/OVERLAYS/014_╬ª┬┐├¬╧ä┬½├╣┬╡ΓîÉ╞Æ╧ä├▓Γûæ╬ª├╝Γéº_v048_PACIFIC_1944-04-16_30_OVERLAY_2026-08-30/PACIFIC_APRIL_1944-04-16_30/SENSORS/JAPAN_ISR_RESPONSE_TRUK_RAID_1944-04-24_30_WORKING_v001.json
2347	╬ª┬┐├¬╧ä┬½├╣┬╡ΓîÉ╞Æ╧ä├▓Γûæ╬ª├╝Γéº_BRANCH_B_v049_FULL_HANDOFF_1944-08-04T24_2026-09-04/02_ORIGINAL_EXTRACTED_TREE/╬ª┬┐├¬╧ä┬½├╣┬╡ΓîÉ╞Æ╧ä├▓Γûæ╬ª├╝Γéº_BRANCH_B_v048_REAUDIT_FULL_RESUME_1944-02-20T24_2026-08-31/97_CONTINUATION_MASTER_2026-08-30/OVERLAYS/014_╬ª┬┐├¬╧ä┬½├╣┬╡ΓîÉ╞Æ╧ä├▓Γûæ╬ª├╝Γéº_v048_PACIFIC_1944-04-16_30_OVERLAY_2026-08-30/PACIFIC_APRIL_1944-04-16_30/STATE/PARALLEL_THEATER_STATE_1944-04-30T24_WORKING_v001.json
8324	╬ª┬┐├¬╧ä┬½├╣┬╡ΓîÉ╞Æ╧ä├▓Γûæ╬ª├╝Γéº_BRANCH_B_v049_FULL_HANDOFF_1944-08-04T24_2026-09-04/02_ORIGINAL_EXTRACTED_TREE/╬ª┬┐├¬╧ä┬½├╣┬╡ΓîÉ╞Æ╧ä├▓Γûæ╬ª├╝Γéº_BRANCH_B_v048_REAUDIT_FULL_RESUME_1944-02-20T24_2026-08-31/97_CONTINUATION_MASTER_2026-08-30/OVERLAYS/015_╬ª┬┐├¬╧ä┬½├╣┬╡ΓîÉ╞Æ╧ä├▓Γûæ╬ª├╝Γéº_v048_ICHIGO_BRANCH_REAUDIT_1944-04-30_OVERLAY_2026-08-30/ICHIGO_BRANCH_REAUDIT_1944-04-30/CHINA/ICHIGO_BRANCH_QUALITATIVE_REAUDIT_1944-04-30_v001.json
582	╬ª┬┐├¬╧ä┬½├╣┬╡ΓîÉ╞Æ╧ä├▓Γûæ╬ª├╝Γéº_BRANCH_B_v049_FULL_HANDOFF_1944-08-04T24_2026-09-04/02_ORIGINAL_EXTRACTED_TREE/╬ª┬┐├¬╧ä┬½├╣┬╡ΓîÉ╞Æ╧ä├▓Γûæ╬ª├╝Γéº_BRANCH_B_v048_REAUDIT_FULL_RESUME_1944-02-20T24_2026-08-31/97_CONTINUATION_MASTER_2026-08-30/OVERLAYS/015_╬ª┬┐├¬╧ä┬½├╣┬╡ΓîÉ╞Æ╧ä├▓Γûæ╬ª├╝Γéº_v048_ICHIGO_BRANCH_REAUDIT_1944-04-30_OVERLAY_2026-08-30/ICHIGO_BRANCH_REAUDIT_1944-04-30/MANIFEST/ICHIGO_BRANCH_REAUDIT_MANIFEST_1944-04-30_v001.json
320	╬ª┬┐├¬╧ä┬½├╣┬╡ΓîÉ╞Æ╧ä├▓Γûæ╬ª├╝Γéº_BRANCH_B_v049_FULL_HANDOFF_1944-08-04T24_2026-09-04/02_ORIGINAL_EXTRACTED_TREE/╬ª┬┐├¬╧ä┬½├╣┬╡ΓîÉ╞Æ╧ä├▓Γûæ╬ª├╝Γéº_BRANCH_B_v048_REAUDIT_FULL_RESUME_1944-02-20T24_2026-08-31/97_CONTINUATION_MASTER_2026-08-30/OVERLAYS/015_╬ª┬┐├¬╧ä┬½├╣┬╡ΓîÉ╞Æ╧ä├▓Γûæ╬ª├╝Γéº_v048_ICHIGO_BRANCH_REAUDIT_1944-04-30_OVERLAY_2026-08-30/ICHIGO_BRANCH_REAUDIT_1944-04-30/MANIFEST/SHA256SUMS.txt
5229	╬ª┬┐├¬╧ä┬½├╣┬╡ΓîÉ╞Æ╧ä├▓Γûæ╬ª├╝Γéº_BRANCH_B_v049_FULL_HANDOFF_1944-08-04T24_2026-09-04/02_ORIGINAL_EXTRACTED_TREE/╬ª┬┐├¬╧ä┬½├╣┬╡ΓîÉ╞Æ╧ä├▓Γûæ╬ª├╝Γéº_BRANCH_B_v048_REAUDIT_FULL_RESUME_1944-02-20T24_2026-08-31/97_CONTINUATION_MASTER_2026-08-30/OVERLAYS/016_╬ª┬┐├¬╧ä┬½├╣┬╡ΓîÉ╞Æ╧ä├▓Γûæ╬ª├╝Γéº_v048_CHINA_ICHIGO_STATE_DEEP_REAUDIT_1944-04-30_OVERLAY_2026-08-30/CHINA_ICHIGO_STATE_DEEP_REAUDIT_1944-04-30/CHINA/CHONGQING_GOVERNMENT_ECONOMY_FORCE_1944-04-30_WORKING_v001.json
2888	╬ª┬┐├¬╧ä┬½├╣┬╡ΓîÉ╞Æ╧ä├▓Γûæ╬ª├╝Γéº_BRANCH_B_v049_FULL_HANDOFF_1944-08-04T24_2026-09-04/02_ORIGINAL_EXTRACTED_TREE/╬ª┬┐├¬╧ä┬½├╣┬╡ΓîÉ╞Æ╧ä├▓Γûæ╬ª├╝Γéº_BRANCH_B_v048_REAUDIT_FULL_RESUME_1944-02-20T24_2026-08-31/97_CONTINUATION_MASTER_2026-08-30/OVERLAYS/016_╬ª┬┐├¬╧ä┬½├╣┬╡ΓîÉ╞Æ╧ä├▓Γûæ╬ª├╝Γéº_v048_CHINA_ICHIGO_STATE_DEEP_REAUDIT_1944-04-30_OVERLAY_2026-08-30/CHINA_ICHIGO_STATE_DEEP_REAUDIT_1944-04-30/CHINA/FIVE_GO_GROUND_EXCHANGE_HARDWARE_REAUDIT_1943_WORKING_v001.json
6054	╬ª┬┐├¬╧ä┬½├╣┬╡ΓîÉ╞Æ╧ä├▓Γûæ╬ª├╝Γéº_BRANCH_B_v049_FULL_HANDOFF_1944-08-04T24_2026-09-04/02_ORIGINAL_EXTRACTED_TREE/╬ª┬┐├¬╧ä┬½├╣┬╡ΓîÉ╞Æ╧ä├▓Γûæ╬ª├╝Γéº_BRANCH_B_v048_REAUDIT_FULL_RESUME_1944-02-20T24_2026-08-31/97_CONTINUATION_MASTER_2026-08-30/OVERLAYS/016_╬ª┬┐├¬╧ä┬½├╣┬╡ΓîÉ╞Æ╧ä├▓Γûæ╬ª├╝Γéº_v048_CHINA_ICHIGO_STATE_DEEP_REAUDIT_1944-04-30_OVERLAY_2026-08-30/CHINA_ICHIGO_STATE_DEEP_REAUDIT_1944-04-30/CHINA/ICHIGO_DECISION_ORIGIN_AND_LAUNCH_GATE_REOPEN_1943-11_1944-04-30_v002.json
3553	╬ª┬┐├¬╧ä┬½├╣┬╡ΓîÉ╞Æ╧ä├▓Γûæ╬ª├╝Γéº_BRANCH_B_v049_FULL_HANDOFF_1944-08-04T24_2026-09-04/02_ORIGINAL_EXTRACTED_TREE/╬ª┬┐├¬╧ä┬½├╣┬╡ΓîÉ╞Æ╧ä├▓Γûæ╬ª├╝Γéº_BRANCH_B_v048_REAUDIT_FULL_RESUME_1944-02-20T24_2026-08-31/97_CONTINUATION_MASTER_2026-08-30/OVERLAYS/016_╬ª┬┐├¬╧ä┬½├╣┬╡ΓîÉ╞Æ╧ä├▓Γûæ╬ª├╝Γéº_v048_CHINA_ICHIGO_STATE_DEEP_REAUDIT_1944-04-30_OVERLAY_2026-08-30/CHINA_ICHIGO_STATE_DEEP_REAUDIT_1944-04-30/CHINA/NANJING_GOVERNMENT_SECURITY_MANPOWER_1944-04-30_WORKING_v001.json
1589	╬ª┬┐├¬╧ä┬½├╣┬╡ΓîÉ╞Æ╧ä├▓Γûæ╬ª├╝Γéº_BRANCH_B_v049_FULL_HANDOFF_1944-08-04T24_2026-09-04/02_ORIGINAL_EXTRACTED_TREE/╬ª┬┐├¬╧ä┬½├╣┬╡ΓîÉ╞Æ╧ä├▓Γûæ╬ª├╝Γéº_BRANCH_B_v048_REAUDIT_FULL_RESUME_1944-02-20T24_2026-08-31/97_CONTINUATION_MASTER_2026-08-30/OVERLAYS/016_╬ª┬┐├¬╧ä┬½├╣┬╡ΓîÉ╞Æ╧ä├▓Γûæ╬ª├╝Γéº_v048_CHINA_ICHIGO_STATE_DEEP_REAUDIT_1944-04-30_OVERLAY_2026-08-30/CHINA_ICHIGO_STATE_DEEP_REAUDIT_1944-04-30/MANIFEST/CHINA_ICHIGO_STATE_DEEP_REAUDIT_MANIFEST_1944-04-30_v001.json
694	╬ª┬┐├¬╧ä┬½├╣┬╡ΓîÉ╞Æ╧ä├▓Γûæ╬ª├╝Γéº_BRANCH_B_v049_FULL_HANDOFF_1944-08-04T24_2026-09-04/02_ORIGINAL_EXTRACTED_TREE/╬ª┬┐├¬╧ä┬½├╣┬╡ΓîÉ╞Æ╧ä├▓Γûæ╬ª├╝Γéº_BRANCH_B_v048_REAUDIT_FULL_RESUME_1944-02-20T24_2026-08-31/97_CONTINUATION_MASTER_2026-08-30/OVERLAYS/016_╬ª┬┐├¬╧ä┬½├╣┬╡ΓîÉ╞Æ╧ä├▓Γûæ╬ª├╝Γéº_v048_CHINA_ICHIGO_STATE_DEEP_REAUDIT_1944-04-30_OVERLAY_2026-08-30/CHINA_ICHIGO_STATE_DEEP_REAUDIT_1944-04-30/MANIFEST/SHA256SUMS.txt
4367	╬ª┬┐├¬╧ä┬½├╣┬╡ΓîÉ╞Æ╧ä├▓Γûæ╬ª├╝Γéº_BRANCH_B_v049_FULL_HANDOFF_1944-08-04T24_2026-09-04/02_ORIGINAL_EXTRACTED_TREE/╬ª┬┐├¬╧ä┬½├╣┬╡ΓîÉ╞Æ╧ä├▓Γûæ╬ª├╝Γéº_BRANCH_B_v048_REAUDIT_FULL_RESUME_1944-02-20T24_2026-08-31/97_CONTINUATION_MASTER_2026-08-30/OVERLAYS/017_╬ª┬┐├¬╧ä┬½├╣┬╡ΓîÉ╞Æ╧ä├▓Γûæ╬ª├╝Γéº_v048_ICHIGO_TERMINAL_RECONSTRUCTION_1944-03-15_04-30_OVERLAY_2026-08-30/CHINA_ICHIGO_TERMINAL_RECONSTRUCTION_1944-03-15_04-30/CHINA/CHINA_14AF_ICHIGO_DETECTION_INTERDICTION_1944-03-15_04-30_WORKING_v001.json
1684	╬ª┬┐├¬╧ä┬½├╣┬╡ΓîÉ╞Æ╧ä├▓Γûæ╬ª├╝Γéº_BRANCH_B_v049_FULL_HANDOFF_1944-08-04T24_2026-09-04/02_ORIGINAL_EXTRACTED_TREE/╬ª┬┐├¬╧ä┬½├╣┬╡ΓîÉ╞Æ╧ä├▓Γûæ╬ª├╝Γéº_BRANCH_B_v048_REAUDIT_FULL_RESUME_1944-02-20T24_2026-08-31/97_CONTINUATION_MASTER_2026-08-30/OVERLAYS/017_╬ª┬┐├¬╧ä┬½├╣┬╡ΓîÉ╞Æ╧ä├▓Γûæ╬ª├╝Γéº_v048_ICHIGO_TERMINAL_RECONSTRUCTION_1944-03-15_04-30_OVERLAY_2026-08-30/CHINA_ICHIGO_TERMINAL_RECONSTRUCTION_1944-03-15_04-30/CHINA/CHINA_STATE_1944-04-30T24_POST_ICHIGO_LAUNCH_WORKING_v001.json
2789	╬ª┬┐├¬╧ä┬½├╣┬╡ΓîÉ╞Æ╧ä├▓Γûæ╬ª├╝Γéº_BRANCH_B_v049_FULL_HANDOFF_1944-08-04T24_2026-09-04/02_ORIGINAL_EXTRACTED_TREE/╬ª┬┐├¬╧ä┬½├╣┬╡ΓîÉ╞Æ╧ä├▓Γûæ╬ª├╝Γéº_BRANCH_B_v048_REAUDIT_FULL_RESUME_1944-02-20T24_2026-08-31/97_CONTINUATION_MASTER_2026-08-30/OVERLAYS/017_╬ª┬┐├¬╧ä┬½├╣┬╡ΓîÉ╞Æ╧ä├▓Γûæ╬ª├╝Γéº_v048_ICHIGO_TERMINAL_RECONSTRUCTION_1944-03-15_04-30_OVERLAY_2026-08-30/CHINA_ICHIGO_TERMINAL_RECONSTRUCTION_1944-03-15_04-30/CHINA/ICHIGO_HUNAN_LAUNCH_GATE_RESOLUTION_1944-04-28_v001.json
4503	╬ª┬┐├¬╧ä┬½├╣┬╡ΓîÉ╞Æ╧ä├▓Γûæ╬ª├╝Γéº_BRANCH_B_v049_FULL_HANDOFF_1944-08-04T24_2026-09-04/02_ORIGINAL_EXTRACTED_TREE/╬ª┬┐├¬╧ä┬½├╣┬╡ΓîÉ╞Æ╧ä├▓Γûæ╬ª├╝Γéº_BRANCH_B_v048_REAUDIT_FULL_RESUME_1944-02-20T24_2026-08-31/97_CONTINUATION_MASTER_2026-08-30/OVERLAYS/017_╬ª┬┐├¬╧ä┬½├╣┬╡ΓîÉ╞Æ╧ä├▓Γûæ╬ª├╝Γéº_v048_ICHIGO_TERMINAL_RECONSTRUCTION_1944-03-15_04-30_OVERLAY_2026-08-30/CHINA_ICHIGO_TERMINAL_RECONSTRUCTION_1944-03-15_04-30/CHINA/ICHIGO_HUNAN_OPENING_1944-04-28_30_WORKING_v001.json
12124	╬ª┬┐├¬╧ä┬½├╣┬╡ΓîÉ╞Æ╧ä├▓Γûæ╬ª├╝Γéº_BRANCH_B_v049_FULL_HANDOFF_1944-08-04T24_2026-09-04/02_ORIGINAL_EXTRACTED_TREE/╬ª┬┐├¬╧ä┬½├╣┬╡ΓîÉ╞Æ╧ä├▓Γûæ╬ª├╝Γéº_BRANCH_B_v048_REAUDIT_FULL_RESUME_1944-02-20T24_2026-08-31/97_CONTINUATION_MASTER_2026-08-30/OVERLAYS/017_╬ª┬┐├¬╧ä┬½├╣┬╡ΓîÉ╞Æ╧ä├▓Γûæ╬ª├╝Γéº_v048_ICHIGO_TERMINAL_RECONSTRUCTION_1944-03-15_04-30_OVERLAY_2026-08-30/CHINA_ICHIGO_TERMINAL_RECONSTRUCTION_1944-03-15_04-30/CHINA/ICHIGO_HUNAN_TERMINAL_PREPARATION_WEEKLY_1944-03-15_04-28_WORKING_v001.json
1575	╬ª┬┐├¬╧ä┬½├╣┬╡ΓîÉ╞Æ╧ä├▓Γûæ╬ª├╝Γéº_BRANCH_B_v049_FULL_HANDOFF_1944-08-04T24_2026-09-04/02_ORIGINAL_EXTRACTED_TREE/╬ª┬┐├¬╧ä┬½├╣┬╡ΓîÉ╞Æ╧ä├▓Γûæ╬ª├╝Γéº_BRANCH_B_v048_REAUDIT_FULL_RESUME_1944-02-20T24_2026-08-31/97_CONTINUATION_MASTER_2026-08-30/OVERLAYS/017_╬ª┬┐├¬╧ä┬½├╣┬╡ΓîÉ╞Æ╧ä├▓Γûæ╬ª├╝Γéº_v048_ICHIGO_TERMINAL_RECONSTRUCTION_1944-03-15_04-30_OVERLAY_2026-08-30/CHINA_ICHIGO_TERMINAL_RECONSTRUCTION_1944-03-15_04-30/MANIFEST/CHINA_ICHIGO_TERMINAL_RECONSTRUCTION_MANIFEST_1944-04-30_v001.json
827	╬ª┬┐├¬╧ä┬½├╣┬╡ΓîÉ╞Æ╧ä├▓Γûæ╬ª├╝Γéº_BRANCH_B_v049_FULL_HANDOFF_1944-08-04T24_2026-09-04/02_ORIGINAL_EXTRACTED_TREE/╬ª┬┐├¬╧ä┬½├╣┬╡ΓîÉ╞Æ╧ä├▓Γûæ╬ª├╝Γéº_BRANCH_B_v048_REAUDIT_FULL_RESUME_1944-02-20T24_2026-08-31/97_CONTINUATION_MASTER_2026-08-30/OVERLAYS/017_╬ª┬┐├¬╧ä┬½├╣┬╡ΓîÉ╞Æ╧ä├▓Γûæ╬ª├╝Γéº_v048_ICHIGO_TERMINAL_RECONSTRUCTION_1944-03-15_04-30_OVERLAY_2026-08-30/CHINA_ICHIGO_TERMINAL_RECONSTRUCTION_1944-03-15_04-30/MANIFEST/SHA256SUMS.txt
2076	╬ª┬┐├¬╧ä┬½├╣┬╡ΓîÉ╞Æ╧ä├▓Γûæ╬ª├╝Γéº_BRANCH_B_v049_FULL_HANDOFF_1944-08-04T24_2026-09-04/02_ORIGINAL_EXTRACTED_TREE/╬ª┬┐├¬╧ä┬½├╣┬╡ΓîÉ╞Æ╧ä├▓Γûæ╬ª├╝Γéº_BRANCH_B_v048_REAUDIT_FULL_RESUME_1944-02-20T24_2026-08-31/97_CONTINUATION_MASTER_2026-08-30/OVERLAYS/018_╬ª┬┐├¬╧ä┬½├╣┬╡ΓîÉ╞Æ╧ä├▓Γûæ╬ª├╝Γéº_v048_ICHIGO_PHASE_A_1944-05-01_10_OVERLAY_2026-08-30/CHINA_ICHIGO_PHASE_A_1944-05-01_10/CHINA/CHINA_14AF_HUNAN_INTERDICTION_1944-05-01_10_WORKING_v001.json
2116	╬ª┬┐├¬╧ä┬½├╣┬╡ΓîÉ╞Æ╧ä├▓Γûæ╬ª├╝Γéº_BRANCH_B_v049_FULL_HANDOFF_1944-08-04T24_2026-09-04/02_ORIGINAL_EXTRACTED_TREE/╬ª┬┐├¬╧ä┬½├╣┬╡ΓîÉ╞Æ╧ä├▓Γûæ╬ª├╝Γéº_BRANCH_B_v048_REAUDIT_FULL_RESUME_1944-02-20T24_2026-08-31/97_CONTINUATION_MASTER_2026-08-30/OVERLAYS/018_╬ª┬┐├¬╧ä┬½├╣┬╡ΓîÉ╞Æ╧ä├▓Γûæ╬ª├╝Γéº_v048_ICHIGO_PHASE_A_1944-05-01_10_OVERLAY_2026-08-30/CHINA_ICHIGO_PHASE_A_1944-05-01_10/CHINA/CHINA_IX_WAR_AREA_FORCE_PRESERVATION_1944-05-01_10_WORKING_v001.json
5267	╬ª┬┐├¬╧ä┬½├╣┬╡ΓîÉ╞Æ╧ä├▓Γûæ╬ª├╝Γéº_BRANCH_B_v049_FULL_HANDOFF_1944-08-04T24_2026-09-04/02_ORIGINAL_EXTRACTED_TREE/╬ª┬┐├¬╧ä┬½├╣┬╡ΓîÉ╞Æ╧ä├▓Γûæ╬ª├╝Γéº_BRANCH_B_v048_REAUDIT_FULL_RESUME_1944-02-20T24_2026-08-31/97_CONTINUATION_MASTER_2026-08-30/OVERLAYS/018_╬ª┬┐├¬╧ä┬½├╣┬╡ΓîÉ╞Æ╧ä├▓Γûæ╬ª├╝Γéº_v048_ICHIGO_PHASE_A_1944-05-01_10_OVERLAY_2026-08-30/CHINA_ICHIGO_PHASE_A_1944-05-01_10/CHINA/ICHIGO_HUNAN_PHASE_A_1944-05-01_10_WORKING_v001.json
1256	╬ª┬┐├¬╧ä┬½├╣┬╡ΓîÉ╞Æ╧ä├▓Γûæ╬ª├╝Γéº_BRANCH_B_v049_FULL_HANDOFF_1944-08-04T24_2026-09-04/02_ORIGINAL_EXTRACTED_TREE/╬ª┬┐├¬╧ä┬½├╣┬╡ΓîÉ╞Æ╧ä├▓Γûæ╬ª├╝Γéº_BRANCH_B_v048_REAUDIT_FULL_RESUME_1944-02-20T24_2026-08-31/97_CONTINUATION_MASTER_2026-08-30/OVERLAYS/018_╬ª┬┐├¬╧ä┬½├╣┬╡ΓîÉ╞Æ╧ä├▓Γûæ╬ª├╝Γéº_v048_ICHIGO_PHASE_A_1944-05-01_10_OVERLAY_2026-08-30/CHINA_ICHIGO_PHASE_A_1944-05-01_10/CHINA/NANJING_HUNAN_REAR_SECURITY_1944-05-01_10_WORKING_v001.json
1262	╬ª┬┐├¬╧ä┬½├╣┬╡ΓîÉ╞Æ╧ä├▓Γûæ╬ª├╝Γéº_BRANCH_B_v049_FULL_HANDOFF_1944-08-04T24_2026-09-04/02_ORIGINAL_EXTRACTED_TREE/╬ª┬┐├¬╧ä┬½├╣┬╡ΓîÉ╞Æ╧ä├▓Γûæ╬ª├╝Γéº_BRANCH_B_v048_REAUDIT_FULL_RESUME_1944-02-20T24_2026-08-31/97_CONTINUATION_MASTER_2026-08-30/OVERLAYS/018_╬ª┬┐├¬╧ä┬½├╣┬╡ΓîÉ╞Æ╧ä├▓Γûæ╬ª├╝Γéº_v048_ICHIGO_PHASE_A_1944-05-01_10_OVERLAY_2026-08-30/CHINA_ICHIGO_PHASE_A_1944-05-01_10/MANIFEST/CHINA_ICHIGO_PHASE_A_1944-05-01_10_MANIFEST_v001.json
911	╬ª┬┐├¬╧ä┬½├╣┬╡ΓîÉ╞Æ╧ä├▓Γûæ╬ª├╝Γéº_BRANCH_B_v049_FULL_HANDOFF_1944-08-04T24_2026-09-04/02_ORIGINAL_EXTRACTED_TREE/╬ª┬┐├¬╧ä┬½├╣┬╡ΓîÉ╞Æ╧ä├▓Γûæ╬ª├╝Γéº_BRANCH_B_v048_REAUDIT_FULL_RESUME_1944-02-20T24_2026-08-31/97_CONTINUATION_MASTER_2026-08-30/OVERLAYS/018_╬ª┬┐├¬╧ä┬½├╣┬╡ΓîÉ╞Æ╧ä├▓Γûæ╬ª├╝Γéº_v048_ICHIGO_PHASE_A_1944-05-01_10_OVERLAY_2026-08-30/CHINA_ICHIGO_PHASE_A_1944-05-01_10/MANIFEST/SHA256SUMS.txt
1971	╬ª┬┐├¬╧ä┬½├╣┬╡ΓîÉ╞Æ╧ä├▓Γûæ╬ª├╝Γéº_BRANCH_B_v049_FULL_HANDOFF_1944-08-04T24_2026-09-04/02_ORIGINAL_EXTRACTED_TREE/╬ª┬┐├¬╧ä┬½├╣┬╡ΓîÉ╞Æ╧ä├▓Γûæ╬ª├╝Γéº_BRANCH_B_v048_REAUDIT_FULL_RESUME_1944-02-20T24_2026-08-31/97_CONTINUATION_MASTER_2026-08-30/OVERLAYS/018_╬ª┬┐├¬╧ä┬½├╣┬╡ΓîÉ╞Æ╧ä├▓Γûæ╬ª├╝Γéº_v048_ICHIGO_PHASE_A_1944-05-01_10_OVERLAY_2026-08-30/CHINA_ICHIGO_PHASE_A_1944-05-01_10/PACIFIC/PACIFIC_PARALLEL_1944-05-01_10_WORKING_v001.json
1977	╬ª┬┐├¬╧ä┬½├╣┬╡ΓîÉ╞Æ╧ä├▓Γûæ╬ª├╝Γéº_BRANCH_B_v049_FULL_HANDOFF_1944-08-04T24_2026-09-04/02_ORIGINAL_EXTRACTED_TREE/╬ª┬┐├¬╧ä┬½├╣┬╡ΓîÉ╞Æ╧ä├▓Γûæ╬ª├╝Γéº_BRANCH_B_v048_REAUDIT_FULL_RESUME_1944-02-20T24_2026-08-31/97_CONTINUATION_MASTER_2026-08-30/OVERLAYS/018_╬ª┬┐├¬╧ä┬½├╣┬╡ΓîÉ╞Æ╧ä├▓Γûæ╬ª├╝Γéº_v048_ICHIGO_PHASE_A_1944-05-01_10_OVERLAY_2026-08-30/CHINA_ICHIGO_PHASE_A_1944-05-01_10/STATE/PARALLEL_THEATER_STATE_1944-05-10T24_WORKING_v001.json
2206	╬ª┬┐├¬╧ä┬½├╣┬╡ΓîÉ╞Æ╧ä├▓Γûæ╬ª├╝Γéº_BRANCH_B_v049_FULL_HANDOFF_1944-08-04T24_2026-09-04/02_ORIGINAL_EXTRACTED_TREE/╬ª┬┐├¬╧ä┬½├╣┬╡ΓîÉ╞Æ╧ä├▓Γûæ╬ª├╝Γéº_BRANCH_B_v048_REAUDIT_FULL_RESUME_1944-02-20T24_2026-08-31/97_CONTINUATION_MASTER_2026-08-30/OVERLAYS/019_╬ª┬┐├¬╧ä┬½├╣┬╡ΓîÉ╞Æ╧ä├▓Γûæ╬ª├╝Γéº_v048_PROGRESS_1944-05-11_18_OVERLAY_2026-08-30/CHINA_PACIFIC_PROGRESS_1944-05-11_18/CHINA/CHINA_14AF_CHANGSHA_INTERDICTION_WITHDRAWAL_1944-05-11_18_WORKING_v001.json
810	╬ª┬┐├¬╧ä┬½├╣┬╡ΓîÉ╞Æ╧ä├▓Γûæ╬ª├╝Γéº_BRANCH_B_v049_FULL_HANDOFF_1944-08-04T24_2026-09-04/02_ORIGINAL_EXTRACTED_TREE/╬ª┬┐├¬╧ä┬½├╣┬╡ΓîÉ╞Æ╧ä├▓Γûæ╬ª├╝Γéº_BRANCH_B_v048_REAUDIT_FULL_RESUME_1944-02-20T24_2026-08-31/97_CONTINUATION_MASTER_2026-08-30/OVERLAYS/019_╬ª┬┐├¬╧ä┬½├╣┬╡ΓîÉ╞Æ╧ä├▓Γûæ╬ª├╝Γéº_v048_PROGRESS_1944-05-11_18_OVERLAY_2026-08-30/CHINA_PACIFIC_PROGRESS_1944-05-11_18/CHINA/CHINA_AIR_LOSS_BAND_RECONCILIATION_1944-05-01_10_v001.json
1576	╬ª┬┐├¬╧ä┬½├╣┬╡ΓîÉ╞Æ╧ä├▓Γûæ╬ª├╝Γéº_BRANCH_B_v049_FULL_HANDOFF_1944-08-04T24_2026-09-04/02_ORIGINAL_EXTRACTED_TREE/╬ª┬┐├¬╧ä┬½├╣┬╡ΓîÉ╞Æ╧ä├▓Γûæ╬ª├╝Γéº_BRANCH_B_v048_REAUDIT_FULL_RESUME_1944-02-20T24_2026-08-31/97_CONTINUATION_MASTER_2026-08-30/OVERLAYS/019_╬ª┬┐├¬╧ä┬½├╣┬╡ΓîÉ╞Æ╧ä├▓Γûæ╬ª├╝Γéº_v048_PROGRESS_1944-05-11_18_OVERLAY_2026-08-30/CHINA_PACIFIC_PROGRESS_1944-05-11_18/CHINA/CHINA_IX_WAR_AREA_POST_CHANGSHA_1944-05-18_WORKING_v001.json
5785	╬ª┬┐├¬╧ä┬½├╣┬╡ΓîÉ╞Æ╧ä├▓Γûæ╬ª├╝Γéº_BRANCH_B_v049_FULL_HANDOFF_1944-08-04T24_2026-09-04/02_ORIGINAL_EXTRACTED_TREE/╬ª┬┐├¬╧ä┬½├╣┬╡ΓîÉ╞Æ╧ä├▓Γûæ╬ª├╝Γéº_BRANCH_B_v048_REAUDIT_FULL_RESUME_1944-02-20T24_2026-08-31/97_CONTINUATION_MASTER_2026-08-30/OVERLAYS/019_╬ª┬┐├¬╧ä┬½├╣┬╡ΓîÉ╞Æ╧ä├▓Γûæ╬ª├╝Γéº_v048_PROGRESS_1944-05-11_18_OVERLAY_2026-08-30/CHINA_PACIFIC_PROGRESS_1944-05-11_18/CHINA/ICHIGO_HUNAN_PHASE_A_CLOSEOUT_1944-05-11_18_WORKING_v001.json
1290	╬ª┬┐├¬╧ä┬½├╣┬╡ΓîÉ╞Æ╧ä├▓Γûæ╬ª├╝Γéº_BRANCH_B_v049_FULL_HANDOFF_1944-08-04T24_2026-09-04/02_ORIGINAL_EXTRACTED_TREE/╬ª┬┐├¬╧ä┬½├╣┬╡ΓîÉ╞Æ╧ä├▓Γûæ╬ª├╝Γéº_BRANCH_B_v048_REAUDIT_FULL_RESUME_1944-02-20T24_2026-08-31/97_CONTINUATION_MASTER_2026-08-30/OVERLAYS/019_╬ª┬┐├¬╧ä┬½├╣┬╡ΓîÉ╞Æ╧ä├▓Γûæ╬ª├╝Γéº_v048_PROGRESS_1944-05-11_18_OVERLAY_2026-08-30/CHINA_PACIFIC_PROGRESS_1944-05-11_18/CHINA/NANJING_HUNAN_REAR_SECURITY_1944-05-11_18_WORKING_v001.json
1898	╬ª┬┐├¬╧ä┬½├╣┬╡ΓîÉ╞Æ╧ä├▓Γûæ╬ª├╝Γéº_BRANCH_B_v049_FULL_HANDOFF_1944-08-04T24_2026-09-04/02_ORIGINAL_EXTRACTED_TREE/╬ª┬┐├¬╧ä┬½├╣┬╡ΓîÉ╞Æ╧ä├▓Γûæ╬ª├╝Γéº_BRANCH_B_v048_REAUDIT_FULL_RESUME_1944-02-20T24_2026-08-31/97_CONTINUATION_MASTER_2026-08-30/OVERLAYS/019_╬ª┬┐├¬╧ä┬½├╣┬╡ΓîÉ╞Æ╧ä├▓Γûæ╬ª├╝Γéº_v048_PROGRESS_1944-05-11_18_OVERLAY_2026-08-30/CHINA_PACIFIC_PROGRESS_1944-05-11_18/MANIFEST/CHINA_PACIFIC_PROGRESS_1944-05-11_18_MANIFEST_v001.json
1213	╬ª┬┐├¬╧ä┬½├╣┬╡ΓîÉ╞Æ╧ä├▓Γûæ╬ª├╝Γéº_BRANCH_B_v049_FULL_HANDOFF_1944-08-04T24_2026-09-04/02_ORIGINAL_EXTRACTED_TREE/╬ª┬┐├¬╧ä┬½├╣┬╡ΓîÉ╞Æ╧ä├▓Γûæ╬ª├╝Γéº_BRANCH_B_v048_REAUDIT_FULL_RESUME_1944-02-20T24_2026-08-31/97_CONTINUATION_MASTER_2026-08-30/OVERLAYS/019_╬ª┬┐├¬╧ä┬½├╣┬╡ΓîÉ╞Æ╧ä├▓Γûæ╬ª├╝Γéº_v048_PROGRESS_1944-05-11_18_OVERLAY_2026-08-30/CHINA_PACIFIC_PROGRESS_1944-05-11_18/MANIFEST/SHA256SUMS.txt
3408	╬ª┬┐├¬╧ä┬½├╣┬╡ΓîÉ╞Æ╧ä├▓Γûæ╬ª├╝Γéº_BRANCH_B_v049_FULL_HANDOFF_1944-08-04T24_2026-09-04/02_ORIGINAL_EXTRACTED_TREE/╬ª┬┐├¬╧ä┬½├╣┬╡ΓîÉ╞Æ╧ä├▓Γûæ╬ª├╝Γéº_BRANCH_B_v048_REAUDIT_FULL_RESUME_1944-02-20T24_2026-08-31/97_CONTINUATION_MASTER_2026-08-30/OVERLAYS/019_╬ª┬┐├¬╧ä┬½├╣┬╡ΓîÉ╞Æ╧ä├▓Γûæ╬ª├╝Γéº_v048_PROGRESS_1944-05-11_18_OVERLAY_2026-08-30/CHINA_PACIFIC_PROGRESS_1944-05-11_18/PACIFIC/PACIFIC_MOBILE_FLEET_SULU_SHIFT_1944-05-11_18_WORKING_v001.json
1767	╬ª┬┐├¬╧ä┬½├╣┬╡ΓîÉ╞Æ╧ä├▓Γûæ╬ª├╝Γéº_BRANCH_B_v049_FULL_HANDOFF_1944-08-04T24_2026-09-04/02_ORIGINAL_EXTRACTED_TREE/╬ª┬┐├¬╧ä┬½├╣┬╡ΓîÉ╞Æ╧ä├▓Γûæ╬ª├╝Γéº_BRANCH_B_v048_REAUDIT_FULL_RESUME_1944-02-20T24_2026-08-31/97_CONTINUATION_MASTER_2026-08-30/OVERLAYS/019_╬ª┬┐├¬╧ä┬½├╣┬╡ΓîÉ╞Æ╧ä├▓Γûæ╬ª├╝Γéº_v048_PROGRESS_1944-05-11_18_OVERLAY_2026-08-30/CHINA_PACIFIC_PROGRESS_1944-05-11_18/PACIFIC/US_TG58_6_AND_FAST_DECK_PIPELINE_1944-05-14_18_WORKING_v001.json
1985	╬ª┬┐├¬╧ä┬½├╣┬╡ΓîÉ╞Æ╧ä├▓Γûæ╬ª├╝Γéº_BRANCH_B_v049_FULL_HANDOFF_1944-08-04T24_2026-09-04/02_ORIGINAL_EXTRACTED_TREE/╬ª┬┐├¬╧ä┬½├╣┬╡ΓîÉ╞Æ╧ä├▓Γûæ╬ª├╝Γéº_BRANCH_B_v048_REAUDIT_FULL_RESUME_1944-02-20T24_2026-08-31/97_CONTINUATION_MASTER_2026-08-30/OVERLAYS/019_╬ª┬┐├¬╧ä┬½├╣┬╡ΓîÉ╞Æ╧ä├▓Γûæ╬ª├╝Γéº_v048_PROGRESS_1944-05-11_18_OVERLAY_2026-08-30/CHINA_PACIFIC_PROGRESS_1944-05-11_18/STATE/PARALLEL_THEATER_STATE_1944-05-18T24_WORKING_v001.json
2911	╬ª┬┐├¬╧ä┬½├╣┬╡ΓîÉ╞Æ╧ä├▓Γûæ╬ª├╝Γéº_BRANCH_B_v049_FULL_HANDOFF_1944-08-04T24_2026-09-04/02_ORIGINAL_EXTRACTED_TREE/╬ª┬┐├¬╧ä┬½├╣┬╡ΓîÉ╞Æ╧ä├▓Γûæ╬ª├╝Γéº_BRANCH_B_v048_REAUDIT_FULL_RESUME_1944-02-20T24_2026-08-31/97_CONTINUATION_MASTER_2026-08-30/OVERLAYS/020_╬ª┬┐├¬╧ä┬½├╣┬╡ΓîÉ╞Æ╧ä├▓Γûæ╬ª├╝Γéº_v048_PROGRESS_1944-05-19_24_OVERLAY_2026-08-30/CHINA_PACIFIC_PROGRESS_1944-05-19_24/CHINA/CHANGSHA_NODE_TRANSFER_1944-05-19_24_WORKING_v001.json
2182	╬ª┬┐├¬╧ä┬½├╣┬╡ΓîÉ╞Æ╧ä├▓Γûæ╬ª├╝Γéº_BRANCH_B_v049_FULL_HANDOFF_1944-08-04T24_2026-09-04/02_ORIGINAL_EXTRACTED_TREE/╬ª┬┐├¬╧ä┬½├╣┬╡ΓîÉ╞Æ╧ä├▓Γûæ╬ª├╝Γéº_BRANCH_B_v048_REAUDIT_FULL_RESUME_1944-02-20T24_2026-08-31/97_CONTINUATION_MASTER_2026-08-30/OVERLAYS/020_╬ª┬┐├¬╧ä┬½├╣┬╡ΓîÉ╞Æ╧ä├▓Γûæ╬ª├╝Γéº_v048_PROGRESS_1944-05-19_24_OVERLAY_2026-08-30/CHINA_PACIFIC_PROGRESS_1944-05-19_24/CHINA/ICHIGO_HENGYANG_PHASE_B_GATE_1944-05-19_24_WORKING_v001.json
1098	╬ª┬┐├¬╧ä┬½├╣┬╡ΓîÉ╞Æ╧ä├▓Γûæ╬ª├╝Γéº_BRANCH_B_v049_FULL_HANDOFF_1944-08-04T24_2026-09-04/02_ORIGINAL_EXTRACTED_TREE/╬ª┬┐├¬╧ä┬½├╣┬╡ΓîÉ╞Æ╧ä├▓Γûæ╬ª├╝Γéº_BRANCH_B_v048_REAUDIT_FULL_RESUME_1944-02-20T24_2026-08-31/97_CONTINUATION_MASTER_2026-08-30/OVERLAYS/020_╬ª┬┐├¬╧ä┬½├╣┬╡ΓîÉ╞Æ╧ä├▓Γûæ╬ª├╝Γéº_v048_PROGRESS_1944-05-19_24_OVERLAY_2026-08-30/CHINA_PACIFIC_PROGRESS_1944-05-19_24/CHINA/NANJING_CHANGSHA_ADMIN_SECURITY_TRANSFER_1944-05-19_24_WORKING_v001.json
2009	╬ª┬┐├¬╧ä┬½├╣┬╡ΓîÉ╞Æ╧ä├▓Γûæ╬ª├╝Γéº_BRANCH_B_v049_FULL_HANDOFF_1944-08-04T24_2026-09-04/02_ORIGINAL_EXTRACTED_TREE/╬ª┬┐├¬╧ä┬½├╣┬╡ΓîÉ╞Æ╧ä├▓Γûæ╬ª├╝Γéº_BRANCH_B_v048_REAUDIT_FULL_RESUME_1944-02-20T24_2026-08-31/97_CONTINUATION_MASTER_2026-08-30/OVERLAYS/020_╬ª┬┐├¬╧ä┬½├╣┬╡ΓîÉ╞Æ╧ä├▓Γûæ╬ª├╝Γéº_v048_PROGRESS_1944-05-19_24_OVERLAY_2026-08-30/CHINA_PACIFIC_PROGRESS_1944-05-19_24/MANIFEST/CHINA_PACIFIC_PROGRESS_1944-05-19_24_MANIFEST_v001.json
1065	╬ª┬┐├¬╧ä┬½├╣┬╡ΓîÉ╞Æ╧ä├▓Γûæ╬ª├╝Γéº_BRANCH_B_v049_FULL_HANDOFF_1944-08-04T24_2026-09-04/02_ORIGINAL_EXTRACTED_TREE/╬ª┬┐├¬╧ä┬½├╣┬╡ΓîÉ╞Æ╧ä├▓Γûæ╬ª├╝Γéº_BRANCH_B_v048_REAUDIT_FULL_RESUME_1944-02-20T24_2026-08-31/97_CONTINUATION_MASTER_2026-08-30/OVERLAYS/020_╬ª┬┐├¬╧ä┬½├╣┬╡ΓîÉ╞Æ╧ä├▓Γûæ╬ª├╝Γéº_v048_PROGRESS_1944-05-19_24_OVERLAY_2026-08-30/CHINA_PACIFIC_PROGRESS_1944-05-19_24/MANIFEST/SHA256SUMS.txt
1706	╬ª┬┐├¬╧ä┬½├╣┬╡ΓîÉ╞Æ╧ä├▓Γûæ╬ª├╝Γéº_BRANCH_B_v049_FULL_HANDOFF_1944-08-04T24_2026-09-04/02_ORIGINAL_EXTRACTED_TREE/╬ª┬┐├¬╧ä┬½├╣┬╡ΓîÉ╞Æ╧ä├▓Γûæ╬ª├╝Γéº_BRANCH_B_v048_REAUDIT_FULL_RESUME_1944-02-20T24_2026-08-31/97_CONTINUATION_MASTER_2026-08-30/OVERLAYS/020_╬ª┬┐├¬╧ä┬½├╣┬╡ΓîÉ╞Æ╧ä├▓Γûæ╬ª├╝Γéº_v048_PROGRESS_1944-05-19_24_OVERLAY_2026-08-30/CHINA_PACIFIC_PROGRESS_1944-05-19_24/PACIFIC/JAPAN_ISR_FORAGER_WARNING_1944-05-19_24_WORKING_v001.json
2246	╬ª┬┐├¬╧ä┬½├╣┬╡ΓîÉ╞Æ╧ä├▓Γûæ╬ª├╝Γéº_BRANCH_B_v049_FULL_HANDOFF_1944-08-04T24_2026-09-04/02_ORIGINAL_EXTRACTED_TREE/╬ª┬┐├¬╧ä┬½├╣┬╡ΓîÉ╞Æ╧ä├▓Γûæ╬ª├╝Γéº_BRANCH_B_v048_REAUDIT_FULL_RESUME_1944-02-20T24_2026-08-31/97_CONTINUATION_MASTER_2026-08-30/OVERLAYS/020_╬ª┬┐├¬╧ä┬½├╣┬╡ΓîÉ╞Æ╧ä├▓Γûæ╬ª├╝Γéº_v048_PROGRESS_1944-05-19_24_OVERLAY_2026-08-30/CHINA_PACIFIC_PROGRESS_1944-05-19_24/PACIFIC/US_FORAGER_STRATEGIC_RECONFIRMATION_1944-05-19_24_WORKING_v001.json
1865	╬ª┬┐├¬╧ä┬½├╣┬╡ΓîÉ╞Æ╧ä├▓Γûæ╬ª├╝Γéº_BRANCH_B_v049_FULL_HANDOFF_1944-08-04T24_2026-09-04/02_ORIGINAL_EXTRACTED_TREE/╬ª┬┐├¬╧ä┬½├╣┬╡ΓîÉ╞Æ╧ä├▓Γûæ╬ª├╝Γéº_BRANCH_B_v048_REAUDIT_FULL_RESUME_1944-02-20T24_2026-08-31/97_CONTINUATION_MASTER_2026-08-30/OVERLAYS/020_╬ª┬┐├¬╧ä┬½├╣┬╡ΓîÉ╞Æ╧ä├▓Γûæ╬ª├╝Γéº_v048_PROGRESS_1944-05-19_24_OVERLAY_2026-08-30/CHINA_PACIFIC_PROGRESS_1944-05-19_24/PACIFIC/US_TG58_6_MARCUS_WAKE_1944-05-19_24_WORKING_v001.json
1737	╬ª┬┐├¬╧ä┬½├╣┬╡ΓîÉ╞Æ╧ä├▓Γûæ╬ª├╝Γéº_BRANCH_B_v049_FULL_HANDOFF_1944-08-04T24_2026-09-04/02_ORIGINAL_EXTRACTED_TREE/╬ª┬┐├¬╧ä┬½├╣┬╡ΓîÉ╞Æ╧ä├▓Γûæ╬ª├╝Γéº_BRANCH_B_v048_REAUDIT_FULL_RESUME_1944-02-20T24_2026-08-31/97_CONTINUATION_MASTER_2026-08-30/OVERLAYS/020_╬ª┬┐├¬╧ä┬½├╣┬╡ΓîÉ╞Æ╧ä├▓Γûæ╬ª├╝Γéº_v048_PROGRESS_1944-05-19_24_OVERLAY_2026-08-30/CHINA_PACIFIC_PROGRESS_1944-05-19_24/STATE/PARALLEL_THEATER_STATE_1944-05-24T24_WORKING_v001.json
975	╬ª┬┐├¬╧ä┬½├╣┬╡ΓîÉ╞Æ╧ä├▓Γûæ╬ª├╝Γéº_BRANCH_B_v049_FULL_HANDOFF_1944-08-04T24_2026-09-04/02_ORIGINAL_EXTRACTED_TREE/╬ª┬┐├¬╧ä┬½├╣┬╡ΓîÉ╞Æ╧ä├▓Γûæ╬ª├╝Γéº_BRANCH_B_v048_REAUDIT_FULL_RESUME_1944-02-20T24_2026-08-31/97_CONTINUATION_MASTER_2026-08-30/OVERLAYS/021_╬ª┬┐├¬╧ä┬½├╣┬╡ΓîÉ╞Æ╧ä├▓Γûæ╬ª├╝Γéº_v048_WEAPONS_TECH_YANAGI_REAUDIT_1944-05-24_OVERLAY_2026-08-30/WEAPONS_TECH_YANAGI_REAUDIT_1944-05-24/MANIFEST/MANIFEST_v001.json
579	╬ª┬┐├¬╧ä┬½├╣┬╡ΓîÉ╞Æ╧ä├▓Γûæ╬ª├╝Γéº_BRANCH_B_v049_FULL_HANDOFF_1944-08-04T24_2026-09-04/02_ORIGINAL_EXTRACTED_TREE/╬ª┬┐├¬╧ä┬½├╣┬╡ΓîÉ╞Æ╧ä├▓Γûæ╬ª├╝Γéº_BRANCH_B_v048_REAUDIT_FULL_RESUME_1944-02-20T24_2026-08-31/97_CONTINUATION_MASTER_2026-08-30/OVERLAYS/021_╬ª┬┐├¬╧ä┬½├╣┬╡ΓîÉ╞Æ╧ä├▓Γûæ╬ª├╝Γéº_v048_WEAPONS_TECH_YANAGI_REAUDIT_1944-05-24_OVERLAY_2026-08-30/WEAPONS_TECH_YANAGI_REAUDIT_1944-05-24/MANIFEST/SHA256SUMS.txt
3074	╬ª┬┐├¬╧ä┬½├╣┬╡ΓîÉ╞Æ╧ä├▓Γûæ╬ª├╝Γéº_BRANCH_B_v049_FULL_HANDOFF_1944-08-04T24_2026-09-04/02_ORIGINAL_EXTRACTED_TREE/╬ª┬┐├¬╧ä┬½├╣┬╡ΓîÉ╞Æ╧ä├▓Γûæ╬ª├╝Γéº_BRANCH_B_v048_REAUDIT_FULL_RESUME_1944-02-20T24_2026-08-31/97_CONTINUATION_MASTER_2026-08-30/OVERLAYS/021_╬ª┬┐├¬╧ä┬½├╣┬╡ΓîÉ╞Æ╧ä├▓Γûæ╬ª├╝Γéº_v048_WEAPONS_TECH_YANAGI_REAUDIT_1944-05-24_OVERLAY_2026-08-30/WEAPONS_TECH_YANAGI_REAUDIT_1944-05-24/SPECIAL_STRIKE/I400_SEIRAN_STRIKE_GATE_1944-05-24_v002.json
2158	╬ª┬┐├¬╧ä┬½├╣┬╡ΓîÉ╞Æ╧ä├▓Γûæ╬ª├╝Γéº_BRANCH_B_v049_FULL_HANDOFF_1944-08-04T24_2026-09-04/02_ORIGINAL_EXTRACTED_TREE/╬ª┬┐├¬╧ä┬½├╣┬╡ΓîÉ╞Æ╧ä├▓Γûæ╬ª├╝Γéº_BRANCH_B_v048_REAUDIT_FULL_RESUME_1944-02-20T24_2026-08-31/97_CONTINUATION_MASTER_2026-08-30/OVERLAYS/021_╬ª┬┐├¬╧ä┬½├╣┬╡ΓîÉ╞Æ╧ä├▓Γûæ╬ª├╝Γéº_v048_WEAPONS_TECH_YANAGI_REAUDIT_1944-05-24_OVERLAY_2026-08-30/WEAPONS_TECH_YANAGI_REAUDIT_1944-05-24/WEAPONS/TECH_CONFLICT_REPAIR_1944-05-24_v001.json
11357	╬ª┬┐├¬╧ä┬½├╣┬╡ΓîÉ╞Æ╧ä├▓Γûæ╬ª├╝Γéº_BRANCH_B_v049_FULL_HANDOFF_1944-08-04T24_2026-09-04/02_ORIGINAL_EXTRACTED_TREE/╬ª┬┐├¬╧ä┬½├╣┬╡ΓîÉ╞Æ╧ä├▓Γûæ╬ª├╝Γéº_BRANCH_B_v048_REAUDIT_FULL_RESUME_1944-02-20T24_2026-08-31/97_CONTINUATION_MASTER_2026-08-30/OVERLAYS/021_╬ª┬┐├¬╧ä┬½├╣┬╡ΓîÉ╞Æ╧ä├▓Γûæ╬ª├╝Γéº_v048_WEAPONS_TECH_YANAGI_REAUDIT_1944-05-24_OVERLAY_2026-08-30/WEAPONS_TECH_YANAGI_REAUDIT_1944-05-24/WEAPONS/WEAPONS_TECH_PRODUCTION_STATE_1944-05-24_v001.json
6442	╬ª┬┐├¬╧ä┬½├╣┬╡ΓîÉ╞Æ╧ä├▓Γûæ╬ª├╝Γéº_BRANCH_B_v049_FULL_HANDOFF_1944-08-04T24_2026-09-04/02_ORIGINAL_EXTRACTED_TREE/╬ª┬┐├¬╧ä┬½├╣┬╡ΓîÉ╞Æ╧ä├▓Γûæ╬ª├╝Γéº_BRANCH_B_v048_REAUDIT_FULL_RESUME_1944-02-20T24_2026-08-31/97_CONTINUATION_MASTER_2026-08-30/OVERLAYS/021_╬ª┬┐├¬╧ä┬½├╣┬╡ΓîÉ╞Æ╧ä├▓Γûæ╬ª├╝Γéº_v048_WEAPONS_TECH_YANAGI_REAUDIT_1944-05-24_OVERLAY_2026-08-30/WEAPONS_TECH_YANAGI_REAUDIT_1944-05-24/YANAGI/YANAGI_ROUTE_TECH_STATE_1944-05-24_v002.json
2348	╬ª┬┐├¬╧ä┬½├╣┬╡ΓîÉ╞Æ╧ä├▓Γûæ╬ª├╝Γéº_BRANCH_B_v049_FULL_HANDOFF_1944-08-04T24_2026-09-04/02_ORIGINAL_EXTRACTED_TREE/╬ª┬┐├¬╧ä┬½├╣┬╡ΓîÉ╞Æ╧ä├▓Γûæ╬ª├╝Γéº_BRANCH_B_v048_REAUDIT_FULL_RESUME_1944-02-20T24_2026-08-31/97_CONTINUATION_MASTER_2026-08-30/OVERLAYS/022_╬ª┬┐├¬╧ä┬½├╣┬╡ΓîÉ╞Æ╧ä├▓Γûæ╬ª├╝Γéº_v048_PROGRESS_1944-05-25_06-05_OVERLAY_2026-08-30/CHINA_PACIFIC_PROGRESS_1944-05-25_06-05/CHINA/HUNAN_NODE_TRANSFER_STATE_1944-06-05_WORKING_v001.json
3935	╬ª┬┐├¬╧ä┬½├╣┬╡ΓîÉ╞Æ╧ä├▓Γûæ╬ª├╝Γéº_BRANCH_B_v049_FULL_HANDOFF_1944-08-04T24_2026-09-04/02_ORIGINAL_EXTRACTED_TREE/╬ª┬┐├¬╧ä┬½├╣┬╡ΓîÉ╞Æ╧ä├▓Γûæ╬ª├╝Γéº_BRANCH_B_v048_REAUDIT_FULL_RESUME_1944-02-20T24_2026-08-31/97_CONTINUATION_MASTER_2026-08-30/OVERLAYS/022_╬ª┬┐├¬╧ä┬½├╣┬╡ΓîÉ╞Æ╧ä├▓Γûæ╬ª├╝Γéº_v048_PROGRESS_1944-05-25_06-05_OVERLAY_2026-08-30/CHINA_PACIFIC_PROGRESS_1944-05-25_06-05/CHINA/ICHIGO_HENGYANG_APPROACH_1944-05-25_06-05_WORKING_v001.json
2386	╬ª┬┐├¬╧ä┬½├╣┬╡ΓîÉ╞Æ╧ä├▓Γûæ╬ª├╝Γéº_BRANCH_B_v049_FULL_HANDOFF_1944-08-04T24_2026-09-04/02_ORIGINAL_EXTRACTED_TREE/╬ª┬┐├¬╧ä┬½├╣┬╡ΓîÉ╞Æ╧ä├▓Γûæ╬ª├╝Γéº_BRANCH_B_v048_REAUDIT_FULL_RESUME_1944-02-20T24_2026-08-31/97_CONTINUATION_MASTER_2026-08-30/OVERLAYS/022_╬ª┬┐├¬╧ä┬½├╣┬╡ΓîÉ╞Æ╧ä├▓Γûæ╬ª├╝Γéº_v048_PROGRESS_1944-05-25_06-05_OVERLAY_2026-08-30/CHINA_PACIFIC_PROGRESS_1944-05-25_06-05/MANIFEST/CHINA_PACIFIC_PROGRESS_1944-05-25_06-05_MANIFEST_v001.json
1216	╬ª┬┐├¬╧ä┬½├╣┬╡ΓîÉ╞Æ╧ä├▓Γûæ╬ª├╝Γéº_BRANCH_B_v049_FULL_HANDOFF_1944-08-04T24_2026-09-04/02_ORIGINAL_EXTRACTED_TREE/╬ª┬┐├¬╧ä┬½├╣┬╡ΓîÉ╞Æ╧ä├▓Γûæ╬ª├╝Γéº_BRANCH_B_v048_REAUDIT_FULL_RESUME_1944-02-20T24_2026-08-31/97_CONTINUATION_MASTER_2026-08-30/OVERLAYS/022_╬ª┬┐├¬╧ä┬½├╣┬╡ΓîÉ╞Æ╧ä├▓Γûæ╬ª├╝Γéº_v048_PROGRESS_1944-05-25_06-05_OVERLAY_2026-08-30/CHINA_PACIFIC_PROGRESS_1944-05-25_06-05/MANIFEST/SHA256SUMS.txt
2899	╬ª┬┐├¬╧ä┬½├╣┬╡ΓîÉ╞Æ╧ä├▓Γûæ╬ª├╝Γéº_BRANCH_B_v049_FULL_HANDOFF_1944-08-04T24_2026-09-04/02_ORIGINAL_EXTRACTED_TREE/╬ª┬┐├¬╧ä┬½├╣┬╡ΓîÉ╞Æ╧ä├▓Γûæ╬ª├╝Γéº_BRANCH_B_v048_REAUDIT_FULL_RESUME_1944-02-20T24_2026-08-31/97_CONTINUATION_MASTER_2026-08-30/OVERLAYS/022_╬ª┬┐├¬╧ä┬½├╣┬╡ΓîÉ╞Æ╧ä├▓Γûæ╬ª├╝Γéº_v048_PROGRESS_1944-05-25_06-05_OVERLAY_2026-08-30/CHINA_PACIFIC_PROGRESS_1944-05-25_06-05/PACIFIC/JAPAN_MOBILE_FLEET_MARIANAS_POSTURE_1944-05-25_06-05_WORKING_v001.json
2152	╬ª┬┐├¬╧ä┬½├╣┬╡ΓîÉ╞Æ╧ä├▓Γûæ╬ª├╝Γéº_BRANCH_B_v049_FULL_HANDOFF_1944-08-04T24_2026-09-04/02_ORIGINAL_EXTRACTED_TREE/╬ª┬┐├¬╧ä┬½├╣┬╡ΓîÉ╞Æ╧ä├▓Γûæ╬ª├╝Γéº_BRANCH_B_v048_REAUDIT_FULL_RESUME_1944-02-20T24_2026-08-31/97_CONTINUATION_MASTER_2026-08-30/OVERLAYS/022_╬ª┬┐├¬╧ä┬½├╣┬╡ΓîÉ╞Æ╧ä├▓Γûæ╬ª├╝Γéº_v048_PROGRESS_1944-05-25_06-05_OVERLAY_2026-08-30/CHINA_PACIFIC_PROGRESS_1944-05-25_06-05/PACIFIC/US_FORAGER_FORCE_LOGISTICS_1944-05-25_06-05_WORKING_v001.json
4639	╬ª┬┐├¬╧ä┬½├╣┬╡ΓîÉ╞Æ╧ä├▓Γûæ╬ª├╝Γéº_BRANCH_B_v049_FULL_HANDOFF_1944-08-04T24_2026-09-04/02_ORIGINAL_EXTRACTED_TREE/╬ª┬┐├¬╧ä┬½├╣┬╡ΓîÉ╞Æ╧ä├▓Γûæ╬ª├╝Γéº_BRANCH_B_v048_REAUDIT_FULL_RESUME_1944-02-20T24_2026-08-31/97_CONTINUATION_MASTER_2026-08-30/OVERLAYS/022_╬ª┬┐├¬╧ä┬½├╣┬╡ΓîÉ╞Æ╧ä├▓Γûæ╬ª├╝Γéº_v048_PROGRESS_1944-05-25_06-05_OVERLAY_2026-08-30/CHINA_PACIFIC_PROGRESS_1944-05-25_06-05/SPECIAL_STRIKE/I400_I401_SEIRAN_MAJURO_STRIKE_1944-06-03_WORKING_v001.json
1910	╬ª┬┐├¬╧ä┬½├╣┬╡ΓîÉ╞Æ╧ä├▓Γûæ╬ª├╝Γéº_BRANCH_B_v049_FULL_HANDOFF_1944-08-04T24_2026-09-04/02_ORIGINAL_EXTRACTED_TREE/╬ª┬┐├¬╧ä┬½├╣┬╡ΓîÉ╞Æ╧ä├▓Γûæ╬ª├╝Γéº_BRANCH_B_v048_REAUDIT_FULL_RESUME_1944-02-20T24_2026-08-31/97_CONTINUATION_MASTER_2026-08-30/OVERLAYS/022_╬ª┬┐├¬╧ä┬½├╣┬╡ΓîÉ╞Æ╧ä├▓Γûæ╬ª├╝Γéº_v048_PROGRESS_1944-05-25_06-05_OVERLAY_2026-08-30/CHINA_PACIFIC_PROGRESS_1944-05-25_06-05/STATE/PARALLEL_THEATER_STATE_1944-06-05T24_WORKING_v001.json
1565	╬ª┬┐├¬╧ä┬½├╣┬╡ΓîÉ╞Æ╧ä├▓Γûæ╬ª├╝Γéº_BRANCH_B_v049_FULL_HANDOFF_1944-08-04T24_2026-09-04/02_ORIGINAL_EXTRACTED_TREE/╬ª┬┐├¬╧ä┬½├╣┬╡ΓîÉ╞Æ╧ä├▓Γûæ╬ª├╝Γéº_BRANCH_B_v048_REAUDIT_FULL_RESUME_1944-02-20T24_2026-08-31/97_CONTINUATION_MASTER_2026-08-30/OVERLAYS/022_╬ª┬┐├¬╧ä┬½├╣┬╡ΓîÉ╞Æ╧ä├▓Γûæ╬ª├╝Γéº_v048_PROGRESS_1944-05-25_06-05_OVERLAY_2026-08-30/CHINA_PACIFIC_PROGRESS_1944-05-25_06-05/TECH/WEAPONS_TECH_MATERIALIZATION_1944-05-25_06-05_WORKING_v001.json
1066	╬ª┬┐├¬╧ä┬½├╣┬╡ΓîÉ╞Æ╧ä├▓Γûæ╬ª├╝Γéº_BRANCH_B_v049_FULL_HANDOFF_1944-08-04T24_2026-09-04/02_ORIGINAL_EXTRACTED_TREE/╬ª┬┐├¬╧ä┬½├╣┬╡ΓîÉ╞Æ╧ä├▓Γûæ╬ª├╝Γéº_BRANCH_B_v048_REAUDIT_FULL_RESUME_1944-02-20T24_2026-08-31/97_CONTINUATION_MASTER_2026-08-30/OVERLAYS/022_╬ª┬┐├¬╧ä┬½├╣┬╡ΓîÉ╞Æ╧ä├▓Γûæ╬ª├╝Γéº_v048_PROGRESS_1944-05-25_06-05_OVERLAY_2026-08-30/CHINA_PACIFIC_PROGRESS_1944-05-25_06-05/YANAGI/YANAGI_ROUTE_STATE_1944-06-05_WORKING_v001.json
2269	╬ª┬┐├¬╧ä┬½├╣┬╡ΓîÉ╞Æ╧ä├▓Γûæ╬ª├╝Γéº_BRANCH_B_v049_FULL_HANDOFF_1944-08-04T24_2026-09-04/02_ORIGINAL_EXTRACTED_TREE/╬ª┬┐├¬╧ä┬½├╣┬╡ΓîÉ╞Æ╧ä├▓Γûæ╬ª├╝Γéº_BRANCH_B_v048_REAUDIT_FULL_RESUME_1944-02-20T24_2026-08-31/97_CONTINUATION_MASTER_2026-08-30/OVERLAYS/023_╬ª┬┐├¬╧ä┬½├╣┬╡ΓîÉ╞Æ╧ä├▓Γûæ╬ª├╝Γéº_v048_GLOBAL_1944-06-06_10_TO_MARIANAS_GATE_OVERLAY_2026-08-30/GLOBAL_SYNC_1944-06-06_10/CHINA/HENGYANG_REDUCTION_1944-06-06_10_WORKING_v001.json
1492	╬ª┬┐├¬╧ä┬½├╣┬╡ΓîÉ╞Æ╧ä├▓Γûæ╬ª├╝Γéº_BRANCH_B_v049_FULL_HANDOFF_1944-08-04T24_2026-09-04/02_ORIGINAL_EXTRACTED_TREE/╬ª┬┐├¬╧ä┬½├╣┬╡ΓîÉ╞Æ╧ä├▓Γûæ╬ª├╝Γéº_BRANCH_B_v048_REAUDIT_FULL_RESUME_1944-02-20T24_2026-08-31/97_CONTINUATION_MASTER_2026-08-30/OVERLAYS/023_╬ª┬┐├¬╧ä┬½├╣┬╡ΓîÉ╞Æ╧ä├▓Γûæ╬ª├╝Γéº_v048_GLOBAL_1944-06-06_10_TO_MARIANAS_GATE_OVERLAY_2026-08-30/GLOBAL_SYNC_1944-06-06_10/EUROPE/OVERLORD_BRANCH_SYNC_1944-06-06_10_WORKING_v001.json
2050	╬ª┬┐├¬╧ä┬½├╣┬╡ΓîÉ╞Æ╧ä├▓Γûæ╬ª├╝Γéº_BRANCH_B_v049_FULL_HANDOFF_1944-08-04T24_2026-09-04/02_ORIGINAL_EXTRACTED_TREE/╬ª┬┐├¬╧ä┬½├╣┬╡ΓîÉ╞Æ╧ä├▓Γûæ╬ª├╝Γéº_BRANCH_B_v048_REAUDIT_FULL_RESUME_1944-02-20T24_2026-08-31/97_CONTINUATION_MASTER_2026-08-30/OVERLAYS/023_╬ª┬┐├¬╧ä┬½├╣┬╡ΓîÉ╞Æ╧ä├▓Γûæ╬ª├╝Γéº_v048_GLOBAL_1944-06-06_10_TO_MARIANAS_GATE_OVERLAY_2026-08-30/GLOBAL_SYNC_1944-06-06_10/MANIFEST/GLOBAL_SYNC_1944-06-06_10_MANIFEST_v001.json
1158	╬ª┬┐├¬╧ä┬½├╣┬╡ΓîÉ╞Æ╧ä├▓Γûæ╬ª├╝Γéº_BRANCH_B_v049_FULL_HANDOFF_1944-08-04T24_2026-09-04/02_ORIGINAL_EXTRACTED_TREE/╬ª┬┐├¬╧ä┬½├╣┬╡ΓîÉ╞Æ╧ä├▓Γûæ╬ª├╝Γéº_BRANCH_B_v048_REAUDIT_FULL_RESUME_1944-02-20T24_2026-08-31/97_CONTINUATION_MASTER_2026-08-30/OVERLAYS/023_╬ª┬┐├¬╧ä┬½├╣┬╡ΓîÉ╞Æ╧ä├▓Γûæ╬ª├╝Γéº_v048_GLOBAL_1944-06-06_10_TO_MARIANAS_GATE_OVERLAY_2026-08-30/GLOBAL_SYNC_1944-06-06_10/MANIFEST/SHA256SUMS.txt
2176	╬ª┬┐├¬╧ä┬½├╣┬╡ΓîÉ╞Æ╧ä├▓Γûæ╬ª├╝Γéº_BRANCH_B_v049_FULL_HANDOFF_1944-08-04T24_2026-09-04/02_ORIGINAL_EXTRACTED_TREE/╬ª┬┐├¬╧ä┬½├╣┬╡ΓîÉ╞Æ╧ä├▓Γûæ╬ª├╝Γéº_BRANCH_B_v048_REAUDIT_FULL_RESUME_1944-02-20T24_2026-08-31/97_CONTINUATION_MASTER_2026-08-30/OVERLAYS/023_╬ª┬┐├¬╧ä┬½├╣┬╡ΓîÉ╞Æ╧ä├▓Γûæ╬ª├╝Γéº_v048_GLOBAL_1944-06-06_10_TO_MARIANAS_GATE_OVERLAY_2026-08-30/GLOBAL_SYNC_1944-06-06_10/PACIFIC/JAPAN_A_GO_PRELIMINARY_GATE_1944-06-10_WORKING_v001.json
2150	╬ª┬┐├¬╧ä┬½├╣┬╡ΓîÉ╞Æ╧ä├▓Γûæ╬ª├╝Γéº_BRANCH_B_v049_FULL_HANDOFF_1944-08-04T24_2026-09-04/02_ORIGINAL_EXTRACTED_TREE/╬ª┬┐├¬╧ä┬½├╣┬╡ΓîÉ╞Æ╧ä├▓Γûæ╬ª├╝Γéº_BRANCH_B_v048_REAUDIT_FULL_RESUME_1944-02-20T24_2026-08-31/97_CONTINUATION_MASTER_2026-08-30/OVERLAYS/023_╬ª┬┐├¬╧ä┬½├╣┬╡ΓîÉ╞Æ╧ä├▓Γûæ╬ª├╝Γéº_v048_GLOBAL_1944-06-06_10_TO_MARIANAS_GATE_OVERLAY_2026-08-30/GLOBAL_SYNC_1944-06-06_10/PACIFIC/JAPAN_TAWITAWI_ASW_SUBWAR_1944-06-06_10_WORKING_v001.json
2777	╬ª┬┐├¬╧ä┬½├╣┬╡ΓîÉ╞Æ╧ä├▓Γûæ╬ª├╝Γéº_BRANCH_B_v049_FULL_HANDOFF_1944-08-04T24_2026-09-04/02_ORIGINAL_EXTRACTED_TREE/╬ª┬┐├¬╧ä┬½├╣┬╡ΓîÉ╞Æ╧ä├▓Γûæ╬ª├╝Γéº_BRANCH_B_v048_REAUDIT_FULL_RESUME_1944-02-20T24_2026-08-31/97_CONTINUATION_MASTER_2026-08-30/OVERLAYS/023_╬ª┬┐├¬╧ä┬½├╣┬╡ΓîÉ╞Æ╧ä├▓Γûæ╬ª├╝Γéº_v048_GLOBAL_1944-06-06_10_TO_MARIANAS_GATE_OVERLAY_2026-08-30/GLOBAL_SYNC_1944-06-06_10/PACIFIC/US_TF58_SORTIE_AND_JAPAN_ISR_1944-06-06_10_WORKING_v001.json
1564	╬ª┬┐├¬╧ä┬½├╣┬╡ΓîÉ╞Æ╧ä├▓Γûæ╬ª├╝Γéº_BRANCH_B_v049_FULL_HANDOFF_1944-08-04T24_2026-09-04/02_ORIGINAL_EXTRACTED_TREE/╬ª┬┐├¬╧ä┬½├╣┬╡ΓîÉ╞Æ╧ä├▓Γûæ╬ª├╝Γéº_BRANCH_B_v048_REAUDIT_FULL_RESUME_1944-02-20T24_2026-08-31/97_CONTINUATION_MASTER_2026-08-30/OVERLAYS/023_╬ª┬┐├¬╧ä┬½├╣┬╡ΓîÉ╞Æ╧ä├▓Γûæ╬ª├╝Γéº_v048_GLOBAL_1944-06-06_10_TO_MARIANAS_GATE_OVERLAY_2026-08-30/GLOBAL_SYNC_1944-06-06_10/STATE/GLOBAL_SYNC_STATE_1944-06-10T24_WORKING_v001.json
980	╬ª┬┐├¬╧ä┬½├╣┬╡ΓîÉ╞Æ╧ä├▓Γûæ╬ª├╝Γéº_BRANCH_B_v049_FULL_HANDOFF_1944-08-04T24_2026-09-04/02_ORIGINAL_EXTRACTED_TREE/╬ª┬┐├¬╧ä┬½├╣┬╡ΓîÉ╞Æ╧ä├▓Γûæ╬ª├╝Γéº_BRANCH_B_v048_REAUDIT_FULL_RESUME_1944-02-20T24_2026-08-31/97_CONTINUATION_MASTER_2026-08-30/OVERLAYS/023_╬ª┬┐├¬╧ä┬½├╣┬╡ΓîÉ╞Æ╧ä├▓Γûæ╬ª├╝Γéº_v048_GLOBAL_1944-06-06_10_TO_MARIANAS_GATE_OVERLAY_2026-08-30/GLOBAL_SYNC_1944-06-06_10/TECH/WEAPONS_TECH_BACKGROUND_STATE_1944-06-10_WORKING_v001.json
1001	╬ª┬┐├¬╧ä┬½├╣┬╡ΓîÉ╞Æ╧ä├▓Γûæ╬ª├╝Γéº_BRANCH_B_v049_FULL_HANDOFF_1944-08-04T24_2026-09-04/02_ORIGINAL_EXTRACTED_TREE/╬ª┬┐├¬╧ä┬½├╣┬╡ΓîÉ╞Æ╧ä├▓Γûæ╬ª├╝Γéº_BRANCH_B_v048_REAUDIT_FULL_RESUME_1944-02-20T24_2026-08-31/97_CONTINUATION_MASTER_2026-08-30/OVERLAYS/023_╬ª┬┐├¬╧ä┬½├╣┬╡ΓîÉ╞Æ╧ä├▓Γûæ╬ª├╝Γéº_v048_GLOBAL_1944-06-06_10_TO_MARIANAS_GATE_OVERLAY_2026-08-30/GLOBAL_SYNC_1944-06-06_10/YANAGI/YANAGI_ROUTE_STATE_1944-06-10_WORKING_v001.json
1362	╬ª┬┐├¬╧ä┬½├╣┬╡ΓîÉ╞Æ╧ä├▓Γûæ╬ª├╝Γéº_BRANCH_B_v049_FULL_HANDOFF_1944-08-04T24_2026-09-04/02_ORIGINAL_EXTRACTED_TREE/╬ª┬┐├¬╧ä┬½├╣┬╡ΓîÉ╞Æ╧ä├▓Γûæ╬ª├╝Γéº_BRANCH_B_v048_REAUDIT_FULL_RESUME_1944-02-20T24_2026-08-31/97_CONTINUATION_MASTER_2026-08-30/OVERLAYS/024_╬ª┬┐├¬╧ä┬½├╣┬╡ΓîÉ╞Æ╧ä├▓Γûæ╬ª├╝Γéº_v048_MARIANAS_1944-06-11_OVERLAY_2026-08-30/MARIANAS_FOCUS_1944-06-11/MANIFEST/LEGACY_MARIANAS_SETTLEMENT_REOPEN_GUARD_1944-06-11_WORKING_v001.json
1095	╬ª┬┐├¬╧ä┬½├╣┬╡ΓîÉ╞Æ╧ä├▓Γûæ╬ª├╝Γéº_BRANCH_B_v049_FULL_HANDOFF_1944-08-04T24_2026-09-04/02_ORIGINAL_EXTRACTED_TREE/╬ª┬┐├¬╧ä┬½├╣┬╡ΓîÉ╞Æ╧ä├▓Γûæ╬ª├╝Γéº_BRANCH_B_v048_REAUDIT_FULL_RESUME_1944-02-20T24_2026-08-31/97_CONTINUATION_MASTER_2026-08-30/OVERLAYS/024_╬ª┬┐├¬╧ä┬½├╣┬╡ΓîÉ╞Æ╧ä├▓Γûæ╬ª├╝Γéº_v048_MARIANAS_1944-06-11_OVERLAY_2026-08-30/MARIANAS_FOCUS_1944-06-11/MANIFEST/MARIANAS_FOCUS_1944-06-11_MANIFEST_v001.json
787	╬ª┬┐├¬╧ä┬½├╣┬╡ΓîÉ╞Æ╧ä├▓Γûæ╬ª├╝Γéº_BRANCH_B_v049_FULL_HANDOFF_1944-08-04T24_2026-09-04/02_ORIGINAL_EXTRACTED_TREE/╬ª┬┐├¬╧ä┬½├╣┬╡ΓîÉ╞Æ╧ä├▓Γûæ╬ª├╝Γéº_BRANCH_B_v048_REAUDIT_FULL_RESUME_1944-02-20T24_2026-08-31/97_CONTINUATION_MASTER_2026-08-30/OVERLAYS/024_╬ª┬┐├¬╧ä┬½├╣┬╡ΓîÉ╞Æ╧ä├▓Γûæ╬ª├╝Γéº_v048_MARIANAS_1944-06-11_OVERLAY_2026-08-30/MARIANAS_FOCUS_1944-06-11/MANIFEST/SHA256SUMS.txt
3077	╬ª┬┐├¬╧ä┬½├╣┬╡ΓîÉ╞Æ╧ä├▓Γûæ╬ª├╝Γéº_BRANCH_B_v049_FULL_HANDOFF_1944-08-04T24_2026-09-04/02_ORIGINAL_EXTRACTED_TREE/╬ª┬┐├¬╧ä┬½├╣┬╡ΓîÉ╞Æ╧ä├▓Γûæ╬ª├╝Γéº_BRANCH_B_v048_REAUDIT_FULL_RESUME_1944-02-20T24_2026-08-31/97_CONTINUATION_MASTER_2026-08-30/OVERLAYS/024_╬ª┬┐├¬╧ä┬½├╣┬╡ΓîÉ╞Æ╧ä├▓Γûæ╬ª├╝Γéº_v048_MARIANAS_1944-06-11_OVERLAY_2026-08-30/MARIANAS_FOCUS_1944-06-11/PACIFIC/JAPAN_MARIANAS_AIR_DEFENSE_1944-06-11_WORKING_v001.json
2481	╬ª┬┐├¬╧ä┬½├╣┬╡ΓîÉ╞Æ╧ä├▓Γûæ╬ª├╝Γéº_BRANCH_B_v049_FULL_HANDOFF_1944-08-04T24_2026-09-04/02_ORIGINAL_EXTRACTED_TREE/╬ª┬┐├¬╧ä┬½├╣┬╡ΓîÉ╞Æ╧ä├▓Γûæ╬ª├╝Γéº_BRANCH_B_v048_REAUDIT_FULL_RESUME_1944-02-20T24_2026-08-31/97_CONTINUATION_MASTER_2026-08-30/OVERLAYS/024_╬ª┬┐├¬╧ä┬½├╣┬╡ΓîÉ╞Æ╧ä├▓Γûæ╬ª├╝Γéº_v048_MARIANAS_1944-06-11_OVERLAY_2026-08-30/MARIANAS_FOCUS_1944-06-11/PACIFIC/US_TF58_FIRST_MARIANAS_STRIKE_1944-06-11_WORKING_v001.json
1953	╬ª┬┐├¬╧ä┬½├╣┬╡ΓîÉ╞Æ╧ä├▓Γûæ╬ª├╝Γéº_BRANCH_B_v049_FULL_HANDOFF_1944-08-04T24_2026-09-04/02_ORIGINAL_EXTRACTED_TREE/╬ª┬┐├¬╧ä┬½├╣┬╡ΓîÉ╞Æ╧ä├▓Γûæ╬ª├╝Γéº_BRANCH_B_v048_REAUDIT_FULL_RESUME_1944-02-20T24_2026-08-31/97_CONTINUATION_MASTER_2026-08-30/OVERLAYS/024_╬ª┬┐├¬╧ä┬½├╣┬╡ΓîÉ╞Æ╧ä├▓Γûæ╬ª├╝Γéº_v048_MARIANAS_1944-06-11_OVERLAY_2026-08-30/MARIANAS_FOCUS_1944-06-11/PACIFIC/YAMAMOTO_A_GO_RELEASE_GATE_1944-06-11T24_WORKING_v001.json
1204	╬ª┬┐├¬╧ä┬½├╣┬╡ΓîÉ╞Æ╧ä├▓Γûæ╬ª├╝Γéº_BRANCH_B_v049_FULL_HANDOFF_1944-08-04T24_2026-09-04/02_ORIGINAL_EXTRACTED_TREE/╬ª┬┐├¬╧ä┬½├╣┬╡ΓîÉ╞Æ╧ä├▓Γûæ╬ª├╝Γéº_BRANCH_B_v048_REAUDIT_FULL_RESUME_1944-02-20T24_2026-08-31/97_CONTINUATION_MASTER_2026-08-30/OVERLAYS/024_╬ª┬┐├¬╧ä┬½├╣┬╡ΓîÉ╞Æ╧ä├▓Γûæ╬ª├╝Γéº_v048_MARIANAS_1944-06-11_OVERLAY_2026-08-30/MARIANAS_FOCUS_1944-06-11/STATE/MARIANAS_PRIMARY_STATE_1944-06-11T24_WORKING_v001.json
1403	╬ª┬┐├¬╧ä┬½├╣┬╡ΓîÉ╞Æ╧ä├▓Γûæ╬ª├╝Γéº_BRANCH_B_v049_FULL_HANDOFF_1944-08-04T24_2026-09-04/02_ORIGINAL_EXTRACTED_TREE/╬ª┬┐├¬╧ä┬½├╣┬╡ΓîÉ╞Æ╧ä├▓Γûæ╬ª├╝Γéº_BRANCH_B_v048_REAUDIT_FULL_RESUME_1944-02-20T24_2026-08-31/97_CONTINUATION_MASTER_2026-08-30/OVERLAYS/025_╬ª┬┐├¬╧ä┬½├╣┬╡ΓîÉ╞Æ╧ä├▓Γûæ╬ª├╝Γéº_v048_MARIANAS_1944-06-12_OVERLAY_2026-08-30/MARIANAS_FOCUS_1944-06-12/MANIFEST/MARIANAS_FOCUS_1944-06-12_MANIFEST_v001.json
903	╬ª┬┐├¬╧ä┬½├╣┬╡ΓîÉ╞Æ╧ä├▓Γûæ╬ª├╝Γéº_BRANCH_B_v049_FULL_HANDOFF_1944-08-04T24_2026-09-04/02_ORIGINAL_EXTRACTED_TREE/╬ª┬┐├¬╧ä┬½├╣┬╡ΓîÉ╞Æ╧ä├▓Γûæ╬ª├╝Γéº_BRANCH_B_v048_REAUDIT_FULL_RESUME_1944-02-20T24_2026-08-31/97_CONTINUATION_MASTER_2026-08-30/OVERLAYS/025_╬ª┬┐├¬╧ä┬½├╣┬╡ΓîÉ╞Æ╧ä├▓Γûæ╬ª├╝Γéº_v048_MARIANAS_1944-06-12_OVERLAY_2026-08-30/MARIANAS_FOCUS_1944-06-12/MANIFEST/SHA256SUMS.txt
2361	╬ª┬┐├¬╧ä┬½├╣┬╡ΓîÉ╞Æ╧ä├▓Γûæ╬ª├╝Γéº_BRANCH_B_v049_FULL_HANDOFF_1944-08-04T24_2026-09-04/02_ORIGINAL_EXTRACTED_TREE/╬ª┬┐├¬╧ä┬½├╣┬╡ΓîÉ╞Æ╧ä├▓Γûæ╬ª├╝Γéº_BRANCH_B_v048_REAUDIT_FULL_RESUME_1944-02-20T24_2026-08-31/97_CONTINUATION_MASTER_2026-08-30/OVERLAYS/025_╬ª┬┐├¬╧ä┬½├╣┬╡ΓîÉ╞Æ╧ä├▓Γûæ╬ª├╝Γéº_v048_MARIANAS_1944-06-12_OVERLAY_2026-08-30/MARIANAS_FOCUS_1944-06-12/PACIFIC/JAPAN_MARIANAS_AIR_DEFENSE_1944-06-12_WORKING_v001.json
1918	╬ª┬┐├¬╧ä┬½├╣┬╡ΓîÉ╞Æ╧ä├▓Γûæ╬ª├╝Γéº_BRANCH_B_v049_FULL_HANDOFF_1944-08-04T24_2026-09-04/02_ORIGINAL_EXTRACTED_TREE/╬ª┬┐├¬╧ä┬½├╣┬╡ΓîÉ╞Æ╧ä├▓Γûæ╬ª├╝Γéº_BRANCH_B_v048_REAUDIT_FULL_RESUME_1944-02-20T24_2026-08-31/97_CONTINUATION_MASTER_2026-08-30/OVERLAYS/025_╬ª┬┐├¬╧ä┬½├╣┬╡ΓîÉ╞Æ╧ä├▓Γûæ╬ª├╝Γéº_v048_MARIANAS_1944-06-12_OVERLAY_2026-08-30/MARIANAS_FOCUS_1944-06-12/PACIFIC/SAIPAN_SHIPPING_DISPERSAL_AND_LOSS_1944-06-12_WORKING_v001.json
1879	╬ª┬┐├¬╧ä┬½├╣┬╡ΓîÉ╞Æ╧ä├▓Γûæ╬ª├╝Γéº_BRANCH_B_v049_FULL_HANDOFF_1944-08-04T24_2026-09-04/02_ORIGINAL_EXTRACTED_TREE/╬ª┬┐├¬╧ä┬½├╣┬╡ΓîÉ╞Æ╧ä├▓Γûæ╬ª├╝Γéº_BRANCH_B_v048_REAUDIT_FULL_RESUME_1944-02-20T24_2026-08-31/97_CONTINUATION_MASTER_2026-08-30/OVERLAYS/025_╬ª┬┐├¬╧ä┬½├╣┬╡ΓîÉ╞Æ╧ä├▓Γûæ╬ª├╝Γéº_v048_MARIANAS_1944-06-12_OVERLAY_2026-08-30/MARIANAS_FOCUS_1944-06-12/PACIFIC/US_TF58_MARIANAS_SUPPRESSION_1944-06-12_WORKING_v001.json
2345	╬ª┬┐├¬╧ä┬½├╣┬╡ΓîÉ╞Æ╧ä├▓Γûæ╬ª├╝Γéº_BRANCH_B_v049_FULL_HANDOFF_1944-08-04T24_2026-09-04/02_ORIGINAL_EXTRACTED_TREE/╬ª┬┐├¬╧ä┬½├╣┬╡ΓîÉ╞Æ╧ä├▓Γûæ╬ª├╝Γéº_BRANCH_B_v048_REAUDIT_FULL_RESUME_1944-02-20T24_2026-08-31/97_CONTINUATION_MASTER_2026-08-30/OVERLAYS/025_╬ª┬┐├¬╧ä┬½├╣┬╡ΓîÉ╞Æ╧ä├▓Γûæ╬ª├╝Γéº_v048_MARIANAS_1944-06-12_OVERLAY_2026-08-30/MARIANAS_FOCUS_1944-06-12/PACIFIC/YAMAMOTO_A_GO_RELEASE_GATE_1944-06-12T24_WORKING_v001.json
1339	╬ª┬┐├¬╧ä┬½├╣┬╡ΓîÉ╞Æ╧ä├▓Γûæ╬ª├╝Γéº_BRANCH_B_v049_FULL_HANDOFF_1944-08-04T24_2026-09-04/02_ORIGINAL_EXTRACTED_TREE/╬ª┬┐├¬╧ä┬½├╣┬╡ΓîÉ╞Æ╧ä├▓Γûæ╬ª├╝Γéº_BRANCH_B_v048_REAUDIT_FULL_RESUME_1944-02-20T24_2026-08-31/97_CONTINUATION_MASTER_2026-08-30/OVERLAYS/025_╬ª┬┐├¬╧ä┬½├╣┬╡ΓîÉ╞Æ╧ä├▓Γûæ╬ª├╝Γéº_v048_MARIANAS_1944-06-12_OVERLAY_2026-08-30/MARIANAS_FOCUS_1944-06-12/STATE/MARIANAS_PRIMARY_STATE_1944-06-12T24_WORKING_v001.json
1825	╬ª┬┐├¬╧ä┬½├╣┬╡ΓîÉ╞Æ╧ä├▓Γûæ╬ª├╝Γéº_BRANCH_B_v049_FULL_HANDOFF_1944-08-04T24_2026-09-04/02_ORIGINAL_EXTRACTED_TREE/╬ª┬┐├¬╧ä┬½├╣┬╡ΓîÉ╞Æ╧ä├▓Γûæ╬ª├╝Γéº_BRANCH_B_v048_REAUDIT_FULL_RESUME_1944-02-20T24_2026-08-31/97_CONTINUATION_MASTER_2026-08-30/OVERLAYS/025_╬ª┬┐├¬╧ä┬½├╣┬╡ΓîÉ╞Æ╧ä├▓Γûæ╬ª├╝Γéº_v048_MARIANAS_1944-06-12_OVERLAY_2026-08-30/MARIANAS_FOCUS_1944-06-12/YANAGI/I34_RETURN_SINGAPORE_1944-06-12_WORKING_v001.json
1386	╬ª┬┐├¬╧ä┬½├╣┬╡ΓîÉ╞Æ╧ä├▓Γûæ╬ª├╝Γéº_BRANCH_B_v049_FULL_HANDOFF_1944-08-04T24_2026-09-04/02_ORIGINAL_EXTRACTED_TREE/╬ª┬┐├¬╧ä┬½├╣┬╡ΓîÉ╞Æ╧ä├▓Γûæ╬ª├╝Γéº_BRANCH_B_v048_REAUDIT_FULL_RESUME_1944-02-20T24_2026-08-31/97_CONTINUATION_MASTER_2026-08-30/OVERLAYS/026_╬ª┬┐├¬╧ä┬½├╣┬╡ΓîÉ╞Æ╧ä├▓Γûæ╬ª├╝Γéº_v048_MARIANAS_1944-06-13_OVERLAY_2026-08-30/MARIANAS_FOCUS_1944-06-13/MANIFEST/MARIANAS_FOCUS_1944-06-13_MANIFEST_v001.json
781	╬ª┬┐├¬╧ä┬½├╣┬╡ΓîÉ╞Æ╧ä├▓Γûæ╬ª├╝Γéº_BRANCH_B_v049_FULL_HANDOFF_1944-08-04T24_2026-09-04/02_ORIGINAL_EXTRACTED_TREE/╬ª┬┐├¬╧ä┬½├╣┬╡ΓîÉ╞Æ╧ä├▓Γûæ╬ª├╝Γéº_BRANCH_B_v048_REAUDIT_FULL_RESUME_1944-02-20T24_2026-08-31/97_CONTINUATION_MASTER_2026-08-30/OVERLAYS/026_╬ª┬┐├¬╧ä┬½├╣┬╡ΓîÉ╞Æ╧ä├▓Γûæ╬ª├╝Γéº_v048_MARIANAS_1944-06-13_OVERLAY_2026-08-30/MARIANAS_FOCUS_1944-06-13/MANIFEST/SHA256SUMS.txt
2542	╬ª┬┐├¬╧ä┬½├╣┬╡ΓîÉ╞Æ╧ä├▓Γûæ╬ª├╝Γéº_BRANCH_B_v049_FULL_HANDOFF_1944-08-04T24_2026-09-04/02_ORIGINAL_EXTRACTED_TREE/╬ª┬┐├¬╧ä┬½├╣┬╡ΓîÉ╞Æ╧ä├▓Γûæ╬ª├╝Γéº_BRANCH_B_v048_REAUDIT_FULL_RESUME_1944-02-20T24_2026-08-31/97_CONTINUATION_MASTER_2026-08-30/OVERLAYS/026_╬ª┬┐├¬╧ä┬½├╣┬╡ΓîÉ╞Æ╧ä├▓Γûæ╬ª├╝Γéº_v048_MARIANAS_1944-06-13_OVERLAY_2026-08-30/MARIANAS_FOCUS_1944-06-13/PACIFIC/JAPAN_MARIANAS_AIR_AND_RECON_1944-06-13_WORKING_v001.json
2370	╬ª┬┐├¬╧ä┬½├╣┬╡ΓîÉ╞Æ╧ä├▓Γûæ╬ª├╝Γéº_BRANCH_B_v049_FULL_HANDOFF_1944-08-04T24_2026-09-04/02_ORIGINAL_EXTRACTED_TREE/╬ª┬┐├¬╧ä┬½├╣┬╡ΓîÉ╞Æ╧ä├▓Γûæ╬ª├╝Γéº_BRANCH_B_v048_REAUDIT_FULL_RESUME_1944-02-20T24_2026-08-31/97_CONTINUATION_MASTER_2026-08-30/OVERLAYS/026_╬ª┬┐├¬╧ä┬½├╣┬╡ΓîÉ╞Æ╧ä├▓Γûæ╬ª├╝Γéº_v048_MARIANAS_1944-06-13_OVERLAY_2026-08-30/MARIANAS_FOCUS_1944-06-13/PACIFIC/JAPAN_MOBILE_FLEET_ORDER_1944-06-13_WORKING_v001.json
2581	╬ª┬┐├¬╧ä┬½├╣┬╡ΓîÉ╞Æ╧ä├▓Γûæ╬ª├╝Γéº_BRANCH_B_v049_FULL_HANDOFF_1944-08-04T24_2026-09-04/02_ORIGINAL_EXTRACTED_TREE/╬ª┬┐├¬╧ä┬½├╣┬╡ΓîÉ╞Æ╧ä├▓Γûæ╬ª├╝Γéº_BRANCH_B_v048_REAUDIT_FULL_RESUME_1944-02-20T24_2026-08-31/97_CONTINUATION_MASTER_2026-08-30/OVERLAYS/026_╬ª┬┐├¬╧ä┬½├╣┬╡ΓîÉ╞Æ╧ä├▓Γûæ╬ª├╝Γéº_v048_MARIANAS_1944-06-13_OVERLAY_2026-08-30/MARIANAS_FOCUS_1944-06-13/PACIFIC/US_SAIPAN_BOMBARDMENT_AND_ASSAULT_PREP_1944-06-13_WORKING_v001.json
2508	╬ª┬┐├¬╧ä┬½├╣┬╡ΓîÉ╞Æ╧ä├▓Γûæ╬ª├╝Γéº_BRANCH_B_v049_FULL_HANDOFF_1944-08-04T24_2026-09-04/02_ORIGINAL_EXTRACTED_TREE/╬ª┬┐├¬╧ä┬½├╣┬╡ΓîÉ╞Æ╧ä├▓Γûæ╬ª├╝Γéº_BRANCH_B_v048_REAUDIT_FULL_RESUME_1944-02-20T24_2026-08-31/97_CONTINUATION_MASTER_2026-08-30/OVERLAYS/026_╬ª┬┐├¬╧ä┬½├╣┬╡ΓîÉ╞Æ╧ä├▓Γûæ╬ª├╝Γéº_v048_MARIANAS_1944-06-13_OVERLAY_2026-08-30/MARIANAS_FOCUS_1944-06-13/PACIFIC/YAMAMOTO_A_GO_BATTLE_RELEASE_1944-06-13_WORKING_v001.json
1523	╬ª┬┐├¬╧ä┬½├╣┬╡ΓîÉ╞Æ╧ä├▓Γûæ╬ª├╝Γéº_BRANCH_B_v049_FULL_HANDOFF_1944-08-04T24_2026-09-04/02_ORIGINAL_EXTRACTED_TREE/╬ª┬┐├¬╧ä┬½├╣┬╡ΓîÉ╞Æ╧ä├▓Γûæ╬ª├╝Γéº_BRANCH_B_v048_REAUDIT_FULL_RESUME_1944-02-20T24_2026-08-31/97_CONTINUATION_MASTER_2026-08-30/OVERLAYS/026_╬ª┬┐├¬╧ä┬½├╣┬╡ΓîÉ╞Æ╧ä├▓Γûæ╬ª├╝Γéº_v048_MARIANAS_1944-06-13_OVERLAY_2026-08-30/MARIANAS_FOCUS_1944-06-13/STATE/MARIANAS_PRIMARY_STATE_1944-06-13T24_WORKING_v001.json
1672	╬ª┬┐├¬╧ä┬½├╣┬╡ΓîÉ╞Æ╧ä├▓Γûæ╬ª├╝Γéº_BRANCH_B_v049_FULL_HANDOFF_1944-08-04T24_2026-09-04/02_ORIGINAL_EXTRACTED_TREE/╬ª┬┐├¬╧ä┬½├╣┬╡ΓîÉ╞Æ╧ä├▓Γûæ╬ª├╝Γéº_BRANCH_B_v048_REAUDIT_FULL_RESUME_1944-02-20T24_2026-08-31/97_CONTINUATION_MASTER_2026-08-30/OVERLAYS/027_╬ª┬┐├¬╧ä┬½├╣┬╡ΓîÉ╞Æ╧ä├▓Γûæ╬ª├╝Γéº_v048_MARIANAS_1944-06-14_OVERLAY_2026-08-30/MARIANAS_FOCUS_1944-06-14/MANIFEST/MARIANAS_FOCUS_1944-06-14_MANIFEST_v001.json
1100	╬ª┬┐├¬╧ä┬½├╣┬╡ΓîÉ╞Æ╧ä├▓Γûæ╬ª├╝Γéº_BRANCH_B_v049_FULL_HANDOFF_1944-08-04T24_2026-09-04/02_ORIGINAL_EXTRACTED_TREE/╬ª┬┐├¬╧ä┬½├╣┬╡ΓîÉ╞Æ╧ä├▓Γûæ╬ª├╝Γéº_BRANCH_B_v048_REAUDIT_FULL_RESUME_1944-02-20T24_2026-08-31/97_CONTINUATION_MASTER_2026-08-30/OVERLAYS/027_╬ª┬┐├¬╧ä┬½├╣┬╡ΓîÉ╞Æ╧ä├▓Γûæ╬ª├╝Γéº_v048_MARIANAS_1944-06-14_OVERLAY_2026-08-30/MARIANAS_FOCUS_1944-06-14/MANIFEST/SHA256SUMS.txt
2335	╬ª┬┐├¬╧ä┬½├╣┬╡ΓîÉ╞Æ╧ä├▓Γûæ╬ª├╝Γéº_BRANCH_B_v049_FULL_HANDOFF_1944-08-04T24_2026-09-04/02_ORIGINAL_EXTRACTED_TREE/╬ª┬┐├¬╧ä┬½├╣┬╡ΓîÉ╞Æ╧ä├▓Γûæ╬ª├╝Γéº_BRANCH_B_v048_REAUDIT_FULL_RESUME_1944-02-20T24_2026-08-31/97_CONTINUATION_MASTER_2026-08-30/OVERLAYS/027_╬ª┬┐├¬╧ä┬½├╣┬╡ΓîÉ╞Æ╧ä├▓Γûæ╬ª├╝Γéº_v048_MARIANAS_1944-06-14_OVERLAY_2026-08-30/MARIANAS_FOCUS_1944-06-14/PACIFIC/JAPAN_FLEET_SORTIE_AND_US_SUB_CONTACT_1944-06-14_WORKING_v001.json
2117	╬ª┬┐├¬╧ä┬½├╣┬╡ΓîÉ╞Æ╧ä├▓Γûæ╬ª├╝Γéº_BRANCH_B_v049_FULL_HANDOFF_1944-08-04T24_2026-09-04/02_ORIGINAL_EXTRACTED_TREE/╬ª┬┐├¬╧ä┬½├╣┬╡ΓîÉ╞Æ╧ä├▓Γûæ╬ª├╝Γéº_BRANCH_B_v048_REAUDIT_FULL_RESUME_1944-02-20T24_2026-08-31/97_CONTINUATION_MASTER_2026-08-30/OVERLAYS/027_╬ª┬┐├¬╧ä┬½├╣┬╡ΓîÉ╞Æ╧ä├▓Γûæ╬ª├╝Γéº_v048_MARIANAS_1944-06-14_OVERLAY_2026-08-30/MARIANAS_FOCUS_1944-06-14/PACIFIC/JAPAN_MARIANAS_AIR_AND_LOCAL_REACTION_1944-06-14_WORKING_v001.json
2656	╬ª┬┐├¬╧ä┬½├╣┬╡ΓîÉ╞Æ╧ä├▓Γûæ╬ª├╝Γéº_BRANCH_B_v049_FULL_HANDOFF_1944-08-04T24_2026-09-04/02_ORIGINAL_EXTRACTED_TREE/╬ª┬┐├¬╧ä┬½├╣┬╡ΓîÉ╞Æ╧ä├▓Γûæ╬ª├╝Γéº_BRANCH_B_v048_REAUDIT_FULL_RESUME_1944-02-20T24_2026-08-31/97_CONTINUATION_MASTER_2026-08-30/OVERLAYS/027_╬ª┬┐├¬╧ä┬½├╣┬╡ΓîÉ╞Æ╧ä├▓Γûæ╬ª├╝Γéº_v048_MARIANAS_1944-06-14_OVERLAY_2026-08-30/MARIANAS_FOCUS_1944-06-14/PACIFIC/JAPAN_MOBILE_FLEET_AIR_GROUP_AND_CARRIER_STATE_1944-06-14_WORKING_v001.json
2159	╬ª┬┐├¬╧ä┬½├╣┬╡ΓîÉ╞Æ╧ä├▓Γûæ╬ª├╝Γéº_BRANCH_B_v049_FULL_HANDOFF_1944-08-04T24_2026-09-04/02_ORIGINAL_EXTRACTED_TREE/╬ª┬┐├¬╧ä┬½├╣┬╡ΓîÉ╞Æ╧ä├▓Γûæ╬ª├╝Γéº_BRANCH_B_v048_REAUDIT_FULL_RESUME_1944-02-20T24_2026-08-31/97_CONTINUATION_MASTER_2026-08-30/OVERLAYS/027_╬ª┬┐├¬╧ä┬½├╣┬╡ΓîÉ╞Æ╧ä├▓Γûæ╬ª├╝Γéº_v048_MARIANAS_1944-06-14_OVERLAY_2026-08-30/MARIANAS_FOCUS_1944-06-14/PACIFIC/JAPAN_MOBILE_FLEET_SURFACE_SCREEN_1944-06-14_WORKING_v001.json
1908	╬ª┬┐├¬╧ä┬½├╣┬╡ΓîÉ╞Æ╧ä├▓Γûæ╬ª├╝Γéº_BRANCH_B_v049_FULL_HANDOFF_1944-08-04T24_2026-09-04/02_ORIGINAL_EXTRACTED_TREE/╬ª┬┐├¬╧ä┬½├╣┬╡ΓîÉ╞Æ╧ä├▓Γûæ╬ª├╝Γéº_BRANCH_B_v048_REAUDIT_FULL_RESUME_1944-02-20T24_2026-08-31/97_CONTINUATION_MASTER_2026-08-30/OVERLAYS/027_╬ª┬┐├¬╧ä┬½├╣┬╡ΓîÉ╞Æ╧ä├▓Γûæ╬ª├╝Γéº_v048_MARIANAS_1944-06-14_OVERLAY_2026-08-30/MARIANAS_FOCUS_1944-06-14/PACIFIC/US_SAIPAN_CLOSE_BOMBARDMENT_1944-06-14_WORKING_v001.json
2006	╬ª┬┐├¬╧ä┬½├╣┬╡ΓîÉ╞Æ╧ä├▓Γûæ╬ª├╝Γéº_BRANCH_B_v049_FULL_HANDOFF_1944-08-04T24_2026-09-04/02_ORIGINAL_EXTRACTED_TREE/╬ª┬┐├¬╧ä┬½├╣┬╡ΓîÉ╞Æ╧ä├▓Γûæ╬ª├╝Γéº_BRANCH_B_v048_REAUDIT_FULL_RESUME_1944-02-20T24_2026-08-31/97_CONTINUATION_MASTER_2026-08-30/OVERLAYS/027_╬ª┬┐├¬╧ä┬½├╣┬╡ΓîÉ╞Æ╧ä├▓Γûæ╬ª├╝Γéº_v048_MARIANAS_1944-06-14_OVERLAY_2026-08-30/MARIANAS_FOCUS_1944-06-14/PACIFIC/US_TF58_CARRIER_AND_SURFACE_STATE_1944-06-14_WORKING_v001.json
1684	╬ª┬┐├¬╧ä┬½├╣┬╡ΓîÉ╞Æ╧ä├▓Γûæ╬ª├╝Γéº_BRANCH_B_v049_FULL_HANDOFF_1944-08-04T24_2026-09-04/02_ORIGINAL_EXTRACTED_TREE/╬ª┬┐├¬╧ä┬½├╣┬╡ΓîÉ╞Æ╧ä├▓Γûæ╬ª├╝Γéº_BRANCH_B_v048_REAUDIT_FULL_RESUME_1944-02-20T24_2026-08-31/97_CONTINUATION_MASTER_2026-08-30/OVERLAYS/027_╬ª┬┐├¬╧ä┬½├╣┬╡ΓîÉ╞Æ╧ä├▓Γûæ╬ª├╝Γéº_v048_MARIANAS_1944-06-14_OVERLAY_2026-08-30/MARIANAS_FOCUS_1944-06-14/STATE/MARIANAS_PRIMARY_STATE_1944-06-14T24_WORKING_v001.json
1825	╬ª┬┐├¬╧ä┬½├╣┬╡ΓîÉ╞Æ╧ä├▓Γûæ╬ª├╝Γéº_BRANCH_B_v049_FULL_HANDOFF_1944-08-04T24_2026-09-04/02_ORIGINAL_EXTRACTED_TREE/╬ª┬┐├¬╧ä┬½├╣┬╡ΓîÉ╞Æ╧ä├▓Γûæ╬ª├╝Γéº_BRANCH_B_v048_REAUDIT_FULL_RESUME_1944-02-20T24_2026-08-31/97_CONTINUATION_MASTER_2026-08-30/OVERLAYS/028_╬ª┬┐├¬╧ä┬½├╣┬╡ΓîÉ╞Æ╧ä├▓Γûæ╬ª├╝Γéº_v048_MARIANAS_1944-06-15_OVERLAY_2026-08-30/MARIANAS_FOCUS_1944-06-15/MANIFEST/MARIANAS_FOCUS_1944-06-15_MANIFEST_v001.json
1073	╬ª┬┐├¬╧ä┬½├╣┬╡ΓîÉ╞Æ╧ä├▓Γûæ╬ª├╝Γéº_BRANCH_B_v049_FULL_HANDOFF_1944-08-04T24_2026-09-04/02_ORIGINAL_EXTRACTED_TREE/╬ª┬┐├¬╧ä┬½├╣┬╡ΓîÉ╞Æ╧ä├▓Γûæ╬ª├╝Γéº_BRANCH_B_v048_REAUDIT_FULL_RESUME_1944-02-20T24_2026-08-31/97_CONTINUATION_MASTER_2026-08-30/OVERLAYS/028_╬ª┬┐├¬╧ä┬½├╣┬╡ΓîÉ╞Æ╧ä├▓Γûæ╬ª├╝Γéº_v048_MARIANAS_1944-06-15_OVERLAY_2026-08-30/MARIANAS_FOCUS_1944-06-15/MANIFEST/SHA256SUMS.txt
2133	╬ª┬┐├¬╧ä┬½├╣┬╡ΓîÉ╞Æ╧ä├▓Γûæ╬ª├╝Γéº_BRANCH_B_v049_FULL_HANDOFF_1944-08-04T24_2026-09-04/02_ORIGINAL_EXTRACTED_TREE/╬ª┬┐├¬╧ä┬½├╣┬╡ΓîÉ╞Æ╧ä├▓Γûæ╬ª├╝Γéº_BRANCH_B_v048_REAUDIT_FULL_RESUME_1944-02-20T24_2026-08-31/97_CONTINUATION_MASTER_2026-08-30/OVERLAYS/028_╬ª┬┐├¬╧ä┬½├╣┬╡ΓîÉ╞Æ╧ä├▓Γûæ╬ª├╝Γéº_v048_MARIANAS_1944-06-15_OVERLAY_2026-08-30/MARIANAS_FOCUS_1944-06-15/PACIFIC/JAPAN_MARIANAS_AIR_DDAY_REACTION_1944-06-15_WORKING_v001.json
2090	╬ª┬┐├¬╧ä┬½├╣┬╡ΓîÉ╞Æ╧ä├▓Γûæ╬ª├╝Γéº_BRANCH_B_v049_FULL_HANDOFF_1944-08-04T24_2026-09-04/02_ORIGINAL_EXTRACTED_TREE/╬ª┬┐├¬╧ä┬½├╣┬╡ΓîÉ╞Æ╧ä├▓Γûæ╬ª├╝Γéº_BRANCH_B_v048_REAUDIT_FULL_RESUME_1944-02-20T24_2026-08-31/97_CONTINUATION_MASTER_2026-08-30/OVERLAYS/028_╬ª┬┐├¬╧ä┬½├╣┬╡ΓîÉ╞Æ╧ä├▓Γûæ╬ª├╝Γéº_v048_MARIANAS_1944-06-15_OVERLAY_2026-08-30/MARIANAS_FOCUS_1944-06-15/PACIFIC/JAPAN_MOBILE_FLEET_MOVEMENT_AND_SEARCH_1944-06-15_WORKING_v001.json
3252	╬ª┬┐├¬╧ä┬½├╣┬╡ΓîÉ╞Æ╧ä├▓Γûæ╬ª├╝Γéº_BRANCH_B_v049_FULL_HANDOFF_1944-08-04T24_2026-09-04/02_ORIGINAL_EXTRACTED_TREE/╬ª┬┐├¬╧ä┬½├╣┬╡ΓîÉ╞Æ╧ä├▓Γûæ╬ª├╝Γéº_BRANCH_B_v048_REAUDIT_FULL_RESUME_1944-02-20T24_2026-08-31/97_CONTINUATION_MASTER_2026-08-30/OVERLAYS/028_╬ª┬┐├¬╧ä┬½├╣┬╡ΓîÉ╞Æ╧ä├▓Γûæ╬ª├╝Γéº_v048_MARIANAS_1944-06-15_OVERLAY_2026-08-30/MARIANAS_FOCUS_1944-06-15/PACIFIC/JAPAN_SIXTH_FLEET_SUBMARINE_ISR_1944-06-15_WORKING_v001.json
3284	╬ª┬┐├¬╧ä┬½├╣┬╡ΓîÉ╞Æ╧ä├▓Γûæ╬ª├╝Γéº_BRANCH_B_v049_FULL_HANDOFF_1944-08-04T24_2026-09-04/02_ORIGINAL_EXTRACTED_TREE/╬ª┬┐├¬╧ä┬½├╣┬╡ΓîÉ╞Æ╧ä├▓Γûæ╬ª├╝Γéº_BRANCH_B_v048_REAUDIT_FULL_RESUME_1944-02-20T24_2026-08-31/97_CONTINUATION_MASTER_2026-08-30/OVERLAYS/028_╬ª┬┐├¬╧ä┬½├╣┬╡ΓîÉ╞Æ╧ä├▓Γûæ╬ª├╝Γéº_v048_MARIANAS_1944-06-15_OVERLAY_2026-08-30/MARIANAS_FOCUS_1944-06-15/PACIFIC/SAIPAN_DDAY_GROUND_AND_ARMOR_1944-06-15_WORKING_v001.json
2775	╬ª┬┐├¬╧ä┬½├╣┬╡ΓîÉ╞Æ╧ä├▓Γûæ╬ª├╝Γéº_BRANCH_B_v049_FULL_HANDOFF_1944-08-04T24_2026-09-04/02_ORIGINAL_EXTRACTED_TREE/╬ª┬┐├¬╧ä┬½├╣┬╡ΓîÉ╞Æ╧ä├▓Γûæ╬ª├╝Γéº_BRANCH_B_v048_REAUDIT_FULL_RESUME_1944-02-20T24_2026-08-31/97_CONTINUATION_MASTER_2026-08-30/OVERLAYS/028_╬ª┬┐├¬╧ä┬½├╣┬╡ΓîÉ╞Æ╧ä├▓Γûæ╬ª├╝Γéº_v048_MARIANAS_1944-06-15_OVERLAY_2026-08-30/MARIANAS_FOCUS_1944-06-15/PACIFIC/US_SUBMARINE_RECONTACT_AND_SPRUANCE_POSTURE_1944-06-15_WORKING_v001.json
1533	╬ª┬┐├¬╧ä┬½├╣┬╡ΓîÉ╞Æ╧ä├▓Γûæ╬ª├╝Γéº_BRANCH_B_v049_FULL_HANDOFF_1944-08-04T24_2026-09-04/02_ORIGINAL_EXTRACTED_TREE/╬ª┬┐├¬╧ä┬½├╣┬╡ΓîÉ╞Æ╧ä├▓Γûæ╬ª├╝Γéº_BRANCH_B_v048_REAUDIT_FULL_RESUME_1944-02-20T24_2026-08-31/97_CONTINUATION_MASTER_2026-08-30/OVERLAYS/028_╬ª┬┐├¬╧ä┬½├╣┬╡ΓîÉ╞Æ╧ä├▓Γûæ╬ª├╝Γéº_v048_MARIANAS_1944-06-15_OVERLAY_2026-08-30/MARIANAS_FOCUS_1944-06-15/PACIFIC/US_TF58_AND_AMPHIBIOUS_POSTURE_1944-06-15_WORKING_v001.json
1777	╬ª┬┐├¬╧ä┬½├╣┬╡ΓîÉ╞Æ╧ä├▓Γûæ╬ª├╝Γéº_BRANCH_B_v049_FULL_HANDOFF_1944-08-04T24_2026-09-04/02_ORIGINAL_EXTRACTED_TREE/╬ª┬┐├¬╧ä┬½├╣┬╡ΓîÉ╞Æ╧ä├▓Γûæ╬ª├╝Γéº_BRANCH_B_v048_REAUDIT_FULL_RESUME_1944-02-20T24_2026-08-31/97_CONTINUATION_MASTER_2026-08-30/OVERLAYS/028_╬ª┬┐├¬╧ä┬½├╣┬╡ΓîÉ╞Æ╧ä├▓Γûæ╬ª├╝Γéº_v048_MARIANAS_1944-06-15_OVERLAY_2026-08-30/MARIANAS_FOCUS_1944-06-15/STATE/MARIANAS_PRIMARY_STATE_1944-06-15T24_WORKING_v001.json
5462	╬ª┬┐├¬╧ä┬½├╣┬╡ΓîÉ╞Æ╧ä├▓Γûæ╬ª├╝Γéº_BRANCH_B_v049_FULL_HANDOFF_1944-08-04T24_2026-09-04/02_ORIGINAL_EXTRACTED_TREE/╬ª┬┐├¬╧ä┬½├╣┬╡ΓîÉ╞Æ╧ä├▓Γûæ╬ª├╝Γéº_BRANCH_B_v048_REAUDIT_FULL_RESUME_1944-02-20T24_2026-08-31/97_CONTINUATION_MASTER_2026-08-31/AUDIT/CURRENT_MODELING_CONTRACT_2026-08-31.md
5427	╬ª┬┐├¬╧ä┬½├╣┬╡ΓîÉ╞Æ╧ä├▓Γûæ╬ª├╝Γéº_BRANCH_B_v049_FULL_HANDOFF_1944-08-04T24_2026-09-04/02_ORIGINAL_EXTRACTED_TREE/╬ª┬┐├¬╧ä┬½├╣┬╡ΓîÉ╞Æ╧ä├▓Γûæ╬ª├╝Γéº_BRANCH_B_v048_REAUDIT_FULL_RESUME_1944-02-20T24_2026-08-31/97_CONTINUATION_MASTER_2026-08-31/AUDIT/DIAGNOSTIC_OVERLAYS/A001_SECONDARY_CARRIER_TRACE_INTERMEDIATE/galvanic_secondary_carrier_trace_resume_2026-08-31/GALVANIC_SECONDARY_CARRIER_AND_DOMAIN_TRACE_RESUME_1943-11_WORKING_v001.md
1495	╬ª┬┐├¬╧ä┬½├╣┬╡ΓîÉ╞Æ╧ä├▓Γûæ╬ª├╝Γéº_BRANCH_B_v049_FULL_HANDOFF_1944-08-04T24_2026-09-04/02_ORIGINAL_EXTRACTED_TREE/╬ª┬┐├¬╧ä┬½├╣┬╡ΓîÉ╞Æ╧ä├▓Γûæ╬ª├╝Γéº_BRANCH_B_v048_REAUDIT_FULL_RESUME_1944-02-20T24_2026-08-31/97_CONTINUATION_MASTER_2026-08-31/AUDIT/DOWNSTREAM_QUARANTINE_INDEX_2026-08-31.md
2369	╬ª┬┐├¬╧ä┬½├╣┬╡ΓîÉ╞Æ╧ä├▓Γûæ╬ª├╝Γéº_BRANCH_B_v049_FULL_HANDOFF_1944-08-04T24_2026-09-04/02_ORIGINAL_EXTRACTED_TREE/╬ª┬┐├¬╧ä┬½├╣┬╡ΓîÉ╞Æ╧ä├▓Γûæ╬ª├╝Γéº_BRANCH_B_v048_REAUDIT_FULL_RESUME_1944-02-20T24_2026-08-31/97_CONTINUATION_MASTER_2026-08-31/AUDIT/INTENT_AND_DECISION_REGISTER_2026-08-31.md
16269	╬ª┬┐├¬╧ä┬½├╣┬╡ΓîÉ╞Æ╧ä├▓Γûæ╬ª├╝Γéº_BRANCH_B_v049_FULL_HANDOFF_1944-08-04T24_2026-09-04/02_ORIGINAL_EXTRACTED_TREE/╬ª┬┐├¬╧ä┬½├╣┬╡ΓîÉ╞Æ╧ä├▓Γûæ╬ª├╝Γéº_BRANCH_B_v048_REAUDIT_FULL_RESUME_1944-02-20T24_2026-08-31/97_CONTINUATION_MASTER_2026-08-31/AUDIT/REPAIR_HISTORY_ENGINEERING_SCHEDULE_2026-08-31.md
1923	╬ª┬┐├¬╧ä┬½├╣┬╡ΓîÉ╞Æ╧ä├▓Γûæ╬ª├╝Γéº_BRANCH_B_v049_FULL_HANDOFF_1944-08-04T24_2026-09-04/02_ORIGINAL_EXTRACTED_TREE/╬ª┬┐├¬╧ä┬½├╣┬╡ΓîÉ╞Æ╧ä├▓Γûæ╬ª├╝Γéº_BRANCH_B_v048_REAUDIT_FULL_RESUME_1944-02-20T24_2026-08-31/97_CONTINUATION_MASTER_2026-08-31/CURRENT_STATE/CURRENT_REAUDIT_STATE_1944-02-20T24_v001.json
3960	╬ª┬┐├¬╧ä┬½├╣┬╡ΓîÉ╞Æ╧ä├▓Γûæ╬ª├╝Γéº_BRANCH_B_v049_FULL_HANDOFF_1944-08-04T24_2026-09-04/02_ORIGINAL_EXTRACTED_TREE/╬ª┬┐├¬╧ä┬½├╣┬╡ΓîÉ╞Æ╧ä├▓Γûæ╬ª├╝Γéº_BRANCH_B_v048_REAUDIT_FULL_RESUME_1944-02-20T24_2026-08-31/97_CONTINUATION_MASTER_2026-08-31/HANDOFF/NEXT_SESSION_HANDOFF_1944-02-20T24.md
850	╬ª┬┐├¬╧ä┬½├╣┬╡ΓîÉ╞Æ╧ä├▓Γûæ╬ª├╝Γéº_BRANCH_B_v049_FULL_HANDOFF_1944-08-04T24_2026-09-04/02_ORIGINAL_EXTRACTED_TREE/╬ª┬┐├¬╧ä┬½├╣┬╡ΓîÉ╞Æ╧ä├▓Γûæ╬ª├╝Γéº_BRANCH_B_v048_REAUDIT_FULL_RESUME_1944-02-20T24_2026-08-31/97_CONTINUATION_MASTER_2026-08-31/MANIFEST/BUILD_RECIPE_AND_PROVENANCE_v001.md
698	╬ª┬┐├¬╧ä┬½├╣┬╡ΓîÉ╞Æ╧ä├▓Γûæ╬ª├╝Γéº_BRANCH_B_v049_FULL_HANDOFF_1944-08-04T24_2026-09-04/02_ORIGINAL_EXTRACTED_TREE/╬ª┬┐├¬╧ä┬½├╣┬╡ΓîÉ╞Æ╧ä├▓Γûæ╬ª├╝Γéº_BRANCH_B_v048_REAUDIT_FULL_RESUME_1944-02-20T24_2026-08-31/97_CONTINUATION_MASTER_2026-08-31/MANIFEST/FULL_PACKAGE_VALIDATION_AUDIT_v001.json
25260	╬ª┬┐├¬╧ä┬½├╣┬╡ΓîÉ╞Æ╧ä├▓Γûæ╬ª├╝Γéº_BRANCH_B_v049_FULL_HANDOFF_1944-08-04T24_2026-09-04/02_ORIGINAL_EXTRACTED_TREE/╬ª┬┐├¬╧ä┬½├╣┬╡ΓîÉ╞Æ╧ä├▓Γûæ╬ª├╝Γéº_BRANCH_B_v048_REAUDIT_FULL_RESUME_1944-02-20T24_2026-08-31/97_CONTINUATION_MASTER_2026-08-31/MANIFEST/MASTER_LOAD_ORDER_v002.json
252272	╬ª┬┐├¬╧ä┬½├╣┬╡ΓîÉ╞Æ╧ä├▓Γûæ╬ª├╝Γéº_BRANCH_B_v049_FULL_HANDOFF_1944-08-04T24_2026-09-04/02_ORIGINAL_EXTRACTED_TREE/╬ª┬┐├¬╧ä┬½├╣┬╡ΓîÉ╞Æ╧ä├▓Γûæ╬ª├╝Γéº_BRANCH_B_v048_REAUDIT_FULL_RESUME_1944-02-20T24_2026-08-31/97_CONTINUATION_MASTER_2026-08-31/MANIFEST/SHA256SUMS_FULL_PACKAGE.txt
11541	╬ª┬┐├¬╧ä┬½├╣┬╡ΓîÉ╞Æ╧ä├▓Γûæ╬ª├╝Γéº_BRANCH_B_v049_FULL_HANDOFF_1944-08-04T24_2026-09-04/02_ORIGINAL_EXTRACTED_TREE/╬ª┬┐├¬╧ä┬½├╣┬╡ΓîÉ╞Æ╧ä├▓Γûæ╬ª├╝Γéº_BRANCH_B_v048_REAUDIT_FULL_RESUME_1944-02-20T24_2026-08-31/97_CONTINUATION_MASTER_2026-08-31/MANIFEST/SOURCE_ZIP_MANIFEST_v001.json
916	╬ª┬┐├¬╧ä┬½├╣┬╡ΓîÉ╞Æ╧ä├▓Γûæ╬ª├╝Γéº_BRANCH_B_v049_FULL_HANDOFF_1944-08-04T24_2026-09-04/02_ORIGINAL_EXTRACTED_TREE/╬ª┬┐├¬╧ä┬½├╣┬╡ΓîÉ╞Æ╧ä├▓Γûæ╬ª├╝Γéº_BRANCH_B_v048_REAUDIT_FULL_RESUME_1944-02-20T24_2026-08-31/97_CONTINUATION_MASTER_2026-08-31/OVERLAYS/001_PRE_GALVANIC_FORTIFICATION_REAUDIT/GALVANIC_FORTIFICATION_LOGISTICS_REOPEN_GATE_v001.json
11402	╬ª┬┐├¬╧ä┬½├╣┬╡ΓîÉ╞Æ╧ä├▓Γûæ╬ª├╝Γéº_BRANCH_B_v049_FULL_HANDOFF_1944-08-04T24_2026-09-04/02_ORIGINAL_EXTRACTED_TREE/╬ª┬┐├¬╧ä┬½├╣┬╡ΓîÉ╞Æ╧ä├▓Γûæ╬ª├╝Γéº_BRANCH_B_v048_REAUDIT_FULL_RESUME_1944-02-20T24_2026-08-31/97_CONTINUATION_MASTER_2026-08-31/OVERLAYS/001_PRE_GALVANIC_FORTIFICATION_REAUDIT/PRE_GALVANIC_FORTIFICATION_REAUDIT_1942-08_1943-11_WORKING_v001.md
5435	╬ª┬┐├¬╧ä┬½├╣┬╡ΓîÉ╞Æ╧ä├▓Γûæ╬ª├╝Γéº_BRANCH_B_v049_FULL_HANDOFF_1944-08-04T24_2026-09-04/02_ORIGINAL_EXTRACTED_TREE/╬ª┬┐├¬╧ä┬½├╣┬╡ΓîÉ╞Æ╧ä├▓Γûæ╬ª├╝Γéº_BRANCH_B_v048_REAUDIT_FULL_RESUME_1944-02-20T24_2026-08-31/97_CONTINUATION_MASTER_2026-08-31/OVERLAYS/001_PRE_GALVANIC_FORTIFICATION_REAUDIT/PRE_GALVANIC_ISLAND_DEFENSE_LEDGER_1943-11-23_WORKING_v001.json
486	╬ª┬┐├¬╧ä┬½├╣┬╡ΓîÉ╞Æ╧ä├▓Γûæ╬ª├╝Γéº_BRANCH_B_v049_FULL_HANDOFF_1944-08-04T24_2026-09-04/02_ORIGINAL_EXTRACTED_TREE/╬ª┬┐├¬╧ä┬½├╣┬╡ΓîÉ╞Æ╧ä├▓Γûæ╬ª├╝Γéº_BRANCH_B_v048_REAUDIT_FULL_RESUME_1944-02-20T24_2026-08-31/97_CONTINUATION_MASTER_2026-08-31/OVERLAYS/001_PRE_GALVANIC_FORTIFICATION_REAUDIT/SHA256SUMS.txt
1076	╬ª┬┐├¬╧ä┬½├╣┬╡ΓîÉ╞Æ╧ä├▓Γûæ╬ª├╝Γéº_BRANCH_B_v049_FULL_HANDOFF_1944-08-04T24_2026-09-04/02_ORIGINAL_EXTRACTED_TREE/╬ª┬┐├¬╧ä┬½├╣┬╡ΓîÉ╞Æ╧ä├▓Γûæ╬ª├╝Γéº_BRANCH_B_v048_REAUDIT_FULL_RESUME_1944-02-20T24_2026-08-31/97_CONTINUATION_MASTER_2026-08-31/OVERLAYS/001_PRE_GALVANIC_FORTIFICATION_REAUDIT/SOURCE_AND_PRECEDENCE_NOTES_v001.md
1281	╬ª┬┐├¬╧ä┬½├╣┬╡ΓîÉ╞Æ╧ä├▓Γûæ╬ª├╝Γéº_BRANCH_B_v049_FULL_HANDOFF_1944-08-04T24_2026-09-04/02_ORIGINAL_EXTRACTED_TREE/╬ª┬┐├¬╧ä┬½├╣┬╡ΓîÉ╞Æ╧ä├▓Γûæ╬ª├╝Γéº_BRANCH_B_v048_REAUDIT_FULL_RESUME_1944-02-20T24_2026-08-31/97_CONTINUATION_MASTER_2026-08-31/OVERLAYS/002_GALVANIC_DMINUS1_FORTIFICATION/GALVANIC_1943-11-24_HHOUR_REOPEN_STATE_WORKING_v001.json
5691	╬ª┬┐├¬╧ä┬½├╣┬╡ΓîÉ╞Æ╧ä├▓Γûæ╬ª├╝Γéº_BRANCH_B_v049_FULL_HANDOFF_1944-08-04T24_2026-09-04/02_ORIGINAL_EXTRACTED_TREE/╬ª┬┐├¬╧ä┬½├╣┬╡ΓîÉ╞Æ╧ä├▓Γûæ╬ª├╝Γéº_BRANCH_B_v048_REAUDIT_FULL_RESUME_1944-02-20T24_2026-08-31/97_CONTINUATION_MASTER_2026-08-31/OVERLAYS/002_GALVANIC_DMINUS1_FORTIFICATION/GALVANIC_DMINUS1_PRELANDING_FORTIFICATION_REAUDIT_WORKING_v001.md
255	╬ª┬┐├¬╧ä┬½├╣┬╡ΓîÉ╞Æ╧ä├▓Γûæ╬ª├╝Γéº_BRANCH_B_v049_FULL_HANDOFF_1944-08-04T24_2026-09-04/02_ORIGINAL_EXTRACTED_TREE/╬ª┬┐├¬╧ä┬½├╣┬╡ΓîÉ╞Æ╧ä├▓Γûæ╬ª├╝Γéº_BRANCH_B_v048_REAUDIT_FULL_RESUME_1944-02-20T24_2026-08-31/97_CONTINUATION_MASTER_2026-08-31/OVERLAYS/002_GALVANIC_DMINUS1_FORTIFICATION/SHA256SUMS.txt
2192	╬ª┬┐├¬╧ä┬½├╣┬╡ΓîÉ╞Æ╧ä├▓Γûæ╬ª├╝Γéº_BRANCH_B_v049_FULL_HANDOFF_1944-08-04T24_2026-09-04/02_ORIGINAL_EXTRACTED_TREE/╬ª┬┐├¬╧ä┬½├╣┬╡ΓîÉ╞Æ╧ä├▓Γûæ╬ª├╝Γéº_BRANCH_B_v048_REAUDIT_FULL_RESUME_1944-02-20T24_2026-08-31/97_CONTINUATION_MASTER_2026-08-31/OVERLAYS/003_GALVANIC_FULL_DOMAIN_ALIGNMENT/GALVANIC_1943-11_DOMAIN_CLOCK_SNAPSHOT_v001.json
10731	╬ª┬┐├¬╧ä┬½├╣┬╡ΓîÉ╞Æ╧ä├▓Γûæ╬ª├╝Γéº_BRANCH_B_v049_FULL_HANDOFF_1944-08-04T24_2026-09-04/02_ORIGINAL_EXTRACTED_TREE/╬ª┬┐├¬╧ä┬½├╣┬╡ΓîÉ╞Æ╧ä├▓Γûæ╬ª├╝Γéº_BRANCH_B_v048_REAUDIT_FULL_RESUME_1944-02-20T24_2026-08-31/97_CONTINUATION_MASTER_2026-08-31/OVERLAYS/003_GALVANIC_FULL_DOMAIN_ALIGNMENT/GALVANIC_FULL_DOMAIN_ALIGNMENT_GATE_1943-11_WORKING_v001.md
241	╬ª┬┐├¬╧ä┬½├╣┬╡ΓîÉ╞Æ╧ä├▓Γûæ╬ª├╝Γéº_BRANCH_B_v049_FULL_HANDOFF_1944-08-04T24_2026-09-04/02_ORIGINAL_EXTRACTED_TREE/╬ª┬┐├¬╧ä┬½├╣┬╡ΓîÉ╞Æ╧ä├▓Γûæ╬ª├╝Γéº_BRANCH_B_v048_REAUDIT_FULL_RESUME_1944-02-20T24_2026-08-31/97_CONTINUATION_MASTER_2026-08-31/OVERLAYS/003_GALVANIC_FULL_DOMAIN_ALIGNMENT/SHA256SUMS.txt
3808	╬ª┬┐├¬╧ä┬½├╣┬╡ΓîÉ╞Æ╧ä├▓Γûæ╬ª├╝Γéº_BRANCH_B_v049_FULL_HANDOFF_1944-08-04T24_2026-09-04/02_ORIGINAL_EXTRACTED_TREE/╬ª┬┐├¬╧ä┬½├╣┬╡ΓîÉ╞Æ╧ä├▓Γûæ╬ª├╝Γéº_BRANCH_B_v048_REAUDIT_FULL_RESUME_1944-02-20T24_2026-08-31/97_CONTINUATION_MASTER_2026-08-31/OVERLAYS/004_GALVANIC_AIR_OOB_HARDENING/GALVANIC_AIRBASE_REVETMENT_PROTECTION_MODEL_1943-11_WORKING_v001.md
14479	╬ª┬┐├¬╧ä┬½├╣┬╡ΓîÉ╞Æ╧ä├▓Γûæ╬ª├╝Γéº_BRANCH_B_v049_FULL_HANDOFF_1944-08-04T24_2026-09-04/02_ORIGINAL_EXTRACTED_TREE/╬ª┬┐├¬╧ä┬½├╣┬╡ΓîÉ╞Æ╧ä├▓Γûæ╬ª├╝Γéº_BRANCH_B_v048_REAUDIT_FULL_RESUME_1944-02-20T24_2026-08-31/97_CONTINUATION_MASTER_2026-08-31/OVERLAYS/004_GALVANIC_AIR_OOB_HARDENING/GALVANIC_BASE_AIR_OOB_AND_HARDENING_1943-11-23_WORKING_v001.json
367	╬ª┬┐├¬╧ä┬½├╣┬╡ΓîÉ╞Æ╧ä├▓Γûæ╬ª├╝Γéº_BRANCH_B_v049_FULL_HANDOFF_1944-08-04T24_2026-09-04/02_ORIGINAL_EXTRACTED_TREE/╬ª┬┐├¬╧ä┬½├╣┬╡ΓîÉ╞Æ╧ä├▓Γûæ╬ª├╝Γéº_BRANCH_B_v048_REAUDIT_FULL_RESUME_1944-02-20T24_2026-08-31/97_CONTINUATION_MASTER_2026-08-31/OVERLAYS/004_GALVANIC_AIR_OOB_HARDENING/SHA256SUMS.txt
1598	╬ª┬┐├¬╧ä┬½├╣┬╡ΓîÉ╞Æ╧ä├▓Γûæ╬ª├╝Γéº_BRANCH_B_v049_FULL_HANDOFF_1944-08-04T24_2026-09-04/02_ORIGINAL_EXTRACTED_TREE/╬ª┬┐├¬╧ä┬½├╣┬╡ΓîÉ╞Æ╧ä├▓Γûæ╬ª├╝Γéº_BRANCH_B_v048_REAUDIT_FULL_RESUME_1944-02-20T24_2026-08-31/97_CONTINUATION_MASTER_2026-08-31/OVERLAYS/004_GALVANIC_AIR_OOB_HARDENING/SOURCE_AND_PRECEDENCE_NOTES_v001.md
8674	╬ª┬┐├¬╧ä┬½├╣┬╡ΓîÉ╞Æ╧ä├▓Γûæ╬ª├╝Γéº_BRANCH_B_v049_FULL_HANDOFF_1944-08-04T24_2026-09-04/02_ORIGINAL_EXTRACTED_TREE/╬ª┬┐├¬╧ä┬½├╣┬╡ΓîÉ╞Æ╧ä├▓Γûæ╬ª├╝Γéº_BRANCH_B_v048_REAUDIT_FULL_RESUME_1944-02-20T24_2026-08-31/97_CONTINUATION_MASTER_2026-08-31/OVERLAYS/005_GALVANIC_SECONDARY_CARRIERS_CLOSED/GALVANIC_SECONDARY_CARRIER_INDIVIDUAL_TRACE_1943-11-23_v001.json
3242	╬ª┬┐├¬╧ä┬½├╣┬╡ΓîÉ╞Æ╧ä├▓Γûæ╬ª├╝Γéº_BRANCH_B_v049_FULL_HANDOFF_1944-08-04T24_2026-09-04/02_ORIGINAL_EXTRACTED_TREE/╬ª┬┐├¬╧ä┬½├╣┬╡ΓîÉ╞Æ╧ä├▓Γûæ╬ª├╝Γéº_BRANCH_B_v048_REAUDIT_FULL_RESUME_1944-02-20T24_2026-08-31/97_CONTINUATION_MASTER_2026-08-31/OVERLAYS/005_GALVANIC_SECONDARY_CARRIERS_CLOSED/GALVANIC_SECONDARY_CARRIER_TRACE_CLOSEOUT_1943-11_v001.md
255	╬ª┬┐├¬╧ä┬½├╣┬╡ΓîÉ╞Æ╧ä├▓Γûæ╬ª├╝Γéº_BRANCH_B_v049_FULL_HANDOFF_1944-08-04T24_2026-09-04/02_ORIGINAL_EXTRACTED_TREE/╬ª┬┐├¬╧ä┬½├╣┬╡ΓîÉ╞Æ╧ä├▓Γûæ╬ª├╝Γéº_BRANCH_B_v048_REAUDIT_FULL_RESUME_1944-02-20T24_2026-08-31/97_CONTINUATION_MASTER_2026-08-31/OVERLAYS/005_GALVANIC_SECONDARY_CARRIERS_CLOSED/SHA256SUMS.txt
2379	╬ª┬┐├¬╧ä┬½├╣┬╡ΓîÉ╞Æ╧ä├▓Γûæ╬ª├╝Γéº_BRANCH_B_v049_FULL_HANDOFF_1944-08-04T24_2026-09-04/02_ORIGINAL_EXTRACTED_TREE/╬ª┬┐├¬╧ä┬½├╣┬╡ΓîÉ╞Æ╧ä├▓Γûæ╬ª├╝Γéº_BRANCH_B_v048_REAUDIT_FULL_RESUME_1944-02-20T24_2026-08-31/97_CONTINUATION_MASTER_2026-08-31/OVERLAYS/006_GALVANIC_DDAY_ADAPTIVE_REAUDIT/GALVANIC_BASE_AIR_OOB_AND_HARDENING_1943-11-23_WORKING_v002.json
1860	╬ª┬┐├¬╧ä┬½├╣┬╡ΓîÉ╞Æ╧ä├▓Γûæ╬ª├╝Γéº_BRANCH_B_v049_FULL_HANDOFF_1944-08-04T24_2026-09-04/02_ORIGINAL_EXTRACTED_TREE/╬ª┬┐├¬╧ä┬½├╣┬╡ΓîÉ╞Æ╧ä├▓Γûæ╬ª├╝Γéº_BRANCH_B_v048_REAUDIT_FULL_RESUME_1944-02-20T24_2026-08-31/97_CONTINUATION_MASTER_2026-08-31/OVERLAYS/006_GALVANIC_DDAY_ADAPTIVE_REAUDIT/GALVANIC_CROSS_DOMAIN_PROPAGATION_GATE_1943-11-25_26_WORKING_v001.json
1217	╬ª┬┐├¬╧ä┬½├╣┬╡ΓîÉ╞Æ╧ä├▓Γûæ╬ª├╝Γéº_BRANCH_B_v049_FULL_HANDOFF_1944-08-04T24_2026-09-04/02_ORIGINAL_EXTRACTED_TREE/╬ª┬┐├¬╧ä┬½├╣┬╡ΓîÉ╞Æ╧ä├▓Γûæ╬ª├╝Γéº_BRANCH_B_v048_REAUDIT_FULL_RESUME_1944-02-20T24_2026-08-31/97_CONTINUATION_MASTER_2026-08-31/OVERLAYS/006_GALVANIC_DDAY_ADAPTIVE_REAUDIT/GALVANIC_DMINUS1_JAPAN_MARITIME_STRIKE_REAUDIT_1943-11-23_WORKING_v001.json
4678	╬ª┬┐├¬╧ä┬½├╣┬╡ΓîÉ╞Æ╧ä├▓Γûæ╬ª├╝Γéº_BRANCH_B_v049_FULL_HANDOFF_1944-08-04T24_2026-09-04/02_ORIGINAL_EXTRACTED_TREE/╬ª┬┐├¬╧ä┬½├╣┬╡ΓîÉ╞Æ╧ä├▓Γûæ╬ª├╝Γéº_BRANCH_B_v048_REAUDIT_FULL_RESUME_1944-02-20T24_2026-08-31/97_CONTINUATION_MASTER_2026-08-31/OVERLAYS/006_GALVANIC_DDAY_ADAPTIVE_REAUDIT/GALVANIC_PASS_A_FIXED_US_SUPPRESSION_1943-11-23_WORKING_v001.json
2238	╬ª┬┐├¬╧ä┬½├╣┬╡ΓîÉ╞Æ╧ä├▓Γûæ╬ª├╝Γéº_BRANCH_B_v049_FULL_HANDOFF_1944-08-04T24_2026-09-04/02_ORIGINAL_EXTRACTED_TREE/╬ª┬┐├¬╧ä┬½├╣┬╡ΓîÉ╞Æ╧ä├▓Γûæ╬ª├╝Γéº_BRANCH_B_v048_REAUDIT_FULL_RESUME_1944-02-20T24_2026-08-31/97_CONTINUATION_MASTER_2026-08-31/OVERLAYS/006_GALVANIC_DDAY_ADAPTIVE_REAUDIT/GALVANIC_PASS_B_US_ADAPTIVE_SUPPRESSION_1943-11-23_24_WORKING_v001.json
2142	╬ª┬┐├¬╧ä┬½├╣┬╡ΓîÉ╞Æ╧ä├▓Γûæ╬ª├╝Γéº_BRANCH_B_v049_FULL_HANDOFF_1944-08-04T24_2026-09-04/02_ORIGINAL_EXTRACTED_TREE/╬ª┬┐├¬╧ä┬½├╣┬╡ΓîÉ╞Æ╧ä├▓Γûæ╬ª├╝Γéº_BRANCH_B_v048_REAUDIT_FULL_RESUME_1944-02-20T24_2026-08-31/97_CONTINUATION_MASTER_2026-08-31/OVERLAYS/006_GALVANIC_DDAY_ADAPTIVE_REAUDIT/GALVANIC_TARAWA_DDAY_1943-11-24_REAUDIT_WORKING_v001.json
2219	╬ª┬┐├¬╧ä┬½├╣┬╡ΓîÉ╞Æ╧ä├▓Γûæ╬ª├╝Γéº_BRANCH_B_v049_FULL_HANDOFF_1944-08-04T24_2026-09-04/02_ORIGINAL_EXTRACTED_TREE/╬ª┬┐├¬╧ä┬½├╣┬╡ΓîÉ╞Æ╧ä├▓Γûæ╬ª├╝Γéº_BRANCH_B_v048_REAUDIT_FULL_RESUME_1944-02-20T24_2026-08-31/97_CONTINUATION_MASTER_2026-08-31/OVERLAYS/006_GALVANIC_DDAY_ADAPTIVE_REAUDIT/GALVANIC_TARAWA_HHOUR_STATE_1943-11-24_FORTIFICATION_REAUDIT_v002.json
616	╬ª┬┐├¬╧ä┬½├╣┬╡ΓîÉ╞Æ╧ä├▓Γûæ╬ª├╝Γéº_BRANCH_B_v049_FULL_HANDOFF_1944-08-04T24_2026-09-04/02_ORIGINAL_EXTRACTED_TREE/╬ª┬┐├¬╧ä┬½├╣┬╡ΓîÉ╞Æ╧ä├▓Γûæ╬ª├╝Γéº_BRANCH_B_v048_REAUDIT_FULL_RESUME_1944-02-20T24_2026-08-31/97_CONTINUATION_MASTER_2026-08-31/OVERLAYS/006_GALVANIC_DDAY_ADAPTIVE_REAUDIT/PROVENANCE_AND_GUARDS_v001.txt
2362	╬ª┬┐├¬╧ä┬½├╣┬╡ΓîÉ╞Æ╧ä├▓Γûæ╬ª├╝Γéº_BRANCH_B_v049_FULL_HANDOFF_1944-08-04T24_2026-09-04/02_ORIGINAL_EXTRACTED_TREE/╬ª┬┐├¬╧ä┬½├╣┬╡ΓîÉ╞Æ╧ä├▓Γûæ╬ª├╝Γéº_BRANCH_B_v048_REAUDIT_FULL_RESUME_1944-02-20T24_2026-08-31/97_CONTINUATION_MASTER_2026-08-31/OVERLAYS/006_GALVANIC_DDAY_ADAPTIVE_REAUDIT/README_GALVANIC_PASS_A_B_DDAY_REAUDIT_v001.md
1150	╬ª┬┐├¬╧ä┬½├╣┬╡ΓîÉ╞Æ╧ä├▓Γûæ╬ª├╝Γéº_BRANCH_B_v049_FULL_HANDOFF_1944-08-04T24_2026-09-04/02_ORIGINAL_EXTRACTED_TREE/╬ª┬┐├¬╧ä┬½├╣┬╡ΓîÉ╞Æ╧ä├▓Γûæ╬ª├╝Γéº_BRANCH_B_v048_REAUDIT_FULL_RESUME_1944-02-20T24_2026-08-31/97_CONTINUATION_MASTER_2026-08-31/OVERLAYS/006_GALVANIC_DDAY_ADAPTIVE_REAUDIT/SHA256SUMS_WORKING_2026-08-31.txt
1289	╬ª┬┐├¬╧ä┬½├╣┬╡ΓîÉ╞Æ╧ä├▓Γûæ╬ª├╝Γéº_BRANCH_B_v049_FULL_HANDOFF_1944-08-04T24_2026-09-04/02_ORIGINAL_EXTRACTED_TREE/╬ª┬┐├¬╧ä┬½├╣┬╡ΓîÉ╞Æ╧ä├▓Γûæ╬ª├╝Γéº_BRANCH_B_v048_REAUDIT_FULL_RESUME_1944-02-20T24_2026-08-31/97_CONTINUATION_MASTER_2026-08-31/OVERLAYS/007_GALVANIC_TARAWA_25NOV/GALVANIC_1943-11-26_REOPEN_GATE_AFTER_TARAWA_DPLUS1_v001.json
1393	╬ª┬┐├¬╧ä┬½├╣┬╡ΓîÉ╞Æ╧ä├▓Γûæ╬ª├╝Γéº_BRANCH_B_v049_FULL_HANDOFF_1944-08-04T24_2026-09-04/02_ORIGINAL_EXTRACTED_TREE/╬ª┬┐├¬╧ä┬½├╣┬╡ΓîÉ╞Æ╧ä├▓Γûæ╬ª├╝Γéº_BRANCH_B_v048_REAUDIT_FULL_RESUME_1944-02-20T24_2026-08-31/97_CONTINUATION_MASTER_2026-08-31/OVERLAYS/007_GALVANIC_TARAWA_25NOV/GALVANIC_JAPAN_REACTION_STATE_1943-11-25T24_WORKING_v001.json
3168	╬ª┬┐├¬╧ä┬½├╣┬╡ΓîÉ╞Æ╧ä├▓Γûæ╬ª├╝Γéº_BRANCH_B_v049_FULL_HANDOFF_1944-08-04T24_2026-09-04/02_ORIGINAL_EXTRACTED_TREE/╬ª┬┐├¬╧ä┬½├╣┬╡ΓîÉ╞Æ╧ä├▓Γûæ╬ª├╝Γéº_BRANCH_B_v048_REAUDIT_FULL_RESUME_1944-02-20T24_2026-08-31/97_CONTINUATION_MASTER_2026-08-31/OVERLAYS/007_GALVANIC_TARAWA_25NOV/GALVANIC_TARAWA_DPLUS1_1943-11-25_REAUDIT_WORKING_v001.json
2843	╬ª┬┐├¬╧ä┬½├╣┬╡ΓîÉ╞Æ╧ä├▓Γûæ╬ª├╝Γéº_BRANCH_B_v049_FULL_HANDOFF_1944-08-04T24_2026-09-04/02_ORIGINAL_EXTRACTED_TREE/╬ª┬┐├¬╧ä┬½├╣┬╡ΓîÉ╞Æ╧ä├▓Γûæ╬ª├╝Γéº_BRANCH_B_v048_REAUDIT_FULL_RESUME_1944-02-20T24_2026-08-31/97_CONTINUATION_MASTER_2026-08-31/OVERLAYS/007_GALVANIC_TARAWA_25NOV/GALVANIC_TARAWA_FIRST_NIGHT_1943-11-24_25_REAUDIT_WORKING_v001.json
1800	╬ª┬┐├¬╧ä┬½├╣┬╡ΓîÉ╞Æ╧ä├▓Γûæ╬ª├╝Γéº_BRANCH_B_v049_FULL_HANDOFF_1944-08-04T24_2026-09-04/02_ORIGINAL_EXTRACTED_TREE/╬ª┬┐├¬╧ä┬½├╣┬╡ΓîÉ╞Æ╧ä├▓Γûæ╬ª├╝Γéº_BRANCH_B_v048_REAUDIT_FULL_RESUME_1944-02-20T24_2026-08-31/97_CONTINUATION_MASTER_2026-08-31/OVERLAYS/007_GALVANIC_TARAWA_25NOV/GALVANIC_US_MISSION_STATE_1943-11-25T24_REAUDIT_WORKING_v001.json
475	╬ª┬┐├¬╧ä┬½├╣┬╡ΓîÉ╞Æ╧ä├▓Γûæ╬ª├╝Γéº_BRANCH_B_v049_FULL_HANDOFF_1944-08-04T24_2026-09-04/02_ORIGINAL_EXTRACTED_TREE/╬ª┬┐├¬╧ä┬½├╣┬╡ΓîÉ╞Æ╧ä├▓Γûæ╬ª├╝Γéº_BRANCH_B_v048_REAUDIT_FULL_RESUME_1944-02-20T24_2026-08-31/97_CONTINUATION_MASTER_2026-08-31/OVERLAYS/007_GALVANIC_TARAWA_25NOV/PROVENANCE_AND_GUARDS_v001.txt
2356	╬ª┬┐├¬╧ä┬½├╣┬╡ΓîÉ╞Æ╧ä├▓Γûæ╬ª├╝Γéº_BRANCH_B_v049_FULL_HANDOFF_1944-08-04T24_2026-09-04/02_ORIGINAL_EXTRACTED_TREE/╬ª┬┐├¬╧ä┬½├╣┬╡ΓîÉ╞Æ╧ä├▓Γûæ╬ª├╝Γéº_BRANCH_B_v048_REAUDIT_FULL_RESUME_1944-02-20T24_2026-08-31/97_CONTINUATION_MASTER_2026-08-31/OVERLAYS/007_GALVANIC_TARAWA_25NOV/README_GALVANIC_TARAWA_1943-11-24_25_REAUDIT_v001.md
864	╬ª┬┐├¬╧ä┬½├╣┬╡ΓîÉ╞Æ╧ä├▓Γûæ╬ª├╝Γéº_BRANCH_B_v049_FULL_HANDOFF_1944-08-04T24_2026-09-04/02_ORIGINAL_EXTRACTED_TREE/╬ª┬┐├¬╧ä┬½├╣┬╡ΓîÉ╞Æ╧ä├▓Γûæ╬ª├╝Γéº_BRANCH_B_v048_REAUDIT_FULL_RESUME_1944-02-20T24_2026-08-31/97_CONTINUATION_MASTER_2026-08-31/OVERLAYS/007_GALVANIC_TARAWA_25NOV/SHA256SUMS_WORKING_2026-08-31.txt
2312	╬ª┬┐├¬╧ä┬½├╣┬╡ΓîÉ╞Æ╧ä├▓Γûæ╬ª├╝Γéº_BRANCH_B_v049_FULL_HANDOFF_1944-08-04T24_2026-09-04/02_ORIGINAL_EXTRACTED_TREE/╬ª┬┐├¬╧ä┬½├╣┬╡ΓîÉ╞Æ╧ä├▓Γûæ╬ª├╝Γéº_BRANCH_B_v048_REAUDIT_FULL_RESUME_1944-02-20T24_2026-08-31/97_CONTINUATION_MASTER_2026-08-31/OVERLAYS/008_GALVANIC_26NOV/GALVANIC_1943-11-26T24_CROSS_DOMAIN_STATE_WORKING_v001.json
3572	╬ª┬┐├¬╧ä┬½├╣┬╡ΓîÉ╞Æ╧ä├▓Γûæ╬ª├╝Γéº_BRANCH_B_v049_FULL_HANDOFF_1944-08-04T24_2026-09-04/02_ORIGINAL_EXTRACTED_TREE/╬ª┬┐├¬╧ä┬½├╣┬╡ΓîÉ╞Æ╧ä├▓Γûæ╬ª├╝Γéº_BRANCH_B_v048_REAUDIT_FULL_RESUME_1944-02-20T24_2026-08-31/97_CONTINUATION_MASTER_2026-08-31/OVERLAYS/008_GALVANIC_26NOV/GALVANIC_1943-11-26_DAWN_DOMAIN_STATE_WORKING_v001.json
6608	╬ª┬┐├¬╧ä┬½├╣┬╡ΓîÉ╞Æ╧ä├▓Γûæ╬ª├╝Γéº_BRANCH_B_v049_FULL_HANDOFF_1944-08-04T24_2026-09-04/02_ORIGINAL_EXTRACTED_TREE/╬ª┬┐├¬╧ä┬½├╣┬╡ΓîÉ╞Æ╧ä├▓Γûæ╬ª├╝Γéº_BRANCH_B_v048_REAUDIT_FULL_RESUME_1944-02-20T24_2026-08-31/97_CONTINUATION_MASTER_2026-08-31/OVERLAYS/008_GALVANIC_26NOV/GALVANIC_CARRIER_BATTLE_1943-11-26_REAUDIT_WORKING_v001.json
2666	╬ª┬┐├¬╧ä┬½├╣┬╡ΓîÉ╞Æ╧ä├▓Γûæ╬ª├╝Γéº_BRANCH_B_v049_FULL_HANDOFF_1944-08-04T24_2026-09-04/02_ORIGINAL_EXTRACTED_TREE/╬ª┬┐├¬╧ä┬½├╣┬╡ΓîÉ╞Æ╧ä├▓Γûæ╬ª├╝Γéº_BRANCH_B_v048_REAUDIT_FULL_RESUME_1944-02-20T24_2026-08-31/97_CONTINUATION_MASTER_2026-08-31/OVERLAYS/008_GALVANIC_26NOV/GALVANIC_TARAWA_DPLUS2_1943-11-26_REAUDIT_WORKING_v001.json
466	╬ª┬┐├¬╧ä┬½├╣┬╡ΓîÉ╞Æ╧ä├▓Γûæ╬ª├╝Γéº_BRANCH_B_v049_FULL_HANDOFF_1944-08-04T24_2026-09-04/02_ORIGINAL_EXTRACTED_TREE/╬ª┬┐├¬╧ä┬½├╣┬╡ΓîÉ╞Æ╧ä├▓Γûæ╬ª├╝Γéº_BRANCH_B_v048_REAUDIT_FULL_RESUME_1944-02-20T24_2026-08-31/97_CONTINUATION_MASTER_2026-08-31/OVERLAYS/008_GALVANIC_26NOV/PROVENANCE_AND_GUARDS_v001.txt
2720	╬ª┬┐├¬╧ä┬½├╣┬╡ΓîÉ╞Æ╧ä├▓Γûæ╬ª├╝Γéº_BRANCH_B_v049_FULL_HANDOFF_1944-08-04T24_2026-09-04/02_ORIGINAL_EXTRACTED_TREE/╬ª┬┐├¬╧ä┬½├╣┬╡ΓîÉ╞Æ╧ä├▓Γûæ╬ª├╝Γéº_BRANCH_B_v048_REAUDIT_FULL_RESUME_1944-02-20T24_2026-08-31/97_CONTINUATION_MASTER_2026-08-31/OVERLAYS/008_GALVANIC_26NOV/README_GALVANIC_1943-11-26_INTEGRATED_RERUN_v001.md
716	╬ª┬┐├¬╧ä┬½├╣┬╡ΓîÉ╞Æ╧ä├▓Γûæ╬ª├╝Γéº_BRANCH_B_v049_FULL_HANDOFF_1944-08-04T24_2026-09-04/02_ORIGINAL_EXTRACTED_TREE/╬ª┬┐├¬╧ä┬½├╣┬╡ΓîÉ╞Æ╧ä├▓Γûæ╬ª├╝Γéº_BRANCH_B_v048_REAUDIT_FULL_RESUME_1944-02-20T24_2026-08-31/97_CONTINUATION_MASTER_2026-08-31/OVERLAYS/008_GALVANIC_26NOV/SHA256SUMS_WORKING_2026-08-31.txt
4004	╬ª┬┐├¬╧ä┬½├╣┬╡ΓîÉ╞Æ╧ä├▓Γûæ╬ª├╝Γéº_BRANCH_B_v049_FULL_HANDOFF_1944-08-04T24_2026-09-04/02_ORIGINAL_EXTRACTED_TREE/╬ª┬┐├¬╧ä┬½├╣┬╡ΓîÉ╞Æ╧ä├▓Γûæ╬ª├╝Γéº_BRANCH_B_v048_REAUDIT_FULL_RESUME_1944-02-20T24_2026-08-31/97_CONTINUATION_MASTER_2026-08-31/OVERLAYS/009_GALVANIC_27NOV/GALVANIC_1943-11-26_27_NIGHT_SURFACE_REAUDIT_WORKING_v001.json
2469	╬ª┬┐├¬╧ä┬½├╣┬╡ΓîÉ╞Æ╧ä├▓Γûæ╬ª├╝Γéº_BRANCH_B_v049_FULL_HANDOFF_1944-08-04T24_2026-09-04/02_ORIGINAL_EXTRACTED_TREE/╬ª┬┐├¬╧ä┬½├╣┬╡ΓîÉ╞Æ╧ä├▓Γûæ╬ª├╝Γéº_BRANCH_B_v048_REAUDIT_FULL_RESUME_1944-02-20T24_2026-08-31/97_CONTINUATION_MASTER_2026-08-31/OVERLAYS/009_GALVANIC_27NOV/GALVANIC_1943-11-27T24_CROSS_DOMAIN_STATE_WORKING_v001.json
1616	╬ª┬┐├¬╧ä┬½├╣┬╡ΓîÉ╞Æ╧ä├▓Γûæ╬ª├╝Γéº_BRANCH_B_v049_FULL_HANDOFF_1944-08-04T24_2026-09-04/02_ORIGINAL_EXTRACTED_TREE/╬ª┬┐├¬╧ä┬½├╣┬╡ΓîÉ╞Æ╧ä├▓Γûæ╬ª├╝Γéº_BRANCH_B_v048_REAUDIT_FULL_RESUME_1944-02-20T24_2026-08-31/97_CONTINUATION_MASTER_2026-08-31/OVERLAYS/009_GALVANIC_27NOV/GALVANIC_MAKIN_SUBMARINE_1943-11-27_REAUDIT_WORKING_v001.json
2906	╬ª┬┐├¬╧ä┬½├╣┬╡ΓîÉ╞Æ╧ä├▓Γûæ╬ª├╝Γéº_BRANCH_B_v049_FULL_HANDOFF_1944-08-04T24_2026-09-04/02_ORIGINAL_EXTRACTED_TREE/╬ª┬┐├¬╧ä┬½├╣┬╡ΓîÉ╞Æ╧ä├▓Γûæ╬ª├╝Γéº_BRANCH_B_v048_REAUDIT_FULL_RESUME_1944-02-20T24_2026-08-31/97_CONTINUATION_MASTER_2026-08-31/OVERLAYS/009_GALVANIC_27NOV/GALVANIC_TARAWA_DPLUS3_1943-11-27_REAUDIT_WORKING_v001.json
1096	╬ª┬┐├¬╧ä┬½├╣┬╡ΓîÉ╞Æ╧ä├▓Γûæ╬ª├╝Γéº_BRANCH_B_v049_FULL_HANDOFF_1944-08-04T24_2026-09-04/02_ORIGINAL_EXTRACTED_TREE/╬ª┬┐├¬╧ä┬½├╣┬╡ΓîÉ╞Æ╧ä├▓Γûæ╬ª├╝Γéº_BRANCH_B_v048_REAUDIT_FULL_RESUME_1944-02-20T24_2026-08-31/97_CONTINUATION_MASTER_2026-08-31/OVERLAYS/009_GALVANIC_27NOV/PROVENANCE_AND_GUARDS_v001.txt
2158	╬ª┬┐├¬╧ä┬½├╣┬╡ΓîÉ╞Æ╧ä├▓Γûæ╬ª├╝Γéº_BRANCH_B_v049_FULL_HANDOFF_1944-08-04T24_2026-09-04/02_ORIGINAL_EXTRACTED_TREE/╬ª┬┐├¬╧ä┬½├╣┬╡ΓîÉ╞Æ╧ä├▓Γûæ╬ª├╝Γéº_BRANCH_B_v048_REAUDIT_FULL_RESUME_1944-02-20T24_2026-08-31/97_CONTINUATION_MASTER_2026-08-31/OVERLAYS/009_GALVANIC_27NOV/README_GALVANIC_1943-11-26_27_INTEGRATED_RERUN_v001.md
727	╬ª┬┐├¬╧ä┬½├╣┬╡ΓîÉ╞Æ╧ä├▓Γûæ╬ª├╝Γéº_BRANCH_B_v049_FULL_HANDOFF_1944-08-04T24_2026-09-04/02_ORIGINAL_EXTRACTED_TREE/╬ª┬┐├¬╧ä┬½├╣┬╡ΓîÉ╞Æ╧ä├▓Γûæ╬ª├╝Γéº_BRANCH_B_v048_REAUDIT_FULL_RESUME_1944-02-20T24_2026-08-31/97_CONTINUATION_MASTER_2026-08-31/OVERLAYS/009_GALVANIC_27NOV/SHA256SUMS_WORKING_2026-08-31.txt
2743	╬ª┬┐├¬╧ä┬½├╣┬╡ΓîÉ╞Æ╧ä├▓Γûæ╬ª├╝Γéº_BRANCH_B_v049_FULL_HANDOFF_1944-08-04T24_2026-09-04/02_ORIGINAL_EXTRACTED_TREE/╬ª┬┐├¬╧ä┬½├╣┬╡ΓîÉ╞Æ╧ä├▓Γûæ╬ª├╝Γéº_BRANCH_B_v048_REAUDIT_FULL_RESUME_1944-02-20T24_2026-08-31/97_CONTINUATION_MASTER_2026-08-31/OVERLAYS/010_GALVANIC_28_29NOV_CLOSEOUT/GALVANIC_1943-11-29T12_CLOSEOUT_STATE_WORKING_v001.json
2141	╬ª┬┐├¬╧ä┬½├╣┬╡ΓîÉ╞Æ╧ä├▓Γûæ╬ª├╝Γéº_BRANCH_B_v049_FULL_HANDOFF_1944-08-04T24_2026-09-04/02_ORIGINAL_EXTRACTED_TREE/╬ª┬┐├¬╧ä┬½├╣┬╡ΓîÉ╞Æ╧ä├▓Γûæ╬ª├╝Γéº_BRANCH_B_v048_REAUDIT_FULL_RESUME_1944-02-20T24_2026-08-31/97_CONTINUATION_MASTER_2026-08-31/OVERLAYS/010_GALVANIC_28_29NOV_CLOSEOUT/GALVANIC_SUBMARINE_SUPPORT_DWELL_1943-11-28_REAUDIT_WORKING_v001.json
3813	╬ª┬┐├¬╧ä┬½├╣┬╡ΓîÉ╞Æ╧ä├▓Γûæ╬ª├╝Γéº_BRANCH_B_v049_FULL_HANDOFF_1944-08-04T24_2026-09-04/02_ORIGINAL_EXTRACTED_TREE/╬ª┬┐├¬╧ä┬½├╣┬╡ΓîÉ╞Æ╧ä├▓Γûæ╬ª├╝Γéº_BRANCH_B_v048_REAUDIT_FULL_RESUME_1944-02-20T24_2026-08-31/97_CONTINUATION_MASTER_2026-08-31/OVERLAYS/010_GALVANIC_28_29NOV_CLOSEOUT/GALVANIC_TARAWA_DPLUS4_1943-11-28_REAUDIT_WORKING_v001.json
595	╬ª┬┐├¬╧ä┬½├╣┬╡ΓîÉ╞Æ╧ä├▓Γûæ╬ª├╝Γéº_BRANCH_B_v049_FULL_HANDOFF_1944-08-04T24_2026-09-04/02_ORIGINAL_EXTRACTED_TREE/╬ª┬┐├¬╧ä┬½├╣┬╡ΓîÉ╞Æ╧ä├▓Γûæ╬ª├╝Γéº_BRANCH_B_v048_REAUDIT_FULL_RESUME_1944-02-20T24_2026-08-31/97_CONTINUATION_MASTER_2026-08-31/OVERLAYS/010_GALVANIC_28_29NOV_CLOSEOUT/PROVENANCE_AND_GUARDS_v001.txt
1717	╬ª┬┐├¬╧ä┬½├╣┬╡ΓîÉ╞Æ╧ä├▓Γûæ╬ª├╝Γéº_BRANCH_B_v049_FULL_HANDOFF_1944-08-04T24_2026-09-04/02_ORIGINAL_EXTRACTED_TREE/╬ª┬┐├¬╧ä┬½├╣┬╡ΓîÉ╞Æ╧ä├▓Γûæ╬ª├╝Γéº_BRANCH_B_v048_REAUDIT_FULL_RESUME_1944-02-20T24_2026-08-31/97_CONTINUATION_MASTER_2026-08-31/OVERLAYS/010_GALVANIC_28_29NOV_CLOSEOUT/README_GALVANIC_1943-11-28_29_CLOSEOUT_RERUN_v001.md
600	╬ª┬┐├¬╧ä┬½├╣┬╡ΓîÉ╞Æ╧ä├▓Γûæ╬ª├╝Γéº_BRANCH_B_v049_FULL_HANDOFF_1944-08-04T24_2026-09-04/02_ORIGINAL_EXTRACTED_TREE/╬ª┬┐├¬╧ä┬½├╣┬╡ΓîÉ╞Æ╧ä├▓Γûæ╬ª├╝Γéº_BRANCH_B_v048_REAUDIT_FULL_RESUME_1944-02-20T24_2026-08-31/97_CONTINUATION_MASTER_2026-08-31/OVERLAYS/010_GALVANIC_28_29NOV_CLOSEOUT/SHA256SUMS_WORKING_2026-08-31.txt
1068	╬ª┬┐├¬╧ä┬½├╣┬╡ΓîÉ╞Æ╧ä├▓Γûæ╬ª├╝Γéº_BRANCH_B_v049_FULL_HANDOFF_1944-08-04T24_2026-09-04/02_ORIGINAL_EXTRACTED_TREE/╬ª┬┐├¬╧ä┬½├╣┬╡ΓîÉ╞Æ╧ä├▓Γûæ╬ª├╝Γéº_BRANCH_B_v048_REAUDIT_FULL_RESUME_1944-02-20T24_2026-08-31/97_CONTINUATION_MASTER_2026-08-31/OVERLAYS/011_GALVANIC_RESIDUAL_CLOSEOUT/GALVANIC_MAKIN_TARAWA_CLOSEOUT_STATE_v001.json
4884	╬ª┬┐├¬╧ä┬½├╣┬╡ΓîÉ╞Æ╧ä├▓Γûæ╬ª├╝Γéº_BRANCH_B_v049_FULL_HANDOFF_1944-08-04T24_2026-09-04/02_ORIGINAL_EXTRACTED_TREE/╬ª┬┐├¬╧ä┬½├╣┬╡ΓîÉ╞Æ╧ä├▓Γûæ╬ª├╝Γéº_BRANCH_B_v048_REAUDIT_FULL_RESUME_1944-02-20T24_2026-08-31/97_CONTINUATION_MASTER_2026-08-31/OVERLAYS/011_GALVANIC_RESIDUAL_CLOSEOUT/GALVANIC_MAKIN_TARAWA_RESIDUAL_CLOSEOUT_v001.md
227	╬ª┬┐├¬╧ä┬½├╣┬╡ΓîÉ╞Æ╧ä├▓Γûæ╬ª├╝Γéº_BRANCH_B_v049_FULL_HANDOFF_1944-08-04T24_2026-09-04/02_ORIGINAL_EXTRACTED_TREE/╬ª┬┐├¬╧ä┬½├╣┬╡ΓîÉ╞Æ╧ä├▓Γûæ╬ª├╝Γéº_BRANCH_B_v048_REAUDIT_FULL_RESUME_1944-02-20T24_2026-08-31/97_CONTINUATION_MASTER_2026-08-31/OVERLAYS/011_GALVANIC_RESIDUAL_CLOSEOUT/SHA256SUMS.txt
1580	╬ª┬┐├¬╧ä┬½├╣┬╡ΓîÉ╞Æ╧ä├▓Γûæ╬ª├╝Γéº_BRANCH_B_v049_FULL_HANDOFF_1944-08-04T24_2026-09-04/02_ORIGINAL_EXTRACTED_TREE/╬ª┬┐├¬╧ä┬½├╣┬╡ΓîÉ╞Æ╧ä├▓Γûæ╬ª├╝Γéº_BRANCH_B_v048_REAUDIT_FULL_RESUME_1944-02-20T24_2026-08-31/97_CONTINUATION_MASTER_2026-08-31/OVERLAYS/012_POST_GALVANIC_LEARNING_GATE/GALVANIC_SORYU_DAMAGE_REPAIR_REGEN_REAUDIT_1943-11_1944-01_WORKING_v001.json
5315	╬ª┬┐├¬╧ä┬½├╣┬╡ΓîÉ╞Æ╧ä├▓Γûæ╬ª├╝Γéº_BRANCH_B_v049_FULL_HANDOFF_1944-08-04T24_2026-09-04/02_ORIGINAL_EXTRACTED_TREE/╬ª┬┐├¬╧ä┬½├╣┬╡ΓîÉ╞Æ╧ä├▓Γûæ╬ª├╝Γéº_BRANCH_B_v048_REAUDIT_FULL_RESUME_1944-02-20T24_2026-08-31/97_CONTINUATION_MASTER_2026-08-31/OVERLAYS/012_POST_GALVANIC_LEARNING_GATE/POST_GALVANIC_MARSHALL_AIR_STAGING_AND_FORTIFICATION_NETWORK_WORKING_v001.json
476	╬ª┬┐├¬╧ä┬½├╣┬╡ΓîÉ╞Æ╧ä├▓Γûæ╬ª├╝Γéº_BRANCH_B_v049_FULL_HANDOFF_1944-08-04T24_2026-09-04/02_ORIGINAL_EXTRACTED_TREE/╬ª┬┐├¬╧ä┬½├╣┬╡ΓîÉ╞Æ╧ä├▓Γûæ╬ª├╝Γéº_BRANCH_B_v048_REAUDIT_FULL_RESUME_1944-02-20T24_2026-08-31/97_CONTINUATION_MASTER_2026-08-31/OVERLAYS/012_POST_GALVANIC_LEARNING_GATE/PROVENANCE_AND_GUARDS_v001.txt
3085	╬ª┬┐├¬╧ä┬½├╣┬╡ΓîÉ╞Æ╧ä├▓Γûæ╬ª├╝Γéº_BRANCH_B_v049_FULL_HANDOFF_1944-08-04T24_2026-09-04/02_ORIGINAL_EXTRACTED_TREE/╬ª┬┐├¬╧ä┬½├╣┬╡ΓîÉ╞Æ╧ä├▓Γûæ╬ª├╝Γéº_BRANCH_B_v048_REAUDIT_FULL_RESUME_1944-02-20T24_2026-08-31/97_CONTINUATION_MASTER_2026-08-31/OVERLAYS/012_POST_GALVANIC_LEARNING_GATE/README_POST_GALVANIC_MARSHALL_LEARNING_GATE_v001.md
643	╬ª┬┐├¬╧ä┬½├╣┬╡ΓîÉ╞Æ╧ä├▓Γûæ╬ª├╝Γéº_BRANCH_B_v049_FULL_HANDOFF_1944-08-04T24_2026-09-04/02_ORIGINAL_EXTRACTED_TREE/╬ª┬┐├¬╧ä┬½├╣┬╡ΓîÉ╞Æ╧ä├▓Γûæ╬ª├╝Γéº_BRANCH_B_v048_REAUDIT_FULL_RESUME_1944-02-20T24_2026-08-31/97_CONTINUATION_MASTER_2026-08-31/OVERLAYS/012_POST_GALVANIC_LEARNING_GATE/SHA256SUMS_WORKING_2026-08-31.txt
3819	╬ª┬┐├¬╧ä┬½├╣┬╡ΓîÉ╞Æ╧ä├▓Γûæ╬ª├╝Γéº_BRANCH_B_v049_FULL_HANDOFF_1944-08-04T24_2026-09-04/02_ORIGINAL_EXTRACTED_TREE/╬ª┬┐├¬╧ä┬½├╣┬╡ΓîÉ╞Æ╧ä├▓Γûæ╬ª├╝Γéº_BRANCH_B_v048_REAUDIT_FULL_RESUME_1944-02-20T24_2026-08-31/97_CONTINUATION_MASTER_2026-08-31/OVERLAYS/012_POST_GALVANIC_LEARNING_GATE/US_POST_TARAWA_ADAPTATION_CAPACITY_AND_CONGESTION_MODEL_WORKING_v001.json
4508	╬ª┬┐├¬╧ä┬½├╣┬╡ΓîÉ╞Æ╧ä├▓Γûæ╬ª├╝Γéº_BRANCH_B_v049_FULL_HANDOFF_1944-08-04T24_2026-09-04/02_ORIGINAL_EXTRACTED_TREE/╬ª┬┐├¬╧ä┬½├╣┬╡ΓîÉ╞Æ╧ä├▓Γûæ╬ª├╝Γéº_BRANCH_B_v048_REAUDIT_FULL_RESUME_1944-02-20T24_2026-08-31/97_CONTINUATION_MASTER_2026-08-31/OVERLAYS/013_MARSHALL_TO_15JAN/JAPAN_MARSHALL_FORWARD_LOGISTICS_1943-11-29_1944-01-15_WORKING_v001.json
4933	╬ª┬┐├¬╧ä┬½├╣┬╡ΓîÉ╞Æ╧ä├▓Γûæ╬ª├╝Γéº_BRANCH_B_v049_FULL_HANDOFF_1944-08-04T24_2026-09-04/02_ORIGINAL_EXTRACTED_TREE/╬ª┬┐├¬╧ä┬½├╣┬╡ΓîÉ╞Æ╧ä├▓Γûæ╬ª├╝Γéº_BRANCH_B_v048_REAUDIT_FULL_RESUME_1944-02-20T24_2026-08-31/97_CONTINUATION_MASTER_2026-08-31/OVERLAYS/013_MARSHALL_TO_15JAN/MARSHALL_FORTIFICATION_SENSOR_C2_STATE_1944-01-15_WORKING_v001.json
1977	╬ª┬┐├¬╧ä┬½├╣┬╡ΓîÉ╞Æ╧ä├▓Γûæ╬ª├╝Γéº_BRANCH_B_v049_FULL_HANDOFF_1944-08-04T24_2026-09-04/02_ORIGINAL_EXTRACTED_TREE/╬ª┬┐├¬╧ä┬½├╣┬╡ΓîÉ╞Æ╧ä├▓Γûæ╬ª├╝Γéº_BRANCH_B_v048_REAUDIT_FULL_RESUME_1944-02-20T24_2026-08-31/97_CONTINUATION_MASTER_2026-08-31/OVERLAYS/013_MARSHALL_TO_15JAN/MARSHALL_REGIONAL_AIR_OOB_1944-01-15_WORKING_v001.json
2225	╬ª┬┐├¬╧ä┬½├╣┬╡ΓîÉ╞Æ╧ä├▓Γûæ╬ª├╝Γéº_BRANCH_B_v049_FULL_HANDOFF_1944-08-04T24_2026-09-04/02_ORIGINAL_EXTRACTED_TREE/╬ª┬┐├¬╧ä┬½├╣┬╡ΓîÉ╞Æ╧ä├▓Γûæ╬ª├╝Γéº_BRANCH_B_v048_REAUDIT_FULL_RESUME_1944-02-20T24_2026-08-31/97_CONTINUATION_MASTER_2026-08-31/OVERLAYS/013_MARSHALL_TO_15JAN/POST_GALVANIC_MARSHALL_1944-01-15T24_WORKING_CHECKPOINT_v001.json
539	╬ª┬┐├¬╧ä┬½├╣┬╡ΓîÉ╞Æ╧ä├▓Γûæ╬ª├╝Γéº_BRANCH_B_v049_FULL_HANDOFF_1944-08-04T24_2026-09-04/02_ORIGINAL_EXTRACTED_TREE/╬ª┬┐├¬╧ä┬½├╣┬╡ΓîÉ╞Æ╧ä├▓Γûæ╬ª├╝Γéº_BRANCH_B_v048_REAUDIT_FULL_RESUME_1944-02-20T24_2026-08-31/97_CONTINUATION_MASTER_2026-08-31/OVERLAYS/013_MARSHALL_TO_15JAN/PROVENANCE_AND_GUARDS_v001.txt
3820	╬ª┬┐├¬╧ä┬½├╣┬╡ΓîÉ╞Æ╧ä├▓Γûæ╬ª├╝Γéº_BRANCH_B_v049_FULL_HANDOFF_1944-08-04T24_2026-09-04/02_ORIGINAL_EXTRACTED_TREE/╬ª┬┐├¬╧ä┬½├╣┬╡ΓîÉ╞Æ╧ä├▓Γûæ╬ª├╝Γéº_BRANCH_B_v048_REAUDIT_FULL_RESUME_1944-02-20T24_2026-08-31/97_CONTINUATION_MASTER_2026-08-31/OVERLAYS/013_MARSHALL_TO_15JAN/README_POST_GALVANIC_TO_MIDJAN_CLOSEOUT_v001.md
1024	╬ª┬┐├¬╧ä┬½├╣┬╡ΓîÉ╞Æ╧ä├▓Γûæ╬ª├╝Γéº_BRANCH_B_v049_FULL_HANDOFF_1944-08-04T24_2026-09-04/02_ORIGINAL_EXTRACTED_TREE/╬ª┬┐├¬╧ä┬½├╣┬╡ΓîÉ╞Æ╧ä├▓Γûæ╬ª├╝Γéº_BRANCH_B_v048_REAUDIT_FULL_RESUME_1944-02-20T24_2026-08-31/97_CONTINUATION_MASTER_2026-08-31/OVERLAYS/013_MARSHALL_TO_15JAN/SHA256SUMS_WORKING_2026-08-31.txt
2011	╬ª┬┐├¬╧ä┬½├╣┬╡ΓîÉ╞Æ╧ä├▓Γûæ╬ª├╝Γéº_BRANCH_B_v049_FULL_HANDOFF_1944-08-04T24_2026-09-04/02_ORIGINAL_EXTRACTED_TREE/╬ª┬┐├¬╧ä┬½├╣┬╡ΓîÉ╞Æ╧ä├▓Γûæ╬ª├╝Γéº_BRANCH_B_v048_REAUDIT_FULL_RESUME_1944-02-20T24_2026-08-31/97_CONTINUATION_MASTER_2026-08-31/OVERLAYS/013_MARSHALL_TO_15JAN/SORYU_AND_JAPAN_CARRIER_REGEN_1943-11-26_1944-01-15_WORKING_v001.json
4174	╬ª┬┐├¬╧ä┬½├╣┬╡ΓîÉ╞Æ╧ä├▓Γûæ╬ª├╝Γéº_BRANCH_B_v049_FULL_HANDOFF_1944-08-04T24_2026-09-04/02_ORIGINAL_EXTRACTED_TREE/╬ª┬┐├¬╧ä┬½├╣┬╡ΓîÉ╞Æ╧ä├▓Γûæ╬ª├╝Γéº_BRANCH_B_v048_REAUDIT_FULL_RESUME_1944-02-20T24_2026-08-31/97_CONTINUATION_MASTER_2026-08-31/OVERLAYS/013_MARSHALL_TO_15JAN/US_GILBERTS_BUILDUP_AND_POST_TARAWA_LEARNING_1943-11-29_1944-01-15_WORKING_v001.json
1647	╬ª┬┐├¬╧ä┬½├╣┬╡ΓîÉ╞Æ╧ä├▓Γûæ╬ª├╝Γéº_BRANCH_B_v049_FULL_HANDOFF_1944-08-04T24_2026-09-04/02_ORIGINAL_EXTRACTED_TREE/╬ª┬┐├¬╧ä┬½├╣┬╡ΓîÉ╞Æ╧ä├▓Γûæ╬ª├╝Γéº_BRANCH_B_v048_REAUDIT_FULL_RESUME_1944-02-20T24_2026-08-31/97_CONTINUATION_MASTER_2026-08-31/OVERLAYS/014_FLINTLOCK_PRECONTACT/FLINTLOCK_1944-01-31T24_WORKING_CHECKPOINT_v001.json
2431	╬ª┬┐├¬╧ä┬½├╣┬╡ΓîÉ╞Æ╧ä├▓Γûæ╬ª├╝Γéº_BRANCH_B_v049_FULL_HANDOFF_1944-08-04T24_2026-09-04/02_ORIGINAL_EXTRACTED_TREE/╬ª┬┐├¬╧ä┬½├╣┬╡ΓîÉ╞Æ╧ä├▓Γûæ╬ª├╝Γéº_BRANCH_B_v048_REAUDIT_FULL_RESUME_1944-02-20T24_2026-08-31/97_CONTINUATION_MASTER_2026-08-31/OVERLAYS/014_FLINTLOCK_PRECONTACT/JAPAN_FLINTLOCK_CARRIER_SUBMARINE_POSTURE_1944-01-22_31_WORKING_v001.json
2319	╬ª┬┐├¬╧ä┬½├╣┬╡ΓîÉ╞Æ╧ä├▓Γûæ╬ª├╝Γéº_BRANCH_B_v049_FULL_HANDOFF_1944-08-04T24_2026-09-04/02_ORIGINAL_EXTRACTED_TREE/╬ª┬┐├¬╧ä┬½├╣┬╡ΓîÉ╞Æ╧ä├▓Γûæ╬ª├╝Γéº_BRANCH_B_v048_REAUDIT_FULL_RESUME_1944-02-20T24_2026-08-31/97_CONTINUATION_MASTER_2026-08-31/OVERLAYS/014_FLINTLOCK_PRECONTACT/JAPAN_MARSHALL_FORWARD_LOGISTICS_1944-01-16_31_WORKING_v001.json
1811	╬ª┬┐├¬╧ä┬½├╣┬╡ΓîÉ╞Æ╧ä├▓Γûæ╬ª├╝Γéº_BRANCH_B_v049_FULL_HANDOFF_1944-08-04T24_2026-09-04/02_ORIGINAL_EXTRACTED_TREE/╬ª┬┐├¬╧ä┬½├╣┬╡ΓîÉ╞Æ╧ä├▓Γûæ╬ª├╝Γéº_BRANCH_B_v048_REAUDIT_FULL_RESUME_1944-02-20T24_2026-08-31/97_CONTINUATION_MASTER_2026-08-31/OVERLAYS/014_FLINTLOCK_PRECONTACT/MARSHALL_AIR_SENSOR_STATE_1944-01-28_REAUDIT_v004.json
4680	╬ª┬┐├¬╧ä┬½├╣┬╡ΓîÉ╞Æ╧ä├▓Γûæ╬ª├╝Γéº_BRANCH_B_v049_FULL_HANDOFF_1944-08-04T24_2026-09-04/02_ORIGINAL_EXTRACTED_TREE/╬ª┬┐├¬╧ä┬½├╣┬╡ΓîÉ╞Æ╧ä├▓Γûæ╬ª├╝Γéº_BRANCH_B_v048_REAUDIT_FULL_RESUME_1944-02-20T24_2026-08-31/97_CONTINUATION_MASTER_2026-08-31/OVERLAYS/014_FLINTLOCK_PRECONTACT/MARSHALL_WARNING_CONTACT_CHAIN_1944-01-16_31_REAUDIT_v001.json
462	╬ª┬┐├¬╧ä┬½├╣┬╡ΓîÉ╞Æ╧ä├▓Γûæ╬ª├╝Γéº_BRANCH_B_v049_FULL_HANDOFF_1944-08-04T24_2026-09-04/02_ORIGINAL_EXTRACTED_TREE/╬ª┬┐├¬╧ä┬½├╣┬╡ΓîÉ╞Æ╧ä├▓Γûæ╬ª├╝Γéº_BRANCH_B_v048_REAUDIT_FULL_RESUME_1944-02-20T24_2026-08-31/97_CONTINUATION_MASTER_2026-08-31/OVERLAYS/014_FLINTLOCK_PRECONTACT/PROVENANCE_AND_GUARDS_v001.txt
2212	╬ª┬┐├¬╧ä┬½├╣┬╡ΓîÉ╞Æ╧ä├▓Γûæ╬ª├╝Γéº_BRANCH_B_v049_FULL_HANDOFF_1944-08-04T24_2026-09-04/02_ORIGINAL_EXTRACTED_TREE/╬ª┬┐├¬╧ä┬½├╣┬╡ΓîÉ╞Æ╧ä├▓Γûæ╬ª├╝Γéº_BRANCH_B_v048_REAUDIT_FULL_RESUME_1944-02-20T24_2026-08-31/97_CONTINUATION_MASTER_2026-08-31/OVERLAYS/014_FLINTLOCK_PRECONTACT/README_FLINTLOCK_PRECONTACT_1944-01-16_31_REAUDIT_v001.md
1002	╬ª┬┐├¬╧ä┬½├╣┬╡ΓîÉ╞Æ╧ä├▓Γûæ╬ª├╝Γéº_BRANCH_B_v049_FULL_HANDOFF_1944-08-04T24_2026-09-04/02_ORIGINAL_EXTRACTED_TREE/╬ª┬┐├¬╧ä┬½├╣┬╡ΓîÉ╞Æ╧ä├▓Γûæ╬ª├╝Γéº_BRANCH_B_v048_REAUDIT_FULL_RESUME_1944-02-20T24_2026-08-31/97_CONTINUATION_MASTER_2026-08-31/OVERLAYS/014_FLINTLOCK_PRECONTACT/SHA256SUMS_WORKING_2026-08-31.txt
2160	╬ª┬┐├¬╧ä┬½├╣┬╡ΓîÉ╞Æ╧ä├▓Γûæ╬ª├╝Γéº_BRANCH_B_v049_FULL_HANDOFF_1944-08-04T24_2026-09-04/02_ORIGINAL_EXTRACTED_TREE/╬ª┬┐├¬╧ä┬½├╣┬╡ΓîÉ╞Æ╧ä├▓Γûæ╬ª├╝Γéº_BRANCH_B_v048_REAUDIT_FULL_RESUME_1944-02-20T24_2026-08-31/97_CONTINUATION_MASTER_2026-08-31/OVERLAYS/014_FLINTLOCK_PRECONTACT/US_FLINTLOCK_TARGET_DATE_AND_RESOURCE_PLAN_1944-01-16_24_WORKING_v001.json
1257	╬ª┬┐├¬╧ä┬½├╣┬╡ΓîÉ╞Æ╧ä├▓Γûæ╬ª├╝Γéº_BRANCH_B_v049_FULL_HANDOFF_1944-08-04T24_2026-09-04/02_ORIGINAL_EXTRACTED_TREE/╬ª┬┐├¬╧ä┬½├╣┬╡ΓîÉ╞Æ╧ä├▓Γûæ╬ª├╝Γéº_BRANCH_B_v048_REAUDIT_FULL_RESUME_1944-02-20T24_2026-08-31/97_CONTINUATION_MASTER_2026-08-31/OVERLAYS/015_FLINTLOCK_01_02FEB/FLINTLOCK_1944-02-02T24_REAUDIT_CHECKPOINT_v001.json
3168	╬ª┬┐├¬╧ä┬½├╣┬╡ΓîÉ╞Æ╧ä├▓Γûæ╬ª├╝Γéº_BRANCH_B_v049_FULL_HANDOFF_1944-08-04T24_2026-09-04/02_ORIGINAL_EXTRACTED_TREE/╬ª┬┐├¬╧ä┬½├╣┬╡ΓîÉ╞Æ╧ä├▓Γûæ╬ª├╝Γéº_BRANCH_B_v048_REAUDIT_FULL_RESUME_1944-02-20T24_2026-08-31/97_CONTINUATION_MASTER_2026-08-31/OVERLAYS/015_FLINTLOCK_01_02FEB/FLINTLOCK_JAPAN_FOUR_CARRIER_GO_AND_STRIKE_1944-02-02_REAUDIT_v001.json
3328	╬ª┬┐├¬╧ä┬½├╣┬╡ΓîÉ╞Æ╧ä├▓Γûæ╬ª├╝Γéº_BRANCH_B_v049_FULL_HANDOFF_1944-08-04T24_2026-09-04/02_ORIGINAL_EXTRACTED_TREE/╬ª┬┐├¬╧ä┬½├╣┬╡ΓîÉ╞Æ╧ä├▓Γûæ╬ª├╝Γéº_BRANCH_B_v048_REAUDIT_FULL_RESUME_1944-02-20T24_2026-08-31/97_CONTINUATION_MASTER_2026-08-31/OVERLAYS/015_FLINTLOCK_01_02FEB/FLINTLOCK_US_COUNTERSTRIKE_AND_02FEB_POSTSTATE_REAUDIT_v001.json
3859	╬ª┬┐├¬╧ä┬½├╣┬╡ΓîÉ╞Æ╧ä├▓Γûæ╬ª├╝Γéº_BRANCH_B_v049_FULL_HANDOFF_1944-08-04T24_2026-09-04/02_ORIGINAL_EXTRACTED_TREE/╬ª┬┐├¬╧ä┬½├╣┬╡ΓîÉ╞Æ╧ä├▓Γûæ╬ª├╝Γéº_BRANCH_B_v048_REAUDIT_FULL_RESUME_1944-02-20T24_2026-08-31/97_CONTINUATION_MASTER_2026-08-31/OVERLAYS/015_FLINTLOCK_01_02FEB/FLINTLOCK_US_FIRST_SUPPRESSION_1944-02-01_REAUDIT_v001.json
387	╬ª┬┐├¬╧ä┬½├╣┬╡ΓîÉ╞Æ╧ä├▓Γûæ╬ª├╝Γéº_BRANCH_B_v049_FULL_HANDOFF_1944-08-04T24_2026-09-04/02_ORIGINAL_EXTRACTED_TREE/╬ª┬┐├¬╧ä┬½├╣┬╡ΓîÉ╞Æ╧ä├▓Γûæ╬ª├╝Γéº_BRANCH_B_v048_REAUDIT_FULL_RESUME_1944-02-20T24_2026-08-31/97_CONTINUATION_MASTER_2026-08-31/OVERLAYS/015_FLINTLOCK_01_02FEB/PROVENANCE_AND_GUARDS_v001.txt
2159	╬ª┬┐├¬╧ä┬½├╣┬╡ΓîÉ╞Æ╧ä├▓Γûæ╬ª├╝Γéº_BRANCH_B_v049_FULL_HANDOFF_1944-08-04T24_2026-09-04/02_ORIGINAL_EXTRACTED_TREE/╬ª┬┐├¬╧ä┬½├╣┬╡ΓîÉ╞Æ╧ä├▓Γûæ╬ª├╝Γéº_BRANCH_B_v048_REAUDIT_FULL_RESUME_1944-02-20T24_2026-08-31/97_CONTINUATION_MASTER_2026-08-31/OVERLAYS/015_FLINTLOCK_01_02FEB/README_FLINTLOCK_1944-02-01_02_INTEGRATED_RERUN_v001.md
733	╬ª┬┐├¬╧ä┬½├╣┬╡ΓîÉ╞Æ╧ä├▓Γûæ╬ª├╝Γéº_BRANCH_B_v049_FULL_HANDOFF_1944-08-04T24_2026-09-04/02_ORIGINAL_EXTRACTED_TREE/╬ª┬┐├¬╧ä┬½├╣┬╡ΓîÉ╞Æ╧ä├▓Γûæ╬ª├╝Γéº_BRANCH_B_v048_REAUDIT_FULL_RESUME_1944-02-20T24_2026-08-31/97_CONTINUATION_MASTER_2026-08-31/OVERLAYS/015_FLINTLOCK_01_02FEB/SHA256SUMS_WORKING_2026-08-31.txt
2585	╬ª┬┐├¬╧ä┬½├╣┬╡ΓîÉ╞Æ╧ä├▓Γûæ╬ª├╝Γéº_BRANCH_B_v049_FULL_HANDOFF_1944-08-04T24_2026-09-04/02_ORIGINAL_EXTRACTED_TREE/╬ª┬┐├¬╧ä┬½├╣┬╡ΓîÉ╞Æ╧ä├▓Γûæ╬ª├╝Γéº_BRANCH_B_v048_REAUDIT_FULL_RESUME_1944-02-20T24_2026-08-31/97_CONTINUATION_MASTER_2026-08-31/OVERLAYS/016_FLINTLOCK_MARITIME_REBASELINE/FLINTLOCK_02FEB_T24_MARITIME_LEDGER_v001.json
1749	╬ª┬┐├¬╧ä┬½├╣┬╡ΓîÉ╞Æ╧ä├▓Γûæ╬ª├╝Γéº_BRANCH_B_v049_FULL_HANDOFF_1944-08-04T24_2026-09-04/02_ORIGINAL_EXTRACTED_TREE/╬ª┬┐├¬╧ä┬½├╣┬╡ΓîÉ╞Æ╧ä├▓Γûæ╬ª├╝Γéº_BRANCH_B_v048_REAUDIT_FULL_RESUME_1944-02-20T24_2026-08-31/97_CONTINUATION_MASTER_2026-08-31/OVERLAYS/016_FLINTLOCK_MARITIME_REBASELINE/FLINTLOCK_1944-02-03T24_MARITIME_REBASELINE_CHECKPOINT_v001.json
1920	╬ª┬┐├¬╧ä┬½├╣┬╡ΓîÉ╞Æ╧ä├▓Γûæ╬ª├╝Γéº_BRANCH_B_v049_FULL_HANDOFF_1944-08-04T24_2026-09-04/02_ORIGINAL_EXTRACTED_TREE/╬ª┬┐├¬╧ä┬½├╣┬╡ΓîÉ╞Æ╧ä├▓Γûæ╬ª├╝Γéº_BRANCH_B_v048_REAUDIT_FULL_RESUME_1944-02-20T24_2026-08-31/97_CONTINUATION_MASTER_2026-08-31/OVERLAYS/016_FLINTLOCK_MARITIME_REBASELINE/FLINTLOCK_CARRIER_DAMAGE_DECK_CONGESTION_REAUDIT_1944-02-02_03_v001.json
1433	╬ª┬┐├¬╧ä┬½├╣┬╡ΓîÉ╞Æ╧ä├▓Γûæ╬ª├╝Γéº_BRANCH_B_v049_FULL_HANDOFF_1944-08-04T24_2026-09-04/02_ORIGINAL_EXTRACTED_TREE/╬ª┬┐├¬╧ä┬½├╣┬╡ΓîÉ╞Æ╧ä├▓Γûæ╬ª├╝Γéº_BRANCH_B_v048_REAUDIT_FULL_RESUME_1944-02-20T24_2026-08-31/97_CONTINUATION_MASTER_2026-08-31/OVERLAYS/016_FLINTLOCK_MARITIME_REBASELINE/FLINTLOCK_SUBMARINE_RETASKING_1944-02-02_03_v001.json
1395	╬ª┬┐├¬╧ä┬½├╣┬╡ΓîÉ╞Æ╧ä├▓Γûæ╬ª├╝Γéº_BRANCH_B_v049_FULL_HANDOFF_1944-08-04T24_2026-09-04/02_ORIGINAL_EXTRACTED_TREE/╬ª┬┐├¬╧ä┬½├╣┬╡ΓîÉ╞Æ╧ä├▓Γûæ╬ª├╝Γéº_BRANCH_B_v048_REAUDIT_FULL_RESUME_1944-02-20T24_2026-08-31/97_CONTINUATION_MASTER_2026-08-31/OVERLAYS/016_FLINTLOCK_MARITIME_REBASELINE/FLINTLOCK_US_03FEB_REPLENISHMENT_AND_SUPPRESSION_WALLET_v001.json
438	╬ª┬┐├¬╧ä┬½├╣┬╡ΓîÉ╞Æ╧ä├▓Γûæ╬ª├╝Γéº_BRANCH_B_v049_FULL_HANDOFF_1944-08-04T24_2026-09-04/02_ORIGINAL_EXTRACTED_TREE/╬ª┬┐├¬╧ä┬½├╣┬╡ΓîÉ╞Æ╧ä├▓Γûæ╬ª├╝Γéº_BRANCH_B_v048_REAUDIT_FULL_RESUME_1944-02-20T24_2026-08-31/97_CONTINUATION_MASTER_2026-08-31/OVERLAYS/016_FLINTLOCK_MARITIME_REBASELINE/PROVENANCE_AND_GUARDS_v001.txt
4496	╬ª┬┐├¬╧ä┬½├╣┬╡ΓîÉ╞Æ╧ä├▓Γûæ╬ª├╝Γéº_BRANCH_B_v049_FULL_HANDOFF_1944-08-04T24_2026-09-04/02_ORIGINAL_EXTRACTED_TREE/╬ª┬┐├¬╧ä┬½├╣┬╡ΓîÉ╞Æ╧ä├▓Γûæ╬ª├╝Γéº_BRANCH_B_v048_REAUDIT_FULL_RESUME_1944-02-20T24_2026-08-31/97_CONTINUATION_MASTER_2026-08-31/OVERLAYS/016_FLINTLOCK_MARITIME_REBASELINE/README_FLINTLOCK_MARITIME_REBASELINE_1944-02-02T24_03T24_v001.md
862	╬ª┬┐├¬╧ä┬½├╣┬╡ΓîÉ╞Æ╧ä├▓Γûæ╬ª├╝Γéº_BRANCH_B_v049_FULL_HANDOFF_1944-08-04T24_2026-09-04/02_ORIGINAL_EXTRACTED_TREE/╬ª┬┐├¬╧ä┬½├╣┬╡ΓîÉ╞Æ╧ä├▓Γûæ╬ª├╝Γéº_BRANCH_B_v048_REAUDIT_FULL_RESUME_1944-02-20T24_2026-08-31/97_CONTINUATION_MASTER_2026-08-31/OVERLAYS/016_FLINTLOCK_MARITIME_REBASELINE/SHA256SUMS_WORKING_2026-08-31.txt
2307	╬ª┬┐├¬╧ä┬½├╣┬╡ΓîÉ╞Æ╧ä├▓Γûæ╬ª├╝Γéº_BRANCH_B_v049_FULL_HANDOFF_1944-08-04T24_2026-09-04/02_ORIGINAL_EXTRACTED_TREE/╬ª┬┐├¬╧ä┬½├╣┬╡ΓîÉ╞Æ╧ä├▓Γûæ╬ª├╝Γéº_BRANCH_B_v048_REAUDIT_FULL_RESUME_1944-02-20T24_2026-08-31/97_CONTINUATION_MASTER_2026-08-31/OVERLAYS/017_FLINTLOCK_04_05FEB/FLINTLOCK_1944-02-05T24_WORKING_CHECKPOINT_v001.json
2911	╬ª┬┐├¬╧ä┬½├╣┬╡ΓîÉ╞Æ╧ä├▓Γûæ╬ª├╝Γéº_BRANCH_B_v049_FULL_HANDOFF_1944-08-04T24_2026-09-04/02_ORIGINAL_EXTRACTED_TREE/╬ª┬┐├¬╧ä┬½├╣┬╡ΓîÉ╞Æ╧ä├▓Γûæ╬ª├╝Γéº_BRANCH_B_v048_REAUDIT_FULL_RESUME_1944-02-20T24_2026-08-31/97_CONTINUATION_MASTER_2026-08-31/OVERLAYS/017_FLINTLOCK_04_05FEB/FLINTLOCK_DDAY_FINAL_GO_1944-02-06_RERUN_v001.json
2602	╬ª┬┐├¬╧ä┬½├╣┬╡ΓîÉ╞Æ╧ä├▓Γûæ╬ª├╝Γéº_BRANCH_B_v049_FULL_HANDOFF_1944-08-04T24_2026-09-04/02_ORIGINAL_EXTRACTED_TREE/╬ª┬┐├¬╧ä┬½├╣┬╡ΓîÉ╞Æ╧ä├▓Γûæ╬ª├╝Γéº_BRANCH_B_v048_REAUDIT_FULL_RESUME_1944-02-20T24_2026-08-31/97_CONTINUATION_MASTER_2026-08-31/OVERLAYS/017_FLINTLOCK_04_05FEB/FLINTLOCK_KWAJALEIN_ROI_PRELANDING_GROUND_STATE_1944-02-06_DAWN_v001.json
2499	╬ª┬┐├¬╧ä┬½├╣┬╡ΓîÉ╞Æ╧ä├▓Γûæ╬ª├╝Γéº_BRANCH_B_v049_FULL_HANDOFF_1944-08-04T24_2026-09-04/02_ORIGINAL_EXTRACTED_TREE/╬ª┬┐├¬╧ä┬½├╣┬╡ΓîÉ╞Æ╧ä├▓Γûæ╬ª├╝Γéº_BRANCH_B_v048_REAUDIT_FULL_RESUME_1944-02-20T24_2026-08-31/97_CONTINUATION_MASTER_2026-08-31/OVERLAYS/017_FLINTLOCK_04_05FEB/FLINTLOCK_MARSHALL_AIR_SENSOR_AA_STATE_1944-02-06_DAWN_v001.json
3906	╬ª┬┐├¬╧ä┬½├╣┬╡ΓîÉ╞Æ╧ä├▓Γûæ╬ª├╝Γéº_BRANCH_B_v049_FULL_HANDOFF_1944-08-04T24_2026-09-04/02_ORIGINAL_EXTRACTED_TREE/╬ª┬┐├¬╧ä┬½├╣┬╡ΓîÉ╞Æ╧ä├▓Γûæ╬ª├╝Γéº_BRANCH_B_v048_REAUDIT_FULL_RESUME_1944-02-20T24_2026-08-31/97_CONTINUATION_MASTER_2026-08-31/OVERLAYS/017_FLINTLOCK_04_05FEB/FLINTLOCK_SUBMARINE_NIGHT_AIR_INTERDICTION_1944-02-04_05_v001.json
3309	╬ª┬┐├¬╧ä┬½├╣┬╡ΓîÉ╞Æ╧ä├▓Γûæ╬ª├╝Γéº_BRANCH_B_v049_FULL_HANDOFF_1944-08-04T24_2026-09-04/02_ORIGINAL_EXTRACTED_TREE/╬ª┬┐├¬╧ä┬½├╣┬╡ΓîÉ╞Æ╧ä├▓Γûæ╬ª├╝Γéº_BRANCH_B_v048_REAUDIT_FULL_RESUME_1944-02-20T24_2026-08-31/97_CONTINUATION_MASTER_2026-08-31/OVERLAYS/017_FLINTLOCK_04_05FEB/FLINTLOCK_US_04_05FEB_REGEN_SUPPRESSION_WALLET_v001.json
922	╬ª┬┐├¬╧ä┬½├╣┬╡ΓîÉ╞Æ╧ä├▓Γûæ╬ª├╝Γéº_BRANCH_B_v049_FULL_HANDOFF_1944-08-04T24_2026-09-04/02_ORIGINAL_EXTRACTED_TREE/╬ª┬┐├¬╧ä┬½├╣┬╡ΓîÉ╞Æ╧ä├▓Γûæ╬ª├╝Γéº_BRANCH_B_v048_REAUDIT_FULL_RESUME_1944-02-20T24_2026-08-31/97_CONTINUATION_MASTER_2026-08-31/OVERLAYS/017_FLINTLOCK_04_05FEB/PROVENANCE_AND_GUARDS_v001.txt
5694	╬ª┬┐├¬╧ä┬½├╣┬╡ΓîÉ╞Æ╧ä├▓Γûæ╬ª├╝Γéº_BRANCH_B_v049_FULL_HANDOFF_1944-08-04T24_2026-09-04/02_ORIGINAL_EXTRACTED_TREE/╬ª┬┐├¬╧ä┬½├╣┬╡ΓîÉ╞Æ╧ä├▓Γûæ╬ª├╝Γéº_BRANCH_B_v048_REAUDIT_FULL_RESUME_1944-02-20T24_2026-08-31/97_CONTINUATION_MASTER_2026-08-31/OVERLAYS/017_FLINTLOCK_04_05FEB/README_FLINTLOCK_1944-02-04_05_DDAY_GO_RERUN_v001.md
979	╬ª┬┐├¬╧ä┬½├╣┬╡ΓîÉ╞Æ╧ä├▓Γûæ╬ª├╝Γéº_BRANCH_B_v049_FULL_HANDOFF_1944-08-04T24_2026-09-04/02_ORIGINAL_EXTRACTED_TREE/╬ª┬┐├¬╧ä┬½├╣┬╡ΓîÉ╞Æ╧ä├▓Γûæ╬ª├╝Γéº_BRANCH_B_v048_REAUDIT_FULL_RESUME_1944-02-20T24_2026-08-31/97_CONTINUATION_MASTER_2026-08-31/OVERLAYS/017_FLINTLOCK_04_05FEB/SHA256SUMS_WORKING_2026-08-31.txt
1832	╬ª┬┐├¬╧ä┬½├╣┬╡ΓîÉ╞Æ╧ä├▓Γûæ╬ª├╝Γéº_BRANCH_B_v049_FULL_HANDOFF_1944-08-04T24_2026-09-04/02_ORIGINAL_EXTRACTED_TREE/╬ª┬┐├¬╧ä┬½├╣┬╡ΓîÉ╞Æ╧ä├▓Γûæ╬ª├╝Γéº_BRANCH_B_v048_REAUDIT_FULL_RESUME_1944-02-20T24_2026-08-31/97_CONTINUATION_MASTER_2026-08-31/OVERLAYS/018_FLINTLOCK_DDAY_06FEB/FLINTLOCK_1944-02-06T24_WORKING_CHECKPOINT_v001.json
2999	╬ª┬┐├¬╧ä┬½├╣┬╡ΓîÉ╞Æ╧ä├▓Γûæ╬ª├╝Γéº_BRANCH_B_v049_FULL_HANDOFF_1944-08-04T24_2026-09-04/02_ORIGINAL_EXTRACTED_TREE/╬ª┬┐├¬╧ä┬½├╣┬╡ΓîÉ╞Æ╧ä├▓Γûæ╬ª├╝Γéº_BRANCH_B_v048_REAUDIT_FULL_RESUME_1944-02-20T24_2026-08-31/97_CONTINUATION_MASTER_2026-08-31/OVERLAYS/018_FLINTLOCK_DDAY_06FEB/FLINTLOCK_DDAY_1944-02-06_INTEGRATED_RERUN_v001.json
2096	╬ª┬┐├¬╧ä┬½├╣┬╡ΓîÉ╞Æ╧ä├▓Γûæ╬ª├╝Γéº_BRANCH_B_v049_FULL_HANDOFF_1944-08-04T24_2026-09-04/02_ORIGINAL_EXTRACTED_TREE/╬ª┬┐├¬╧ä┬½├╣┬╡ΓîÉ╞Æ╧ä├▓Γûæ╬ª├╝Γéº_BRANCH_B_v048_REAUDIT_FULL_RESUME_1944-02-20T24_2026-08-31/97_CONTINUATION_MASTER_2026-08-31/OVERLAYS/018_FLINTLOCK_DDAY_06FEB/FLINTLOCK_DDAY_AIR_SENSOR_AA_SUBMARINE_1944-02-06_v001.json
3332	╬ª┬┐├¬╧ä┬½├╣┬╡ΓîÉ╞Æ╧ä├▓Γûæ╬ª├╝Γéº_BRANCH_B_v049_FULL_HANDOFF_1944-08-04T24_2026-09-04/02_ORIGINAL_EXTRACTED_TREE/╬ª┬┐├¬╧ä┬½├╣┬╡ΓîÉ╞Æ╧ä├▓Γûæ╬ª├╝Γéº_BRANCH_B_v048_REAUDIT_FULL_RESUME_1944-02-20T24_2026-08-31/97_CONTINUATION_MASTER_2026-08-31/OVERLAYS/018_FLINTLOCK_DDAY_06FEB/FLINTLOCK_KWAJALEIN_DDAY_1944-02-06_v001.json
3786	╬ª┬┐├¬╧ä┬½├╣┬╡ΓîÉ╞Æ╧ä├▓Γûæ╬ª├╝Γéº_BRANCH_B_v049_FULL_HANDOFF_1944-08-04T24_2026-09-04/02_ORIGINAL_EXTRACTED_TREE/╬ª┬┐├¬╧ä┬½├╣┬╡ΓîÉ╞Æ╧ä├▓Γûæ╬ª├╝Γéº_BRANCH_B_v048_REAUDIT_FULL_RESUME_1944-02-20T24_2026-08-31/97_CONTINUATION_MASTER_2026-08-31/OVERLAYS/018_FLINTLOCK_DDAY_06FEB/FLINTLOCK_ROI_NAMUR_DDAY_1944-02-06_v001.json
1534	╬ª┬┐├¬╧ä┬½├╣┬╡ΓîÉ╞Æ╧ä├▓Γûæ╬ª├╝Γéº_BRANCH_B_v049_FULL_HANDOFF_1944-08-04T24_2026-09-04/02_ORIGINAL_EXTRACTED_TREE/╬ª┬┐├¬╧ä┬½├╣┬╡ΓîÉ╞Æ╧ä├▓Γûæ╬ª├╝Γéº_BRANCH_B_v048_REAUDIT_FULL_RESUME_1944-02-20T24_2026-08-31/97_CONTINUATION_MASTER_2026-08-31/OVERLAYS/018_FLINTLOCK_DDAY_06FEB/FLINTLOCK_US_DDAY_FIRE_TRAFFIC_LEARNING_1944-02-06_v001.json
856	╬ª┬┐├¬╧ä┬½├╣┬╡ΓîÉ╞Æ╧ä├▓Γûæ╬ª├╝Γéº_BRANCH_B_v049_FULL_HANDOFF_1944-08-04T24_2026-09-04/02_ORIGINAL_EXTRACTED_TREE/╬ª┬┐├¬╧ä┬½├╣┬╡ΓîÉ╞Æ╧ä├▓Γûæ╬ª├╝Γéº_BRANCH_B_v048_REAUDIT_FULL_RESUME_1944-02-20T24_2026-08-31/97_CONTINUATION_MASTER_2026-08-31/OVERLAYS/018_FLINTLOCK_DDAY_06FEB/PROVENANCE_AND_GUARDS_v001.txt
3464	╬ª┬┐├¬╧ä┬½├╣┬╡ΓîÉ╞Æ╧ä├▓Γûæ╬ª├╝Γéº_BRANCH_B_v049_FULL_HANDOFF_1944-08-04T24_2026-09-04/02_ORIGINAL_EXTRACTED_TREE/╬ª┬┐├¬╧ä┬½├╣┬╡ΓîÉ╞Æ╧ä├▓Γûæ╬ª├╝Γéº_BRANCH_B_v048_REAUDIT_FULL_RESUME_1944-02-20T24_2026-08-31/97_CONTINUATION_MASTER_2026-08-31/OVERLAYS/018_FLINTLOCK_DDAY_06FEB/README_FLINTLOCK_DDAY_1944-02-06_INTEGRATED_RERUN_v001.md
936	╬ª┬┐├¬╧ä┬½├╣┬╡ΓîÉ╞Æ╧ä├▓Γûæ╬ª├╝Γéº_BRANCH_B_v049_FULL_HANDOFF_1944-08-04T24_2026-09-04/02_ORIGINAL_EXTRACTED_TREE/╬ª┬┐├¬╧ä┬½├╣┬╡ΓîÉ╞Æ╧ä├▓Γûæ╬ª├╝Γéº_BRANCH_B_v048_REAUDIT_FULL_RESUME_1944-02-20T24_2026-08-31/97_CONTINUATION_MASTER_2026-08-31/OVERLAYS/018_FLINTLOCK_DDAY_06FEB/SHA256SUMS_WORKING_2026-08-31.txt
1809	╬ª┬┐├¬╧ä┬½├╣┬╡ΓîÉ╞Æ╧ä├▓Γûæ╬ª├╝Γéº_BRANCH_B_v049_FULL_HANDOFF_1944-08-04T24_2026-09-04/02_ORIGINAL_EXTRACTED_TREE/╬ª┬┐├¬╧ä┬½├╣┬╡ΓîÉ╞Æ╧ä├▓Γûæ╬ª├╝Γéº_BRANCH_B_v048_REAUDIT_FULL_RESUME_1944-02-20T24_2026-08-31/97_CONTINUATION_MASTER_2026-08-31/OVERLAYS/019_FLINTLOCK_DPLUS1/FLINTLOCK_1944-02-07T24_WORKING_CHECKPOINT_v001.json
2301	╬ª┬┐├¬╧ä┬½├╣┬╡ΓîÉ╞Æ╧ä├▓Γûæ╬ª├╝Γéº_BRANCH_B_v049_FULL_HANDOFF_1944-08-04T24_2026-09-04/02_ORIGINAL_EXTRACTED_TREE/╬ª┬┐├¬╧ä┬½├╣┬╡ΓîÉ╞Æ╧ä├▓Γûæ╬ª├╝Γéº_BRANCH_B_v048_REAUDIT_FULL_RESUME_1944-02-20T24_2026-08-31/97_CONTINUATION_MASTER_2026-08-31/OVERLAYS/019_FLINTLOCK_DPLUS1/FLINTLOCK_1944-02-07_INTEGRATED_RERUN_v001.json
1890	╬ª┬┐├¬╧ä┬½├╣┬╡ΓîÉ╞Æ╧ä├▓Γûæ╬ª├╝Γéº_BRANCH_B_v049_FULL_HANDOFF_1944-08-04T24_2026-09-04/02_ORIGINAL_EXTRACTED_TREE/╬ª┬┐├¬╧ä┬½├╣┬╡ΓîÉ╞Æ╧ä├▓Γûæ╬ª├╝Γéº_BRANCH_B_v048_REAUDIT_FULL_RESUME_1944-02-20T24_2026-08-31/97_CONTINUATION_MASTER_2026-08-31/OVERLAYS/019_FLINTLOCK_DPLUS1/FLINTLOCK_AIR_SENSOR_SUBMARINE_1944-02-07_v001.json
3166	╬ª┬┐├¬╧ä┬½├╣┬╡ΓîÉ╞Æ╧ä├▓Γûæ╬ª├╝Γéº_BRANCH_B_v049_FULL_HANDOFF_1944-08-04T24_2026-09-04/02_ORIGINAL_EXTRACTED_TREE/╬ª┬┐├¬╧ä┬½├╣┬╡ΓîÉ╞Æ╧ä├▓Γûæ╬ª├╝Γéº_BRANCH_B_v048_REAUDIT_FULL_RESUME_1944-02-20T24_2026-08-31/97_CONTINUATION_MASTER_2026-08-31/OVERLAYS/019_FLINTLOCK_DPLUS1/FLINTLOCK_KWAJALEIN_1944-02-06_07_NIGHT_DPLUS1_v001.json
2470	╬ª┬┐├¬╧ä┬½├╣┬╡ΓîÉ╞Æ╧ä├▓Γûæ╬ª├╝Γéº_BRANCH_B_v049_FULL_HANDOFF_1944-08-04T24_2026-09-04/02_ORIGINAL_EXTRACTED_TREE/╬ª┬┐├¬╧ä┬½├╣┬╡ΓîÉ╞Æ╧ä├▓Γûæ╬ª├╝Γéº_BRANCH_B_v048_REAUDIT_FULL_RESUME_1944-02-20T24_2026-08-31/97_CONTINUATION_MASTER_2026-08-31/OVERLAYS/019_FLINTLOCK_DPLUS1/FLINTLOCK_NAMUR_1944-02-06_07_NIGHT_DPLUS1_v001.json
1539	╬ª┬┐├¬╧ä┬½├╣┬╡ΓîÉ╞Æ╧ä├▓Γûæ╬ª├╝Γéº_BRANCH_B_v049_FULL_HANDOFF_1944-08-04T24_2026-09-04/02_ORIGINAL_EXTRACTED_TREE/╬ª┬┐├¬╧ä┬½├╣┬╡ΓîÉ╞Æ╧ä├▓Γûæ╬ª├╝Γéº_BRANCH_B_v048_REAUDIT_FULL_RESUME_1944-02-20T24_2026-08-31/97_CONTINUATION_MASTER_2026-08-31/OVERLAYS/019_FLINTLOCK_DPLUS1/FLINTLOCK_US_NIGHT_FIRE_TRAFFIC_1944-02-06_07_v001.json
1066	╬ª┬┐├¬╧ä┬½├╣┬╡ΓîÉ╞Æ╧ä├▓Γûæ╬ª├╝Γéº_BRANCH_B_v049_FULL_HANDOFF_1944-08-04T24_2026-09-04/02_ORIGINAL_EXTRACTED_TREE/╬ª┬┐├¬╧ä┬½├╣┬╡ΓîÉ╞Æ╧ä├▓Γûæ╬ª├╝Γéº_BRANCH_B_v048_REAUDIT_FULL_RESUME_1944-02-20T24_2026-08-31/97_CONTINUATION_MASTER_2026-08-31/OVERLAYS/019_FLINTLOCK_DPLUS1/PROVENANCE_AND_GUARDS_v001.txt
2888	╬ª┬┐├¬╧ä┬½├╣┬╡ΓîÉ╞Æ╧ä├▓Γûæ╬ª├╝Γéº_BRANCH_B_v049_FULL_HANDOFF_1944-08-04T24_2026-09-04/02_ORIGINAL_EXTRACTED_TREE/╬ª┬┐├¬╧ä┬½├╣┬╡ΓîÉ╞Æ╧ä├▓Γûæ╬ª├╝Γéº_BRANCH_B_v048_REAUDIT_FULL_RESUME_1944-02-20T24_2026-08-31/97_CONTINUATION_MASTER_2026-08-31/OVERLAYS/019_FLINTLOCK_DPLUS1/README_FLINTLOCK_1944-02-06_07_NIGHT_DPLUS1_RERUN_v001.md
936	╬ª┬┐├¬╧ä┬½├╣┬╡ΓîÉ╞Æ╧ä├▓Γûæ╬ª├╝Γéº_BRANCH_B_v049_FULL_HANDOFF_1944-08-04T24_2026-09-04/02_ORIGINAL_EXTRACTED_TREE/╬ª┬┐├¬╧ä┬½├╣┬╡ΓîÉ╞Æ╧ä├▓Γûæ╬ª├╝Γéº_BRANCH_B_v048_REAUDIT_FULL_RESUME_1944-02-20T24_2026-08-31/97_CONTINUATION_MASTER_2026-08-31/OVERLAYS/019_FLINTLOCK_DPLUS1/SHA256SUMS_WORKING_2026-08-31.txt
1669	╬ª┬┐├¬╧ä┬½├╣┬╡ΓîÉ╞Æ╧ä├▓Γûæ╬ª├╝Γéº_BRANCH_B_v049_FULL_HANDOFF_1944-08-04T24_2026-09-04/02_ORIGINAL_EXTRACTED_TREE/╬ª┬┐├¬╧ä┬½├╣┬╡ΓîÉ╞Æ╧ä├▓Γûæ╬ª├╝Γéº_BRANCH_B_v048_REAUDIT_FULL_RESUME_1944-02-20T24_2026-08-31/97_CONTINUATION_MASTER_2026-08-31/OVERLAYS/020_FLINTLOCK_DPLUS2/FLINTLOCK_1944-02-08T24_WORKING_CHECKPOINT_v001.json
1707	╬ª┬┐├¬╧ä┬½├╣┬╡ΓîÉ╞Æ╧ä├▓Γûæ╬ª├╝Γéº_BRANCH_B_v049_FULL_HANDOFF_1944-08-04T24_2026-09-04/02_ORIGINAL_EXTRACTED_TREE/╬ª┬┐├¬╧ä┬½├╣┬╡ΓîÉ╞Æ╧ä├▓Γûæ╬ª├╝Γéº_BRANCH_B_v048_REAUDIT_FULL_RESUME_1944-02-20T24_2026-08-31/97_CONTINUATION_MASTER_2026-08-31/OVERLAYS/020_FLINTLOCK_DPLUS2/FLINTLOCK_1944-02-08_INTEGRATED_RERUN_v001.json
1981	╬ª┬┐├¬╧ä┬½├╣┬╡ΓîÉ╞Æ╧ä├▓Γûæ╬ª├╝Γéº_BRANCH_B_v049_FULL_HANDOFF_1944-08-04T24_2026-09-04/02_ORIGINAL_EXTRACTED_TREE/╬ª┬┐├¬╧ä┬½├╣┬╡ΓîÉ╞Æ╧ä├▓Γûæ╬ª├╝Γéº_BRANCH_B_v048_REAUDIT_FULL_RESUME_1944-02-20T24_2026-08-31/97_CONTINUATION_MASTER_2026-08-31/OVERLAYS/020_FLINTLOCK_DPLUS2/FLINTLOCK_AIR_SENSOR_SUBMARINE_1944-02-08_v001.json
3231	╬ª┬┐├¬╧ä┬½├╣┬╡ΓîÉ╞Æ╧ä├▓Γûæ╬ª├╝Γéº_BRANCH_B_v049_FULL_HANDOFF_1944-08-04T24_2026-09-04/02_ORIGINAL_EXTRACTED_TREE/╬ª┬┐├¬╧ä┬½├╣┬╡ΓîÉ╞Æ╧ä├▓Γûæ╬ª├╝Γéº_BRANCH_B_v048_REAUDIT_FULL_RESUME_1944-02-20T24_2026-08-31/97_CONTINUATION_MASTER_2026-08-31/OVERLAYS/020_FLINTLOCK_DPLUS2/FLINTLOCK_KWAJALEIN_1944-02-07_08_NIGHT_DPLUS2_v001.json
1046	╬ª┬┐├¬╧ä┬½├╣┬╡ΓîÉ╞Æ╧ä├▓Γûæ╬ª├╝Γéº_BRANCH_B_v049_FULL_HANDOFF_1944-08-04T24_2026-09-04/02_ORIGINAL_EXTRACTED_TREE/╬ª┬┐├¬╧ä┬½├╣┬╡ΓîÉ╞Æ╧ä├▓Γûæ╬ª├╝Γéº_BRANCH_B_v048_REAUDIT_FULL_RESUME_1944-02-20T24_2026-08-31/97_CONTINUATION_MASTER_2026-08-31/OVERLAYS/020_FLINTLOCK_DPLUS2/FLINTLOCK_ROI_NAMUR_1944-02-08_SECURE_v001.json
1233	╬ª┬┐├¬╧ä┬½├╣┬╡ΓîÉ╞Æ╧ä├▓Γûæ╬ª├╝Γéº_BRANCH_B_v049_FULL_HANDOFF_1944-08-04T24_2026-09-04/02_ORIGINAL_EXTRACTED_TREE/╬ª┬┐├¬╧ä┬½├╣┬╡ΓîÉ╞Æ╧ä├▓Γûæ╬ª├╝Γéº_BRANCH_B_v048_REAUDIT_FULL_RESUME_1944-02-20T24_2026-08-31/97_CONTINUATION_MASTER_2026-08-31/OVERLAYS/020_FLINTLOCK_DPLUS2/FLINTLOCK_US_SUPPORT_RELEASE_1944-02-08_v001.json
785	╬ª┬┐├¬╧ä┬½├╣┬╡ΓîÉ╞Æ╧ä├▓Γûæ╬ª├╝Γéº_BRANCH_B_v049_FULL_HANDOFF_1944-08-04T24_2026-09-04/02_ORIGINAL_EXTRACTED_TREE/╬ª┬┐├¬╧ä┬½├╣┬╡ΓîÉ╞Æ╧ä├▓Γûæ╬ª├╝Γéº_BRANCH_B_v048_REAUDIT_FULL_RESUME_1944-02-20T24_2026-08-31/97_CONTINUATION_MASTER_2026-08-31/OVERLAYS/020_FLINTLOCK_DPLUS2/PROVENANCE_AND_GUARDS_v001.txt
3157	╬ª┬┐├¬╧ä┬½├╣┬╡ΓîÉ╞Æ╧ä├▓Γûæ╬ª├╝Γéº_BRANCH_B_v049_FULL_HANDOFF_1944-08-04T24_2026-09-04/02_ORIGINAL_EXTRACTED_TREE/╬ª┬┐├¬╧ä┬½├╣┬╡ΓîÉ╞Æ╧ä├▓Γûæ╬ª├╝Γéº_BRANCH_B_v048_REAUDIT_FULL_RESUME_1944-02-20T24_2026-08-31/97_CONTINUATION_MASTER_2026-08-31/OVERLAYS/020_FLINTLOCK_DPLUS2/README_FLINTLOCK_1944-02-07_08_NIGHT_DPLUS2_RERUN_v001.md
925	╬ª┬┐├¬╧ä┬½├╣┬╡ΓîÉ╞Æ╧ä├▓Γûæ╬ª├╝Γéº_BRANCH_B_v049_FULL_HANDOFF_1944-08-04T24_2026-09-04/02_ORIGINAL_EXTRACTED_TREE/╬ª┬┐├¬╧ä┬½├╣┬╡ΓîÉ╞Æ╧ä├▓Γûæ╬ª├╝Γéº_BRANCH_B_v048_REAUDIT_FULL_RESUME_1944-02-20T24_2026-08-31/97_CONTINUATION_MASTER_2026-08-31/OVERLAYS/020_FLINTLOCK_DPLUS2/SHA256SUMS_WORKING_2026-08-31.txt
1754	╬ª┬┐├¬╧ä┬½├╣┬╡ΓîÉ╞Æ╧ä├▓Γûæ╬ª├╝Γéº_BRANCH_B_v049_FULL_HANDOFF_1944-08-04T24_2026-09-04/02_ORIGINAL_EXTRACTED_TREE/╬ª┬┐├¬╧ä┬½├╣┬╡ΓîÉ╞Æ╧ä├▓Γûæ╬ª├╝Γéº_BRANCH_B_v048_REAUDIT_FULL_RESUME_1944-02-20T24_2026-08-31/97_CONTINUATION_MASTER_2026-08-31/OVERLAYS/021_FLINTLOCK_CLOSEOUT/FLINTLOCK_1944-02-10T24_CLOSEOUT_CHECKPOINT_v001.json
2414	╬ª┬┐├¬╧ä┬½├╣┬╡ΓîÉ╞Æ╧ä├▓Γûæ╬ª├╝Γéº_BRANCH_B_v049_FULL_HANDOFF_1944-08-04T24_2026-09-04/02_ORIGINAL_EXTRACTED_TREE/╬ª┬┐├¬╧ä┬½├╣┬╡ΓîÉ╞Æ╧ä├▓Γûæ╬ª├╝Γéº_BRANCH_B_v048_REAUDIT_FULL_RESUME_1944-02-20T24_2026-08-31/97_CONTINUATION_MASTER_2026-08-31/OVERLAYS/021_FLINTLOCK_CLOSEOUT/FLINTLOCK_CAPTURED_INTELLIGENCE_1944-02-09_15_v001.json
2428	╬ª┬┐├¬╧ä┬½├╣┬╡ΓîÉ╞Æ╧ä├▓Γûæ╬ª├╝Γéº_BRANCH_B_v049_FULL_HANDOFF_1944-08-04T24_2026-09-04/02_ORIGINAL_EXTRACTED_TREE/╬ª┬┐├¬╧ä┬½├╣┬╡ΓîÉ╞Æ╧ä├▓Γûæ╬ª├╝Γéº_BRANCH_B_v048_REAUDIT_FULL_RESUME_1944-02-20T24_2026-08-31/97_CONTINUATION_MASTER_2026-08-31/OVERLAYS/021_FLINTLOCK_CLOSEOUT/FLINTLOCK_JAPANESE_LESSON_PROPAGATION_1944-02-09_15_v001.json
2049	╬ª┬┐├¬╧ä┬½├╣┬╡ΓîÉ╞Æ╧ä├▓Γûæ╬ª├╝Γéº_BRANCH_B_v049_FULL_HANDOFF_1944-08-04T24_2026-09-04/02_ORIGINAL_EXTRACTED_TREE/╬ª┬┐├¬╧ä┬½├╣┬╡ΓîÉ╞Æ╧ä├▓Γûæ╬ª├╝Γéº_BRANCH_B_v048_REAUDIT_FULL_RESUME_1944-02-20T24_2026-08-31/97_CONTINUATION_MASTER_2026-08-31/OVERLAYS/021_FLINTLOCK_CLOSEOUT/FLINTLOCK_KWAJALEIN_1944-02-08_09_SECURE_v001.json
2091	╬ª┬┐├¬╧ä┬½├╣┬╡ΓîÉ╞Æ╧ä├▓Γûæ╬ª├╝Γéº_BRANCH_B_v049_FULL_HANDOFF_1944-08-04T24_2026-09-04/02_ORIGINAL_EXTRACTED_TREE/╬ª┬┐├¬╧ä┬½├╣┬╡ΓîÉ╞Æ╧ä├▓Γûæ╬ª├╝Γéº_BRANCH_B_v048_REAUDIT_FULL_RESUME_1944-02-20T24_2026-08-31/97_CONTINUATION_MASTER_2026-08-31/OVERLAYS/021_FLINTLOCK_CLOSEOUT/FLINTLOCK_POSTBATTLE_NAVAL_AIR_SUB_STATE_1944-02-10T24_v001.json
1853	╬ª┬┐├¬╧ä┬½├╣┬╡ΓîÉ╞Æ╧ä├▓Γûæ╬ª├╝Γéº_BRANCH_B_v049_FULL_HANDOFF_1944-08-04T24_2026-09-04/02_ORIGINAL_EXTRACTED_TREE/╬ª┬┐├¬╧ä┬½├╣┬╡ΓîÉ╞Æ╧ä├▓Γûæ╬ª├╝Γéº_BRANCH_B_v048_REAUDIT_FULL_RESUME_1944-02-20T24_2026-08-31/97_CONTINUATION_MASTER_2026-08-31/OVERLAYS/021_FLINTLOCK_CLOSEOUT/FLINTLOCK_US_BASE_TRANSITION_1944-02-09_15_v001.json
1876	╬ª┬┐├¬╧ä┬½├╣┬╡ΓîÉ╞Æ╧ä├▓Γûæ╬ª├╝Γéº_BRANCH_B_v049_FULL_HANDOFF_1944-08-04T24_2026-09-04/02_ORIGINAL_EXTRACTED_TREE/╬ª┬┐├¬╧ä┬½├╣┬╡ΓîÉ╞Æ╧ä├▓Γûæ╬ª├╝Γéº_BRANCH_B_v048_REAUDIT_FULL_RESUME_1944-02-20T24_2026-08-31/97_CONTINUATION_MASTER_2026-08-31/OVERLAYS/021_FLINTLOCK_CLOSEOUT/FLINTLOCK_US_SUPPORT_RELEASE_1944-02-09_13_v001.json
757	╬ª┬┐├¬╧ä┬½├╣┬╡ΓîÉ╞Æ╧ä├▓Γûæ╬ª├╝Γéº_BRANCH_B_v049_FULL_HANDOFF_1944-08-04T24_2026-09-04/02_ORIGINAL_EXTRACTED_TREE/╬ª┬┐├¬╧ä┬½├╣┬╡ΓîÉ╞Æ╧ä├▓Γûæ╬ª├╝Γéº_BRANCH_B_v048_REAUDIT_FULL_RESUME_1944-02-20T24_2026-08-31/97_CONTINUATION_MASTER_2026-08-31/OVERLAYS/021_FLINTLOCK_CLOSEOUT/PROVENANCE_AND_GUARDS_v001.txt
3695	╬ª┬┐├¬╧ä┬½├╣┬╡ΓîÉ╞Æ╧ä├▓Γûæ╬ª├╝Γéº_BRANCH_B_v049_FULL_HANDOFF_1944-08-04T24_2026-09-04/02_ORIGINAL_EXTRACTED_TREE/╬ª┬┐├¬╧ä┬½├╣┬╡ΓîÉ╞Æ╧ä├▓Γûæ╬ª├╝Γéº_BRANCH_B_v048_REAUDIT_FULL_RESUME_1944-02-20T24_2026-08-31/97_CONTINUATION_MASTER_2026-08-31/OVERLAYS/021_FLINTLOCK_CLOSEOUT/README_FLINTLOCK_1944-02-08_10_CLOSEOUT_v001.md
1067	╬ª┬┐├¬╧ä┬½├╣┬╡ΓîÉ╞Æ╧ä├▓Γûæ╬ª├╝Γéº_BRANCH_B_v049_FULL_HANDOFF_1944-08-04T24_2026-09-04/02_ORIGINAL_EXTRACTED_TREE/╬ª┬┐├¬╧ä┬½├╣┬╡ΓîÉ╞Æ╧ä├▓Γûæ╬ª├╝Γéº_BRANCH_B_v048_REAUDIT_FULL_RESUME_1944-02-20T24_2026-08-31/97_CONTINUATION_MASTER_2026-08-31/OVERLAYS/021_FLINTLOCK_CLOSEOUT/SHA256SUMS_WORKING_2026-08-31.txt
232	╬ª┬┐├¬╧ä┬½├╣┬╡ΓîÉ╞Æ╧ä├▓Γûæ╬ª├╝Γéº_BRANCH_B_v049_FULL_HANDOFF_1944-08-04T24_2026-09-04/02_ORIGINAL_EXTRACTED_TREE/╬ª┬┐├¬╧ä┬½├╣┬╡ΓîÉ╞Æ╧ä├▓Γûæ╬ª├╝Γéº_BRANCH_B_v048_REAUDIT_FULL_RESUME_1944-02-20T24_2026-08-31/97_CONTINUATION_MASTER_2026-08-31/OVERLAYS/022_US_FORCE_DELTA/SHA256SUMS.txt
2690	╬ª┬┐├¬╧ä┬½├╣┬╡ΓîÉ╞Æ╧ä├▓Γûæ╬ª├╝Γéº_BRANCH_B_v049_FULL_HANDOFF_1944-08-04T24_2026-09-04/02_ORIGINAL_EXTRACTED_TREE/╬ª┬┐├¬╧ä┬½├╣┬╡ΓîÉ╞Æ╧ä├▓Γûæ╬ª├╝Γéº_BRANCH_B_v048_REAUDIT_FULL_RESUME_1944-02-20T24_2026-08-31/97_CONTINUATION_MASTER_2026-08-31/OVERLAYS/022_US_FORCE_DELTA/US_FLINTLOCK_FORCE_DELTA_GATE_1944-02-10_v001.json
6934	╬ª┬┐├¬╧ä┬½├╣┬╡ΓîÉ╞Æ╧ä├▓Γûæ╬ª├╝Γéº_BRANCH_B_v049_FULL_HANDOFF_1944-08-04T24_2026-09-04/02_ORIGINAL_EXTRACTED_TREE/╬ª┬┐├¬╧ä┬½├╣┬╡ΓîÉ╞Æ╧ä├▓Γûæ╬ª├╝Γéº_BRANCH_B_v048_REAUDIT_FULL_RESUME_1944-02-20T24_2026-08-31/97_CONTINUATION_MASTER_2026-08-31/OVERLAYS/022_US_FORCE_DELTA/US_FLINTLOCK_FORCE_DELTA_GATE_1944-02-10_v001.md
4788	╬ª┬┐├¬╧ä┬½├╣┬╡ΓîÉ╞Æ╧ä├▓Γûæ╬ª├╝Γéº_BRANCH_B_v049_FULL_HANDOFF_1944-08-04T24_2026-09-04/02_ORIGINAL_EXTRACTED_TREE/╬ª┬┐├¬╧ä┬½├╣┬╡ΓîÉ╞Æ╧ä├▓Γûæ╬ª├╝Γéº_BRANCH_B_v048_REAUDIT_FULL_RESUME_1944-02-20T24_2026-08-31/97_CONTINUATION_MASTER_2026-08-31/OVERLAYS/023_US_DEATH_LEDGER/us_death_ledger_1944-02-10_2026-08-31/README_US_PACIFIC_DEATH_LEDGER_1944-02-10_v001.md
241	╬ª┬┐├¬╧ä┬½├╣┬╡ΓîÉ╞Æ╧ä├▓Γûæ╬ª├╝Γéº_BRANCH_B_v049_FULL_HANDOFF_1944-08-04T24_2026-09-04/02_ORIGINAL_EXTRACTED_TREE/╬ª┬┐├¬╧ä┬½├╣┬╡ΓîÉ╞Æ╧ä├▓Γûæ╬ª├╝Γéº_BRANCH_B_v048_REAUDIT_FULL_RESUME_1944-02-20T24_2026-08-31/97_CONTINUATION_MASTER_2026-08-31/OVERLAYS/023_US_DEATH_LEDGER/us_death_ledger_1944-02-10_2026-08-31/SHA256SUMS.txt
10074	╬ª┬┐├¬╧ä┬½├╣┬╡ΓîÉ╞Æ╧ä├▓Γûæ╬ª├╝Γéº_BRANCH_B_v049_FULL_HANDOFF_1944-08-04T24_2026-09-04/02_ORIGINAL_EXTRACTED_TREE/╬ª┬┐├¬╧ä┬½├╣┬╡ΓîÉ╞Æ╧ä├▓Γûæ╬ª├╝Γéº_BRANCH_B_v048_REAUDIT_FULL_RESUME_1944-02-20T24_2026-08-31/97_CONTINUATION_MASTER_2026-08-31/OVERLAYS/023_US_DEATH_LEDGER/us_death_ledger_1944-02-10_2026-08-31/US_PACIFIC_DEATH_DELTA_LEDGER_1944-02-10_WORKING_v001.json
3033	╬ª┬┐├¬╧ä┬½├╣┬╡ΓîÉ╞Æ╧ä├▓Γûæ╬ª├╝Γéº_BRANCH_B_v049_FULL_HANDOFF_1944-08-04T24_2026-09-04/02_ORIGINAL_EXTRACTED_TREE/╬ª┬┐├¬╧ä┬½├╣┬╡ΓîÉ╞Æ╧ä├▓Γûæ╬ª├╝Γéº_BRANCH_B_v048_REAUDIT_FULL_RESUME_1944-02-20T24_2026-08-31/97_CONTINUATION_MASTER_2026-08-31/OVERLAYS/024_US_AMPHIBIOUS_WALLET/README_US_AMPHIBIOUS_WALLET_REAUDIT_1944-02-10_v001.md
625	╬ª┬┐├¬╧ä┬½├╣┬╡ΓîÉ╞Æ╧ä├▓Γûæ╬ª├╝Γéº_BRANCH_B_v049_FULL_HANDOFF_1944-08-04T24_2026-09-04/02_ORIGINAL_EXTRACTED_TREE/╬ª┬┐├¬╧ä┬½├╣┬╡ΓîÉ╞Æ╧ä├▓Γûæ╬ª├╝Γéº_BRANCH_B_v048_REAUDIT_FULL_RESUME_1944-02-20T24_2026-08-31/97_CONTINUATION_MASTER_2026-08-31/OVERLAYS/024_US_AMPHIBIOUS_WALLET/SHA256SUMS.txt
2006	╬ª┬┐├¬╧ä┬½├╣┬╡ΓîÉ╞Æ╧ä├▓Γûæ╬ª├╝Γéº_BRANCH_B_v049_FULL_HANDOFF_1944-08-04T24_2026-09-04/02_ORIGINAL_EXTRACTED_TREE/╬ª┬┐├¬╧ä┬½├╣┬╡ΓîÉ╞Æ╧ä├▓Γûæ╬ª├╝Γéº_BRANCH_B_v048_REAUDIT_FULL_RESUME_1944-02-20T24_2026-08-31/97_CONTINUATION_MASTER_2026-08-31/OVERLAYS/024_US_AMPHIBIOUS_WALLET/US_AMPHIBIOUS_EXPERIENCE_AND_WEAR_DELTA_1944-02-10_v001.json
2657	╬ª┬┐├¬╧ä┬½├╣┬╡ΓîÉ╞Æ╧ä├▓Γûæ╬ª├╝Γéº_BRANCH_B_v049_FULL_HANDOFF_1944-08-04T24_2026-09-04/02_ORIGINAL_EXTRACTED_TREE/╬ª┬┐├¬╧ä┬½├╣┬╡ΓîÉ╞Æ╧ä├▓Γûæ╬ª├╝Γéº_BRANCH_B_v048_REAUDIT_FULL_RESUME_1944-02-20T24_2026-08-31/97_CONTINUATION_MASTER_2026-08-31/OVERLAYS/024_US_AMPHIBIOUS_WALLET/US_CATCHPOLE_DEDICATED_AMPHIBIOUS_WALLET_1944-02-10_15_v001.json
2216	╬ª┬┐├¬╧ä┬½├╣┬╡ΓîÉ╞Æ╧ä├▓Γûæ╬ª├╝Γéº_BRANCH_B_v049_FULL_HANDOFF_1944-08-04T24_2026-09-04/02_ORIGINAL_EXTRACTED_TREE/╬ª┬┐├¬╧ä┬½├╣┬╡ΓîÉ╞Æ╧ä├▓Γûæ╬ª├╝Γéº_BRANCH_B_v048_REAUDIT_FULL_RESUME_1944-02-20T24_2026-08-31/97_CONTINUATION_MASTER_2026-08-31/OVERLAYS/024_US_AMPHIBIOUS_WALLET/US_FLINTLOCK_AMPHIBIOUS_VEHICLE_CLOSEOUT_1944-02-10_v001.json
2140	╬ª┬┐├¬╧ä┬½├╣┬╡ΓîÉ╞Æ╧ä├▓Γûæ╬ª├╝Γéº_BRANCH_B_v049_FULL_HANDOFF_1944-08-04T24_2026-09-04/02_ORIGINAL_EXTRACTED_TREE/╬ª┬┐├¬╧ä┬½├╣┬╡ΓîÉ╞Æ╧ä├▓Γûæ╬ª├╝Γéº_BRANCH_B_v048_REAUDIT_FULL_RESUME_1944-02-20T24_2026-08-31/97_CONTINUATION_MASTER_2026-08-31/OVERLAYS/024_US_AMPHIBIOUS_WALLET/US_TARAWA_LVT_CLOSEOUT_REAUDIT_1943-11-29_v001.json
4441	╬ª┬┐├¬╧ä┬½├╣┬╡ΓîÉ╞Æ╧ä├▓Γûæ╬ª├╝Γéº_BRANCH_B_v049_FULL_HANDOFF_1944-08-04T24_2026-09-04/02_ORIGINAL_EXTRACTED_TREE/╬ª┬┐├¬╧ä┬½├╣┬╡ΓîÉ╞Æ╧ä├▓Γûæ╬ª├╝Γéº_BRANCH_B_v048_REAUDIT_FULL_RESUME_1944-02-20T24_2026-08-31/97_CONTINUATION_MASTER_2026-08-31/OVERLAYS/025_POST_FLINTLOCK_NEXTOPS/JAPAN_TRUK_ENIWETOK_PREOP_CLOSEOUT_1944-02-10_20_v001.json
634	╬ª┬┐├¬╧ä┬½├╣┬╡ΓîÉ╞Æ╧ä├▓Γûæ╬ª├╝Γéº_BRANCH_B_v049_FULL_HANDOFF_1944-08-04T24_2026-09-04/02_ORIGINAL_EXTRACTED_TREE/╬ª┬┐├¬╧ä┬½├╣┬╡ΓîÉ╞Æ╧ä├▓Γûæ╬ª├╝Γéº_BRANCH_B_v048_REAUDIT_FULL_RESUME_1944-02-20T24_2026-08-31/97_CONTINUATION_MASTER_2026-08-31/OVERLAYS/025_POST_FLINTLOCK_NEXTOPS/PROVENANCE.txt
4298	╬ª┬┐├¬╧ä┬½├╣┬╡ΓîÉ╞Æ╧ä├▓Γûæ╬ª├╝Γéº_BRANCH_B_v049_FULL_HANDOFF_1944-08-04T24_2026-09-04/02_ORIGINAL_EXTRACTED_TREE/╬ª┬┐├¬╧ä┬½├╣┬╡ΓîÉ╞Æ╧ä├▓Γûæ╬ª├╝Γéº_BRANCH_B_v048_REAUDIT_FULL_RESUME_1944-02-20T24_2026-08-31/97_CONTINUATION_MASTER_2026-08-31/OVERLAYS/025_POST_FLINTLOCK_NEXTOPS/README_NEXTOPS_FORCE_AND_SCHEDULE_CLOSEOUT_v001.md
561	╬ª┬┐├¬╧ä┬½├╣┬╡ΓîÉ╞Æ╧ä├▓Γûæ╬ª├╝Γéº_BRANCH_B_v049_FULL_HANDOFF_1944-08-04T24_2026-09-04/02_ORIGINAL_EXTRACTED_TREE/╬ª┬┐├¬╧ä┬½├╣┬╡ΓîÉ╞Æ╧ä├▓Γûæ╬ª├╝Γéº_BRANCH_B_v048_REAUDIT_FULL_RESUME_1944-02-20T24_2026-08-31/97_CONTINUATION_MASTER_2026-08-31/OVERLAYS/025_POST_FLINTLOCK_NEXTOPS/SHA256SUMS.txt
2710	╬ª┬┐├¬╧ä┬½├╣┬╡ΓîÉ╞Æ╧ä├▓Γûæ╬ª├╝Γéº_BRANCH_B_v049_FULL_HANDOFF_1944-08-04T24_2026-09-04/02_ORIGINAL_EXTRACTED_TREE/╬ª┬┐├¬╧ä┬½├╣┬╡ΓîÉ╞Æ╧ä├▓Γûæ╬ª├╝Γéº_BRANCH_B_v048_REAUDIT_FULL_RESUME_1944-02-20T24_2026-08-31/97_CONTINUATION_MASTER_2026-08-31/OVERLAYS/025_POST_FLINTLOCK_NEXTOPS/US_HAILSTONE_CATCHPOLE_FORCE_SPLIT_1944-02-15_21_v001.json
3483	╬ª┬┐├¬╧ä┬½├╣┬╡ΓîÉ╞Æ╧ä├▓Γûæ╬ª├╝Γéº_BRANCH_B_v049_FULL_HANDOFF_1944-08-04T24_2026-09-04/02_ORIGINAL_EXTRACTED_TREE/╬ª┬┐├¬╧ä┬½├╣┬╡ΓîÉ╞Æ╧ä├▓Γûæ╬ª├╝Γéº_BRANCH_B_v048_REAUDIT_FULL_RESUME_1944-02-20T24_2026-08-31/97_CONTINUATION_MASTER_2026-08-31/OVERLAYS/025_POST_FLINTLOCK_NEXTOPS/US_JAPAN_NEXTOPS_CLOSEOUT_1944-02-10_v001.json
3598	╬ª┬┐├¬╧ä┬½├╣┬╡ΓîÉ╞Æ╧ä├▓Γûæ╬ª├╝Γéº_BRANCH_B_v049_FULL_HANDOFF_1944-08-04T24_2026-09-04/02_ORIGINAL_EXTRACTED_TREE/╬ª┬┐├¬╧ä┬½├╣┬╡ΓîÉ╞Æ╧ä├▓Γûæ╬ª├╝Γéº_BRANCH_B_v048_REAUDIT_FULL_RESUME_1944-02-20T24_2026-08-31/97_CONTINUATION_MASTER_2026-08-31/OVERLAYS/026_HAILSTONE_CATCHPOLE_TO_20FEB/CATCHPOLE_APPROACH_AND_OUTER_ISLETS_1944-02-17_20_REAUDIT_v001.json
1147	╬ª┬┐├¬╧ä┬½├╣┬╡ΓîÉ╞Æ╧ä├▓Γûæ╬ª├╝Γéº_BRANCH_B_v049_FULL_HANDOFF_1944-08-04T24_2026-09-04/02_ORIGINAL_EXTRACTED_TREE/╬ª┬┐├¬╧ä┬½├╣┬╡ΓîÉ╞Æ╧ä├▓Γûæ╬ª├╝Γéº_BRANCH_B_v048_REAUDIT_FULL_RESUME_1944-02-20T24_2026-08-31/97_CONTINUATION_MASTER_2026-08-31/OVERLAYS/026_HAILSTONE_CATCHPOLE_TO_20FEB/GLOBAL_FRONTIER_1944-02-20T24_v001.json
5061	╬ª┬┐├¬╧ä┬½├╣┬╡ΓîÉ╞Æ╧ä├▓Γûæ╬ª├╝Γéº_BRANCH_B_v049_FULL_HANDOFF_1944-08-04T24_2026-09-04/02_ORIGINAL_EXTRACTED_TREE/╬ª┬┐├¬╧ä┬½├╣┬╡ΓîÉ╞Æ╧ä├▓Γûæ╬ª├╝Γéº_BRANCH_B_v048_REAUDIT_FULL_RESUME_1944-02-20T24_2026-08-31/97_CONTINUATION_MASTER_2026-08-31/OVERLAYS/026_HAILSTONE_CATCHPOLE_TO_20FEB/HAILSTONE_WARNING_EVACUATION_1944-02-11_19_REAUDIT_v001.json
330	╬ª┬┐├¬╧ä┬½├╣┬╡ΓîÉ╞Æ╧ä├▓Γûæ╬ª├╝Γéº_BRANCH_B_v049_FULL_HANDOFF_1944-08-04T24_2026-09-04/02_ORIGINAL_EXTRACTED_TREE/╬ª┬┐├¬╧ä┬½├╣┬╡ΓîÉ╞Æ╧ä├▓Γûæ╬ª├╝Γéº_BRANCH_B_v048_REAUDIT_FULL_RESUME_1944-02-20T24_2026-08-31/97_CONTINUATION_MASTER_2026-08-31/OVERLAYS/026_HAILSTONE_CATCHPOLE_TO_20FEB/PROVENANCE.txt
3954	╬ª┬┐├¬╧ä┬½├╣┬╡ΓîÉ╞Æ╧ä├▓Γûæ╬ª├╝Γéº_BRANCH_B_v049_FULL_HANDOFF_1944-08-04T24_2026-09-04/02_ORIGINAL_EXTRACTED_TREE/╬ª┬┐├¬╧ä┬½├╣┬╡ΓîÉ╞Æ╧ä├▓Γûæ╬ª├╝Γéº_BRANCH_B_v048_REAUDIT_FULL_RESUME_1944-02-20T24_2026-08-31/97_CONTINUATION_MASTER_2026-08-31/OVERLAYS/026_HAILSTONE_CATCHPOLE_TO_20FEB/README_HAILSTONE_CATCHPOLE_1944-02-11_20_RERUN_v001.md
684	╬ª┬┐├¬╧ä┬½├╣┬╡ΓîÉ╞Æ╧ä├▓Γûæ╬ª├╝Γéº_BRANCH_B_v049_FULL_HANDOFF_1944-08-04T24_2026-09-04/02_ORIGINAL_EXTRACTED_TREE/╬ª┬┐├¬╧ä┬½├╣┬╡ΓîÉ╞Æ╧ä├▓Γûæ╬ª├╝Γéº_BRANCH_B_v048_REAUDIT_FULL_RESUME_1944-02-20T24_2026-08-31/97_CONTINUATION_MASTER_2026-08-31/OVERLAYS/026_HAILSTONE_CATCHPOLE_TO_20FEB/SHA256SUMS.txt
6142	╬ª┬┐├¬╧ä┬½├╣┬╡ΓîÉ╞Æ╧ä├▓Γûæ╬ª├╝Γéº_BRANCH_B_v049_FULL_HANDOFF_1944-08-04T24_2026-09-04/02_ORIGINAL_EXTRACTED_TREE/╬ª┬┐├¬╧ä┬½├╣┬╡ΓîÉ╞Æ╧ä├▓Γûæ╬ª├╝Γéº_BRANCH_B_v048_REAUDIT_FULL_RESUME_1944-02-20T24_2026-08-31/97_CONTINUATION_MASTER_2026-08-31/OVERLAYS/026_HAILSTONE_CATCHPOLE_TO_20FEB/TRUK_HAILSTONE_DAY1_1944-02-20_REAUDIT_v001.json
16170	╬ª┬┐├¬╧ä┬½├╣┬╡ΓîÉ╞Æ╧ä├▓Γûæ╬ª├╝Γéº_BRANCH_B_v049_FULL_HANDOFF_1944-08-04T24_2026-09-04/02_ORIGINAL_EXTRACTED_TREE/╬ª┬┐├¬╧ä┬½├╣┬╡ΓîÉ╞Æ╧ä├▓Γûæ╬ª├╝Γéº_BRANCH_B_v048_REAUDIT_FULL_RESUME_1944-02-20T24_2026-08-31/97_CONTINUATION_MASTER_2026-08-31/QUARANTINED_DOWNSTREAM/SOURCE_ZIPS/╬ª┬┐├¬╧ä┬½├╣┬╡ΓîÉ╞Æ╧ä├▓Γûæ╬ª├╝Γéº_v048_MARIANAS_1944-06-16_OVERLAY_2026-08-30.zip
19138	╬ª┬┐├¬╧ä┬½├╣┬╡ΓîÉ╞Æ╧ä├▓Γûæ╬ª├╝Γéº_BRANCH_B_v049_FULL_HANDOFF_1944-08-04T24_2026-09-04/02_ORIGINAL_EXTRACTED_TREE/╬ª┬┐├¬╧ä┬½├╣┬╡ΓîÉ╞Æ╧ä├▓Γûæ╬ª├╝Γéº_BRANCH_B_v048_REAUDIT_FULL_RESUME_1944-02-20T24_2026-08-31/97_CONTINUATION_MASTER_2026-08-31/QUARANTINED_DOWNSTREAM/SOURCE_ZIPS/╬ª┬┐├¬╧ä┬½├╣┬╡ΓîÉ╞Æ╧ä├▓Γûæ╬ª├╝Γéº_v048_MARIANAS_1944-06-17_OVERLAY_2026-08-30.zip
19881	╬ª┬┐├¬╧ä┬½├╣┬╡ΓîÉ╞Æ╧ä├▓Γûæ╬ª├╝Γéº_BRANCH_B_v049_FULL_HANDOFF_1944-08-04T24_2026-09-04/02_ORIGINAL_EXTRACTED_TREE/╬ª┬┐├¬╧ä┬½├╣┬╡ΓîÉ╞Æ╧ä├▓Γûæ╬ª├╝Γéº_BRANCH_B_v048_REAUDIT_FULL_RESUME_1944-02-20T24_2026-08-31/97_CONTINUATION_MASTER_2026-08-31/QUARANTINED_DOWNSTREAM/SOURCE_ZIPS/╬ª┬┐├¬╧ä┬½├╣┬╡ΓîÉ╞Æ╧ä├▓Γûæ╬ª├╝Γéº_v048_MARIANAS_1944-06-17_REAUDIT_AND_06-18_OVERLAY_2026-08-30.zip
14942	╬ª┬┐├¬╧ä┬½├╣┬╡ΓîÉ╞Æ╧ä├▓Γûæ╬ª├╝Γéº_BRANCH_B_v049_FULL_HANDOFF_1944-08-04T24_2026-09-04/02_ORIGINAL_EXTRACTED_TREE/╬ª┬┐├¬╧ä┬½├╣┬╡ΓîÉ╞Æ╧ä├▓Γûæ╬ª├╝Γéº_BRANCH_B_v048_REAUDIT_FULL_RESUME_1944-02-20T24_2026-08-31/97_CONTINUATION_MASTER_2026-08-31/QUARANTINED_DOWNSTREAM/SOURCE_ZIPS/╬ª┬┐├¬╧ä┬½├╣┬╡ΓîÉ╞Æ╧ä├▓Γûæ╬ª├╝Γéº_v048_MARIANAS_1944-06-19_OVERLAY_2026-08-30.zip
14137	╬ª┬┐├¬╧ä┬½├╣┬╡ΓîÉ╞Æ╧ä├▓Γûæ╬ª├╝Γéº_BRANCH_B_v049_FULL_HANDOFF_1944-08-04T24_2026-09-04/02_ORIGINAL_EXTRACTED_TREE/╬ª┬┐├¬╧ä┬½├╣┬╡ΓîÉ╞Æ╧ä├▓Γûæ╬ª├╝Γéº_BRANCH_B_v048_REAUDIT_FULL_RESUME_1944-02-20T24_2026-08-31/97_CONTINUATION_MASTER_2026-08-31/QUARANTINED_DOWNSTREAM/SOURCE_ZIPS/╬ª┬┐├¬╧ä┬½├╣┬╡ΓîÉ╞Æ╧ä├▓Γûæ╬ª├╝Γéº_v048_MARIANAS_1944-06-20_OVERLAY_2026-08-30.zip
13125	╬ª┬┐├¬╧ä┬½├╣┬╡ΓîÉ╞Æ╧ä├▓Γûæ╬ª├╝Γéº_BRANCH_B_v049_FULL_HANDOFF_1944-08-04T24_2026-09-04/02_ORIGINAL_EXTRACTED_TREE/╬ª┬┐├¬╧ä┬½├╣┬╡ΓîÉ╞Æ╧ä├▓Γûæ╬ª├╝Γéº_BRANCH_B_v048_REAUDIT_FULL_RESUME_1944-02-20T24_2026-08-31/97_CONTINUATION_MASTER_2026-08-31/QUARANTINED_DOWNSTREAM/SOURCE_ZIPS/╬ª┬┐├¬╧ä┬½├╣┬╡ΓîÉ╞Æ╧ä├▓Γûæ╬ª├╝Γéº_v048_MARIANAS_1944-06-21_OVERLAY_2026-08-30.zip
8436	╬ª┬┐├¬╧ä┬½├╣┬╡ΓîÉ╞Æ╧ä├▓Γûæ╬ª├╝Γéº_BRANCH_B_v049_FULL_HANDOFF_1944-08-04T24_2026-09-04/02_ORIGINAL_EXTRACTED_TREE/╬ª┬┐├¬╧ä┬½├╣┬╡ΓîÉ╞Æ╧ä├▓Γûæ╬ª├╝Γéº_BRANCH_B_v048_REAUDIT_FULL_RESUME_1944-02-20T24_2026-08-31/97_CONTINUATION_MASTER_2026-08-31/SOURCE_ZIPS/╬ª┬┐├¬╧ä┬½├╣┬╡ΓîÉ╞Æ╧ä├▓Γûæ╬ª├╝Γéº_v048_FLINTLOCK_1944-02-01_02_INTEGRATED_RERUN_WORKING_2026-08-31.zip
14996	╬ª┬┐├¬╧ä┬½├╣┬╡ΓîÉ╞Æ╧ä├▓Γûæ╬ª├╝Γéº_BRANCH_B_v049_FULL_HANDOFF_1944-08-04T24_2026-09-04/02_ORIGINAL_EXTRACTED_TREE/╬ª┬┐├¬╧ä┬½├╣┬╡ΓîÉ╞Æ╧ä├▓Γûæ╬ª├╝Γéº_BRANCH_B_v048_REAUDIT_FULL_RESUME_1944-02-20T24_2026-08-31/97_CONTINUATION_MASTER_2026-08-31/SOURCE_ZIPS/╬ª┬┐├¬╧ä┬½├╣┬╡ΓîÉ╞Æ╧ä├▓Γûæ╬ª├╝Γéº_v048_FLINTLOCK_1944-02-04_05_DDAY_GO_RERUN_WORKING_2026-08-31.zip
11103	╬ª┬┐├¬╧ä┬½├╣┬╡ΓîÉ╞Æ╧ä├▓Γûæ╬ª├╝Γéº_BRANCH_B_v049_FULL_HANDOFF_1944-08-04T24_2026-09-04/02_ORIGINAL_EXTRACTED_TREE/╬ª┬┐├¬╧ä┬½├╣┬╡ΓîÉ╞Æ╧ä├▓Γûæ╬ª├╝Γéº_BRANCH_B_v048_REAUDIT_FULL_RESUME_1944-02-20T24_2026-08-31/97_CONTINUATION_MASTER_2026-08-31/SOURCE_ZIPS/╬ª┬┐├¬╧ä┬½├╣┬╡ΓîÉ╞Æ╧ä├▓Γûæ╬ª├╝Γéº_v048_FLINTLOCK_1944-02-07_DPLUS1_INTEGRATED_RERUN_WORKING_2026-08-31.zip
10543	╬ª┬┐├¬╧ä┬½├╣┬╡ΓîÉ╞Æ╧ä├▓Γûæ╬ª├╝Γéº_BRANCH_B_v049_FULL_HANDOFF_1944-08-04T24_2026-09-04/02_ORIGINAL_EXTRACTED_TREE/╬ª┬┐├¬╧ä┬½├╣┬╡ΓîÉ╞Æ╧ä├▓Γûæ╬ª├╝Γéº_BRANCH_B_v048_REAUDIT_FULL_RESUME_1944-02-20T24_2026-08-31/97_CONTINUATION_MASTER_2026-08-31/SOURCE_ZIPS/╬ª┬┐├¬╧ä┬½├╣┬╡ΓîÉ╞Æ╧ä├▓Γûæ╬ª├╝Γéº_v048_FLINTLOCK_1944-02-08_DPLUS2_INTEGRATED_RERUN_WORKING_2026-08-31.zip
12532	╬ª┬┐├¬╧ä┬½├╣┬╡ΓîÉ╞Æ╧ä├▓Γûæ╬ª├╝Γéº_BRANCH_B_v049_FULL_HANDOFF_1944-08-04T24_2026-09-04/02_ORIGINAL_EXTRACTED_TREE/╬ª┬┐├¬╧ä┬½├╣┬╡ΓîÉ╞Æ╧ä├▓Γûæ╬ª├╝Γéº_BRANCH_B_v048_REAUDIT_FULL_RESUME_1944-02-20T24_2026-08-31/97_CONTINUATION_MASTER_2026-08-31/SOURCE_ZIPS/╬ª┬┐├¬╧ä┬½├╣┬╡ΓîÉ╞Æ╧ä├▓Γûæ╬ª├╝Γéº_v048_FLINTLOCK_1944-02-10_CLOSEOUT_WORKING_2026-08-31.zip
12915	╬ª┬┐├¬╧ä┬½├╣┬╡ΓîÉ╞Æ╧ä├▓Γûæ╬ª├╝Γéº_BRANCH_B_v049_FULL_HANDOFF_1944-08-04T24_2026-09-04/02_ORIGINAL_EXTRACTED_TREE/╬ª┬┐├¬╧ä┬½├╣┬╡ΓîÉ╞Æ╧ä├▓Γûæ╬ª├╝Γéº_BRANCH_B_v048_REAUDIT_FULL_RESUME_1944-02-20T24_2026-08-31/97_CONTINUATION_MASTER_2026-08-31/SOURCE_ZIPS/╬ª┬┐├¬╧ä┬½├╣┬╡ΓîÉ╞Æ╧ä├▓Γûæ╬ª├╝Γéº_v048_FLINTLOCK_DDAY_1944-02-06_INTEGRATED_RERUN_WORKING_2026-08-31.zip
9328	╬ª┬┐├¬╧ä┬½├╣┬╡ΓîÉ╞Æ╧ä├▓Γûæ╬ª├╝Γéº_BRANCH_B_v049_FULL_HANDOFF_1944-08-04T24_2026-09-04/02_ORIGINAL_EXTRACTED_TREE/╬ª┬┐├¬╧ä┬½├╣┬╡ΓîÉ╞Æ╧ä├▓Γûæ╬ª├╝Γéº_BRANCH_B_v048_REAUDIT_FULL_RESUME_1944-02-20T24_2026-08-31/97_CONTINUATION_MASTER_2026-08-31/SOURCE_ZIPS/╬ª┬┐├¬╧ä┬½├╣┬╡ΓîÉ╞Æ╧ä├▓Γûæ╬ª├╝Γéº_v048_FLINTLOCK_MARITIME_REBASELINE_1944-02-03T24_WORKING_2026-08-31.zip
12111	╬ª┬┐├¬╧ä┬½├╣┬╡ΓîÉ╞Æ╧ä├▓Γûæ╬ª├╝Γéº_BRANCH_B_v049_FULL_HANDOFF_1944-08-04T24_2026-09-04/02_ORIGINAL_EXTRACTED_TREE/╬ª┬┐├¬╧ä┬½├╣┬╡ΓîÉ╞Æ╧ä├▓Γûæ╬ª├╝Γéº_BRANCH_B_v048_REAUDIT_FULL_RESUME_1944-02-20T24_2026-08-31/97_CONTINUATION_MASTER_2026-08-31/SOURCE_ZIPS/╬ª┬┐├¬╧ä┬½├╣┬╡ΓîÉ╞Æ╧ä├▓Γûæ╬ª├╝Γéº_v048_FLINTLOCK_PRECONTACT_1944-01-16_31_REAUDIT_WORKING_2026-08-31.zip
10696	╬ª┬┐├¬╧ä┬½├╣┬╡ΓîÉ╞Æ╧ä├▓Γûæ╬ª├╝Γéº_BRANCH_B_v049_FULL_HANDOFF_1944-08-04T24_2026-09-04/02_ORIGINAL_EXTRACTED_TREE/╬ª┬┐├¬╧ä┬½├╣┬╡ΓîÉ╞Æ╧ä├▓Γûæ╬ª├╝Γéº_BRANCH_B_v048_REAUDIT_FULL_RESUME_1944-02-20T24_2026-08-31/97_CONTINUATION_MASTER_2026-08-31/SOURCE_ZIPS/╬ª┬┐├¬╧ä┬½├╣┬╡ΓîÉ╞Æ╧ä├▓Γûæ╬ª├╝Γéº_v048_GALVANIC_1943-11-26_INTEGRATED_RERUN_WORKING_2026-08-31.zip
9154	╬ª┬┐├¬╧ä┬½├╣┬╡ΓîÉ╞Æ╧ä├▓Γûæ╬ª├╝Γéº_BRANCH_B_v049_FULL_HANDOFF_1944-08-04T24_2026-09-04/02_ORIGINAL_EXTRACTED_TREE/╬ª┬┐├¬╧ä┬½├╣┬╡ΓîÉ╞Æ╧ä├▓Γûæ╬ª├╝Γéº_BRANCH_B_v048_REAUDIT_FULL_RESUME_1944-02-20T24_2026-08-31/97_CONTINUATION_MASTER_2026-08-31/SOURCE_ZIPS/╬ª┬┐├¬╧ä┬½├╣┬╡ΓîÉ╞Æ╧ä├▓Γûæ╬ª├╝Γéº_v048_GALVANIC_1943-11-27_INTEGRATED_RERUN_WORKING_2026-08-31.zip
7475	╬ª┬┐├¬╧ä┬½├╣┬╡ΓîÉ╞Æ╧ä├▓Γûæ╬ª├╝Γéº_BRANCH_B_v049_FULL_HANDOFF_1944-08-04T24_2026-09-04/02_ORIGINAL_EXTRACTED_TREE/╬ª┬┐├¬╧ä┬½├╣┬╡ΓîÉ╞Æ╧ä├▓Γûæ╬ª├╝Γéº_BRANCH_B_v048_REAUDIT_FULL_RESUME_1944-02-20T24_2026-08-31/97_CONTINUATION_MASTER_2026-08-31/SOURCE_ZIPS/╬ª┬┐├¬╧ä┬½├╣┬╡ΓîÉ╞Æ╧ä├▓Γûæ╬ª├╝Γéº_v048_GALVANIC_1943-11-28_29_CLOSEOUT_RERUN_WORKING_2026-08-31.zip
8586	╬ª┬┐├¬╧ä┬½├╣┬╡ΓîÉ╞Æ╧ä├▓Γûæ╬ª├╝Γéº_BRANCH_B_v049_FULL_HANDOFF_1944-08-04T24_2026-09-04/02_ORIGINAL_EXTRACTED_TREE/╬ª┬┐├¬╧ä┬½├╣┬╡ΓîÉ╞Æ╧ä├▓Γûæ╬ª├╝Γéº_BRANCH_B_v048_REAUDIT_FULL_RESUME_1944-02-20T24_2026-08-31/97_CONTINUATION_MASTER_2026-08-31/SOURCE_ZIPS/╬ª┬┐├¬╧ä┬½├╣┬╡ΓîÉ╞Æ╧ä├▓Γûæ╬ª├╝Γéº_v048_GALVANIC_AIR_OOB_HARDENING_1943-11-23_WORKING_2026-08-31.zip
4175	╬ª┬┐├¬╧ä┬½├╣┬╡ΓîÉ╞Æ╧ä├▓Γûæ╬ª├╝Γéº_BRANCH_B_v049_FULL_HANDOFF_1944-08-04T24_2026-09-04/02_ORIGINAL_EXTRACTED_TREE/╬ª┬┐├¬╧ä┬½├╣┬╡ΓîÉ╞Æ╧ä├▓Γûæ╬ª├╝Γéº_BRANCH_B_v048_REAUDIT_FULL_RESUME_1944-02-20T24_2026-08-31/97_CONTINUATION_MASTER_2026-08-31/SOURCE_ZIPS/╬ª┬┐├¬╧ä┬½├╣┬╡ΓîÉ╞Æ╧ä├▓Γûæ╬ª├╝Γéº_v048_GALVANIC_DMINUS1_FORTIFICATION_REAUDIT_1943-11-24_2026-08-30.zip
7099	╬ª┬┐├¬╧ä┬½├╣┬╡ΓîÉ╞Æ╧ä├▓Γûæ╬ª├╝Γéº_BRANCH_B_v049_FULL_HANDOFF_1944-08-04T24_2026-09-04/02_ORIGINAL_EXTRACTED_TREE/╬ª┬┐├¬╧ä┬½├╣┬╡ΓîÉ╞Æ╧ä├▓Γûæ╬ª├╝Γéº_BRANCH_B_v048_REAUDIT_FULL_RESUME_1944-02-20T24_2026-08-31/97_CONTINUATION_MASTER_2026-08-31/SOURCE_ZIPS/╬ª┬┐├¬╧ä┬½├╣┬╡ΓîÉ╞Æ╧ä├▓Γûæ╬ª├╝Γéº_v048_GALVANIC_FULL_DOMAIN_ALIGNMENT_GATE_1943-11_2026-08-30.zip
3592	╬ª┬┐├¬╧ä┬½├╣┬╡ΓîÉ╞Æ╧ä├▓Γûæ╬ª├╝Γéº_BRANCH_B_v049_FULL_HANDOFF_1944-08-04T24_2026-09-04/02_ORIGINAL_EXTRACTED_TREE/╬ª┬┐├¬╧ä┬½├╣┬╡ΓîÉ╞Æ╧ä├▓Γûæ╬ª├╝Γéº_BRANCH_B_v048_REAUDIT_FULL_RESUME_1944-02-20T24_2026-08-31/97_CONTINUATION_MASTER_2026-08-31/SOURCE_ZIPS/╬ª┬┐├¬╧ä┬½├╣┬╡ΓîÉ╞Æ╧ä├▓Γûæ╬ª├╝Γéº_v048_GALVANIC_MAKIN_TARAWA_RESIDUAL_CLOSEOUT_WORKING_2026-08-31.zip
12681	╬ª┬┐├¬╧ä┬½├╣┬╡ΓîÉ╞Æ╧ä├▓Γûæ╬ª├╝Γéº_BRANCH_B_v049_FULL_HANDOFF_1944-08-04T24_2026-09-04/02_ORIGINAL_EXTRACTED_TREE/╬ª┬┐├¬╧ä┬½├╣┬╡ΓîÉ╞Æ╧ä├▓Γûæ╬ª├╝Γéº_BRANCH_B_v048_REAUDIT_FULL_RESUME_1944-02-20T24_2026-08-31/97_CONTINUATION_MASTER_2026-08-31/SOURCE_ZIPS/╬ª┬┐├¬╧ä┬½├╣┬╡ΓîÉ╞Æ╧ä├▓Γûæ╬ª├╝Γéº_v048_GALVANIC_PASS_A_B_DDAY_REAUDIT_1943-11-24_WORKING_2026-08-31.zip
3258	╬ª┬┐├¬╧ä┬½├╣┬╡ΓîÉ╞Æ╧ä├▓Γûæ╬ª├╝Γéº_BRANCH_B_v049_FULL_HANDOFF_1944-08-04T24_2026-09-04/02_ORIGINAL_EXTRACTED_TREE/╬ª┬┐├¬╧ä┬½├╣┬╡ΓîÉ╞Æ╧ä├▓Γûæ╬ª├╝Γéº_BRANCH_B_v048_REAUDIT_FULL_RESUME_1944-02-20T24_2026-08-31/97_CONTINUATION_MASTER_2026-08-31/SOURCE_ZIPS/╬ª┬┐├¬╧ä┬½├╣┬╡ΓîÉ╞Æ╧ä├▓Γûæ╬ª├╝Γéº_v048_GALVANIC_SECONDARY_CARRIER_DOMAIN_TRACE_RESUME_1943-11_2026-08-31.zip
5888	╬ª┬┐├¬╧ä┬½├╣┬╡ΓîÉ╞Æ╧ä├▓Γûæ╬ª├╝Γéº_BRANCH_B_v049_FULL_HANDOFF_1944-08-04T24_2026-09-04/02_ORIGINAL_EXTRACTED_TREE/╬ª┬┐├¬╧ä┬½├╣┬╡ΓîÉ╞Æ╧ä├▓Γûæ╬ª├╝Γéº_BRANCH_B_v048_REAUDIT_FULL_RESUME_1944-02-20T24_2026-08-31/97_CONTINUATION_MASTER_2026-08-31/SOURCE_ZIPS/╬ª┬┐├¬╧ä┬½├╣┬╡ΓîÉ╞Æ╧ä├▓Γûæ╬ª├╝Γéº_v048_GALVANIC_SECONDARY_CARRIER_TRACE_CLOSED_1943-11-23_2026-08-31.zip
9275	╬ª┬┐├¬╧ä┬½├╣┬╡ΓîÉ╞Æ╧ä├▓Γûæ╬ª├╝Γéº_BRANCH_B_v049_FULL_HANDOFF_1944-08-04T24_2026-09-04/02_ORIGINAL_EXTRACTED_TREE/╬ª┬┐├¬╧ä┬½├╣┬╡ΓîÉ╞Æ╧ä├▓Γûæ╬ª├╝Γéº_BRANCH_B_v048_REAUDIT_FULL_RESUME_1944-02-20T24_2026-08-31/97_CONTINUATION_MASTER_2026-08-31/SOURCE_ZIPS/╬ª┬┐├¬╧ä┬½├╣┬╡ΓîÉ╞Æ╧ä├▓Γûæ╬ª├╝Γéº_v048_GALVANIC_TARAWA_1943-11-25_REAUDIT_WORKING_2026-08-31.zip
10815	╬ª┬┐├¬╧ä┬½├╣┬╡ΓîÉ╞Æ╧ä├▓Γûæ╬ª├╝Γéº_BRANCH_B_v049_FULL_HANDOFF_1944-08-04T24_2026-09-04/02_ORIGINAL_EXTRACTED_TREE/╬ª┬┐├¬╧ä┬½├╣┬╡ΓîÉ╞Æ╧ä├▓Γûæ╬ª├╝Γéº_BRANCH_B_v048_REAUDIT_FULL_RESUME_1944-02-20T24_2026-08-31/97_CONTINUATION_MASTER_2026-08-31/SOURCE_ZIPS/╬ª┬┐├¬╧ä┬½├╣┬╡ΓîÉ╞Æ╧ä├▓Γûæ╬ª├╝Γéº_v048_HAILSTONE_CATCHPOLE_1944-02-20T24_INTEGRATED_RERUN_WORKING_2026-08-31.zip
9504	╬ª┬┐├¬╧ä┬½├╣┬╡ΓîÉ╞Æ╧ä├▓Γûæ╬ª├╝Γéº_BRANCH_B_v049_FULL_HANDOFF_1944-08-04T24_2026-09-04/02_ORIGINAL_EXTRACTED_TREE/╬ª┬┐├¬╧ä┬½├╣┬╡ΓîÉ╞Æ╧ä├▓Γûæ╬ª├╝Γéº_BRANCH_B_v048_REAUDIT_FULL_RESUME_1944-02-20T24_2026-08-31/97_CONTINUATION_MASTER_2026-08-31/SOURCE_ZIPS/╬ª┬┐├¬╧ä┬½├╣┬╡ΓîÉ╞Æ╧ä├▓Γûæ╬ª├╝Γéº_v048_POST_FLINTLOCK_NEXTOPS_CLOSEOUT_1944-02-10_WORKING_2026-08-31.zip
8355	╬ª┬┐├¬╧ä┬½├╣┬╡ΓîÉ╞Æ╧ä├▓Γûæ╬ª├╝Γéº_BRANCH_B_v049_FULL_HANDOFF_1944-08-04T24_2026-09-04/02_ORIGINAL_EXTRACTED_TREE/╬ª┬┐├¬╧ä┬½├╣┬╡ΓîÉ╞Æ╧ä├▓Γûæ╬ª├╝Γéº_BRANCH_B_v048_REAUDIT_FULL_RESUME_1944-02-20T24_2026-08-31/97_CONTINUATION_MASTER_2026-08-31/SOURCE_ZIPS/╬ª┬┐├¬╧ä┬½├╣┬╡ΓîÉ╞Æ╧ä├▓Γûæ╬ª├╝Γéº_v048_POST_GALVANIC_MARSHALL_LEARNING_GATE_WORKING_2026-08-31.zip
14163	╬ª┬┐├¬╧ä┬½├╣┬╡ΓîÉ╞Æ╧ä├▓Γûæ╬ª├╝Γéº_BRANCH_B_v049_FULL_HANDOFF_1944-08-04T24_2026-09-04/02_ORIGINAL_EXTRACTED_TREE/╬ª┬┐├¬╧ä┬½├╣┬╡ΓîÉ╞Æ╧ä├▓Γûæ╬ª├╝Γéº_BRANCH_B_v048_REAUDIT_FULL_RESUME_1944-02-20T24_2026-08-31/97_CONTINUATION_MASTER_2026-08-31/SOURCE_ZIPS/╬ª┬┐├¬╧ä┬½├╣┬╡ΓîÉ╞Æ╧ä├▓Γûæ╬ª├╝Γéº_v048_POST_GALVANIC_TO_MARSHALL_1944-01-15_CLOSEOUT_WORKING_2026-08-31.zip
9773	╬ª┬┐├¬╧ä┬½├╣┬╡ΓîÉ╞Æ╧ä├▓Γûæ╬ª├╝Γéº_BRANCH_B_v049_FULL_HANDOFF_1944-08-04T24_2026-09-04/02_ORIGINAL_EXTRACTED_TREE/╬ª┬┐├¬╧ä┬½├╣┬╡ΓîÉ╞Æ╧ä├▓Γûæ╬ª├╝Γéº_BRANCH_B_v048_REAUDIT_FULL_RESUME_1944-02-20T24_2026-08-31/97_CONTINUATION_MASTER_2026-08-31/SOURCE_ZIPS/╬ª┬┐├¬╧ä┬½├╣┬╡ΓîÉ╞Æ╧ä├▓Γûæ╬ª├╝Γéº_v048_PRE_GALVANIC_FORTIFICATION_REAUDIT_1943-11-23_2026-08-30.zip
7541	╬ª┬┐├¬╧ä┬½├╣┬╡ΓîÉ╞Æ╧ä├▓Γûæ╬ª├╝Γéº_BRANCH_B_v049_FULL_HANDOFF_1944-08-04T24_2026-09-04/02_ORIGINAL_EXTRACTED_TREE/╬ª┬┐├¬╧ä┬½├╣┬╡ΓîÉ╞Æ╧ä├▓Γûæ╬ª├╝Γéº_BRANCH_B_v048_REAUDIT_FULL_RESUME_1944-02-20T24_2026-08-31/97_CONTINUATION_MASTER_2026-08-31/SOURCE_ZIPS/╬ª┬┐├¬╧ä┬½├╣┬╡ΓîÉ╞Æ╧ä├▓Γûæ╬ª├╝Γéº_v048_US_AMPHIBIOUS_WALLET_REAUDIT_1944-02-10_WORKING_2026-08-31.zip
5174	╬ª┬┐├¬╧ä┬½├╣┬╡ΓîÉ╞Æ╧ä├▓Γûæ╬ª├╝Γéº_BRANCH_B_v049_FULL_HANDOFF_1944-08-04T24_2026-09-04/02_ORIGINAL_EXTRACTED_TREE/╬ª┬┐├¬╧ä┬½├╣┬╡ΓîÉ╞Æ╧ä├▓Γûæ╬ª├╝Γéº_BRANCH_B_v048_REAUDIT_FULL_RESUME_1944-02-20T24_2026-08-31/97_CONTINUATION_MASTER_2026-08-31/SOURCE_ZIPS/╬ª┬┐├¬╧ä┬½├╣┬╡ΓîÉ╞Æ╧ä├▓Γûæ╬ª├╝Γéº_v048_US_FLINTLOCK_FORCE_DELTA_GATE_1944-02-10_WORKING_2026-08-31.zip
7755	╬ª┬┐├¬╧ä┬½├╣┬╡ΓîÉ╞Æ╧ä├▓Γûæ╬ª├╝Γéº_BRANCH_B_v049_FULL_HANDOFF_1944-08-04T24_2026-09-04/02_ORIGINAL_EXTRACTED_TREE/╬ª┬┐├¬╧ä┬½├╣┬╡ΓîÉ╞Æ╧ä├▓Γûæ╬ª├╝Γéº_BRANCH_B_v048_REAUDIT_FULL_RESUME_1944-02-20T24_2026-08-31/97_CONTINUATION_MASTER_2026-08-31/SOURCE_ZIPS/╬ª┬┐├¬╧ä┬½├╣┬╡ΓîÉ╞Æ╧ä├▓Γûæ╬ª├╝Γéº_v048_US_PACIFIC_DEATH_LEDGER_1944-02-10_WORKING_2026-08-31.zip
22315	╬ª┬┐├¬╧ä┬½├╣┬╡ΓîÉ╞Æ╧ä├▓Γûæ╬ª├╝Γéº_BRANCH_B_v049_FULL_HANDOFF_1944-08-04T24_2026-09-04/02_ORIGINAL_EXTRACTED_TREE/╬ª┬┐├¬╧ä┬½├╣┬╡ΓîÉ╞Æ╧ä├▓Γûæ╬ª├╝Γéº_BRANCH_B_v048_REAUDIT_FULL_RESUME_1944-02-20T24_2026-08-31/98_TOOLS/GALVANIC_AIR_MICRO_v001/air_microcombat_v03.py
17033	╬ª┬┐├¬╧ä┬½├╣┬╡ΓîÉ╞Æ╧ä├▓Γûæ╬ª├╝Γéº_BRANCH_B_v049_FULL_HANDOFF_1944-08-04T24_2026-09-04/02_ORIGINAL_EXTRACTED_TREE/╬ª┬┐├¬╧ä┬½├╣┬╡ΓîÉ╞Æ╧ä├▓Γûæ╬ª├╝Γéº_BRANCH_B_v048_REAUDIT_FULL_RESUME_1944-02-20T24_2026-08-31/98_TOOLS/GALVANIC_AIR_MICRO_v001/air_microcombat_v04.py
12614	╬ª┬┐├¬╧ä┬½├╣┬╡ΓîÉ╞Æ╧ä├▓Γûæ╬ª├╝Γéº_BRANCH_B_v049_FULL_HANDOFF_1944-08-04T24_2026-09-04/02_ORIGINAL_EXTRACTED_TREE/╬ª┬┐├¬╧ä┬½├╣┬╡ΓîÉ╞Æ╧ä├▓Γûæ╬ª├╝Γéº_BRANCH_B_v048_REAUDIT_FULL_RESUME_1944-02-20T24_2026-08-31/98_TOOLS/GALVANIC_AIR_MICRO_v001/aircraft_damage_v02.json
2925	╬ª┬┐├¬╧ä┬½├╣┬╡ΓîÉ╞Æ╧ä├▓Γûæ╬ª├╝Γéº_BRANCH_B_v049_FULL_HANDOFF_1944-08-04T24_2026-09-04/02_ORIGINAL_EXTRACTED_TREE/╬ª┬┐├¬╧ä┬½├╣┬╡ΓîÉ╞Æ╧ä├▓Γûæ╬ª├╝Γéº_BRANCH_B_v048_REAUDIT_FULL_RESUME_1944-02-20T24_2026-08-31/98_TOOLS/GALVANIC_AIR_MICRO_v001/crew_sensitivity.json
5056	╬ª┬┐├¬╧ä┬½├╣┬╡ΓîÉ╞Æ╧ä├▓Γûæ╬ª├╝Γéº_BRANCH_B_v049_FULL_HANDOFF_1944-08-04T24_2026-09-04/02_ORIGINAL_EXTRACTED_TREE/╬ª┬┐├¬╧ä┬½├╣┬╡ΓîÉ╞Æ╧ä├▓Γûæ╬ª├╝Γéº_BRANCH_B_v048_REAUDIT_FULL_RESUME_1944-02-20T24_2026-08-31/98_TOOLS/GALVANIC_AIR_MICRO_v001/escort_cap_results.json
3824	╬ª┬┐├¬╧ä┬½├╣┬╡ΓîÉ╞Æ╧ä├▓Γûæ╬ª├╝Γéº_BRANCH_B_v049_FULL_HANDOFF_1944-08-04T24_2026-09-04/02_ORIGINAL_EXTRACTED_TREE/╬ª┬┐├¬╧ä┬½├╣┬╡ΓîÉ╞Æ╧ä├▓Γûæ╬ª├╝Γéº_BRANCH_B_v048_REAUDIT_FULL_RESUME_1944-02-20T24_2026-08-31/98_TOOLS/GALVANIC_AIR_MICRO_v001/escort_cap_sim.py
2655	╬ª┬┐├¬╧ä┬½├╣┬╡ΓîÉ╞Æ╧ä├▓Γûæ╬ª├╝Γéº_BRANCH_B_v049_FULL_HANDOFF_1944-08-04T24_2026-09-04/02_ORIGINAL_EXTRACTED_TREE/╬ª┬┐├¬╧ä┬½├╣┬╡ΓîÉ╞Æ╧ä├▓Γûæ╬ª├╝Γéº_BRANCH_B_v048_REAUDIT_FULL_RESUME_1944-02-20T24_2026-08-31/98_TOOLS/GALVANIC_AIR_MICRO_v001/group_4v4_8v8.json
2991	╬ª┬┐├¬╧ä┬½├╣┬╡ΓîÉ╞Æ╧ä├▓Γûæ╬ª├╝Γéº_BRANCH_B_v049_FULL_HANDOFF_1944-08-04T24_2026-09-04/02_ORIGINAL_EXTRACTED_TREE/╬ª┬┐├¬╧ä┬½├╣┬╡ΓîÉ╞Æ╧ä├▓Γûæ╬ª├╝Γéº_BRANCH_B_v048_REAUDIT_FULL_RESUME_1944-02-20T24_2026-08-31/98_TOOLS/GALVANIC_AIR_MICRO_v001/group_wrapper.py
7160	╬ª┬┐├¬╧ä┬½├╣┬╡ΓîÉ╞Æ╧ä├▓Γûæ╬ª├╝Γéº_BRANCH_B_v049_FULL_HANDOFF_1944-08-04T24_2026-09-04/02_ORIGINAL_EXTRACTED_TREE/╬ª┬┐├¬╧ä┬½├╣┬╡ΓîÉ╞Æ╧ä├▓Γûæ╬ª├╝Γéº_BRANCH_B_v048_REAUDIT_FULL_RESUME_1944-02-20T24_2026-08-31/98_TOOLS/GALVANIC_AIR_MICRO_v001/mission_sensitivity_v002.json
23017	╬ª┬┐├¬╧ä┬½├╣┬╡ΓîÉ╞Æ╧ä├▓Γûæ╬ª├╝Γéº_BRANCH_B_v049_FULL_HANDOFF_1944-08-04T24_2026-09-04/02_ORIGINAL_EXTRACTED_TREE/╬ª┬┐├¬╧ä┬½├╣┬╡ΓîÉ╞Æ╧ä├▓Γûæ╬ª├╝Γéº_BRANCH_B_v048_REAUDIT_FULL_RESUME_1944-02-20T24_2026-08-31/98_TOOLS/GALVANIC_AIR_MICRO_v001/pairwise_geometry_matrix.json
49605	╬ª┬┐├¬╧ä┬½├╣┬╡ΓîÉ╞Æ╧ä├▓Γûæ╬ª├╝Γéº_BRANCH_B_v049_FULL_HANDOFF_1944-08-04T24_2026-09-04/02_ORIGINAL_EXTRACTED_TREE/╬ª┬┐├¬╧ä┬½├╣┬╡ΓîÉ╞Æ╧ä├▓Γûæ╬ª├╝Γéº_BRANCH_B_v048_REAUDIT_FULL_RESUME_1944-02-20T24_2026-08-31/98_TOOLS/GALVANIC_AIR_MICRO_v001/profiles_v03.json
49910	╬ª┬┐├¬╧ä┬½├╣┬╡ΓîÉ╞Æ╧ä├▓Γûæ╬ª├╝Γéº_BRANCH_B_v049_FULL_HANDOFF_1944-08-04T24_2026-09-04/02_ORIGINAL_EXTRACTED_TREE/╬ª┬┐├¬╧ä┬½├╣┬╡ΓîÉ╞Æ╧ä├▓Γûæ╬ª├╝Γéº_BRANCH_B_v048_REAUDIT_FULL_RESUME_1944-02-20T24_2026-08-31/98_TOOLS/GALVANIC_AIR_MICRO_v001/profiles_v04_GALVANIC_1943-11.json
1189	╬ª┬┐├¬╧ä┬½├╣┬╡ΓîÉ╞Æ╧ä├▓Γûæ╬ª├╝Γéº_BRANCH_B_v049_FULL_HANDOFF_1944-08-04T24_2026-09-04/02_ORIGINAL_EXTRACTED_TREE/╬ª┬┐├¬╧ä┬½├╣┬╡ΓîÉ╞Æ╧ä├▓Γûæ╬ª├╝Γéº_BRANCH_B_v048_REAUDIT_FULL_RESUME_1944-02-20T24_2026-08-31/98_TOOLS/GALVANIC_AIR_MICRO_v001/run_crew_sensitivity.py
1937	╬ª┬┐├¬╧ä┬½├╣┬╡ΓîÉ╞Æ╧ä├▓Γûæ╬ª├╝Γéº_BRANCH_B_v049_FULL_HANDOFF_1944-08-04T24_2026-09-04/02_ORIGINAL_EXTRACTED_TREE/╬ª┬┐├¬╧ä┬½├╣┬╡ΓîÉ╞Æ╧ä├▓Γûæ╬ª├╝Γéº_BRANCH_B_v048_REAUDIT_FULL_RESUME_1944-02-20T24_2026-08-31/98_TOOLS/GALVANIC_AIR_MICRO_v001/run_matrix.py
3642	╬ª┬┐├¬╧ä┬½├╣┬╡ΓîÉ╞Æ╧ä├▓Γûæ╬ª├╝Γéº_BRANCH_B_v049_FULL_HANDOFF_1944-08-04T24_2026-09-04/02_ORIGINAL_EXTRACTED_TREE/╬ª┬┐├¬╧ä┬½├╣┬╡ΓîÉ╞Æ╧ä├▓Γûæ╬ª├╝Γéº_BRANCH_B_v048_REAUDIT_FULL_RESUME_1944-02-20T24_2026-08-31/98_TOOLS/GALVANIC_AIR_MICRO_v001/run_mission_sensitivity_v002.py
1250	╬ª┬┐├¬╧ä┬½├╣┬╡ΓîÉ╞Æ╧ä├▓Γûæ╬ª├╝Γéº_BRANCH_B_v049_FULL_HANDOFF_1944-08-04T24_2026-09-04/02_ORIGINAL_EXTRACTED_TREE/╬ª┬┐├¬╧ä┬½├╣┬╡ΓîÉ╞Æ╧ä├▓Γûæ╬ª├╝Γéº_BRANCH_B_v048_REAUDIT_FULL_RESUME_1944-02-20T24_2026-08-31/98_TOOLS/GALVANIC_AIR_MICRO_v001/run_z0_policy.py
1469	╬ª┬┐├¬╧ä┬½├╣┬╡ΓîÉ╞Æ╧ä├▓Γûæ╬ª├╝Γéº_BRANCH_B_v049_FULL_HANDOFF_1944-08-04T24_2026-09-04/02_ORIGINAL_EXTRACTED_TREE/╬ª┬┐├¬╧ä┬½├╣┬╡ΓîÉ╞Æ╧ä├▓Γûæ╬ª├╝Γéº_BRANCH_B_v048_REAUDIT_FULL_RESUME_1944-02-20T24_2026-08-31/98_TOOLS/GALVANIC_AIR_MICRO_v001/run_z0_policy_small.py
4212	╬ª┬┐├¬╧ä┬½├╣┬╡ΓîÉ╞Æ╧ä├▓Γûæ╬ª├╝Γéº_BRANCH_B_v049_FULL_HANDOFF_1944-08-04T24_2026-09-04/02_ORIGINAL_EXTRACTED_TREE/╬ª┬┐├¬╧ä┬½├╣┬╡ΓîÉ╞Æ╧ä├▓Γûæ╬ª├╝Γéº_BRANCH_B_v048_REAUDIT_FULL_RESUME_1944-02-20T24_2026-08-31/98_TOOLS/GALVANIC_AIR_MICRO_v001/weapons_v02.json
5292	╬ª┬┐├¬╧ä┬½├╣┬╡ΓîÉ╞Æ╧ä├▓Γûæ╬ª├╝Γéº_BRANCH_B_v049_FULL_HANDOFF_1944-08-04T24_2026-09-04/02_ORIGINAL_EXTRACTED_TREE/╬ª┬┐├¬╧ä┬½├╣┬╡ΓîÉ╞Æ╧ä├▓Γûæ╬ª├╝Γéº_BRANCH_B_v048_REAUDIT_FULL_RESUME_1944-02-20T24_2026-08-31/98_TOOLS/GALVANIC_AIR_MICRO_v001/z0_policy_matrix.json
2009	╬ª┬┐├¬╧ä┬½├╣┬╡ΓîÉ╞Æ╧ä├▓Γûæ╬ª├╝Γéº_BRANCH_B_v049_FULL_HANDOFF_1944-08-04T24_2026-09-04/02_ORIGINAL_EXTRACTED_TREE/╬ª┬┐├¬╧ä┬½├╣┬╡ΓîÉ╞Æ╧ä├▓Γûæ╬ª├╝Γéº_BRANCH_B_v048_REAUDIT_FULL_RESUME_1944-02-20T24_2026-08-31/98_TOOLS/build_combat_context_v001.py
2559	╬ª┬┐├¬╧ä┬½├╣┬╡ΓîÉ╞Æ╧ä├▓Γûæ╬ª├╝Γéº_BRANCH_B_v049_FULL_HANDOFF_1944-08-04T24_2026-09-04/02_ORIGINAL_EXTRACTED_TREE/╬ª┬┐├¬╧ä┬½├╣┬╡ΓîÉ╞Æ╧ä├▓Γûæ╬ª├╝Γéº_BRANCH_B_v048_REAUDIT_FULL_RESUME_1944-02-20T24_2026-08-31/98_TOOLS/build_combat_context_v002.py
2620	╬ª┬┐├¬╧ä┬½├╣┬╡ΓîÉ╞Æ╧ä├▓Γûæ╬ª├╝Γéº_BRANCH_B_v049_FULL_HANDOFF_1944-08-04T24_2026-09-04/02_ORIGINAL_EXTRACTED_TREE/╬ª┬┐├¬╧ä┬½├╣┬╡ΓîÉ╞Æ╧ä├▓Γûæ╬ª├╝Γéº_BRANCH_B_v048_REAUDIT_FULL_RESUME_1944-02-20T24_2026-08-31/98_TOOLS/build_combat_context_v003.py
2748	╬ª┬┐├¬╧ä┬½├╣┬╡ΓîÉ╞Æ╧ä├▓Γûæ╬ª├╝Γéº_BRANCH_B_v049_FULL_HANDOFF_1944-08-04T24_2026-09-04/02_ORIGINAL_EXTRACTED_TREE/╬ª┬┐├¬╧ä┬½├╣┬╡ΓîÉ╞Æ╧ä├▓Γûæ╬ª├╝Γéº_BRANCH_B_v048_REAUDIT_FULL_RESUME_1944-02-20T24_2026-08-31/98_TOOLS/build_combat_context_v004.py
2892	╬ª┬┐├¬╧ä┬½├╣┬╡ΓîÉ╞Æ╧ä├▓Γûæ╬ª├╝Γéº_BRANCH_B_v049_FULL_HANDOFF_1944-08-04T24_2026-09-04/02_ORIGINAL_EXTRACTED_TREE/╬ª┬┐├¬╧ä┬½├╣┬╡ΓîÉ╞Æ╧ä├▓Γûæ╬ª├╝Γéº_BRANCH_B_v048_REAUDIT_FULL_RESUME_1944-02-20T24_2026-08-31/98_TOOLS/build_combat_context_v005.py
2937	╬ª┬┐├¬╧ä┬½├╣┬╡ΓîÉ╞Æ╧ä├▓Γûæ╬ª├╝Γéº_BRANCH_B_v049_FULL_HANDOFF_1944-08-04T24_2026-09-04/02_ORIGINAL_EXTRACTED_TREE/╬ª┬┐├¬╧ä┬½├╣┬╡ΓîÉ╞Æ╧ä├▓Γûæ╬ª├╝Γéº_BRANCH_B_v048_REAUDIT_FULL_RESUME_1944-02-20T24_2026-08-31/98_TOOLS/build_combat_context_v006.py
2937	╬ª┬┐├¬╧ä┬½├╣┬╡ΓîÉ╞Æ╧ä├▓Γûæ╬ª├╝Γéº_BRANCH_B_v049_FULL_HANDOFF_1944-08-04T24_2026-09-04/02_ORIGINAL_EXTRACTED_TREE/╬ª┬┐├¬╧ä┬½├╣┬╡ΓîÉ╞Æ╧ä├▓Γûæ╬ª├╝Γéº_BRANCH_B_v048_REAUDIT_FULL_RESUME_1944-02-20T24_2026-08-31/98_TOOLS/build_combat_context_v007.py
698	╬ª┬┐├¬╧ä┬½├╣┬╡ΓîÉ╞Æ╧ä├▓Γûæ╬ª├╝Γéº_BRANCH_B_v049_FULL_HANDOFF_1944-08-04T24_2026-09-04/02_ORIGINAL_EXTRACTED_TREE/╬ª┬┐├¬╧ä┬½├╣┬╡ΓîÉ╞Æ╧ä├▓Γûæ╬ª├╝Γéº_BRANCH_B_v048_REAUDIT_FULL_RESUME_1944-02-20T24_2026-08-31/98_TOOLS/build_event_handout.py
2740	╬ª┬┐├¬╧ä┬½├╣┬╡ΓîÉ╞Æ╧ä├▓Γûæ╬ª├╝Γéº_BRANCH_B_v049_FULL_HANDOFF_1944-08-04T24_2026-09-04/02_ORIGINAL_EXTRACTED_TREE/╬ª┬┐├¬╧ä┬½├╣┬╡ΓîÉ╞Æ╧ä├▓Γûæ╬ª├╝Γéº_BRANCH_B_v048_REAUDIT_FULL_RESUME_1944-02-20T24_2026-08-31/98_TOOLS/build_event_handout_v002.py
3764	╬ª┬┐├¬╧ä┬½├╣┬╡ΓîÉ╞Æ╧ä├▓Γûæ╬ª├╝Γéº_BRANCH_B_v049_FULL_HANDOFF_1944-08-04T24_2026-09-04/02_ORIGINAL_EXTRACTED_TREE/╬ª┬┐├¬╧ä┬½├╣┬╡ΓîÉ╞Æ╧ä├▓Γûæ╬ª├╝Γéº_BRANCH_B_v048_REAUDIT_FULL_RESUME_1944-02-20T24_2026-08-31/98_TOOLS/build_event_handout_v003.py
4192	╬ª┬┐├¬╧ä┬½├╣┬╡ΓîÉ╞Æ╧ä├▓Γûæ╬ª├╝Γéº_BRANCH_B_v049_FULL_HANDOFF_1944-08-04T24_2026-09-04/02_ORIGINAL_EXTRACTED_TREE/╬ª┬┐├¬╧ä┬½├╣┬╡ΓîÉ╞Æ╧ä├▓Γûæ╬ª├╝Γéº_BRANCH_B_v048_REAUDIT_FULL_RESUME_1944-02-20T24_2026-08-31/98_TOOLS/build_event_handout_v004.py
9868	╬ª┬┐├¬╧ä┬½├╣┬╡ΓîÉ╞Æ╧ä├▓Γûæ╬ª├╝Γéº_BRANCH_B_v049_FULL_HANDOFF_1944-08-04T24_2026-09-04/02_ORIGINAL_EXTRACTED_TREE/╬ª┬┐├¬╧ä┬½├╣┬╡ΓîÉ╞Æ╧ä├▓Γûæ╬ª├╝Γéº_BRANCH_B_v048_REAUDIT_FULL_RESUME_1944-02-20T24_2026-08-31/98_TOOLS/build_event_handout_v005.py
13633	╬ª┬┐├¬╧ä┬½├╣┬╡ΓîÉ╞Æ╧ä├▓Γûæ╬ª├╝Γéº_BRANCH_B_v049_FULL_HANDOFF_1944-08-04T24_2026-09-04/02_ORIGINAL_EXTRACTED_TREE/╬ª┬┐├¬╧ä┬½├╣┬╡ΓîÉ╞Æ╧ä├▓Γûæ╬ª├╝Γéº_BRANCH_B_v048_REAUDIT_FULL_RESUME_1944-02-20T24_2026-08-31/98_TOOLS/build_event_handout_v006.py
20270	╬ª┬┐├¬╧ä┬½├╣┬╡ΓîÉ╞Æ╧ä├▓Γûæ╬ª├╝Γéº_BRANCH_B_v049_FULL_HANDOFF_1944-08-04T24_2026-09-04/02_ORIGINAL_EXTRACTED_TREE/╬ª┬┐├¬╧ä┬½├╣┬╡ΓîÉ╞Æ╧ä├▓Γûæ╬ª├╝Γéº_BRANCH_B_v048_REAUDIT_FULL_RESUME_1944-02-20T24_2026-08-31/98_TOOLS/build_event_handout_v007.py
20759	╬ª┬┐├¬╧ä┬½├╣┬╡ΓîÉ╞Æ╧ä├▓Γûæ╬ª├╝Γéº_BRANCH_B_v049_FULL_HANDOFF_1944-08-04T24_2026-09-04/02_ORIGINAL_EXTRACTED_TREE/╬ª┬┐├¬╧ä┬½├╣┬╡ΓîÉ╞Æ╧ä├▓Γûæ╬ª├╝Γéº_BRANCH_B_v048_REAUDIT_FULL_RESUME_1944-02-20T24_2026-08-31/98_TOOLS/build_event_handout_v008.py
21381	╬ª┬┐├¬╧ä┬½├╣┬╡ΓîÉ╞Æ╧ä├▓Γûæ╬ª├╝Γéº_BRANCH_B_v049_FULL_HANDOFF_1944-08-04T24_2026-09-04/02_ORIGINAL_EXTRACTED_TREE/╬ª┬┐├¬╧ä┬½├╣┬╡ΓîÉ╞Æ╧ä├▓Γûæ╬ª├╝Γéº_BRANCH_B_v048_REAUDIT_FULL_RESUME_1944-02-20T24_2026-08-31/98_TOOLS/build_event_handout_v009.py
22158	╬ª┬┐├¬╧ä┬½├╣┬╡ΓîÉ╞Æ╧ä├▓Γûæ╬ª├╝Γéº_BRANCH_B_v049_FULL_HANDOFF_1944-08-04T24_2026-09-04/02_ORIGINAL_EXTRACTED_TREE/╬ª┬┐├¬╧ä┬½├╣┬╡ΓîÉ╞Æ╧ä├▓Γûæ╬ª├╝Γéº_BRANCH_B_v048_REAUDIT_FULL_RESUME_1944-02-20T24_2026-08-31/98_TOOLS/build_event_handout_v010.py
22424	╬ª┬┐├¬╧ä┬½├╣┬╡ΓîÉ╞Æ╧ä├▓Γûæ╬ª├╝Γéº_BRANCH_B_v049_FULL_HANDOFF_1944-08-04T24_2026-09-04/02_ORIGINAL_EXTRACTED_TREE/╬ª┬┐├¬╧ä┬½├╣┬╡ΓîÉ╞Æ╧ä├▓Γûæ╬ª├╝Γéº_BRANCH_B_v048_REAUDIT_FULL_RESUME_1944-02-20T24_2026-08-31/98_TOOLS/build_event_handout_v011.py
22424	╬ª┬┐├¬╧ä┬½├╣┬╡ΓîÉ╞Æ╧ä├▓Γûæ╬ª├╝Γéº_BRANCH_B_v049_FULL_HANDOFF_1944-08-04T24_2026-09-04/02_ORIGINAL_EXTRACTED_TREE/╬ª┬┐├¬╧ä┬½├╣┬╡ΓîÉ╞Æ╧ä├▓Γûæ╬ª├╝Γéº_BRANCH_B_v048_REAUDIT_FULL_RESUME_1944-02-20T24_2026-08-31/98_TOOLS/build_event_handout_v012.py
1510	╬ª┬┐├¬╧ä┬½├╣┬╡ΓîÉ╞Æ╧ä├▓Γûæ╬ª├╝Γéº_BRANCH_B_v049_FULL_HANDOFF_1944-08-04T24_2026-09-04/02_ORIGINAL_EXTRACTED_TREE/╬ª┬┐├¬╧ä┬½├╣┬╡ΓîÉ╞Æ╧ä├▓Γûæ╬ª├╝Γéº_BRANCH_B_v048_REAUDIT_FULL_RESUME_1944-02-20T24_2026-08-31/98_TOOLS/validate_refactor_v003.py
4002	╬ª┬┐├¬╧ä┬½├╣┬╡ΓîÉ╞Æ╧ä├▓Γûæ╬ª├╝Γéº_BRANCH_B_v049_FULL_HANDOFF_1944-08-04T24_2026-09-04/02_ORIGINAL_EXTRACTED_TREE/╬ª┬┐├¬╧ä┬½├╣┬╡ΓîÉ╞Æ╧ä├▓Γûæ╬ª├╝Γéº_BRANCH_B_v048_REAUDIT_FULL_RESUME_1944-02-20T24_2026-08-31/98_TOOLS/validate_refactor_v004.py
2904	╬ª┬┐├¬╧ä┬½├╣┬╡ΓîÉ╞Æ╧ä├▓Γûæ╬ª├╝Γéº_BRANCH_B_v049_FULL_HANDOFF_1944-08-04T24_2026-09-04/02_ORIGINAL_EXTRACTED_TREE/╬ª┬┐├¬╧ä┬½├╣┬╡ΓîÉ╞Æ╧ä├▓Γûæ╬ª├╝Γéº_BRANCH_B_v048_REAUDIT_FULL_RESUME_1944-02-20T24_2026-08-31/98_TOOLS/validate_refactor_v005.py
2854	╬ª┬┐├¬╧ä┬½├╣┬╡ΓîÉ╞Æ╧ä├▓Γûæ╬ª├╝Γéº_BRANCH_B_v049_FULL_HANDOFF_1944-08-04T24_2026-09-04/02_ORIGINAL_EXTRACTED_TREE/╬ª┬┐├¬╧ä┬½├╣┬╡ΓîÉ╞Æ╧ä├▓Γûæ╬ª├╝Γéº_BRANCH_B_v048_REAUDIT_FULL_RESUME_1944-02-20T24_2026-08-31/98_TOOLS/validate_refactor_v006.py
16279	╬ª┬┐├¬╧ä┬½├╣┬╡ΓîÉ╞Æ╧ä├▓Γûæ╬ª├╝Γéº_BRANCH_B_v049_FULL_HANDOFF_1944-08-04T24_2026-09-04/02_ORIGINAL_EXTRACTED_TREE/╬ª┬┐├¬╧ä┬½├╣┬╡ΓîÉ╞Æ╧ä├▓Γûæ╬ª├╝Γéº_BRANCH_B_v048_REAUDIT_FULL_RESUME_1944-02-20T24_2026-08-31/98_TOOLS/validate_refactor_v007.py
11119	╬ª┬┐├¬╧ä┬½├╣┬╡ΓîÉ╞Æ╧ä├▓Γûæ╬ª├╝Γéº_BRANCH_B_v049_FULL_HANDOFF_1944-08-04T24_2026-09-04/02_ORIGINAL_EXTRACTED_TREE/╬ª┬┐├¬╧ä┬½├╣┬╡ΓîÉ╞Æ╧ä├▓Γûæ╬ª├╝Γéº_BRANCH_B_v048_REAUDIT_FULL_RESUME_1944-02-20T24_2026-08-31/98_TOOLS/validate_refactor_v008.py
16150	╬ª┬┐├¬╧ä┬½├╣┬╡ΓîÉ╞Æ╧ä├▓Γûæ╬ª├╝Γéº_BRANCH_B_v049_FULL_HANDOFF_1944-08-04T24_2026-09-04/02_ORIGINAL_EXTRACTED_TREE/╬ª┬┐├¬╧ä┬½├╣┬╡ΓîÉ╞Æ╧ä├▓Γûæ╬ª├╝Γéº_BRANCH_B_v048_REAUDIT_FULL_RESUME_1944-02-20T24_2026-08-31/98_TOOLS/validate_refactor_v009.py
17312	╬ª┬┐├¬╧ä┬½├╣┬╡ΓîÉ╞Æ╧ä├▓Γûæ╬ª├╝Γéº_BRANCH_B_v049_FULL_HANDOFF_1944-08-04T24_2026-09-04/02_ORIGINAL_EXTRACTED_TREE/╬ª┬┐├¬╧ä┬½├╣┬╡ΓîÉ╞Æ╧ä├▓Γûæ╬ª├╝Γéº_BRANCH_B_v048_REAUDIT_FULL_RESUME_1944-02-20T24_2026-08-31/98_TOOLS/validate_refactor_v010.py
7049	╬ª┬┐├¬╧ä┬½├╣┬╡ΓîÉ╞Æ╧ä├▓Γûæ╬ª├╝Γéº_BRANCH_B_v049_FULL_HANDOFF_1944-08-04T24_2026-09-04/02_ORIGINAL_EXTRACTED_TREE/╬ª┬┐├¬╧ä┬½├╣┬╡ΓîÉ╞Æ╧ä├▓Γûæ╬ª├╝Γéº_BRANCH_B_v048_REAUDIT_FULL_RESUME_1944-02-20T24_2026-08-31/98_TOOLS/validate_refactor_v011.py
6056	╬ª┬┐├¬╧ä┬½├╣┬╡ΓîÉ╞Æ╧ä├▓Γûæ╬ª├╝Γéº_BRANCH_B_v049_FULL_HANDOFF_1944-08-04T24_2026-09-04/02_ORIGINAL_EXTRACTED_TREE/╬ª┬┐├¬╧ä┬½├╣┬╡ΓîÉ╞Æ╧ä├▓Γûæ╬ª├╝Γéº_BRANCH_B_v048_REAUDIT_FULL_RESUME_1944-02-20T24_2026-08-31/98_TOOLS/validate_refactor_v012.py
8052	╬ª┬┐├¬╧ä┬½├╣┬╡ΓîÉ╞Æ╧ä├▓Γûæ╬ª├╝Γéº_BRANCH_B_v049_FULL_HANDOFF_1944-08-04T24_2026-09-04/02_ORIGINAL_EXTRACTED_TREE/╬ª┬┐├¬╧ä┬½├╣┬╡ΓîÉ╞Æ╧ä├▓Γûæ╬ª├╝Γéº_BRANCH_B_v048_REAUDIT_FULL_RESUME_1944-02-20T24_2026-08-31/98_TOOLS/validate_refactor_v013.py
7921	╬ª┬┐├¬╧ä┬½├╣┬╡ΓîÉ╞Æ╧ä├▓Γûæ╬ª├╝Γéº_BRANCH_B_v049_FULL_HANDOFF_1944-08-04T24_2026-09-04/02_ORIGINAL_EXTRACTED_TREE/╬ª┬┐├¬╧ä┬½├╣┬╡ΓîÉ╞Æ╧ä├▓Γûæ╬ª├╝Γéº_BRANCH_B_v048_REAUDIT_FULL_RESUME_1944-02-20T24_2026-08-31/98_TOOLS/validate_refactor_v014.py
7272	╬ª┬┐├¬╧ä┬½├╣┬╡ΓîÉ╞Æ╧ä├▓Γûæ╬ª├╝Γéº_BRANCH_B_v049_FULL_HANDOFF_1944-08-04T24_2026-09-04/02_ORIGINAL_EXTRACTED_TREE/╬ª┬┐├¬╧ä┬½├╣┬╡ΓîÉ╞Æ╧ä├▓Γûæ╬ª├╝Γéº_BRANCH_B_v048_REAUDIT_FULL_RESUME_1944-02-20T24_2026-08-31/98_TOOLS/validate_refactor_v015.py
8675	╬ª┬┐├¬╧ä┬½├╣┬╡ΓîÉ╞Æ╧ä├▓Γûæ╬ª├╝Γéº_BRANCH_B_v049_FULL_HANDOFF_1944-08-04T24_2026-09-04/02_ORIGINAL_EXTRACTED_TREE/╬ª┬┐├¬╧ä┬½├╣┬╡ΓîÉ╞Æ╧ä├▓Γûæ╬ª├╝Γéº_BRANCH_B_v048_REAUDIT_FULL_RESUME_1944-02-20T24_2026-08-31/98_TOOLS/validate_refactor_v016.py
6762	╬ª┬┐├¬╧ä┬½├╣┬╡ΓîÉ╞Æ╧ä├▓Γûæ╬ª├╝Γéº_BRANCH_B_v049_FULL_HANDOFF_1944-08-04T24_2026-09-04/02_ORIGINAL_EXTRACTED_TREE/╬ª┬┐├¬╧ä┬½├╣┬╡ΓîÉ╞Æ╧ä├▓Γûæ╬ª├╝Γéº_BRANCH_B_v048_REAUDIT_FULL_RESUME_1944-02-20T24_2026-08-31/98_TOOLS/validate_refactor_v017.py
7509	╬ª┬┐├¬╧ä┬½├╣┬╡ΓîÉ╞Æ╧ä├▓Γûæ╬ª├╝Γéº_BRANCH_B_v049_FULL_HANDOFF_1944-08-04T24_2026-09-04/02_ORIGINAL_EXTRACTED_TREE/╬ª┬┐├¬╧ä┬½├╣┬╡ΓîÉ╞Æ╧ä├▓Γûæ╬ª├╝Γéº_BRANCH_B_v048_REAUDIT_FULL_RESUME_1944-02-20T24_2026-08-31/98_TOOLS/validate_refactor_v018.py
6198	╬ª┬┐├¬╧ä┬½├╣┬╡ΓîÉ╞Æ╧ä├▓Γûæ╬ª├╝Γéº_BRANCH_B_v049_FULL_HANDOFF_1944-08-04T24_2026-09-04/02_ORIGINAL_EXTRACTED_TREE/╬ª┬┐├¬╧ä┬½├╣┬╡ΓîÉ╞Æ╧ä├▓Γûæ╬ª├╝Γéº_BRANCH_B_v048_REAUDIT_FULL_RESUME_1944-02-20T24_2026-08-31/98_TOOLS/validate_refactor_v019.py
5647	╬ª┬┐├¬╧ä┬½├╣┬╡ΓîÉ╞Æ╧ä├▓Γûæ╬ª├╝Γéº_BRANCH_B_v049_FULL_HANDOFF_1944-08-04T24_2026-09-04/02_ORIGINAL_EXTRACTED_TREE/╬ª┬┐├¬╧ä┬½├╣┬╡ΓîÉ╞Æ╧ä├▓Γûæ╬ª├╝Γéº_BRANCH_B_v048_REAUDIT_FULL_RESUME_1944-02-20T24_2026-08-31/98_TOOLS/validate_refactor_v020.py
5992	╬ª┬┐├¬╧ä┬½├╣┬╡ΓîÉ╞Æ╧ä├▓Γûæ╬ª├╝Γéº_BRANCH_B_v049_FULL_HANDOFF_1944-08-04T24_2026-09-04/02_ORIGINAL_EXTRACTED_TREE/╬ª┬┐├¬╧ä┬½├╣┬╡ΓîÉ╞Æ╧ä├▓Γûæ╬ª├╝Γéº_BRANCH_B_v048_REAUDIT_FULL_RESUME_1944-02-20T24_2026-08-31/98_TOOLS/validate_refactor_v021.py
4986	╬ª┬┐├¬╧ä┬½├╣┬╡ΓîÉ╞Æ╧ä├▓Γûæ╬ª├╝Γéº_BRANCH_B_v049_FULL_HANDOFF_1944-08-04T24_2026-09-04/02_ORIGINAL_EXTRACTED_TREE/╬ª┬┐├¬╧ä┬½├╣┬╡ΓîÉ╞Æ╧ä├▓Γûæ╬ª├╝Γéº_BRANCH_B_v048_REAUDIT_FULL_RESUME_1944-02-20T24_2026-08-31/98_TOOLS/validate_refactor_v022.py
6457	╬ª┬┐├¬╧ä┬½├╣┬╡ΓîÉ╞Æ╧ä├▓Γûæ╬ª├╝Γéº_BRANCH_B_v049_FULL_HANDOFF_1944-08-04T24_2026-09-04/02_ORIGINAL_EXTRACTED_TREE/╬ª┬┐├¬╧ä┬½├╣┬╡ΓîÉ╞Æ╧ä├▓Γûæ╬ª├╝Γéº_BRANCH_B_v048_REAUDIT_FULL_RESUME_1944-02-20T24_2026-08-31/98_TOOLS/validate_refactor_v023.py
7574	╬ª┬┐├¬╧ä┬½├╣┬╡ΓîÉ╞Æ╧ä├▓Γûæ╬ª├╝Γéº_BRANCH_B_v049_FULL_HANDOFF_1944-08-04T24_2026-09-04/02_ORIGINAL_EXTRACTED_TREE/╬ª┬┐├¬╧ä┬½├╣┬╡ΓîÉ╞Æ╧ä├▓Γûæ╬ª├╝Γéº_BRANCH_B_v048_REAUDIT_FULL_RESUME_1944-02-20T24_2026-08-31/98_TOOLS/validate_refactor_v024.py
8966	╬ª┬┐├¬╧ä┬½├╣┬╡ΓîÉ╞Æ╧ä├▓Γûæ╬ª├╝Γéº_BRANCH_B_v049_FULL_HANDOFF_1944-08-04T24_2026-09-04/02_ORIGINAL_EXTRACTED_TREE/╬ª┬┐├¬╧ä┬½├╣┬╡ΓîÉ╞Æ╧ä├▓Γûæ╬ª├╝Γéº_BRANCH_B_v048_REAUDIT_FULL_RESUME_1944-02-20T24_2026-08-31/98_TOOLS/validate_refactor_v025.py
4972	╬ª┬┐├¬╧ä┬½├╣┬╡ΓîÉ╞Æ╧ä├▓Γûæ╬ª├╝Γéº_BRANCH_B_v049_FULL_HANDOFF_1944-08-04T24_2026-09-04/02_ORIGINAL_EXTRACTED_TREE/╬ª┬┐├¬╧ä┬½├╣┬╡ΓîÉ╞Æ╧ä├▓Γûæ╬ª├╝Γéº_BRANCH_B_v048_REAUDIT_FULL_RESUME_1944-02-20T24_2026-08-31/98_TOOLS/validate_refactor_v026.py
5782	╬ª┬┐├¬╧ä┬½├╣┬╡ΓîÉ╞Æ╧ä├▓Γûæ╬ª├╝Γéº_BRANCH_B_v049_FULL_HANDOFF_1944-08-04T24_2026-09-04/02_ORIGINAL_EXTRACTED_TREE/╬ª┬┐├¬╧ä┬½├╣┬╡ΓîÉ╞Æ╧ä├▓Γûæ╬ª├╝Γéº_BRANCH_B_v048_REAUDIT_FULL_RESUME_1944-02-20T24_2026-08-31/98_TOOLS/validate_refactor_v027.py
7269	╬ª┬┐├¬╧ä┬½├╣┬╡ΓîÉ╞Æ╧ä├▓Γûæ╬ª├╝Γéº_BRANCH_B_v049_FULL_HANDOFF_1944-08-04T24_2026-09-04/02_ORIGINAL_EXTRACTED_TREE/╬ª┬┐├¬╧ä┬½├╣┬╡ΓîÉ╞Æ╧ä├▓Γûæ╬ª├╝Γéº_BRANCH_B_v048_REAUDIT_FULL_RESUME_1944-02-20T24_2026-08-31/98_TOOLS/validate_refactor_v028.py
9648	╬ª┬┐├¬╧ä┬½├╣┬╡ΓîÉ╞Æ╧ä├▓Γûæ╬ª├╝Γéº_BRANCH_B_v049_FULL_HANDOFF_1944-08-04T24_2026-09-04/02_ORIGINAL_EXTRACTED_TREE/╬ª┬┐├¬╧ä┬½├╣┬╡ΓîÉ╞Æ╧ä├▓Γûæ╬ª├╝Γéº_BRANCH_B_v048_REAUDIT_FULL_RESUME_1944-02-20T24_2026-08-31/98_TOOLS/validate_refactor_v029.py
4612	╬ª┬┐├¬╧ä┬½├╣┬╡ΓîÉ╞Æ╧ä├▓Γûæ╬ª├╝Γéº_BRANCH_B_v049_FULL_HANDOFF_1944-08-04T24_2026-09-04/02_ORIGINAL_EXTRACTED_TREE/╬ª┬┐├¬╧ä┬½├╣┬╡ΓîÉ╞Æ╧ä├▓Γûæ╬ª├╝Γéº_BRANCH_B_v048_REAUDIT_FULL_RESUME_1944-02-20T24_2026-08-31/99_LEGACY_UNTOUCHED/╬ª┬┐├¬╧ä┬½├╣┬╡ΓîÉ╞Æ╧ä├▓Γûæ╬ª├╝Γéº_1941╬ÿ├╗├»┬╡├¬┬¬╧âΓòûΓòù┬╡├¬Γòù╧Ç├╝├╣_╧â├Ñ├¼╧ä├╢╞Æ╧ä├╢├║_v004_2026-08-18/00_┬╡┬╝├¡╧â┬óΓéº╧Ç├╝Γò¢╧Ç├╝├£╬ª┬¼┬í╧Ç├⌐├ç/NEXT_SESSION_INDEX_DISCUSSION_SEED_v001.md
5186	╬ª┬┐├¬╧ä┬½├╣┬╡ΓîÉ╞Æ╧ä├▓Γûæ╬ª├╝Γéº_BRANCH_B_v049_FULL_HANDOFF_1944-08-04T24_2026-09-04/02_ORIGINAL_EXTRACTED_TREE/╬ª┬┐├¬╧ä┬½├╣┬╡ΓîÉ╞Æ╧ä├▓Γûæ╬ª├╝Γéº_BRANCH_B_v048_REAUDIT_FULL_RESUME_1944-02-20T24_2026-08-31/99_LEGACY_UNTOUCHED/╬ª┬┐├¬╧ä┬½├╣┬╡ΓîÉ╞Æ╧ä├▓Γûæ╬ª├╝Γéº_1941╬ÿ├╗├»┬╡├¬┬¬╧âΓòûΓòù┬╡├¬Γòù╧Ç├╝├╣_╧â├Ñ├¼╧ä├╢╞Æ╧ä├╢├║_v004_2026-08-18/00_┬╡┬╝├¡╧â┬óΓéº╧Ç├╝Γò¢╧Ç├╝├£╬ª┬¼┬í╧Ç├⌐├ç/SESSION_HANDOFF_2026-08-18_v001.md
2643	╬ª┬┐├¬╧ä┬½├╣┬╡ΓîÉ╞Æ╧ä├▓Γûæ╬ª├╝Γéº_BRANCH_B_v049_FULL_HANDOFF_1944-08-04T24_2026-09-04/02_ORIGINAL_EXTRACTED_TREE/╬ª┬┐├¬╧ä┬½├╣┬╡ΓîÉ╞Æ╧ä├▓Γûæ╬ª├╝Γéº_BRANCH_B_v048_REAUDIT_FULL_RESUME_1944-02-20T24_2026-08-31/99_LEGACY_UNTOUCHED/╬ª┬┐├¬╧ä┬½├╣┬╡ΓîÉ╞Æ╧ä├▓Γûæ╬ª├╝Γéº_1941╬ÿ├╗├»┬╡├¬┬¬╧âΓòûΓòù┬╡├¬Γòù╧Ç├╝├╣_╧â├Ñ├¼╧ä├╢╞Æ╧ä├╢├║_v004_2026-08-18/01_╧ä├àΓò¢╬ª├¡├«┬╡┬í├║┬╡┬ú┬╝/AUTHORITATIVE_MANIFEST_v001.json
2483	╬ª┬┐├¬╧ä┬½├╣┬╡ΓîÉ╞Æ╧ä├▓Γûæ╬ª├╝Γéº_BRANCH_B_v049_FULL_HANDOFF_1944-08-04T24_2026-09-04/02_ORIGINAL_EXTRACTED_TREE/╬ª┬┐├¬╧ä┬½├╣┬╡ΓîÉ╞Æ╧ä├▓Γûæ╬ª├╝Γéº_BRANCH_B_v048_REAUDIT_FULL_RESUME_1944-02-20T24_2026-08-31/99_LEGACY_UNTOUCHED/╬ª┬┐├¬╧ä┬½├╣┬╡ΓîÉ╞Æ╧ä├▓Γûæ╬ª├╝Γéº_1941╬ÿ├╗├»┬╡├¬┬¬╧âΓòûΓòù┬╡├¬Γòù╧Ç├╝├╣_╧â├Ñ├¼╧ä├╢╞Æ╧ä├╢├║_v004_2026-08-18/01_╧ä├àΓò¢╬ª├¡├«┬╡┬í├║┬╡┬ú┬╝/AUTHORITATIVE_MANIFEST_v001.md
3026	╬ª┬┐├¬╧ä┬½├╣┬╡ΓîÉ╞Æ╧ä├▓Γûæ╬ª├╝Γéº_BRANCH_B_v049_FULL_HANDOFF_1944-08-04T24_2026-09-04/02_ORIGINAL_EXTRACTED_TREE/╬ª┬┐├¬╧ä┬½├╣┬╡ΓîÉ╞Æ╧ä├▓Γûæ╬ª├╝Γéº_BRANCH_B_v048_REAUDIT_FULL_RESUME_1944-02-20T24_2026-08-31/99_LEGACY_UNTOUCHED/╬ª┬┐├¬╧ä┬½├╣┬╡ΓîÉ╞Æ╧ä├▓Γûæ╬ª├╝Γéº_1941╬ÿ├╗├»┬╡├¬┬¬╧âΓòûΓòù┬╡├¬Γòù╧Ç├╝├╣_╧â├Ñ├¼╧ä├╢╞Æ╧ä├╢├║_v004_2026-08-18/01_╧ä├àΓò¢╬ª├¡├«┬╡┬í├║┬╡┬ú┬╝/AUTHORITATIVE_MANIFEST_v002.json
1761	╬ª┬┐├¬╧ä┬½├╣┬╡ΓîÉ╞Æ╧ä├▓Γûæ╬ª├╝Γéº_BRANCH_B_v049_FULL_HANDOFF_1944-08-04T24_2026-09-04/02_ORIGINAL_EXTRACTED_TREE/╬ª┬┐├¬╧ä┬½├╣┬╡ΓîÉ╞Æ╧ä├▓Γûæ╬ª├╝Γéº_BRANCH_B_v048_REAUDIT_FULL_RESUME_1944-02-20T24_2026-08-31/99_LEGACY_UNTOUCHED/╬ª┬┐├¬╧ä┬½├╣┬╡ΓîÉ╞Æ╧ä├▓Γûæ╬ª├╝Γéº_1941╬ÿ├╗├»┬╡├¬┬¬╧âΓòûΓòù┬╡├¬Γòù╧Ç├╝├╣_╧â├Ñ├¼╧ä├╢╞Æ╧ä├╢├║_v004_2026-08-18/01_╧ä├àΓò¢╬ª├¡├«┬╡┬í├║┬╡┬ú┬╝/AUTHORITATIVE_MANIFEST_v002.md
1264	╬ª┬┐├¬╧ä┬½├╣┬╡ΓîÉ╞Æ╧ä├▓Γûæ╬ª├╝Γéº_BRANCH_B_v049_FULL_HANDOFF_1944-08-04T24_2026-09-04/02_ORIGINAL_EXTRACTED_TREE/╬ª┬┐├¬╧ä┬½├╣┬╡ΓîÉ╞Æ╧ä├▓Γûæ╬ª├╝Γéº_BRANCH_B_v048_REAUDIT_FULL_RESUME_1944-02-20T24_2026-08-31/99_LEGACY_UNTOUCHED/╬ª┬┐├¬╧ä┬½├╣┬╡ΓîÉ╞Æ╧ä├▓Γûæ╬ª├╝Γéº_1941╬ÿ├╗├»┬╡├¬┬¬╧âΓòûΓòù┬╡├¬Γòù╧Ç├╝├╣_╧â├Ñ├¼╧ä├╢╞Æ╧ä├╢├║_v004_2026-08-18/01_╧ä├àΓò¢╬ª├¡├«┬╡┬í├║┬╡┬ú┬╝/AUTHORITATIVE_MANIFEST_v003.json
552	╬ª┬┐├¬╧ä┬½├╣┬╡ΓîÉ╞Æ╧ä├▓Γûæ╬ª├╝Γéº_BRANCH_B_v049_FULL_HANDOFF_1944-08-04T24_2026-09-04/02_ORIGINAL_EXTRACTED_TREE/╬ª┬┐├¬╧ä┬½├╣┬╡ΓîÉ╞Æ╧ä├▓Γûæ╬ª├╝Γéº_BRANCH_B_v048_REAUDIT_FULL_RESUME_1944-02-20T24_2026-08-31/99_LEGACY_UNTOUCHED/╬ª┬┐├¬╧ä┬½├╣┬╡ΓîÉ╞Æ╧ä├▓Γûæ╬ª├╝Γéº_1941╬ÿ├╗├»┬╡├¬┬¬╧âΓòûΓòù┬╡├¬Γòù╧Ç├╝├╣_╧â├Ñ├¼╧ä├╢╞Æ╧ä├╢├║_v004_2026-08-18/01_╧ä├àΓò¢╬ª├¡├«┬╡┬í├║┬╡┬ú┬╝/AUTHORITATIVE_MANIFEST_v003.md
733	╬ª┬┐├¬╧ä┬½├╣┬╡ΓîÉ╞Æ╧ä├▓Γûæ╬ª├╝Γéº_BRANCH_B_v049_FULL_HANDOFF_1944-08-04T24_2026-09-04/02_ORIGINAL_EXTRACTED_TREE/╬ª┬┐├¬╧ä┬½├╣┬╡ΓîÉ╞Æ╧ä├▓Γûæ╬ª├╝Γéº_BRANCH_B_v048_REAUDIT_FULL_RESUME_1944-02-20T24_2026-08-31/99_LEGACY_UNTOUCHED/╬ª┬┐├¬╧ä┬½├╣┬╡ΓîÉ╞Æ╧ä├▓Γûæ╬ª├╝Γéº_1941╬ÿ├╗├»┬╡├¬┬¬╧âΓòûΓòù┬╡├¬Γòù╧Ç├╝├╣_╧â├Ñ├¼╧ä├╢╞Æ╧ä├╢├║_v004_2026-08-18/01_╧ä├àΓò¢╬ª├¡├«┬╡┬í├║┬╡┬ú┬╝/AUTHORITATIVE_MANIFEST_v004.json
400	╬ª┬┐├¬╧ä┬½├╣┬╡ΓîÉ╞Æ╧ä├▓Γûæ╬ª├╝Γéº_BRANCH_B_v049_FULL_HANDOFF_1944-08-04T24_2026-09-04/02_ORIGINAL_EXTRACTED_TREE/╬ª┬┐├¬╧ä┬½├╣┬╡ΓîÉ╞Æ╧ä├▓Γûæ╬ª├╝Γéº_BRANCH_B_v048_REAUDIT_FULL_RESUME_1944-02-20T24_2026-08-31/99_LEGACY_UNTOUCHED/╬ª┬┐├¬╧ä┬½├╣┬╡ΓîÉ╞Æ╧ä├▓Γûæ╬ª├╝Γéº_1941╬ÿ├╗├»┬╡├¬┬¬╧âΓòûΓòù┬╡├¬Γòù╧Ç├╝├╣_╧â├Ñ├¼╧ä├╢╞Æ╧ä├╢├║_v004_2026-08-18/01_╧ä├àΓò¢╬ª├¡├«┬╡┬í├║┬╡┬ú┬╝/AUTHORITATIVE_MANIFEST_v004.md
15745	╬ª┬┐├¬╧ä┬½├╣┬╡ΓîÉ╞Æ╧ä├▓Γûæ╬ª├╝Γéº_BRANCH_B_v049_FULL_HANDOFF_1944-08-04T24_2026-09-04/02_ORIGINAL_EXTRACTED_TREE/╬ª┬┐├¬╧ä┬½├╣┬╡ΓîÉ╞Æ╧ä├▓Γûæ╬ª├╝Γéº_BRANCH_B_v048_REAUDIT_FULL_RESUME_1944-02-20T24_2026-08-31/99_LEGACY_UNTOUCHED/╬ª┬┐├¬╧ä┬½├╣┬╡ΓîÉ╞Æ╧ä├▓Γûæ╬ª├╝Γéº_1941╬ÿ├╗├»┬╡├¬┬¬╧âΓòûΓòù┬╡├¬Γòù╧Ç├╝├╣_╧â├Ñ├¼╧ä├╢╞Æ╧ä├╢├║_v004_2026-08-18/01_╧ä├àΓò¢╬ª├¡├«┬╡┬í├║┬╡┬ú┬╝/CONDITIONAL_POLICY_RESET_LEDGER_v001.md
1971	╬ª┬┐├¬╧ä┬½├╣┬╡ΓîÉ╞Æ╧ä├▓Γûæ╬ª├╝Γéº_BRANCH_B_v049_FULL_HANDOFF_1944-08-04T24_2026-09-04/02_ORIGINAL_EXTRACTED_TREE/╬ª┬┐├¬╧ä┬½├╣┬╡ΓîÉ╞Æ╧ä├▓Γûæ╬ª├╝Γéº_BRANCH_B_v048_REAUDIT_FULL_RESUME_1944-02-20T24_2026-08-31/99_LEGACY_UNTOUCHED/╬ª┬┐├¬╧ä┬½├╣┬╡ΓîÉ╞Æ╧ä├▓Γûæ╬ª├╝Γéº_1941╬ÿ├╗├»┬╡├¬┬¬╧âΓòûΓòù┬╡├¬Γòù╧Ç├╝├╣_╧â├Ñ├¼╧ä├╢╞Æ╧ä├╢├║_v004_2026-08-18/01_╧ä├àΓò¢╬ª├¡├«┬╡┬í├║┬╡┬ú┬╝/FLEET_ROSTER_SOURCE_AUDIT_v001.md
6078	╬ª┬┐├¬╧ä┬½├╣┬╡ΓîÉ╞Æ╧ä├▓Γûæ╬ª├╝Γéº_BRANCH_B_v049_FULL_HANDOFF_1944-08-04T24_2026-09-04/02_ORIGINAL_EXTRACTED_TREE/╬ª┬┐├¬╧ä┬½├╣┬╡ΓîÉ╞Æ╧ä├▓Γûæ╬ª├╝Γéº_BRANCH_B_v048_REAUDIT_FULL_RESUME_1944-02-20T24_2026-08-31/99_LEGACY_UNTOUCHED/╬ª┬┐├¬╧ä┬½├╣┬╡ΓîÉ╞Æ╧ä├▓Γûæ╬ª├╝Γéº_1941╬ÿ├╗├»┬╡├¬┬¬╧âΓòûΓòù┬╡├¬Γòù╧Ç├╝├╣_╧â├Ñ├¼╧ä├╢╞Æ╧ä├╢├║_v004_2026-08-18/01_╧ä├àΓò¢╬ª├¡├«┬╡┬í├║┬╡┬ú┬╝/LATER_SWITCH_PROVENANCE_AND_RELEASE_v007.md
743	╬ª┬┐├¬╧ä┬½├╣┬╡ΓîÉ╞Æ╧ä├▓Γûæ╬ª├╝Γéº_BRANCH_B_v049_FULL_HANDOFF_1944-08-04T24_2026-09-04/02_ORIGINAL_EXTRACTED_TREE/╬ª┬┐├¬╧ä┬½├╣┬╡ΓîÉ╞Æ╧ä├▓Γûæ╬ª├╝Γéº_BRANCH_B_v048_REAUDIT_FULL_RESUME_1944-02-20T24_2026-08-31/99_LEGACY_UNTOUCHED/╬ª┬┐├¬╧ä┬½├╣┬╡ΓîÉ╞Æ╧ä├▓Γûæ╬ª├╝Γéº_1941╬ÿ├╗├»┬╡├¬┬¬╧âΓòûΓòù┬╡├¬Γòù╧Ç├╝├╣_╧â├Ñ├¼╧ä├╢╞Æ╧ä├╢├║_v004_2026-08-18/01_╧ä├àΓò¢╬ª├¡├«┬╡┬í├║┬╡┬ú┬╝/LOSS_REPLACEMENT_PIPELINE_RULES_v001.json
1316	╬ª┬┐├¬╧ä┬½├╣┬╡ΓîÉ╞Æ╧ä├▓Γûæ╬ª├╝Γéº_BRANCH_B_v049_FULL_HANDOFF_1944-08-04T24_2026-09-04/02_ORIGINAL_EXTRACTED_TREE/╬ª┬┐├¬╧ä┬½├╣┬╡ΓîÉ╞Æ╧ä├▓Γûæ╬ª├╝Γéº_BRANCH_B_v048_REAUDIT_FULL_RESUME_1944-02-20T24_2026-08-31/99_LEGACY_UNTOUCHED/╬ª┬┐├¬╧ä┬½├╣┬╡ΓîÉ╞Æ╧ä├▓Γûæ╬ª├╝Γéº_1941╬ÿ├╗├»┬╡├¬┬¬╧âΓòûΓòù┬╡├¬Γòù╧Ç├╝├╣_╧â├Ñ├¼╧ä├╢╞Æ╧ä├╢├║_v004_2026-08-18/01_╧ä├àΓò¢╬ª├¡├«┬╡┬í├║┬╡┬ú┬╝/LOSS_REPLACEMENT_PIPELINE_RULES_v001.md
4295	╬ª┬┐├¬╧ä┬½├╣┬╡ΓîÉ╞Æ╧ä├▓Γûæ╬ª├╝Γéº_BRANCH_B_v049_FULL_HANDOFF_1944-08-04T24_2026-09-04/02_ORIGINAL_EXTRACTED_TREE/╬ª┬┐├¬╧ä┬½├╣┬╡ΓîÉ╞Æ╧ä├▓Γûæ╬ª├╝Γéº_BRANCH_B_v048_REAUDIT_FULL_RESUME_1944-02-20T24_2026-08-31/99_LEGACY_UNTOUCHED/╬ª┬┐├¬╧ä┬½├╣┬╡ΓîÉ╞Æ╧ä├▓Γûæ╬ª├╝Γéº_1941╬ÿ├╗├»┬╡├¬┬¬╧âΓòûΓòù┬╡├¬Γòù╧Ç├╝├╣_╧â├Ñ├¼╧ä├╢╞Æ╧ä├╢├║_v004_2026-08-18/01_╧ä├àΓò¢╬ª├¡├«┬╡┬í├║┬╡┬ú┬╝/MALAYA_DEC8_LOWER_BOUND_CONSTRAINTS_v001.md
5279	╬ª┬┐├¬╧ä┬½├╣┬╡ΓîÉ╞Æ╧ä├▓Γûæ╬ª├╝Γéº_BRANCH_B_v049_FULL_HANDOFF_1944-08-04T24_2026-09-04/02_ORIGINAL_EXTRACTED_TREE/╬ª┬┐├¬╧ä┬½├╣┬╡ΓîÉ╞Æ╧ä├▓Γûæ╬ª├╝Γéº_BRANCH_B_v048_REAUDIT_FULL_RESUME_1944-02-20T24_2026-08-31/99_LEGACY_UNTOUCHED/╬ª┬┐├¬╧ä┬½├╣┬╡ΓîÉ╞Æ╧ä├▓Γûæ╬ª├╝Γéº_1941╬ÿ├╗├»┬╡├¬┬¬╧âΓòûΓòù┬╡├¬Γòù╧Ç├╝├╣_╧â├Ñ├¼╧ä├╢╞Æ╧ä├╢├║_v004_2026-08-18/01_╧ä├àΓò¢╬ª├¡├«┬╡┬í├║┬╡┬ú┬╝/MALAYA_EVE_STATE_DERIVATION_v001.md
6986	╬ª┬┐├¬╧ä┬½├╣┬╡ΓîÉ╞Æ╧ä├▓Γûæ╬ª├╝Γéº_BRANCH_B_v049_FULL_HANDOFF_1944-08-04T24_2026-09-04/02_ORIGINAL_EXTRACTED_TREE/╬ª┬┐├¬╧ä┬½├╣┬╡ΓîÉ╞Æ╧ä├▓Γûæ╬ª├╝Γéº_BRANCH_B_v048_REAUDIT_FULL_RESUME_1944-02-20T24_2026-08-31/99_LEGACY_UNTOUCHED/╬ª┬┐├¬╧ä┬½├╣┬╡ΓîÉ╞Æ╧ä├▓Γûæ╬ª├╝Γéº_1941╬ÿ├╗├»┬╡├¬┬¬╧âΓòûΓòù┬╡├¬Γòù╧Ç├╝├╣_╧â├Ñ├¼╧ä├╢╞Æ╧ä├╢├║_v004_2026-08-18/01_╧ä├àΓò¢╬ª├¡├«┬╡┬í├║┬╡┬ú┬╝/MALAYA_OPENING_OOB_BASELINE_v001.md
3961	╬ª┬┐├¬╧ä┬½├╣┬╡ΓîÉ╞Æ╧ä├▓Γûæ╬ª├╝Γéº_BRANCH_B_v049_FULL_HANDOFF_1944-08-04T24_2026-09-04/02_ORIGINAL_EXTRACTED_TREE/╬ª┬┐├¬╧ä┬½├╣┬╡ΓîÉ╞Æ╧ä├▓Γûæ╬ª├╝Γéº_BRANCH_B_v048_REAUDIT_FULL_RESUME_1944-02-20T24_2026-08-31/99_LEGACY_UNTOUCHED/╬ª┬┐├¬╧ä┬½├╣┬╡ΓîÉ╞Æ╧ä├▓Γûæ╬ª├╝Γéº_1941╬ÿ├╗├»┬╡├¬┬¬╧âΓòûΓòù┬╡├¬Γòù╧Ç├╝├╣_╧â├Ñ├¼╧ä├╢╞Æ╧ä├╢├║_v004_2026-08-18/01_╧ä├àΓò¢╬ª├¡├«┬╡┬í├║┬╡┬ú┬╝/MALAYA_PHASE0_OPENING_PACKET_v003.json
9871	╬ª┬┐├¬╧ä┬½├╣┬╡ΓîÉ╞Æ╧ä├▓Γûæ╬ª├╝Γéº_BRANCH_B_v049_FULL_HANDOFF_1944-08-04T24_2026-09-04/02_ORIGINAL_EXTRACTED_TREE/╬ª┬┐├¬╧ä┬½├╣┬╡ΓîÉ╞Æ╧ä├▓Γûæ╬ª├╝Γéº_BRANCH_B_v048_REAUDIT_FULL_RESUME_1944-02-20T24_2026-08-31/99_LEGACY_UNTOUCHED/╬ª┬┐├¬╧ä┬½├╣┬╡ΓîÉ╞Æ╧ä├▓Γûæ╬ª├╝Γéº_1941╬ÿ├╗├»┬╡├¬┬¬╧âΓòûΓòù┬╡├¬Γòù╧Ç├╝├╣_╧â├Ñ├¼╧ä├╢╞Æ╧ä├╢├║_v004_2026-08-18/01_╧ä├àΓò¢╬ª├¡├«┬╡┬í├║┬╡┬ú┬╝/MALAYA_PHASE1_1941-12-08_15_STATE_TRANSITION_v001.md
3248	╬ª┬┐├¬╧ä┬½├╣┬╡ΓîÉ╞Æ╧ä├▓Γûæ╬ª├╝Γéº_BRANCH_B_v049_FULL_HANDOFF_1944-08-04T24_2026-09-04/02_ORIGINAL_EXTRACTED_TREE/╬ª┬┐├¬╧ä┬½├╣┬╡ΓîÉ╞Æ╧ä├▓Γûæ╬ª├╝Γéº_BRANCH_B_v048_REAUDIT_FULL_RESUME_1944-02-20T24_2026-08-31/99_LEGACY_UNTOUCHED/╬ª┬┐├¬╧ä┬½├╣┬╡ΓîÉ╞Æ╧ä├▓Γûæ╬ª├╝Γéº_1941╬ÿ├╗├»┬╡├¬┬¬╧âΓòûΓòù┬╡├¬Γòù╧Ç├╝├╣_╧â├Ñ├¼╧ä├╢╞Æ╧ä├╢├║_v004_2026-08-18/01_╧ä├àΓò¢╬ª├¡├«┬╡┬í├║┬╡┬ú┬╝/MARITIME_OPENING_SWITCH_REAUDIT_v001.md
12100	╬ª┬┐├¬╧ä┬½├╣┬╡ΓîÉ╞Æ╧ä├▓Γûæ╬ª├╝Γéº_BRANCH_B_v049_FULL_HANDOFF_1944-08-04T24_2026-09-04/02_ORIGINAL_EXTRACTED_TREE/╬ª┬┐├¬╧ä┬½├╣┬╡ΓîÉ╞Æ╧ä├▓Γûæ╬ª├╝Γéº_BRANCH_B_v048_REAUDIT_FULL_RESUME_1944-02-20T24_2026-08-31/99_LEGACY_UNTOUCHED/╬ª┬┐├¬╧ä┬½├╣┬╡ΓîÉ╞Æ╧ä├▓Γûæ╬ª├╝Γéº_1941╬ÿ├╗├»┬╡├¬┬¬╧âΓòûΓòù┬╡├¬Γòù╧Ç├╝├╣_╧â├Ñ├¼╧ä├╢╞Æ╧ä├╢├║_v004_2026-08-18/01_╧ä├àΓò¢╬ª├¡├«┬╡┬í├║┬╡┬ú┬╝/MASTER_SWITCH_AUDIT_v010.csv
10081	╬ª┬┐├¬╧ä┬½├╣┬╡ΓîÉ╞Æ╧ä├▓Γûæ╬ª├╝Γéº_BRANCH_B_v049_FULL_HANDOFF_1944-08-04T24_2026-09-04/02_ORIGINAL_EXTRACTED_TREE/╬ª┬┐├¬╧ä┬½├╣┬╡ΓîÉ╞Æ╧ä├▓Γûæ╬ª├╝Γéº_BRANCH_B_v048_REAUDIT_FULL_RESUME_1944-02-20T24_2026-08-31/99_LEGACY_UNTOUCHED/╬ª┬┐├¬╧ä┬½├╣┬╡ΓîÉ╞Æ╧ä├▓Γûæ╬ª├╝Γéº_1941╬ÿ├╗├»┬╡├¬┬¬╧âΓòûΓòù┬╡├¬Γòù╧Ç├╝├╣_╧â├Ñ├¼╧ä├╢╞Æ╧ä├╢├║_v004_2026-08-18/01_╧ä├àΓò¢╬ª├¡├«┬╡┬í├║┬╡┬ú┬╝/MASTER_SWITCH_AUDIT_v010.md
1397	╬ª┬┐├¬╧ä┬½├╣┬╡ΓîÉ╞Æ╧ä├▓Γûæ╬ª├╝Γéº_BRANCH_B_v049_FULL_HANDOFF_1944-08-04T24_2026-09-04/02_ORIGINAL_EXTRACTED_TREE/╬ª┬┐├¬╧ä┬½├╣┬╡ΓîÉ╞Æ╧ä├▓Γûæ╬ª├╝Γéº_BRANCH_B_v048_REAUDIT_FULL_RESUME_1944-02-20T24_2026-08-31/99_LEGACY_UNTOUCHED/╬ª┬┐├¬╧ä┬½├╣┬╡ΓîÉ╞Æ╧ä├▓Γûæ╬ª├╝Γéº_1941╬ÿ├╗├»┬╡├¬┬¬╧âΓòûΓòù┬╡├¬Γòù╧Ç├╝├╣_╧â├Ñ├¼╧ä├╢╞Æ╧ä├╢├║_v004_2026-08-18/01_╧ä├àΓò¢╬ª├¡├«┬╡┬í├║┬╡┬ú┬╝/OPENING_DAY_RUN_v001.md
1966	╬ª┬┐├¬╧ä┬½├╣┬╡ΓîÉ╞Æ╧ä├▓Γûæ╬ª├╝Γéº_BRANCH_B_v049_FULL_HANDOFF_1944-08-04T24_2026-09-04/02_ORIGINAL_EXTRACTED_TREE/╬ª┬┐├¬╧ä┬½├╣┬╡ΓîÉ╞Æ╧ä├▓Γûæ╬ª├╝Γéº_BRANCH_B_v048_REAUDIT_FULL_RESUME_1944-02-20T24_2026-08-31/99_LEGACY_UNTOUCHED/╬ª┬┐├¬╧ä┬½├╣┬╡ΓîÉ╞Æ╧ä├▓Γûæ╬ª├╝Γéº_1941╬ÿ├╗├»┬╡├¬┬¬╧âΓòûΓòù┬╡├¬Γòù╧Ç├╝├╣_╧â├Ñ├¼╧ä├╢╞Æ╧ä├╢├║_v004_2026-08-18/01_╧ä├àΓò¢╬ª├¡├«┬╡┬í├║┬╡┬ú┬╝/OPENING_DIVERGENCE_LEDGER_1941-12-07_08_v001.md
4164	╬ª┬┐├¬╧ä┬½├╣┬╡ΓîÉ╞Æ╧ä├▓Γûæ╬ª├╝Γéº_BRANCH_B_v049_FULL_HANDOFF_1944-08-04T24_2026-09-04/02_ORIGINAL_EXTRACTED_TREE/╬ª┬┐├¬╧ä┬½├╣┬╡ΓîÉ╞Æ╧ä├▓Γûæ╬ª├╝Γéº_BRANCH_B_v048_REAUDIT_FULL_RESUME_1944-02-20T24_2026-08-31/99_LEGACY_UNTOUCHED/╬ª┬┐├¬╧ä┬½├╣┬╡ΓîÉ╞Æ╧ä├▓Γûæ╬ª├╝Γéº_1941╬ÿ├╗├»┬╡├¬┬¬╧âΓòûΓòù┬╡├¬Γòù╧Ç├╝├╣_╧â├Ñ├¼╧ä├╢╞Æ╧ä├╢├║_v004_2026-08-18/01_╧ä├àΓò¢╬ª├¡├«┬╡┬í├║┬╡┬ú┬╝/OPENING_RERUN_PACKET_1941_v006.md
1941	╬ª┬┐├¬╧ä┬½├╣┬╡ΓîÉ╞Æ╧ä├▓Γûæ╬ª├╝Γéº_BRANCH_B_v049_FULL_HANDOFF_1944-08-04T24_2026-09-04/02_ORIGINAL_EXTRACTED_TREE/╬ª┬┐├¬╧ä┬½├╣┬╡ΓîÉ╞Æ╧ä├▓Γûæ╬ª├╝Γéº_BRANCH_B_v048_REAUDIT_FULL_RESUME_1944-02-20T24_2026-08-31/99_LEGACY_UNTOUCHED/╬ª┬┐├¬╧ä┬½├╣┬╡ΓîÉ╞Æ╧ä├▓Γûæ╬ª├╝Γéº_1941╬ÿ├╗├»┬╡├¬┬¬╧âΓòûΓòù┬╡├¬Γòù╧Ç├╝├╣_╧â├Ñ├¼╧ä├╢╞Æ╧ä├╢├║_v004_2026-08-18/01_╧ä├àΓò¢╬ª├¡├«┬╡┬í├║┬╡┬ú┬╝/PEARL_1941-12-07_RUN_v001.md
5637	╬ª┬┐├¬╧ä┬½├╣┬╡ΓîÉ╞Æ╧ä├▓Γûæ╬ª├╝Γéº_BRANCH_B_v049_FULL_HANDOFF_1944-08-04T24_2026-09-04/02_ORIGINAL_EXTRACTED_TREE/╬ª┬┐├¬╧ä┬½├╣┬╡ΓîÉ╞Æ╧ä├▓Γûæ╬ª├╝Γéº_BRANCH_B_v048_REAUDIT_FULL_RESUME_1944-02-20T24_2026-08-31/99_LEGACY_UNTOUCHED/╬ª┬┐├¬╧ä┬½├╣┬╡ΓîÉ╞Æ╧ä├▓Γûæ╬ª├╝Γéº_1941╬ÿ├╗├»┬╡├¬┬¬╧âΓòûΓòù┬╡├¬Γòù╧Ç├╝├╣_╧â├Ñ├¼╧ä├╢╞Æ╧ä├╢├║_v004_2026-08-18/01_╧ä├àΓò¢╬ª├¡├«┬╡┬í├║┬╡┬ú┬╝/PEARL_STATE_TRANSITION_v001.md
813	╬ª┬┐├¬╧ä┬½├╣┬╡ΓîÉ╞Æ╧ä├▓Γûæ╬ª├╝Γéº_BRANCH_B_v049_FULL_HANDOFF_1944-08-04T24_2026-09-04/02_ORIGINAL_EXTRACTED_TREE/╬ª┬┐├¬╧ä┬½├╣┬╡ΓîÉ╞Æ╧ä├▓Γûæ╬ª├╝Γéº_BRANCH_B_v048_REAUDIT_FULL_RESUME_1944-02-20T24_2026-08-31/99_LEGACY_UNTOUCHED/╬ª┬┐├¬╧ä┬½├╣┬╡ΓîÉ╞Æ╧ä├▓Γûæ╬ª├╝Γéº_1941╬ÿ├╗├»┬╡├¬┬¬╧âΓòûΓòù┬╡├¬Γòù╧Ç├╝├╣_╧â├Ñ├¼╧ä├╢╞Æ╧ä├╢├║_v004_2026-08-18/01_╧ä├àΓò¢╬ª├¡├«┬╡┬í├║┬╡┬ú┬╝/PEARL_STATE_TRANSITION_v002.md
1741	╬ª┬┐├¬╧ä┬½├╣┬╡ΓîÉ╞Æ╧ä├▓Γûæ╬ª├╝Γéº_BRANCH_B_v049_FULL_HANDOFF_1944-08-04T24_2026-09-04/02_ORIGINAL_EXTRACTED_TREE/╬ª┬┐├¬╧ä┬½├╣┬╡ΓîÉ╞Æ╧ä├▓Γûæ╬ª├╝Γéº_BRANCH_B_v048_REAUDIT_FULL_RESUME_1944-02-20T24_2026-08-31/99_LEGACY_UNTOUCHED/╬ª┬┐├¬╧ä┬½├╣┬╡ΓîÉ╞Æ╧ä├▓Γûæ╬ª├╝Γéº_1941╬ÿ├╗├»┬╡├¬┬¬╧âΓòûΓòù┬╡├¬Γòù╧Ç├╝├╣_╧â├Ñ├¼╧ä├╢╞Æ╧ä├╢├║_v004_2026-08-18/01_╧ä├àΓò¢╬ª├¡├«┬╡┬í├║┬╡┬ú┬╝/PEARL_STATE_TRANSITION_v003.md
908	╬ª┬┐├¬╧ä┬½├╣┬╡ΓîÉ╞Æ╧ä├▓Γûæ╬ª├╝Γéº_BRANCH_B_v049_FULL_HANDOFF_1944-08-04T24_2026-09-04/02_ORIGINAL_EXTRACTED_TREE/╬ª┬┐├¬╧ä┬½├╣┬╡ΓîÉ╞Æ╧ä├▓Γûæ╬ª├╝Γéº_BRANCH_B_v048_REAUDIT_FULL_RESUME_1944-02-20T24_2026-08-31/99_LEGACY_UNTOUCHED/╬ª┬┐├¬╧ä┬½├╣┬╡ΓîÉ╞Æ╧ä├▓Γûæ╬ª├╝Γéº_1941╬ÿ├╗├»┬╡├¬┬¬╧âΓòûΓòù┬╡├¬Γòù╧Ç├╝├╣_╧â├Ñ├¼╧ä├╢╞Æ╧ä├╢├║_v004_2026-08-18/01_╧ä├àΓò¢╬ª├¡├«┬╡┬í├║┬╡┬ú┬╝/PHILIPPINES_OPENING_1941-12-08_v001.md
2283	╬ª┬┐├¬╧ä┬½├╣┬╡ΓîÉ╞Æ╧ä├▓Γûæ╬ª├╝Γéº_BRANCH_B_v049_FULL_HANDOFF_1944-08-04T24_2026-09-04/02_ORIGINAL_EXTRACTED_TREE/╬ª┬┐├¬╧ä┬½├╣┬╡ΓîÉ╞Æ╧ä├▓Γûæ╬ª├╝Γéº_BRANCH_B_v048_REAUDIT_FULL_RESUME_1944-02-20T24_2026-08-31/99_LEGACY_UNTOUCHED/╬ª┬┐├¬╧ä┬½├╣┬╡ΓîÉ╞Æ╧ä├▓Γûæ╬ª├╝Γéº_1941╬ÿ├╗├»┬╡├¬┬¬╧âΓòûΓòù┬╡├¬Γòù╧Ç├╝├╣_╧â├Ñ├¼╧ä├╢╞Æ╧ä├╢├║_v004_2026-08-18/01_╧ä├àΓò¢╬ª├¡├«┬╡┬í├║┬╡┬ú┬╝/PRECOMBAT_DIVERGENCE_ELIGIBILITY_MATRIX_v001.md
6041	╬ª┬┐├¬╧ä┬½├╣┬╡ΓîÉ╞Æ╧ä├▓Γûæ╬ª├╝Γéº_BRANCH_B_v049_FULL_HANDOFF_1944-08-04T24_2026-09-04/02_ORIGINAL_EXTRACTED_TREE/╬ª┬┐├¬╧ä┬½├╣┬╡ΓîÉ╞Æ╧ä├▓Γûæ╬ª├╝Γéº_BRANCH_B_v048_REAUDIT_FULL_RESUME_1944-02-20T24_2026-08-31/99_LEGACY_UNTOUCHED/╬ª┬┐├¬╧ä┬½├╣┬╡ΓîÉ╞Æ╧ä├▓Γûæ╬ª├╝Γéº_1941╬ÿ├╗├»┬╡├¬┬¬╧âΓòûΓòù┬╡├¬Γòù╧Ç├╝├╣_╧â├Ñ├¼╧ä├╢╞Æ╧ä├╢├║_v004_2026-08-18/01_╧ä├àΓò¢╬ª├¡├«┬╡┬í├║┬╡┬ú┬╝/PREWAR_SOUTHERN_AIR_CONCENTRATION_1941-11-15_12-07_v001.md
8853	╬ª┬┐├¬╧ä┬½├╣┬╡ΓîÉ╞Æ╧ä├▓Γûæ╬ª├╝Γéº_BRANCH_B_v049_FULL_HANDOFF_1944-08-04T24_2026-09-04/02_ORIGINAL_EXTRACTED_TREE/╬ª┬┐├¬╧ä┬½├╣┬╡ΓîÉ╞Æ╧ä├▓Γûæ╬ª├╝Γéº_BRANCH_B_v048_REAUDIT_FULL_RESUME_1944-02-20T24_2026-08-31/99_LEGACY_UNTOUCHED/╬ª┬┐├¬╧ä┬½├╣┬╡ΓîÉ╞Æ╧ä├▓Γûæ╬ª├╝Γéº_1941╬ÿ├╗├»┬╡├¬┬¬╧âΓòûΓòù┬╡├¬Γòù╧Ç├╝├╣_╧â├Ñ├¼╧ä├╢╞Æ╧ä├╢├║_v004_2026-08-18/01_╧ä├àΓò¢╬ª├¡├«┬╡┬í├║┬╡┬ú┬╝/RERUN_GATE_MATRIX_v005.md
6033	╬ª┬┐├¬╧ä┬½├╣┬╡ΓîÉ╞Æ╧ä├▓Γûæ╬ª├╝Γéº_BRANCH_B_v049_FULL_HANDOFF_1944-08-04T24_2026-09-04/02_ORIGINAL_EXTRACTED_TREE/╬ª┬┐├¬╧ä┬½├╣┬╡ΓîÉ╞Æ╧ä├▓Γûæ╬ª├╝Γéº_BRANCH_B_v048_REAUDIT_FULL_RESUME_1944-02-20T24_2026-08-31/99_LEGACY_UNTOUCHED/╬ª┬┐├¬╧ä┬½├╣┬╡ΓîÉ╞Æ╧ä├▓Γûæ╬ª├╝Γéº_1941╬ÿ├╗├»┬╡├¬┬¬╧âΓòûΓòù┬╡├¬Γòù╧Ç├╝├╣_╧â├Ñ├¼╧ä├╢╞Æ╧ä├╢├║_v004_2026-08-18/01_╧ä├àΓò¢╬ª├¡├«┬╡┬í├║┬╡┬ú┬╝/SUBMARINE_OPENING_OOB_1941-12-08_v001.md
4002	╬ª┬┐├¬╧ä┬½├╣┬╡ΓîÉ╞Æ╧ä├▓Γûæ╬ª├╝Γéº_BRANCH_B_v049_FULL_HANDOFF_1944-08-04T24_2026-09-04/02_ORIGINAL_EXTRACTED_TREE/╬ª┬┐├¬╧ä┬½├╣┬╡ΓîÉ╞Æ╧ä├▓Γûæ╬ª├╝Γéº_BRANCH_B_v048_REAUDIT_FULL_RESUME_1944-02-20T24_2026-08-31/99_LEGACY_UNTOUCHED/╬ª┬┐├¬╧ä┬½├╣┬╡ΓîÉ╞Æ╧ä├▓Γûæ╬ª├╝Γéº_1941╬ÿ├╗├»┬╡├¬┬¬╧âΓòûΓòù┬╡├¬Γòù╧Ç├╝├╣_╧â├Ñ├¼╧ä├╢╞Æ╧ä├╢├║_v004_2026-08-18/01_╧ä├àΓò¢╬ª├¡├«┬╡┬í├║┬╡┬ú┬╝/SURFACE_OPENING_BASELINE_v001.md
3217	╬ª┬┐├¬╧ä┬½├╣┬╡ΓîÉ╞Æ╧ä├▓Γûæ╬ª├╝Γéº_BRANCH_B_v049_FULL_HANDOFF_1944-08-04T24_2026-09-04/02_ORIGINAL_EXTRACTED_TREE/╬ª┬┐├¬╧ä┬½├╣┬╡ΓîÉ╞Æ╧ä├▓Γûæ╬ª├╝Γéº_BRANCH_B_v048_REAUDIT_FULL_RESUME_1944-02-20T24_2026-08-31/99_LEGACY_UNTOUCHED/╬ª┬┐├¬╧ä┬½├╣┬╡ΓîÉ╞Æ╧ä├▓Γûæ╬ª├╝Γéº_1941╬ÿ├╗├»┬╡├¬┬¬╧âΓòûΓòù┬╡├¬Γòù╧Ç├╝├╣_╧â├Ñ├¼╧ä├╢╞Æ╧ä├╢├║_v004_2026-08-18/01_╧ä├àΓò¢╬ª├¡├«┬╡┬í├║┬╡┬ú┬╝/SWITCH_AUDIT_COVERAGE_v001.md
52080	╬ª┬┐├¬╧ä┬½├╣┬╡ΓîÉ╞Æ╧ä├▓Γûæ╬ª├╝Γéº_BRANCH_B_v049_FULL_HANDOFF_1944-08-04T24_2026-09-04/02_ORIGINAL_EXTRACTED_TREE/╬ª┬┐├¬╧ä┬½├╣┬╡ΓîÉ╞Æ╧ä├▓Γûæ╬ª├╝Γéº_BRANCH_B_v048_REAUDIT_FULL_RESUME_1944-02-20T24_2026-08-31/99_LEGACY_UNTOUCHED/╬ª┬┐├¬╧ä┬½├╣┬╡ΓîÉ╞Æ╧ä├▓Γûæ╬ª├╝Γéº_1941╬ÿ├╗├»┬╡├¬┬¬╧âΓòûΓòù┬╡├¬Γòù╧Ç├╝├╣_╧â├Ñ├¼╧ä├╢╞Æ╧ä├╢├║_v004_2026-08-18/01_╧ä├àΓò¢╬ª├¡├«┬╡┬í├║┬╡┬ú┬╝/_later_switch_candidates.txt
2062	╬ª┬┐├¬╧ä┬½├╣┬╡ΓîÉ╞Æ╧ä├▓Γûæ╬ª├╝Γéº_BRANCH_B_v049_FULL_HANDOFF_1944-08-04T24_2026-09-04/02_ORIGINAL_EXTRACTED_TREE/╬ª┬┐├¬╧ä┬½├╣┬╡ΓîÉ╞Æ╧ä├▓Γûæ╬ª├╝Γéº_BRANCH_B_v048_REAUDIT_FULL_RESUME_1944-02-20T24_2026-08-31/99_LEGACY_UNTOUCHED/╬ª┬┐├¬╧ä┬½├╣┬╡ΓîÉ╞Æ╧ä├▓Γûæ╬ª├╝Γéº_1941╬ÿ├╗├»┬╡├¬┬¬╧âΓòûΓòù┬╡├¬Γòù╧Ç├╝├╣_╧â├Ñ├¼╧ä├╢╞Æ╧ä├╢├║_v004_2026-08-18/01_╧ä├àΓò¢╬ª├¡├«┬╡┬í├║┬╡┬ú┬╝/malaya_dec8_lower_bound_constraints_v001.json
5417	╬ª┬┐├¬╧ä┬½├╣┬╡ΓîÉ╞Æ╧ä├▓Γûæ╬ª├╝Γéº_BRANCH_B_v049_FULL_HANDOFF_1944-08-04T24_2026-09-04/02_ORIGINAL_EXTRACTED_TREE/╬ª┬┐├¬╧ä┬½├╣┬╡ΓîÉ╞Æ╧ä├▓Γûæ╬ª├╝Γéº_BRANCH_B_v048_REAUDIT_FULL_RESUME_1944-02-20T24_2026-08-31/99_LEGACY_UNTOUCHED/╬ª┬┐├¬╧ä┬½├╣┬╡ΓîÉ╞Æ╧ä├▓Γûæ╬ª├╝Γéº_1941╬ÿ├╗├»┬╡├¬┬¬╧âΓòûΓòù┬╡├¬Γòù╧Ç├╝├╣_╧â├Ñ├¼╧ä├╢╞Æ╧ä├╢├║_v004_2026-08-18/01_╧ä├àΓò¢╬ª├¡├«┬╡┬í├║┬╡┬ú┬╝/malaya_opening_oob_baseline_v001.json
5271	╬ª┬┐├¬╧ä┬½├╣┬╡ΓîÉ╞Æ╧ä├▓Γûæ╬ª├╝Γéº_BRANCH_B_v049_FULL_HANDOFF_1944-08-04T24_2026-09-04/02_ORIGINAL_EXTRACTED_TREE/╬ª┬┐├¬╧ä┬½├╣┬╡ΓîÉ╞Æ╧ä├▓Γûæ╬ª├╝Γéº_BRANCH_B_v048_REAUDIT_FULL_RESUME_1944-02-20T24_2026-08-31/99_LEGACY_UNTOUCHED/╬ª┬┐├¬╧ä┬½├╣┬╡ΓîÉ╞Æ╧ä├▓Γûæ╬ª├╝Γéº_1941╬ÿ├╗├»┬╡├¬┬¬╧âΓòûΓòù┬╡├¬Γòù╧Ç├╝├╣_╧â├Ñ├¼╧ä├╢╞Æ╧ä├╢├║_v004_2026-08-18/01_╧ä├àΓò¢╬ª├¡├«┬╡┬í├║┬╡┬ú┬╝/malaya_phase1_events_v001.json
1644	╬ª┬┐├¬╧ä┬½├╣┬╡ΓîÉ╞Æ╧ä├▓Γûæ╬ª├╝Γéº_BRANCH_B_v049_FULL_HANDOFF_1944-08-04T24_2026-09-04/02_ORIGINAL_EXTRACTED_TREE/╬ª┬┐├¬╧ä┬½├╣┬╡ΓîÉ╞Æ╧ä├▓Γûæ╬ª├╝Γéº_BRANCH_B_v048_REAUDIT_FULL_RESUME_1944-02-20T24_2026-08-31/99_LEGACY_UNTOUCHED/╬ª┬┐├¬╧ä┬½├╣┬╡ΓîÉ╞Æ╧ä├▓Γûæ╬ª├╝Γéº_1941╬ÿ├╗├»┬╡├¬┬¬╧âΓòûΓòù┬╡├¬Γòù╧Ç├╝├╣_╧â├Ñ├¼╧ä├╢╞Æ╧ä├╢├║_v004_2026-08-18/01_╧ä├àΓò¢╬ª├¡├«┬╡┬í├║┬╡┬ú┬╝/malaya_phase1_state_schema_v001.json
4158	╬ª┬┐├¬╧ä┬½├╣┬╡ΓîÉ╞Æ╧ä├▓Γûæ╬ª├╝Γéº_BRANCH_B_v049_FULL_HANDOFF_1944-08-04T24_2026-09-04/02_ORIGINAL_EXTRACTED_TREE/╬ª┬┐├¬╧ä┬½├╣┬╡ΓîÉ╞Æ╧ä├▓Γûæ╬ª├╝Γéº_BRANCH_B_v048_REAUDIT_FULL_RESUME_1944-02-20T24_2026-08-31/99_LEGACY_UNTOUCHED/╬ª┬┐├¬╧ä┬½├╣┬╡ΓîÉ╞Æ╧ä├▓Γûæ╬ª├╝Γéº_1941╬ÿ├╗├»┬╡├¬┬¬╧âΓòûΓòù┬╡├¬Γòù╧Ç├╝├╣_╧â├Ñ├¼╧ä├╢╞Æ╧ä├╢├║_v004_2026-08-18/01_╧ä├àΓò¢╬ª├¡├«┬╡┬í├║┬╡┬ú┬╝/opening_divergence_ledger_1941-12-07_08_v001.json
2342	╬ª┬┐├¬╧ä┬½├╣┬╡ΓîÉ╞Æ╧ä├▓Γûæ╬ª├╝Γéº_BRANCH_B_v049_FULL_HANDOFF_1944-08-04T24_2026-09-04/02_ORIGINAL_EXTRACTED_TREE/╬ª┬┐├¬╧ä┬½├╣┬╡ΓîÉ╞Æ╧ä├▓Γûæ╬ª├╝Γéº_BRANCH_B_v048_REAUDIT_FULL_RESUME_1944-02-20T24_2026-08-31/99_LEGACY_UNTOUCHED/╬ª┬┐├¬╧ä┬½├╣┬╡ΓîÉ╞Æ╧ä├▓Γûæ╬ª├╝Γéº_1941╬ÿ├╗├»┬╡├¬┬¬╧âΓòûΓòù┬╡├¬Γòù╧Ç├╝├╣_╧â├Ñ├¼╧ä├╢╞Æ╧ä├╢├║_v004_2026-08-18/01_╧ä├àΓò¢╬ª├¡├«┬╡┬í├║┬╡┬ú┬╝/opening_execution_state_v001.json
6338	╬ª┬┐├¬╧ä┬½├╣┬╡ΓîÉ╞Æ╧ä├▓Γûæ╬ª├╝Γéº_BRANCH_B_v049_FULL_HANDOFF_1944-08-04T24_2026-09-04/02_ORIGINAL_EXTRACTED_TREE/╬ª┬┐├¬╧ä┬½├╣┬╡ΓîÉ╞Æ╧ä├▓Γûæ╬ª├╝Γéº_BRANCH_B_v048_REAUDIT_FULL_RESUME_1944-02-20T24_2026-08-31/99_LEGACY_UNTOUCHED/╬ª┬┐├¬╧ä┬½├╣┬╡ΓîÉ╞Æ╧ä├▓Γûæ╬ª├╝Γéº_1941╬ÿ├╗├»┬╡├¬┬¬╧âΓòûΓòù┬╡├¬Γòù╧Ç├╝├╣_╧â├Ñ├¼╧ä├╢╞Æ╧ä├╢├║_v004_2026-08-18/01_╧ä├àΓò¢╬ª├¡├«┬╡┬í├║┬╡┬ú┬╝/opening_state_1941-12-07_v006.json
4671	╬ª┬┐├¬╧ä┬½├╣┬╡ΓîÉ╞Æ╧ä├▓Γûæ╬ª├╝Γéº_BRANCH_B_v049_FULL_HANDOFF_1944-08-04T24_2026-09-04/02_ORIGINAL_EXTRACTED_TREE/╬ª┬┐├¬╧ä┬½├╣┬╡ΓîÉ╞Æ╧ä├▓Γûæ╬ª├╝Γéº_BRANCH_B_v048_REAUDIT_FULL_RESUME_1944-02-20T24_2026-08-31/99_LEGACY_UNTOUCHED/╬ª┬┐├¬╧ä┬½├╣┬╡ΓîÉ╞Æ╧ä├▓Γûæ╬ª├╝Γéº_1941╬ÿ├╗├»┬╡├¬┬¬╧âΓòûΓòù┬╡├¬Γòù╧Ç├╝├╣_╧â├Ñ├¼╧ä├╢╞Æ╧ä├╢├║_v004_2026-08-18/01_╧ä├àΓò¢╬ª├¡├«┬╡┬í├║┬╡┬ú┬╝/opening_state_validator_v003.py
2039	╬ª┬┐├¬╧ä┬½├╣┬╡ΓîÉ╞Æ╧ä├▓Γûæ╬ª├╝Γéº_BRANCH_B_v049_FULL_HANDOFF_1944-08-04T24_2026-09-04/02_ORIGINAL_EXTRACTED_TREE/╬ª┬┐├¬╧ä┬½├╣┬╡ΓîÉ╞Æ╧ä├▓Γûæ╬ª├╝Γéº_BRANCH_B_v048_REAUDIT_FULL_RESUME_1944-02-20T24_2026-08-31/99_LEGACY_UNTOUCHED/╬ª┬┐├¬╧ä┬½├╣┬╡ΓîÉ╞Æ╧ä├▓Γûæ╬ª├╝Γéº_1941╬ÿ├╗├»┬╡├¬┬¬╧âΓòûΓòù┬╡├¬Γòù╧Ç├╝├╣_╧â├Ñ├¼╧ä├╢╞Æ╧ä├╢├║_v004_2026-08-18/01_╧ä├àΓò¢╬ª├¡├«┬╡┬í├║┬╡┬ú┬╝/opening_sync_state_1941-12-07_08_v001.json
1106	╬ª┬┐├¬╧ä┬½├╣┬╡ΓîÉ╞Æ╧ä├▓Γûæ╬ª├╝Γéº_BRANCH_B_v049_FULL_HANDOFF_1944-08-04T24_2026-09-04/02_ORIGINAL_EXTRACTED_TREE/╬ª┬┐├¬╧ä┬½├╣┬╡ΓîÉ╞Æ╧ä├▓Γûæ╬ª├╝Γéº_BRANCH_B_v048_REAUDIT_FULL_RESUME_1944-02-20T24_2026-08-31/99_LEGACY_UNTOUCHED/╬ª┬┐├¬╧ä┬½├╣┬╡ΓîÉ╞Æ╧ä├▓Γûæ╬ª├╝Γéº_1941╬ÿ├╗├»┬╡├¬┬¬╧âΓòûΓòù┬╡├¬Γòù╧Ç├╝├╣_╧â├Ñ├¼╧ä├╢╞Æ╧ä├╢├║_v004_2026-08-18/01_╧ä├àΓò¢╬ª├¡├«┬╡┬í├║┬╡┬ú┬╝/opening_technical_clock_guard_v001.json
1780	╬ª┬┐├¬╧ä┬½├╣┬╡ΓîÉ╞Æ╧ä├▓Γûæ╬ª├╝Γéº_BRANCH_B_v049_FULL_HANDOFF_1944-08-04T24_2026-09-04/02_ORIGINAL_EXTRACTED_TREE/╬ª┬┐├¬╧ä┬½├╣┬╡ΓîÉ╞Æ╧ä├▓Γûæ╬ª├╝Γéº_BRANCH_B_v048_REAUDIT_FULL_RESUME_1944-02-20T24_2026-08-31/99_LEGACY_UNTOUCHED/╬ª┬┐├¬╧ä┬½├╣┬╡ΓîÉ╞Æ╧ä├▓Γûæ╬ª├╝Γéº_1941╬ÿ├╗├»┬╡├¬┬¬╧âΓòûΓòù┬╡├¬Γòù╧Ç├╝├╣_╧â├Ñ├¼╧ä├╢╞Æ╧ä├╢├║_v004_2026-08-18/01_╧ä├àΓò¢╬ª├¡├«┬╡┬í├║┬╡┬ú┬╝/pearl_state_transition_v001.json
1790	╬ª┬┐├¬╧ä┬½├╣┬╡ΓîÉ╞Æ╧ä├▓Γûæ╬ª├╝Γéº_BRANCH_B_v049_FULL_HANDOFF_1944-08-04T24_2026-09-04/02_ORIGINAL_EXTRACTED_TREE/╬ª┬┐├¬╧ä┬½├╣┬╡ΓîÉ╞Æ╧ä├▓Γûæ╬ª├╝Γéº_BRANCH_B_v048_REAUDIT_FULL_RESUME_1944-02-20T24_2026-08-31/99_LEGACY_UNTOUCHED/╬ª┬┐├¬╧ä┬½├╣┬╡ΓîÉ╞Æ╧ä├▓Γûæ╬ª├╝Γéº_1941╬ÿ├╗├»┬╡├¬┬¬╧âΓòûΓòù┬╡├¬Γòù╧Ç├╝├╣_╧â├Ñ├¼╧ä├╢╞Æ╧ä├╢├║_v004_2026-08-18/01_╧ä├àΓò¢╬ª├¡├«┬╡┬í├║┬╡┬ú┬╝/pearl_state_transition_v002.json
2643	╬ª┬┐├¬╧ä┬½├╣┬╡ΓîÉ╞Æ╧ä├▓Γûæ╬ª├╝Γéº_BRANCH_B_v049_FULL_HANDOFF_1944-08-04T24_2026-09-04/02_ORIGINAL_EXTRACTED_TREE/╬ª┬┐├¬╧ä┬½├╣┬╡ΓîÉ╞Æ╧ä├▓Γûæ╬ª├╝Γéº_BRANCH_B_v048_REAUDIT_FULL_RESUME_1944-02-20T24_2026-08-31/99_LEGACY_UNTOUCHED/╬ª┬┐├¬╧ä┬½├╣┬╡ΓîÉ╞Æ╧ä├▓Γûæ╬ª├╝Γéº_1941╬ÿ├╗├»┬╡├¬┬¬╧âΓòûΓòù┬╡├¬Γòù╧Ç├╝├╣_╧â├Ñ├¼╧ä├╢╞Æ╧ä├╢├║_v004_2026-08-18/01_╧ä├àΓò¢╬ª├¡├«┬╡┬í├║┬╡┬ú┬╝/pearl_state_transition_v003.json
2536	╬ª┬┐├¬╧ä┬½├╣┬╡ΓîÉ╞Æ╧ä├▓Γûæ╬ª├╝Γéº_BRANCH_B_v049_FULL_HANDOFF_1944-08-04T24_2026-09-04/02_ORIGINAL_EXTRACTED_TREE/╬ª┬┐├¬╧ä┬½├╣┬╡ΓîÉ╞Æ╧ä├▓Γûæ╬ª├╝Γéº_BRANCH_B_v048_REAUDIT_FULL_RESUME_1944-02-20T24_2026-08-31/99_LEGACY_UNTOUCHED/╬ª┬┐├¬╧ä┬½├╣┬╡ΓîÉ╞Æ╧ä├▓Γûæ╬ª├╝Γéº_1941╬ÿ├╗├»┬╡├¬┬¬╧âΓòûΓòù┬╡├¬Γòù╧Ç├╝├╣_╧â├Ñ├¼╧ä├╢╞Æ╧ä├╢├║_v004_2026-08-18/01_╧ä├àΓò¢╬ª├¡├«┬╡┬í├║┬╡┬ú┬╝/philippines_opening_events_v001.json
1336	╬ª┬┐├¬╧ä┬½├╣┬╡ΓîÉ╞Æ╧ä├▓Γûæ╬ª├╝Γéº_BRANCH_B_v049_FULL_HANDOFF_1944-08-04T24_2026-09-04/02_ORIGINAL_EXTRACTED_TREE/╬ª┬┐├¬╧ä┬½├╣┬╡ΓîÉ╞Æ╧ä├▓Γûæ╬ª├╝Γéº_BRANCH_B_v048_REAUDIT_FULL_RESUME_1944-02-20T24_2026-08-31/99_LEGACY_UNTOUCHED/╬ª┬┐├¬╧ä┬½├╣┬╡ΓîÉ╞Æ╧ä├▓Γûæ╬ª├╝Γéº_1941╬ÿ├╗├»┬╡├¬┬¬╧âΓòûΓòù┬╡├¬Γòù╧Ç├╝├╣_╧â├Ñ├¼╧ä├╢╞Æ╧ä├╢├║_v004_2026-08-18/01_╧ä├àΓò¢╬ª├¡├«┬╡┬í├║┬╡┬ú┬╝/precombat_divergence_eligibility_v001.json
1833	╬ª┬┐├¬╧ä┬½├╣┬╡ΓîÉ╞Æ╧ä├▓Γûæ╬ª├╝Γéº_BRANCH_B_v049_FULL_HANDOFF_1944-08-04T24_2026-09-04/02_ORIGINAL_EXTRACTED_TREE/╬ª┬┐├¬╧ä┬½├╣┬╡ΓîÉ╞Æ╧ä├▓Γûæ╬ª├╝Γéº_BRANCH_B_v048_REAUDIT_FULL_RESUME_1944-02-20T24_2026-08-31/99_LEGACY_UNTOUCHED/╬ª┬┐├¬╧ä┬½├╣┬╡ΓîÉ╞Æ╧ä├▓Γûæ╬ª├╝Γéº_1941╬ÿ├╗├»┬╡├¬┬¬╧âΓòûΓòù┬╡├¬Γòù╧Ç├╝├╣_╧â├Ñ├¼╧ä├╢╞Æ╧ä├╢├║_v004_2026-08-18/01_╧ä├àΓò¢╬ª├¡├«┬╡┬í├║┬╡┬ú┬╝/prewar_concentration_accounting_v001.json
2440	╬ª┬┐├¬╧ä┬½├╣┬╡ΓîÉ╞Æ╧ä├▓Γûæ╬ª├╝Γéº_BRANCH_B_v049_FULL_HANDOFF_1944-08-04T24_2026-09-04/02_ORIGINAL_EXTRACTED_TREE/╬ª┬┐├¬╧ä┬½├╣┬╡ΓîÉ╞Æ╧ä├▓Γûæ╬ª├╝Γéº_BRANCH_B_v048_REAUDIT_FULL_RESUME_1944-02-20T24_2026-08-31/99_LEGACY_UNTOUCHED/╬ª┬┐├¬╧ä┬½├╣┬╡ΓîÉ╞Æ╧ä├▓Γûæ╬ª├╝Γéº_1941╬ÿ├╗├»┬╡├¬┬¬╧âΓòûΓòù┬╡├¬Γòù╧Ç├╝├╣_╧â├Ñ├¼╧ä├╢╞Æ╧ä├╢├║_v004_2026-08-18/01_╧ä├àΓò¢╬ª├¡├«┬╡┬í├║┬╡┬ú┬╝/prewar_southern_air_concentration_v001.json
2059	╬ª┬┐├¬╧ä┬½├╣┬╡ΓîÉ╞Æ╧ä├▓Γûæ╬ª├╝Γéº_BRANCH_B_v049_FULL_HANDOFF_1944-08-04T24_2026-09-04/02_ORIGINAL_EXTRACTED_TREE/╬ª┬┐├¬╧ä┬½├╣┬╡ΓîÉ╞Æ╧ä├▓Γûæ╬ª├╝Γéº_BRANCH_B_v048_REAUDIT_FULL_RESUME_1944-02-20T24_2026-08-31/99_LEGACY_UNTOUCHED/╬ª┬┐├¬╧ä┬½├╣┬╡ΓîÉ╞Æ╧ä├▓Γûæ╬ª├╝Γéº_1941╬ÿ├╗├»┬╡├¬┬¬╧âΓòûΓòù┬╡├¬Γòù╧Ç├╝├╣_╧â├Ñ├¼╧ä├╢╞Æ╧ä├╢├║_v004_2026-08-18/01_╧ä├àΓò¢╬ª├¡├«┬╡┬í├║┬╡┬ú┬╝/state_transition_validator_v001.py
3905	╬ª┬┐├¬╧ä┬½├╣┬╡ΓîÉ╞Æ╧ä├▓Γûæ╬ª├╝Γéº_BRANCH_B_v049_FULL_HANDOFF_1944-08-04T24_2026-09-04/02_ORIGINAL_EXTRACTED_TREE/╬ª┬┐├¬╧ä┬½├╣┬╡ΓîÉ╞Æ╧ä├▓Γûæ╬ª├╝Γéº_BRANCH_B_v048_REAUDIT_FULL_RESUME_1944-02-20T24_2026-08-31/99_LEGACY_UNTOUCHED/╬ª┬┐├¬╧ä┬½├╣┬╡ΓîÉ╞Æ╧ä├▓Γûæ╬ª├╝Γéº_1941╬ÿ├╗├»┬╡├¬┬¬╧âΓòûΓòù┬╡├¬Γòù╧Ç├╝├╣_╧â├Ñ├¼╧ä├╢╞Æ╧ä├╢├║_v004_2026-08-18/01_╧ä├àΓò¢╬ª├¡├«┬╡┬í├║┬╡┬ú┬╝/submarine_opening_oob_1941-12-08_v001.json
21592	╬ª┬┐├¬╧ä┬½├╣┬╡ΓîÉ╞Æ╧ä├▓Γûæ╬ª├╝Γéº_BRANCH_B_v049_FULL_HANDOFF_1944-08-04T24_2026-09-04/02_ORIGINAL_EXTRACTED_TREE/╬ª┬┐├¬╧ä┬½├╣┬╡ΓîÉ╞Æ╧ä├▓Γûæ╬ª├╝Γéº_BRANCH_B_v048_REAUDIT_FULL_RESUME_1944-02-20T24_2026-08-31/99_LEGACY_UNTOUCHED/╬ª┬┐├¬╧ä┬½├╣┬╡ΓîÉ╞Æ╧ä├▓Γûæ╬ª├╝Γéº_1941╬ÿ├╗├»┬╡├¬┬¬╧âΓòûΓòù┬╡├¬Γòù╧Ç├╝├╣_╧â├Ñ├¼╧ä├╢╞Æ╧ä├╢├║_v004_2026-08-18/01_╧ä├àΓò¢╬ª├¡├«┬╡┬í├║┬╡┬ú┬╝/switch_registry_v010.json
5706	╬ª┬┐├¬╧ä┬½├╣┬╡ΓîÉ╞Æ╧ä├▓Γûæ╬ª├╝Γéº_BRANCH_B_v049_FULL_HANDOFF_1944-08-04T24_2026-09-04/02_ORIGINAL_EXTRACTED_TREE/╬ª┬┐├¬╧ä┬½├╣┬╡ΓîÉ╞Æ╧ä├▓Γûæ╬ª├╝Γéº_BRANCH_B_v048_REAUDIT_FULL_RESUME_1944-02-20T24_2026-08-31/99_LEGACY_UNTOUCHED/╬ª┬┐├¬╧ä┬½├╣┬╡ΓîÉ╞Æ╧ä├▓Γûæ╬ª├╝Γéº_1941╬ÿ├╗├»┬╡├¬┬¬╧âΓòûΓòù┬╡├¬Γòù╧Ç├╝├╣_╧â├Ñ├¼╧ä├╢╞Æ╧ä├╢├║_v004_2026-08-18/02_┬╡├▒┬ú╬ª┬┐Γò¥/opening_state_validator_v004.py
2432	╬ª┬┐├¬╧ä┬½├╣┬╡ΓîÉ╞Æ╧ä├▓Γûæ╬ª├╝Γéº_BRANCH_B_v049_FULL_HANDOFF_1944-08-04T24_2026-09-04/02_ORIGINAL_EXTRACTED_TREE/╬ª┬┐├¬╧ä┬½├╣┬╡ΓîÉ╞Æ╧ä├▓Γûæ╬ª├╝Γéº_BRANCH_B_v048_REAUDIT_FULL_RESUME_1944-02-20T24_2026-08-31/99_LEGACY_UNTOUCHED/╬ª┬┐├¬╧ä┬½├╣┬╡ΓîÉ╞Æ╧ä├▓Γûæ╬ª├╝Γéº_1941╬ÿ├╗├»┬╡├¬┬¬╧âΓòûΓòù┬╡├¬Γòù╧Ç├╝├╣_╧â├Ñ├¼╧ä├╢╞Æ╧ä├╢├║_v004_2026-08-18/02_┬╡├▒┬ú╬ª┬┐Γò¥/validate_opening_package_v001.py
2909	╬ª┬┐├¬╧ä┬½├╣┬╡ΓîÉ╞Æ╧ä├▓Γûæ╬ª├╝Γéº_BRANCH_B_v049_FULL_HANDOFF_1944-08-04T24_2026-09-04/02_ORIGINAL_EXTRACTED_TREE/╬ª┬┐├¬╧ä┬½├╣┬╡ΓîÉ╞Æ╧ä├▓Γûæ╬ª├╝Γéº_BRANCH_B_v048_REAUDIT_FULL_RESUME_1944-02-20T24_2026-08-31/99_LEGACY_UNTOUCHED/╬ª┬┐├¬╧ä┬½├╣┬╡ΓîÉ╞Æ╧ä├▓Γûæ╬ª├╝Γéº_1941╬ÿ├╗├»┬╡├¬┬¬╧âΓòûΓòù┬╡├¬Γòù╧Ç├╝├╣_╧â├Ñ├¼╧ä├╢╞Æ╧ä├╢├║_v004_2026-08-18/02_┬╡├▒┬ú╬ª┬┐Γò¥/validate_opening_package_v002.py
922	╬ª┬┐├¬╧ä┬½├╣┬╡ΓîÉ╞Æ╧ä├▓Γûæ╬ª├╝Γéº_BRANCH_B_v049_FULL_HANDOFF_1944-08-04T24_2026-09-04/02_ORIGINAL_EXTRACTED_TREE/╬ª┬┐├¬╧ä┬½├╣┬╡ΓîÉ╞Æ╧ä├▓Γûæ╬ª├╝Γéº_BRANCH_B_v048_REAUDIT_FULL_RESUME_1944-02-20T24_2026-08-31/99_LEGACY_UNTOUCHED/╬ª┬┐├¬╧ä┬½├╣┬╡ΓîÉ╞Æ╧ä├▓Γûæ╬ª├╝Γéº_1941╬ÿ├╗├»┬╡├¬┬¬╧âΓòûΓòù┬╡├¬Γòù╧Ç├╝├╣_╧â├Ñ├¼╧ä├╢╞Æ╧ä├╢├║_v004_2026-08-18/03_╧ä┬ó├║┬╡╞ÆΓòù╧Ç├ó├¡╧Ç├ó├│/KNOWN_ISSUE_COMINT_CONTEXT_DROPOUT_2026-08-18_v001.md
1191	╬ª┬┐├¬╧ä┬½├╣┬╡ΓîÉ╞Æ╧ä├▓Γûæ╬ª├╝Γéº_BRANCH_B_v049_FULL_HANDOFF_1944-08-04T24_2026-09-04/02_ORIGINAL_EXTRACTED_TREE/╬ª┬┐├¬╧ä┬½├╣┬╡ΓîÉ╞Æ╧ä├▓Γûæ╬ª├╝Γéº_BRANCH_B_v048_REAUDIT_FULL_RESUME_1944-02-20T24_2026-08-31/99_LEGACY_UNTOUCHED/╬ª┬┐├¬╧ä┬½├╣┬╡ΓîÉ╞Æ╧ä├▓Γûæ╬ª├╝Γéº_1941╬ÿ├╗├»┬╡├¬┬¬╧âΓòûΓòù┬╡├¬Γòù╧Ç├╝├╣_╧â├Ñ├¼╧ä├╢╞Æ╧ä├╢├║_v004_2026-08-18/03_╧ä┬ó├║┬╡╞ÆΓòù╧Ç├ó├¡╧Ç├ó├│/OPENING_READY_AUDIT_v001.md
534	╬ª┬┐├¬╧ä┬½├╣┬╡ΓîÉ╞Æ╧ä├▓Γûæ╬ª├╝Γéº_BRANCH_B_v049_FULL_HANDOFF_1944-08-04T24_2026-09-04/02_ORIGINAL_EXTRACTED_TREE/╬ª┬┐├¬╧ä┬½├╣┬╡ΓîÉ╞Æ╧ä├▓Γûæ╬ª├╝Γéº_BRANCH_B_v048_REAUDIT_FULL_RESUME_1944-02-20T24_2026-08-31/99_LEGACY_UNTOUCHED/╬ª┬┐├¬╧ä┬½├╣┬╡ΓîÉ╞Æ╧ä├▓Γûæ╬ª├╝Γéº_1941╬ÿ├╗├»┬╡├¬┬¬╧âΓòûΓòù┬╡├¬Γòù╧Ç├╝├╣_╧â├Ñ├¼╧ä├╢╞Æ╧ä├╢├║_v004_2026-08-18/03_╧ä┬ó├║┬╡╞ÆΓòù╧Ç├ó├¡╧Ç├ó├│/VALIDATION_RESULT.txt
173	╬ª┬┐├¬╧ä┬½├╣┬╡ΓîÉ╞Æ╧ä├▓Γûæ╬ª├╝Γéº_BRANCH_B_v049_FULL_HANDOFF_1944-08-04T24_2026-09-04/02_ORIGINAL_EXTRACTED_TREE/╬ª┬┐├¬╧ä┬½├╣┬╡ΓîÉ╞Æ╧ä├▓Γûæ╬ª├╝Γéº_BRANCH_B_v048_REAUDIT_FULL_RESUME_1944-02-20T24_2026-08-31/99_LEGACY_UNTOUCHED/╬ª┬┐├¬╧ä┬½├╣┬╡ΓîÉ╞Æ╧ä├▓Γûæ╬ª├╝Γéº_1941╬ÿ├╗├»┬╡├¬┬¬╧âΓòûΓòù┬╡├¬Γòù╧Ç├╝├╣_╧â├Ñ├¼╧ä├╢╞Æ╧ä├╢├║_v004_2026-08-18/03_╧ä┬ó├║┬╡╞ÆΓòù╧Ç├ó├¡╧Ç├ó├│/VALIDATION_RESULT_v002.txt
394	╬ª┬┐├¬╧ä┬½├╣┬╡ΓîÉ╞Æ╧ä├▓Γûæ╬ª├╝Γéº_BRANCH_B_v049_FULL_HANDOFF_1944-08-04T24_2026-09-04/02_ORIGINAL_EXTRACTED_TREE/╬ª┬┐├¬╧ä┬½├╣┬╡ΓîÉ╞Æ╧ä├▓Γûæ╬ª├╝Γéº_BRANCH_B_v048_REAUDIT_FULL_RESUME_1944-02-20T24_2026-08-31/99_LEGACY_UNTOUCHED/╬ª┬┐├¬╧ä┬½├╣┬╡ΓîÉ╞Æ╧ä├▓Γûæ╬ª├╝Γéº_1941╬ÿ├╗├»┬╡├¬┬¬╧âΓòûΓòù┬╡├¬Γòù╧Ç├╝├╣_╧â├Ñ├¼╧ä├╢╞Æ╧ä├╢├║_v004_2026-08-18/03_╧ä┬ó├║┬╡╞ÆΓòù╧Ç├ó├¡╧Ç├ó├│/ZIP_PORTABILITY_AUDIT_v002.md
3070	╬ª┬┐├¬╧ä┬½├╣┬╡ΓîÉ╞Æ╧ä├▓Γûæ╬ª├╝Γéº_BRANCH_B_v049_FULL_HANDOFF_1944-08-04T24_2026-09-04/02_ORIGINAL_EXTRACTED_TREE/╬ª┬┐├¬╧ä┬½├╣┬╡ΓîÉ╞Æ╧ä├▓Γûæ╬ª├╝Γéº_BRANCH_B_v048_REAUDIT_FULL_RESUME_1944-02-20T24_2026-08-31/99_LEGACY_UNTOUCHED/╬ª┬┐├¬╧ä┬½├╣┬╡ΓîÉ╞Æ╧ä├▓Γûæ╬ª├╝Γéº_1941╬ÿ├╗├»┬╡├¬┬¬╧âΓòûΓòù┬╡├¬Γòù╧Ç├╝├╣_╧â├Ñ├¼╧ä├╢╞Æ╧ä├╢├║_v004_2026-08-18/90_╧â┬½├«╧â├á┬┐╬úΓòò├ç╧âΓò¥├à_╧â├ä╞Æ╧â├áΓòò╧Ç├⌐Γòú╧Ç├ó├¿╧Ç├ó├ó╧Ç├ó├╣╧Ç├⌐Γòû╧Ç├ó┬║╧Ç├ó├ó╧Ç├ó├¬/╬ª┬┐├¬╧ä┬½├╣┬╡ΓîÉ╞Æ╧ä├▓Γûæ╬ª├╝Γéº_1941╬ÿ├╗├»┬╡├¬┬¬╧âΓòûΓòù┬╡├¬Γòù╧Ç├╝├╣_╧â┬½├«╧â├á┬┐╬úΓòò├ç╧âΓò¥├à_2026-08-16/00_╧Ç├╝Γò¢╧Ç├╝├£╬ª┬¼┬í╧Ç├⌐├ç/README_╧â┬½├«╧â├á┬┐╬úΓòò├ç╧âΓò¥├à.md
1020	╬ª┬┐├¬╧ä┬½├╣┬╡ΓîÉ╞Æ╧ä├▓Γûæ╬ª├╝Γéº_BRANCH_B_v049_FULL_HANDOFF_1944-08-04T24_2026-09-04/02_ORIGINAL_EXTRACTED_TREE/╬ª┬┐├¬╧ä┬½├╣┬╡ΓîÉ╞Æ╧ä├▓Γûæ╬ª├╝Γéº_BRANCH_B_v048_REAUDIT_FULL_RESUME_1944-02-20T24_2026-08-31/99_LEGACY_UNTOUCHED/╬ª┬┐├¬╧ä┬½├╣┬╡ΓîÉ╞Æ╧ä├▓Γûæ╬ª├╝Γéº_1941╬ÿ├╗├»┬╡├¬┬¬╧âΓòûΓòù┬╡├¬Γòù╧Ç├╝├╣_╧â├Ñ├¼╧ä├╢╞Æ╧ä├╢├║_v004_2026-08-18/90_╧â┬½├«╧â├á┬┐╬úΓòò├ç╧âΓò¥├à_╧â├ä╞Æ╧â├áΓòò╧Ç├⌐Γòú╧Ç├ó├¿╧Ç├ó├ó╧Ç├ó├╣╧Ç├⌐Γòû╧Ç├ó┬║╧Ç├ó├ó╧Ç├ó├¬/╬ª┬┐├¬╧ä┬½├╣┬╡ΓîÉ╞Æ╧ä├▓Γûæ╬ª├╝Γéº_1941╬ÿ├╗├»┬╡├¬┬¬╧âΓòûΓòù┬╡├¬Γòù╧Ç├╝├╣_╧â┬½├«╧â├á┬┐╬úΓòò├ç╧âΓò¥├à_2026-08-16/00_╧Ç├╝Γò¢╧Ç├╝├£╬ª┬¼┬í╧Ç├⌐├ç/╧â├▒├╗╬ÿ├ó┬┐╧â├àΓûô┬╡├╗├û╧Ç├ó├¡╧Ç├ó├│.md
1007	╬ª┬┐├¬╧ä┬½├╣┬╡ΓîÉ╞Æ╧ä├▓Γûæ╬ª├╝Γéº_BRANCH_B_v049_FULL_HANDOFF_1944-08-04T24_2026-09-04/02_ORIGINAL_EXTRACTED_TREE/╬ª┬┐├¬╧ä┬½├╣┬╡ΓîÉ╞Æ╧ä├▓Γûæ╬ª├╝Γéº_BRANCH_B_v048_REAUDIT_FULL_RESUME_1944-02-20T24_2026-08-31/99_LEGACY_UNTOUCHED/╬ª┬┐├¬╧ä┬½├╣┬╡ΓîÉ╞Æ╧ä├▓Γûæ╬ª├╝Γéº_1941╬ÿ├╗├»┬╡├¬┬¬╧âΓòûΓòù┬╡├¬Γòù╧Ç├╝├╣_╧â├Ñ├¼╧ä├╢╞Æ╧ä├╢├║_v004_2026-08-18/90_╧â┬½├«╧â├á┬┐╬úΓòò├ç╧âΓò¥├à_╧â├ä╞Æ╧â├áΓòò╧Ç├⌐Γòú╧Ç├ó├¿╧Ç├ó├ó╧Ç├ó├╣╧Ç├⌐Γòû╧Ç├ó┬║╧Ç├ó├ó╧Ç├ó├¬/╬ª┬┐├¬╧ä┬½├╣┬╡ΓîÉ╞Æ╧ä├▓Γûæ╬ª├╝Γéº_1941╬ÿ├╗├»┬╡├¬┬¬╧âΓòûΓòù┬╡├¬Γòù╧Ç├╝├╣_╧â┬½├«╧â├á┬┐╬úΓòò├ç╧âΓò¥├à_2026-08-16/00_╧Ç├╝Γò¢╧Ç├╝├£╬ª┬¼┬í╧Ç├⌐├ç/╧ä├àΓò¢╬ª├¡├«╧Ç├╝┬┐┬╡├╣┬║┬╡Γéº┬Ñ╧Ç├╝┬½┬╡├½ΓûÆ╧Ç├╝├ñ.md
2483	╬ª┬┐├¬╧ä┬½├╣┬╡ΓîÉ╞Æ╧ä├▓Γûæ╬ª├╝Γéº_BRANCH_B_v049_FULL_HANDOFF_1944-08-04T24_2026-09-04/02_ORIGINAL_EXTRACTED_TREE/╬ª┬┐├¬╧ä┬½├╣┬╡ΓîÉ╞Æ╧ä├▓Γûæ╬ª├╝Γéº_BRANCH_B_v048_REAUDIT_FULL_RESUME_1944-02-20T24_2026-08-31/99_LEGACY_UNTOUCHED/╬ª┬┐├¬╧ä┬½├╣┬╡ΓîÉ╞Æ╧ä├▓Γûæ╬ª├╝Γéº_1941╬ÿ├╗├»┬╡├¬┬¬╧âΓòûΓòù┬╡├¬Γòù╧Ç├╝├╣_╧â├Ñ├¼╧ä├╢╞Æ╧ä├╢├║_v004_2026-08-18/90_╧â┬½├«╧â├á┬┐╬úΓòò├ç╧âΓò¥├à_╧â├ä╞Æ╧â├áΓòò╧Ç├⌐Γòú╧Ç├ó├¿╧Ç├ó├ó╧Ç├ó├╣╧Ç├⌐Γòû╧Ç├ó┬║╧Ç├ó├ó╧Ç├ó├¬/╬ª┬┐├¬╧ä┬½├╣┬╡ΓîÉ╞Æ╧ä├▓Γûæ╬ª├╝Γéº_1941╬ÿ├╗├»┬╡├¬┬¬╧âΓòûΓòù┬╡├¬Γòù╧Ç├╝├╣_╧â┬½├«╧â├á┬┐╬úΓòò├ç╧âΓò¥├à_2026-08-16/01_╧ä├àΓò¢╬ª├¡├«┬╡┬í├║┬╡┬ú┬╝/AUTHORITATIVE_MANIFEST_v001.md
10081	╬ª┬┐├¬╧ä┬½├╣┬╡ΓîÉ╞Æ╧ä├▓Γûæ╬ª├╝Γéº_BRANCH_B_v049_FULL_HANDOFF_1944-08-04T24_2026-09-04/02_ORIGINAL_EXTRACTED_TREE/╬ª┬┐├¬╧ä┬½├╣┬╡ΓîÉ╞Æ╧ä├▓Γûæ╬ª├╝Γéº_BRANCH_B_v048_REAUDIT_FULL_RESUME_1944-02-20T24_2026-08-31/99_LEGACY_UNTOUCHED/╬ª┬┐├¬╧ä┬½├╣┬╡ΓîÉ╞Æ╧ä├▓Γûæ╬ª├╝Γéº_1941╬ÿ├╗├»┬╡├¬┬¬╧âΓòûΓòù┬╡├¬Γòù╧Ç├╝├╣_╧â├Ñ├¼╧ä├╢╞Æ╧ä├╢├║_v004_2026-08-18/90_╧â┬½├«╧â├á┬┐╬úΓòò├ç╧âΓò¥├à_╧â├ä╞Æ╧â├áΓòò╧Ç├⌐Γòú╧Ç├ó├¿╧Ç├ó├ó╧Ç├ó├╣╧Ç├⌐Γòû╧Ç├ó┬║╧Ç├ó├ó╧Ç├ó├¬/╬ª┬┐├¬╧ä┬½├╣┬╡ΓîÉ╞Æ╧ä├▓Γûæ╬ª├╝Γéº_1941╬ÿ├╗├»┬╡├¬┬¬╧âΓòûΓòù┬╡├¬Γòù╧Ç├╝├╣_╧â┬½├«╧â├á┬┐╬úΓòò├ç╧âΓò¥├à_2026-08-16/01_╧ä├àΓò¢╬ª├¡├«┬╡┬í├║┬╡┬ú┬╝/MASTER_SWITCH_AUDIT_v010.md
1966	╬ª┬┐├¬╧ä┬½├╣┬╡ΓîÉ╞Æ╧ä├▓Γûæ╬ª├╝Γéº_BRANCH_B_v049_FULL_HANDOFF_1944-08-04T24_2026-09-04/02_ORIGINAL_EXTRACTED_TREE/╬ª┬┐├¬╧ä┬½├╣┬╡ΓîÉ╞Æ╧ä├▓Γûæ╬ª├╝Γéº_BRANCH_B_v048_REAUDIT_FULL_RESUME_1944-02-20T24_2026-08-31/99_LEGACY_UNTOUCHED/╬ª┬┐├¬╧ä┬½├╣┬╡ΓîÉ╞Æ╧ä├▓Γûæ╬ª├╝Γéº_1941╬ÿ├╗├»┬╡├¬┬¬╧âΓòûΓòù┬╡├¬Γòù╧Ç├╝├╣_╧â├Ñ├¼╧ä├╢╞Æ╧ä├╢├║_v004_2026-08-18/90_╧â┬½├«╧â├á┬┐╬úΓòò├ç╧âΓò¥├à_╧â├ä╞Æ╧â├áΓòò╧Ç├⌐Γòú╧Ç├ó├¿╧Ç├ó├ó╧Ç├ó├╣╧Ç├⌐Γòû╧Ç├ó┬║╧Ç├ó├ó╧Ç├ó├¬/╬ª┬┐├¬╧ä┬½├╣┬╡ΓîÉ╞Æ╧ä├▓Γûæ╬ª├╝Γéº_1941╬ÿ├╗├»┬╡├¬┬¬╧âΓòûΓòù┬╡├¬Γòù╧Ç├╝├╣_╧â┬½├«╧â├á┬┐╬úΓòò├ç╧âΓò¥├à_2026-08-16/01_╧ä├àΓò¢╬ª├¡├«┬╡┬í├║┬╡┬ú┬╝/OPENING_DIVERGENCE_LEDGER_1941-12-07_08_v001.md
4164	╬ª┬┐├¬╧ä┬½├╣┬╡ΓîÉ╞Æ╧ä├▓Γûæ╬ª├╝Γéº_BRANCH_B_v049_FULL_HANDOFF_1944-08-04T24_2026-09-04/02_ORIGINAL_EXTRACTED_TREE/╬ª┬┐├¬╧ä┬½├╣┬╡ΓîÉ╞Æ╧ä├▓Γûæ╬ª├╝Γéº_BRANCH_B_v048_REAUDIT_FULL_RESUME_1944-02-20T24_2026-08-31/99_LEGACY_UNTOUCHED/╬ª┬┐├¬╧ä┬½├╣┬╡ΓîÉ╞Æ╧ä├▓Γûæ╬ª├╝Γéº_1941╬ÿ├╗├»┬╡├¬┬¬╧âΓòûΓòù┬╡├¬Γòù╧Ç├╝├╣_╧â├Ñ├¼╧ä├╢╞Æ╧ä├╢├║_v004_2026-08-18/90_╧â┬½├«╧â├á┬┐╬úΓòò├ç╧âΓò¥├à_╧â├ä╞Æ╧â├áΓòò╧Ç├⌐Γòú╧Ç├ó├¿╧Ç├ó├ó╧Ç├ó├╣╧Ç├⌐Γòû╧Ç├ó┬║╧Ç├ó├ó╧Ç├ó├¬/╬ª┬┐├¬╧ä┬½├╣┬╡ΓîÉ╞Æ╧ä├▓Γûæ╬ª├╝Γéº_1941╬ÿ├╗├»┬╡├¬┬¬╧âΓòûΓòù┬╡├¬Γòù╧Ç├╝├╣_╧â┬½├«╧â├á┬┐╬úΓòò├ç╧âΓò¥├à_2026-08-16/01_╧ä├àΓò¢╬ª├¡├«┬╡┬í├║┬╡┬ú┬╝/OPENING_RERUN_PACKET_1941_v006.md
16078	╬ª┬┐├¬╧ä┬½├╣┬╡ΓîÉ╞Æ╧ä├▓Γûæ╬ª├╝Γéº_BRANCH_B_v049_FULL_HANDOFF_1944-08-04T24_2026-09-04/02_ORIGINAL_EXTRACTED_TREE/╬ª┬┐├¬╧ä┬½├╣┬╡ΓîÉ╞Æ╧ä├▓Γûæ╬ª├╝Γéº_BRANCH_B_v048_REAUDIT_FULL_RESUME_1944-02-20T24_2026-08-31/99_LEGACY_UNTOUCHED/╬ª┬┐├¬╧ä┬½├╣┬╡ΓîÉ╞Æ╧ä├▓Γûæ╬ª├╝Γéº_1941╬ÿ├╗├»┬╡├¬┬¬╧âΓòûΓòù┬╡├¬Γòù╧Ç├╝├╣_╧â├Ñ├¼╧ä├╢╞Æ╧ä├╢├║_v004_2026-08-18/90_╧â┬½├«╧â├á┬┐╬úΓòò├ç╧âΓò¥├à_╧â├ä╞Æ╧â├áΓòò╧Ç├⌐Γòú╧Ç├ó├¿╧Ç├ó├ó╧Ç├ó├╣╧Ç├⌐Γòû╧Ç├ó┬║╧Ç├ó├ó╧Ç├ó├¬/╬ª┬┐├¬╧ä┬½├╣┬╡ΓîÉ╞Æ╧ä├▓Γûæ╬ª├╝Γéº_1941╬ÿ├╗├»┬╡├¬┬¬╧âΓòûΓòù┬╡├¬Γòù╧Ç├╝├╣_╧â┬½├«╧â├á┬┐╬úΓòò├ç╧âΓò¥├à_2026-08-16/01_╧ä├àΓò¢╬ª├¡├«┬╡┬í├║┬╡┬ú┬╝/RECOVERY_2026-08-16_1941_rollback_switch_audit_v001.md
2483	╬ª┬┐├¬╧ä┬½├╣┬╡ΓîÉ╞Æ╧ä├▓Γûæ╬ª├╝Γéº_BRANCH_B_v049_FULL_HANDOFF_1944-08-04T24_2026-09-04/02_ORIGINAL_EXTRACTED_TREE/╬ª┬┐├¬╧ä┬½├╣┬╡ΓîÉ╞Æ╧ä├▓Γûæ╬ª├╝Γéº_BRANCH_B_v048_REAUDIT_FULL_RESUME_1944-02-20T24_2026-08-31/99_LEGACY_UNTOUCHED/╬ª┬┐├¬╧ä┬½├╣┬╡ΓîÉ╞Æ╧ä├▓Γûæ╬ª├╝Γéº_1941╬ÿ├╗├»┬╡├¬┬¬╧âΓòûΓòù┬╡├¬Γòù╧Ç├╝├╣_╧â├Ñ├¼╧ä├╢╞Æ╧ä├╢├║_v004_2026-08-18/90_╧â┬½├«╧â├á┬┐╬úΓòò├ç╧âΓò¥├à_╧â├ä╞Æ╧â├áΓòò╧Ç├⌐Γòú╧Ç├ó├¿╧Ç├ó├ó╧Ç├ó├╣╧Ç├⌐Γòû╧Ç├ó┬║╧Ç├ó├ó╧Ç├ó├¬/╬ª┬┐├¬╧ä┬½├╣┬╡ΓîÉ╞Æ╧ä├▓Γûæ╬ª├╝Γéº_1941╬ÿ├╗├»┬╡├¬┬¬╧âΓòûΓòù┬╡├¬Γòù╧Ç├╝├╣_╧â┬½├«╧â├á┬┐╬úΓòò├ç╧âΓò¥├à_2026-08-16/02_╧âΓòûΓòù┬╡├¬Γòù╧Ç├╝├╣╬úΓò£┬ú┬╡├æ┬í╬ªΓöé├º┬╡├╗├û/AUTHORITATIVE_MANIFEST_v001.md
8750	╬ª┬┐├¬╧ä┬½├╣┬╡ΓîÉ╞Æ╧ä├▓Γûæ╬ª├╝Γéº_BRANCH_B_v049_FULL_HANDOFF_1944-08-04T24_2026-09-04/02_ORIGINAL_EXTRACTED_TREE/╬ª┬┐├¬╧ä┬½├╣┬╡ΓîÉ╞Æ╧ä├▓Γûæ╬ª├╝Γéº_BRANCH_B_v048_REAUDIT_FULL_RESUME_1944-02-20T24_2026-08-31/99_LEGACY_UNTOUCHED/╬ª┬┐├¬╧ä┬½├╣┬╡ΓîÉ╞Æ╧ä├▓Γûæ╬ª├╝Γéº_1941╬ÿ├╗├»┬╡├¬┬¬╧âΓòûΓòù┬╡├¬Γòù╧Ç├╝├╣_╧â├Ñ├¼╧ä├╢╞Æ╧ä├╢├║_v004_2026-08-18/90_╧â┬½├«╧â├á┬┐╬úΓòò├ç╧âΓò¥├à_╧â├ä╞Æ╧â├áΓòò╧Ç├⌐Γòú╧Ç├ó├¿╧Ç├ó├ó╧Ç├ó├╣╧Ç├⌐Γòû╧Ç├ó┬║╧Ç├ó├ó╧Ç├ó├¬/╬ª┬┐├¬╧ä┬½├╣┬╡ΓîÉ╞Æ╧ä├▓Γûæ╬ª├╝Γéº_1941╬ÿ├╗├»┬╡├¬┬¬╧âΓòûΓòù┬╡├¬Γòù╧Ç├╝├╣_╧â┬½├«╧â├á┬┐╬úΓòò├ç╧âΓò¥├à_2026-08-16/02_╧âΓòûΓòù┬╡├¬Γòù╧Ç├╝├╣╬úΓò£┬ú┬╡├æ┬í╬ªΓöé├º┬╡├╗├û/LATER_SWITCH_REAUDIT_v002.md
9871	╬ª┬┐├¬╧ä┬½├╣┬╡ΓîÉ╞Æ╧ä├▓Γûæ╬ª├╝Γéº_BRANCH_B_v049_FULL_HANDOFF_1944-08-04T24_2026-09-04/02_ORIGINAL_EXTRACTED_TREE/╬ª┬┐├¬╧ä┬½├╣┬╡ΓîÉ╞Æ╧ä├▓Γûæ╬ª├╝Γéº_BRANCH_B_v048_REAUDIT_FULL_RESUME_1944-02-20T24_2026-08-31/99_LEGACY_UNTOUCHED/╬ª┬┐├¬╧ä┬½├╣┬╡ΓîÉ╞Æ╧ä├▓Γûæ╬ª├╝Γéº_1941╬ÿ├╗├»┬╡├¬┬¬╧âΓòûΓòù┬╡├¬Γòù╧Ç├╝├╣_╧â├Ñ├¼╧ä├╢╞Æ╧ä├╢├║_v004_2026-08-18/90_╧â┬½├«╧â├á┬┐╬úΓòò├ç╧âΓò¥├à_╧â├ä╞Æ╧â├áΓòò╧Ç├⌐Γòú╧Ç├ó├¿╧Ç├ó├ó╧Ç├ó├╣╧Ç├⌐Γòû╧Ç├ó┬║╧Ç├ó├ó╧Ç├ó├¬/╬ª┬┐├¬╧ä┬½├╣┬╡ΓîÉ╞Æ╧ä├▓Γûæ╬ª├╝Γéº_1941╬ÿ├╗├»┬╡├¬┬¬╧âΓòûΓòù┬╡├¬Γòù╧Ç├╝├╣_╧â┬½├«╧â├á┬┐╬úΓòò├ç╧âΓò¥├à_2026-08-16/02_╧âΓòûΓòù┬╡├¬Γòù╧Ç├╝├╣╬úΓò£┬ú┬╡├æ┬í╬ªΓöé├º┬╡├╗├û/MALAYA_PHASE1_1941-12-08_15_STATE_TRANSITION_v001.md
10081	╬ª┬┐├¬╧ä┬½├╣┬╡ΓîÉ╞Æ╧ä├▓Γûæ╬ª├╝Γéº_BRANCH_B_v049_FULL_HANDOFF_1944-08-04T24_2026-09-04/02_ORIGINAL_EXTRACTED_TREE/╬ª┬┐├¬╧ä┬½├╣┬╡ΓîÉ╞Æ╧ä├▓Γûæ╬ª├╝Γéº_BRANCH_B_v048_REAUDIT_FULL_RESUME_1944-02-20T24_2026-08-31/99_LEGACY_UNTOUCHED/╬ª┬┐├¬╧ä┬½├╣┬╡ΓîÉ╞Æ╧ä├▓Γûæ╬ª├╝Γéº_1941╬ÿ├╗├»┬╡├¬┬¬╧âΓòûΓòù┬╡├¬Γòù╧Ç├╝├╣_╧â├Ñ├¼╧ä├╢╞Æ╧ä├╢├║_v004_2026-08-18/90_╧â┬½├«╧â├á┬┐╬úΓòò├ç╧âΓò¥├à_╧â├ä╞Æ╧â├áΓòò╧Ç├⌐Γòú╧Ç├ó├¿╧Ç├ó├ó╧Ç├ó├╣╧Ç├⌐Γòû╧Ç├ó┬║╧Ç├ó├ó╧Ç├ó├¬/╬ª┬┐├¬╧ä┬½├╣┬╡ΓîÉ╞Æ╧ä├▓Γûæ╬ª├╝Γéº_1941╬ÿ├╗├»┬╡├¬┬¬╧âΓòûΓòù┬╡├¬Γòù╧Ç├╝├╣_╧â┬½├«╧â├á┬┐╬úΓòò├ç╧âΓò¥├à_2026-08-16/02_╧âΓòûΓòù┬╡├¬Γòù╧Ç├╝├╣╬úΓò£┬ú┬╡├æ┬í╬ªΓöé├º┬╡├╗├û/MASTER_SWITCH_AUDIT_v010.md
1966	╬ª┬┐├¬╧ä┬½├╣┬╡ΓîÉ╞Æ╧ä├▓Γûæ╬ª├╝Γéº_BRANCH_B_v049_FULL_HANDOFF_1944-08-04T24_2026-09-04/02_ORIGINAL_EXTRACTED_TREE/╬ª┬┐├¬╧ä┬½├╣┬╡ΓîÉ╞Æ╧ä├▓Γûæ╬ª├╝Γéº_BRANCH_B_v048_REAUDIT_FULL_RESUME_1944-02-20T24_2026-08-31/99_LEGACY_UNTOUCHED/╬ª┬┐├¬╧ä┬½├╣┬╡ΓîÉ╞Æ╧ä├▓Γûæ╬ª├╝Γéº_1941╬ÿ├╗├»┬╡├¬┬¬╧âΓòûΓòù┬╡├¬Γòù╧Ç├╝├╣_╧â├Ñ├¼╧ä├╢╞Æ╧ä├╢├║_v004_2026-08-18/90_╧â┬½├«╧â├á┬┐╬úΓòò├ç╧âΓò¥├à_╧â├ä╞Æ╧â├áΓòò╧Ç├⌐Γòú╧Ç├ó├¿╧Ç├ó├ó╧Ç├ó├╣╧Ç├⌐Γòû╧Ç├ó┬║╧Ç├ó├ó╧Ç├ó├¬/╬ª┬┐├¬╧ä┬½├╣┬╡ΓîÉ╞Æ╧ä├▓Γûæ╬ª├╝Γéº_1941╬ÿ├╗├»┬╡├¬┬¬╧âΓòûΓòù┬╡├¬Γòù╧Ç├╝├╣_╧â┬½├«╧â├á┬┐╬úΓòò├ç╧âΓò¥├à_2026-08-16/02_╧âΓòûΓòù┬╡├¬Γòù╧Ç├╝├╣╬úΓò£┬ú┬╡├æ┬í╬ªΓöé├º┬╡├╗├û/OPENING_DIVERGENCE_LEDGER_1941-12-07_08_v001.md
4164	╬ª┬┐├¬╧ä┬½├╣┬╡ΓîÉ╞Æ╧ä├▓Γûæ╬ª├╝Γéº_BRANCH_B_v049_FULL_HANDOFF_1944-08-04T24_2026-09-04/02_ORIGINAL_EXTRACTED_TREE/╬ª┬┐├¬╧ä┬½├╣┬╡ΓîÉ╞Æ╧ä├▓Γûæ╬ª├╝Γéº_BRANCH_B_v048_REAUDIT_FULL_RESUME_1944-02-20T24_2026-08-31/99_LEGACY_UNTOUCHED/╬ª┬┐├¬╧ä┬½├╣┬╡ΓîÉ╞Æ╧ä├▓Γûæ╬ª├╝Γéº_1941╬ÿ├╗├»┬╡├¬┬¬╧âΓòûΓòù┬╡├¬Γòù╧Ç├╝├╣_╧â├Ñ├¼╧ä├╢╞Æ╧ä├╢├║_v004_2026-08-18/90_╧â┬½├«╧â├á┬┐╬úΓòò├ç╧âΓò¥├à_╧â├ä╞Æ╧â├áΓòò╧Ç├⌐Γòú╧Ç├ó├¿╧Ç├ó├ó╧Ç├ó├╣╧Ç├⌐Γòû╧Ç├ó┬║╧Ç├ó├ó╧Ç├ó├¬/╬ª┬┐├¬╧ä┬½├╣┬╡ΓîÉ╞Æ╧ä├▓Γûæ╬ª├╝Γéº_1941╬ÿ├╗├»┬╡├¬┬¬╧âΓòûΓòù┬╡├¬Γòù╧Ç├╝├╣_╧â┬½├«╧â├á┬┐╬úΓòò├ç╧âΓò¥├à_2026-08-16/02_╧âΓòûΓòù┬╡├¬Γòù╧Ç├╝├╣╬úΓò£┬ú┬╡├æ┬í╬ªΓöé├º┬╡├╗├û/OPENING_RERUN_PACKET_1941_v006.md
9716	╬ª┬┐├¬╧ä┬½├╣┬╡ΓîÉ╞Æ╧ä├▓Γûæ╬ª├╝Γéº_BRANCH_B_v049_FULL_HANDOFF_1944-08-04T24_2026-09-04/02_ORIGINAL_EXTRACTED_TREE/╬ª┬┐├¬╧ä┬½├╣┬╡ΓîÉ╞Æ╧ä├▓Γûæ╬ª├╝Γéº_BRANCH_B_v048_REAUDIT_FULL_RESUME_1944-02-20T24_2026-08-31/99_LEGACY_UNTOUCHED/╬ª┬┐├¬╧ä┬½├╣┬╡ΓîÉ╞Æ╧ä├▓Γûæ╬ª├╝Γéº_1941╬ÿ├╗├»┬╡├¬┬¬╧âΓòûΓòù┬╡├¬Γòù╧Ç├╝├╣_╧â├Ñ├¼╧ä├╢╞Æ╧ä├╢├║_v004_2026-08-18/90_╧â┬½├«╧â├á┬┐╬úΓòò├ç╧âΓò¥├à_╧â├ä╞Æ╧â├áΓòò╧Ç├⌐Γòú╧Ç├ó├¿╧Ç├ó├ó╧Ç├ó├╣╧Ç├⌐Γòû╧Ç├ó┬║╧Ç├ó├ó╧Ç├ó├¬/╬ª┬┐├¬╧ä┬½├╣┬╡ΓîÉ╞Æ╧ä├▓Γûæ╬ª├╝Γéº_1941╬ÿ├╗├»┬╡├¬┬¬╧âΓòûΓòù┬╡├¬Γòù╧Ç├╝├╣_╧â┬½├«╧â├á┬┐╬úΓòò├ç╧âΓò¥├à_2026-08-16/02_╧âΓòûΓòù┬╡├¬Γòù╧Ç├╝├╣╬úΓò£┬ú┬╡├æ┬í╬ªΓöé├º┬╡├╗├û/OPENING_STATE_1941-12-07_v002.md
10730	╬ª┬┐├¬╧ä┬½├╣┬╡ΓîÉ╞Æ╧ä├▓Γûæ╬ª├╝Γéº_BRANCH_B_v049_FULL_HANDOFF_1944-08-04T24_2026-09-04/02_ORIGINAL_EXTRACTED_TREE/╬ª┬┐├¬╧ä┬½├╣┬╡ΓîÉ╞Æ╧ä├▓Γûæ╬ª├╝Γéº_BRANCH_B_v048_REAUDIT_FULL_RESUME_1944-02-20T24_2026-08-31/99_LEGACY_UNTOUCHED/╬ª┬┐├¬╧ä┬½├╣┬╡ΓîÉ╞Æ╧ä├▓Γûæ╬ª├╝Γéº_1941╬ÿ├╗├»┬╡├¬┬¬╧âΓòûΓòù┬╡├¬Γòù╧Ç├╝├╣_╧â├Ñ├¼╧ä├╢╞Æ╧ä├╢├║_v004_2026-08-18/90_╧â┬½├«╧â├á┬┐╬úΓòò├ç╧âΓò¥├à_╧â├ä╞Æ╧â├áΓòò╧Ç├⌐Γòú╧Ç├ó├¿╧Ç├ó├ó╧Ç├ó├╣╧Ç├⌐Γòû╧Ç├ó┬║╧Ç├ó├ó╧Ç├ó├¬/╬ª┬┐├¬╧ä┬½├╣┬╡ΓîÉ╞Æ╧ä├▓Γûæ╬ª├╝Γéº_1941╬ÿ├╗├»┬╡├¬┬¬╧âΓòûΓòù┬╡├¬Γòù╧Ç├╝├╣_╧â┬½├«╧â├á┬┐╬úΓòò├ç╧âΓò¥├à_2026-08-16/02_╧âΓòûΓòù┬╡├¬Γòù╧Ç├╝├╣╬úΓò£┬ú┬╡├æ┬í╬ªΓöé├º┬╡├╗├û/OPENING_STATE_1941-12-07_v003.md
11442	╬ª┬┐├¬╧ä┬½├╣┬╡ΓîÉ╞Æ╧ä├▓Γûæ╬ª├╝Γéº_BRANCH_B_v049_FULL_HANDOFF_1944-08-04T24_2026-09-04/02_ORIGINAL_EXTRACTED_TREE/╬ª┬┐├¬╧ä┬½├╣┬╡ΓîÉ╞Æ╧ä├▓Γûæ╬ª├╝Γéº_BRANCH_B_v048_REAUDIT_FULL_RESUME_1944-02-20T24_2026-08-31/99_LEGACY_UNTOUCHED/╬ª┬┐├¬╧ä┬½├╣┬╡ΓîÉ╞Æ╧ä├▓Γûæ╬ª├╝Γéº_1941╬ÿ├╗├»┬╡├¬┬¬╧âΓòûΓòù┬╡├¬Γòù╧Ç├╝├╣_╧â├Ñ├¼╧ä├╢╞Æ╧ä├╢├║_v004_2026-08-18/90_╧â┬½├«╧â├á┬┐╬úΓòò├ç╧âΓò¥├à_╧â├ä╞Æ╧â├áΓòò╧Ç├⌐Γòú╧Ç├ó├¿╧Ç├ó├ó╧Ç├ó├╣╧Ç├⌐Γòû╧Ç├ó┬║╧Ç├ó├ó╧Ç├ó├¬/╬ª┬┐├¬╧ä┬½├╣┬╡ΓîÉ╞Æ╧ä├▓Γûæ╬ª├╝Γéº_1941╬ÿ├╗├»┬╡├¬┬¬╧âΓòûΓòù┬╡├¬Γòù╧Ç├╝├╣_╧â┬½├«╧â├á┬┐╬úΓòò├ç╧âΓò¥├à_2026-08-16/02_╧âΓòûΓòù┬╡├¬Γòù╧Ç├╝├╣╬úΓò£┬ú┬╡├æ┬í╬ªΓöé├º┬╡├╗├û/OPENING_STATE_1941-12-07_v004.md
5637	╬ª┬┐├¬╧ä┬½├╣┬╡ΓîÉ╞Æ╧ä├▓Γûæ╬ª├╝Γéº_BRANCH_B_v049_FULL_HANDOFF_1944-08-04T24_2026-09-04/02_ORIGINAL_EXTRACTED_TREE/╬ª┬┐├¬╧ä┬½├╣┬╡ΓîÉ╞Æ╧ä├▓Γûæ╬ª├╝Γéº_BRANCH_B_v048_REAUDIT_FULL_RESUME_1944-02-20T24_2026-08-31/99_LEGACY_UNTOUCHED/╬ª┬┐├¬╧ä┬½├╣┬╡ΓîÉ╞Æ╧ä├▓Γûæ╬ª├╝Γéº_1941╬ÿ├╗├»┬╡├¬┬¬╧âΓòûΓòù┬╡├¬Γòù╧Ç├╝├╣_╧â├Ñ├¼╧ä├╢╞Æ╧ä├╢├║_v004_2026-08-18/90_╧â┬½├«╧â├á┬┐╬úΓòò├ç╧âΓò¥├à_╧â├ä╞Æ╧â├áΓòò╧Ç├⌐Γòú╧Ç├ó├¿╧Ç├ó├ó╧Ç├ó├╣╧Ç├⌐Γòû╧Ç├ó┬║╧Ç├ó├ó╧Ç├ó├¬/╬ª┬┐├¬╧ä┬½├╣┬╡ΓîÉ╞Æ╧ä├▓Γûæ╬ª├╝Γéº_1941╬ÿ├╗├»┬╡├¬┬¬╧âΓòûΓòù┬╡├¬Γòù╧Ç├╝├╣_╧â┬½├«╧â├á┬┐╬úΓòò├ç╧âΓò¥├à_2026-08-16/02_╧âΓòûΓòù┬╡├¬Γòù╧Ç├╝├╣╬úΓò£┬ú┬╡├æ┬í╬ªΓöé├º┬╡├╗├û/PEARL_STATE_TRANSITION_v001.md
6041	╬ª┬┐├¬╧ä┬½├╣┬╡ΓîÉ╞Æ╧ä├▓Γûæ╬ª├╝Γéº_BRANCH_B_v049_FULL_HANDOFF_1944-08-04T24_2026-09-04/02_ORIGINAL_EXTRACTED_TREE/╬ª┬┐├¬╧ä┬½├╣┬╡ΓîÉ╞Æ╧ä├▓Γûæ╬ª├╝Γéº_BRANCH_B_v048_REAUDIT_FULL_RESUME_1944-02-20T24_2026-08-31/99_LEGACY_UNTOUCHED/╬ª┬┐├¬╧ä┬½├╣┬╡ΓîÉ╞Æ╧ä├▓Γûæ╬ª├╝Γéº_1941╬ÿ├╗├»┬╡├¬┬¬╧âΓòûΓòù┬╡├¬Γòù╧Ç├╝├╣_╧â├Ñ├¼╧ä├╢╞Æ╧ä├╢├║_v004_2026-08-18/90_╧â┬½├«╧â├á┬┐╬úΓòò├ç╧âΓò¥├à_╧â├ä╞Æ╧â├áΓòò╧Ç├⌐Γòú╧Ç├ó├¿╧Ç├ó├ó╧Ç├ó├╣╧Ç├⌐Γòû╧Ç├ó┬║╧Ç├ó├ó╧Ç├ó├¬/╬ª┬┐├¬╧ä┬½├╣┬╡ΓîÉ╞Æ╧ä├▓Γûæ╬ª├╝Γéº_1941╬ÿ├╗├»┬╡├¬┬¬╧âΓòûΓòù┬╡├¬Γòù╧Ç├╝├╣_╧â┬½├«╧â├á┬┐╬úΓòò├ç╧âΓò¥├à_2026-08-16/02_╧âΓòûΓòù┬╡├¬Γòù╧Ç├╝├╣╬úΓò£┬ú┬╡├æ┬í╬ªΓöé├º┬╡├╗├û/PREWAR_SOUTHERN_AIR_CONCENTRATION_1941-11-15_12-07_v001.md
16078	╬ª┬┐├¬╧ä┬½├╣┬╡ΓîÉ╞Æ╧ä├▓Γûæ╬ª├╝Γéº_BRANCH_B_v049_FULL_HANDOFF_1944-08-04T24_2026-09-04/02_ORIGINAL_EXTRACTED_TREE/╬ª┬┐├¬╧ä┬½├╣┬╡ΓîÉ╞Æ╧ä├▓Γûæ╬ª├╝Γéº_BRANCH_B_v048_REAUDIT_FULL_RESUME_1944-02-20T24_2026-08-31/99_LEGACY_UNTOUCHED/╬ª┬┐├¬╧ä┬½├╣┬╡ΓîÉ╞Æ╧ä├▓Γûæ╬ª├╝Γéº_1941╬ÿ├╗├»┬╡├¬┬¬╧âΓòûΓòù┬╡├¬Γòù╧Ç├╝├╣_╧â├Ñ├¼╧ä├╢╞Æ╧ä├╢├║_v004_2026-08-18/90_╧â┬½├«╧â├á┬┐╬úΓòò├ç╧âΓò¥├à_╧â├ä╞Æ╧â├áΓòò╧Ç├⌐Γòú╧Ç├ó├¿╧Ç├ó├ó╧Ç├ó├╣╧Ç├⌐Γòû╧Ç├ó┬║╧Ç├ó├ó╧Ç├ó├¬/╬ª┬┐├¬╧ä┬½├╣┬╡ΓîÉ╞Æ╧ä├▓Γûæ╬ª├╝Γéº_1941╬ÿ├╗├»┬╡├¬┬¬╧âΓòûΓòù┬╡├¬Γòù╧Ç├╝├╣_╧â┬½├«╧â├á┬┐╬úΓòò├ç╧âΓò¥├à_2026-08-16/02_╧âΓòûΓòù┬╡├¬Γòù╧Ç├╝├╣╬úΓò£┬ú┬╡├æ┬í╬ªΓöé├º┬╡├╗├û/RECOVERY_2026-08-16_1941_rollback_switch_audit_v001.md
2272	╬ª┬┐├¬╧ä┬½├╣┬╡ΓîÉ╞Æ╧ä├▓Γûæ╬ª├╝Γéº_BRANCH_B_v049_FULL_HANDOFF_1944-08-04T24_2026-09-04/02_ORIGINAL_EXTRACTED_TREE/╬ª┬┐├¬╧ä┬½├╣┬╡ΓîÉ╞Æ╧ä├▓Γûæ╬ª├╝Γéº_BRANCH_B_v048_REAUDIT_FULL_RESUME_1944-02-20T24_2026-08-31/99_LEGACY_UNTOUCHED/╬ª┬┐├¬╧ä┬½├╣┬╡ΓîÉ╞Æ╧ä├▓Γûæ╬ª├╝Γéº_1941╬ÿ├╗├»┬╡├¬┬¬╧âΓòûΓòù┬╡├¬Γòù╧Ç├╝├╣_╧â├Ñ├¼╧ä├╢╞Æ╧ä├╢├║_v004_2026-08-18/90_╧â┬½├«╧â├á┬┐╬úΓòò├ç╧âΓò¥├à_╧â├ä╞Æ╧â├áΓòò╧Ç├⌐Γòú╧Ç├ó├¿╧Ç├ó├ó╧Ç├ó├╣╧Ç├⌐Γòû╧Ç├ó┬║╧Ç├ó├ó╧Ç├ó├¬/╬ª┬┐├¬╧ä┬½├╣┬╡ΓîÉ╞Æ╧ä├▓Γûæ╬ª├╝Γéº_1941╬ÿ├╗├»┬╡├¬┬¬╧âΓòûΓòù┬╡├¬Γòù╧Ç├╝├╣_╧â┬½├«╧â├á┬┐╬úΓòò├ç╧âΓò¥├à_2026-08-16/02_╧âΓòûΓòù┬╡├¬Γòù╧Ç├╝├╣╬úΓò£┬ú┬╡├æ┬í╬ªΓöé├º┬╡├╗├û/RERUN_GATE_MATRIX_v001.md
5731	╬ª┬┐├¬╧ä┬½├╣┬╡ΓîÉ╞Æ╧ä├▓Γûæ╬ª├╝Γéº_BRANCH_B_v049_FULL_HANDOFF_1944-08-04T24_2026-09-04/02_ORIGINAL_EXTRACTED_TREE/╬ª┬┐├¬╧ä┬½├╣┬╡ΓîÉ╞Æ╧ä├▓Γûæ╬ª├╝Γéº_BRANCH_B_v048_REAUDIT_FULL_RESUME_1944-02-20T24_2026-08-31/99_LEGACY_UNTOUCHED/╬ª┬┐├¬╧ä┬½├╣┬╡ΓîÉ╞Æ╧ä├▓Γûæ╬ª├╝Γéº_1941╬ÿ├╗├»┬╡├¬┬¬╧âΓòûΓòù┬╡├¬Γòù╧Ç├╝├╣_╧â├Ñ├¼╧ä├╢╞Æ╧ä├╢├║_v004_2026-08-18/90_╧â┬½├«╧â├á┬┐╬úΓòò├ç╧âΓò¥├à_╧â├ä╞Æ╧â├áΓòò╧Ç├⌐Γòú╧Ç├ó├¿╧Ç├ó├ó╧Ç├ó├╣╧Ç├⌐Γòû╧Ç├ó┬║╧Ç├ó├ó╧Ç├ó├¬/╬ª┬┐├¬╧ä┬½├╣┬╡ΓîÉ╞Æ╧ä├▓Γûæ╬ª├╝Γéº_1941╬ÿ├╗├»┬╡├¬┬¬╧âΓòûΓòù┬╡├¬Γòù╧Ç├╝├╣_╧â┬½├«╧â├á┬┐╬úΓòò├ç╧âΓò¥├à_2026-08-16/02_╧âΓòûΓòù┬╡├¬Γòù╧Ç├╝├╣╬úΓò£┬ú┬╡├æ┬í╬ªΓöé├º┬╡├╗├û/RERUN_GATE_MATRIX_v002.md
6623	╬ª┬┐├¬╧ä┬½├╣┬╡ΓîÉ╞Æ╧ä├▓Γûæ╬ª├╝Γéº_BRANCH_B_v049_FULL_HANDOFF_1944-08-04T24_2026-09-04/02_ORIGINAL_EXTRACTED_TREE/╬ª┬┐├¬╧ä┬½├╣┬╡ΓîÉ╞Æ╧ä├▓Γûæ╬ª├╝Γéº_BRANCH_B_v048_REAUDIT_FULL_RESUME_1944-02-20T24_2026-08-31/99_LEGACY_UNTOUCHED/╬ª┬┐├¬╧ä┬½├╣┬╡ΓîÉ╞Æ╧ä├▓Γûæ╬ª├╝Γéº_1941╬ÿ├╗├»┬╡├¬┬¬╧âΓòûΓòù┬╡├¬Γòù╧Ç├╝├╣_╧â├Ñ├¼╧ä├╢╞Æ╧ä├╢├║_v004_2026-08-18/90_╧â┬½├«╧â├á┬┐╬úΓòò├ç╧âΓò¥├à_╧â├ä╞Æ╧â├áΓòò╧Ç├⌐Γòú╧Ç├ó├¿╧Ç├ó├ó╧Ç├ó├╣╧Ç├⌐Γòû╧Ç├ó┬║╧Ç├ó├ó╧Ç├ó├¬/╬ª┬┐├¬╧ä┬½├╣┬╡ΓîÉ╞Æ╧ä├▓Γûæ╬ª├╝Γéº_1941╬ÿ├╗├»┬╡├¬┬¬╧âΓòûΓòù┬╡├¬Γòù╧Ç├╝├╣_╧â┬½├«╧â├á┬┐╬úΓòò├ç╧âΓò¥├à_2026-08-16/02_╧âΓòûΓòù┬╡├¬Γòù╧Ç├╝├╣╬úΓò£┬ú┬╡├æ┬í╬ªΓöé├º┬╡├╗├û/RERUN_GATE_MATRIX_v003.md
7287	╬ª┬┐├¬╧ä┬½├╣┬╡ΓîÉ╞Æ╧ä├▓Γûæ╬ª├╝Γéº_BRANCH_B_v049_FULL_HANDOFF_1944-08-04T24_2026-09-04/02_ORIGINAL_EXTRACTED_TREE/╬ª┬┐├¬╧ä┬½├╣┬╡ΓîÉ╞Æ╧ä├▓Γûæ╬ª├╝Γéº_BRANCH_B_v048_REAUDIT_FULL_RESUME_1944-02-20T24_2026-08-31/99_LEGACY_UNTOUCHED/╬ª┬┐├¬╧ä┬½├╣┬╡ΓîÉ╞Æ╧ä├▓Γûæ╬ª├╝Γéº_1941╬ÿ├╗├»┬╡├¬┬¬╧âΓòûΓòù┬╡├¬Γòù╧Ç├╝├╣_╧â├Ñ├¼╧ä├╢╞Æ╧ä├╢├║_v004_2026-08-18/90_╧â┬½├«╧â├á┬┐╬úΓòò├ç╧âΓò¥├à_╧â├ä╞Æ╧â├áΓòò╧Ç├⌐Γòú╧Ç├ó├¿╧Ç├ó├ó╧Ç├ó├╣╧Ç├⌐Γòû╧Ç├ó┬║╧Ç├ó├ó╧Ç├ó├¬/╬ª┬┐├¬╧ä┬½├╣┬╡ΓîÉ╞Æ╧ä├▓Γûæ╬ª├╝Γéº_1941╬ÿ├╗├»┬╡├¬┬¬╧âΓòûΓòù┬╡├¬Γòù╧Ç├╝├╣_╧â┬½├«╧â├á┬┐╬úΓòò├ç╧âΓò¥├à_2026-08-16/02_╧âΓòûΓòù┬╡├¬Γòù╧Ç├╝├╣╬úΓò£┬ú┬╡├æ┬í╬ªΓöé├º┬╡├╗├û/RERUN_GATE_MATRIX_v004.md
4004	╬ª┬┐├¬╧ä┬½├╣┬╡ΓîÉ╞Æ╧ä├▓Γûæ╬ª├╝Γéº_BRANCH_B_v049_FULL_HANDOFF_1944-08-04T24_2026-09-04/02_ORIGINAL_EXTRACTED_TREE/╬ª┬┐├¬╧ä┬½├╣┬╡ΓîÉ╞Æ╧ä├▓Γûæ╬ª├╝Γéº_BRANCH_B_v048_REAUDIT_FULL_RESUME_1944-02-20T24_2026-08-31/99_LEGACY_UNTOUCHED/╬ª┬┐├¬╧ä┬½├╣┬╡ΓîÉ╞Æ╧ä├▓Γûæ╬ª├╝Γéº_1941╬ÿ├╗├»┬╡├¬┬¬╧âΓòûΓòù┬╡├¬Γòù╧Ç├╝├╣_╧â├Ñ├¼╧ä├╢╞Æ╧ä├╢├║_v004_2026-08-18/90_╧â┬½├«╧â├á┬┐╬úΓòò├ç╧âΓò¥├à_╧â├ä╞Æ╧â├áΓòò╧Ç├⌐Γòú╧Ç├ó├¿╧Ç├ó├ó╧Ç├ó├╣╧Ç├⌐Γòû╧Ç├ó┬║╧Ç├ó├ó╧Ç├ó├¬/╬ª┬┐├¬╧ä┬½├╣┬╡ΓîÉ╞Æ╧ä├▓Γûæ╬ª├╝Γéº_1941╬ÿ├╗├»┬╡├¬┬¬╧âΓòûΓòù┬╡├¬Γòù╧Ç├╝├╣_╧â┬½├«╧â├á┬┐╬úΓòò├ç╧âΓò¥├à_2026-08-16/02_╧âΓòûΓòù┬╡├¬Γòù╧Ç├╝├╣╬úΓò£┬ú┬╡├æ┬í╬ªΓöé├º┬╡├╗├û/SWITCH_LEDGER_v001.md
72213	╬ª┬┐├¬╧ä┬½├╣┬╡ΓîÉ╞Æ╧ä├▓Γûæ╬ª├╝Γéº_BRANCH_B_v049_FULL_HANDOFF_1944-08-04T24_2026-09-04/02_ORIGINAL_EXTRACTED_TREE/╬ª┬┐├¬╧ä┬½├╣┬╡ΓîÉ╞Æ╧ä├▓Γûæ╬ª├╝Γéº_BRANCH_B_v048_REAUDIT_FULL_RESUME_1944-02-20T24_2026-08-31/99_LEGACY_UNTOUCHED/╬ª┬┐├¬╧ä┬½├╣┬╡ΓîÉ╞Æ╧ä├▓Γûæ╬ª├╝Γéº_1941╬ÿ├╗├»┬╡├¬┬¬╧âΓòûΓòù┬╡├¬Γòù╧Ç├╝├╣_╧â├Ñ├¼╧ä├╢╞Æ╧ä├╢├║_v004_2026-08-18/90_╧â┬½├«╧â├á┬┐╬úΓòò├ç╧âΓò¥├à_╧â├ä╞Æ╧â├áΓòò╧Ç├⌐Γòú╧Ç├ó├¿╧Ç├ó├ó╧Ç├ó├╣╧Ç├⌐Γòû╧Ç├ó┬║╧Ç├ó├ó╧Ç├ó├¬/╬ª┬┐├¬╧ä┬½├╣┬╡ΓîÉ╞Æ╧ä├▓Γûæ╬ª├╝Γéº_1941╬ÿ├╗├»┬╡├¬┬¬╧âΓòûΓòù┬╡├¬Γòù╧Ç├╝├╣_╧â┬½├«╧â├á┬┐╬úΓòò├ç╧âΓò¥├à_2026-08-16/03_┬╡├▒┬ú╬ª┬┐├ä╬ªΓöé├º┬╡├╗├û_╬ª┬┐┬í╧â┬½├£┬╡┬í├║┬╡┬ú┬╝/00_╧âΓòòΓòò┬╡├û├⌐╧Ç├⌐Γöé╧Ç├óΓöé╧Ç├ó├Ñ╧Ç├⌐┬í╧Ç├⌐Γòú╧Ç├ó├¬_╧ä├í├╢╧äΓîÉΓòó╬ª┬¬├à╧äΓöñ├ñ╧Ç├╝┬┐┬╡┬í├║┬╡┬ú┬╝╧äΓöñ├│╧âΓò¥├▓.md
3417	╬ª┬┐├¬╧ä┬½├╣┬╡ΓîÉ╞Æ╧ä├▓Γûæ╬ª├╝Γéº_BRANCH_B_v049_FULL_HANDOFF_1944-08-04T24_2026-09-04/02_ORIGINAL_EXTRACTED_TREE/╬ª┬┐├¬╧ä┬½├╣┬╡ΓîÉ╞Æ╧ä├▓Γûæ╬ª├╝Γéº_BRANCH_B_v048_REAUDIT_FULL_RESUME_1944-02-20T24_2026-08-31/99_LEGACY_UNTOUCHED/╬ª┬┐├¬╧ä┬½├╣┬╡ΓîÉ╞Æ╧ä├▓Γûæ╬ª├╝Γéº_1941╬ÿ├╗├»┬╡├¬┬¬╧âΓòûΓòù┬╡├¬Γòù╧Ç├╝├╣_╧â├Ñ├¼╧ä├╢╞Æ╧ä├╢├║_v004_2026-08-18/90_╧â┬½├«╧â├á┬┐╬úΓòò├ç╧âΓò¥├à_╧â├ä╞Æ╧â├áΓòò╧Ç├⌐Γòú╧Ç├ó├¿╧Ç├ó├ó╧Ç├ó├╣╧Ç├⌐Γòû╧Ç├ó┬║╧Ç├ó├ó╧Ç├ó├¬/╬ª┬┐├¬╧ä┬½├╣┬╡ΓîÉ╞Æ╧ä├▓Γûæ╬ª├╝Γéº_1941╬ÿ├╗├»┬╡├¬┬¬╧âΓòûΓòù┬╡├¬Γòù╧Ç├╝├╣_╧â┬½├«╧â├á┬┐╬úΓòò├ç╧âΓò¥├à_2026-08-16/03_┬╡├▒┬ú╬ª┬┐├ä╬ªΓöé├º┬╡├╗├û_╬ª┬┐┬í╧â┬½├£┬╡┬í├║┬╡┬ú┬╝/100_╬ªΓöé├º┬╡├╗├û╧âΓòæ┬╜_2026-08-14_╬ÿ├ç├║╧â├ë├¬┬╡ΓòíΓòû╬ÿ├╝├»╧Ç├óΓòù╬ª┬íΓòû╬ª├¡┬ó┬╡Γöé├│╧â├à├¿╧ä┬ó├║┬╡╞ÆΓòù_Efate╧â├½├¼.md
3201	╬ª┬┐├¬╧ä┬½├╣┬╡ΓîÉ╞Æ╧ä├▓Γûæ╬ª├╝Γéº_BRANCH_B_v049_FULL_HANDOFF_1944-08-04T24_2026-09-04/02_ORIGINAL_EXTRACTED_TREE/╬ª┬┐├¬╧ä┬½├╣┬╡ΓîÉ╞Æ╧ä├▓Γûæ╬ª├╝Γéº_BRANCH_B_v048_REAUDIT_FULL_RESUME_1944-02-20T24_2026-08-31/99_LEGACY_UNTOUCHED/╬ª┬┐├¬╧ä┬½├╣┬╡ΓîÉ╞Æ╧ä├▓Γûæ╬ª├╝Γéº_1941╬ÿ├╗├»┬╡├¬┬¬╧âΓòûΓòù┬╡├¬Γòù╧Ç├╝├╣_╧â├Ñ├¼╧ä├╢╞Æ╧ä├╢├║_v004_2026-08-18/90_╧â┬½├«╧â├á┬┐╬úΓòò├ç╧âΓò¥├à_╧â├ä╞Æ╧â├áΓòò╧Ç├⌐Γòú╧Ç├ó├¿╧Ç├ó├ó╧Ç├ó├╣╧Ç├⌐Γòû╧Ç├ó┬║╧Ç├ó├ó╧Ç├ó├¬/╬ª┬┐├¬╧ä┬½├╣┬╡ΓîÉ╞Æ╧ä├▓Γûæ╬ª├╝Γéº_1941╬ÿ├╗├»┬╡├¬┬¬╧âΓòûΓòù┬╡├¬Γòù╧Ç├╝├╣_╧â┬½├«╧â├á┬┐╬úΓòò├ç╧âΓò¥├à_2026-08-16/03_┬╡├▒┬ú╬ª┬┐├ä╬ªΓöé├º┬╡├╗├û_╬ª┬┐┬í╧â┬½├£┬╡┬í├║┬╡┬ú┬╝/101_╬ªΓöé├º┬╡├╗├û╧âΓòæ┬╜_2026-08-14_┬╡┬╝┬║╧âΓòûΓéº┬╡├╣├æ╧ä┬┐├»┬╡Γöé├│╧â├à├¿╧â├Ñ├¼╧ä┬ó├║┬╡╞ÆΓòù_Efate╧â├½├¼.md
3216	╬ª┬┐├¬╧ä┬½├╣┬╡ΓîÉ╞Æ╧ä├▓Γûæ╬ª├╝Γéº_BRANCH_B_v049_FULL_HANDOFF_1944-08-04T24_2026-09-04/02_ORIGINAL_EXTRACTED_TREE/╬ª┬┐├¬╧ä┬½├╣┬╡ΓîÉ╞Æ╧ä├▓Γûæ╬ª├╝Γéº_BRANCH_B_v048_REAUDIT_FULL_RESUME_1944-02-20T24_2026-08-31/99_LEGACY_UNTOUCHED/╬ª┬┐├¬╧ä┬½├╣┬╡ΓîÉ╞Æ╧ä├▓Γûæ╬ª├╝Γéº_1941╬ÿ├╗├»┬╡├¬┬¬╧âΓòûΓòù┬╡├¬Γòù╧Ç├╝├╣_╧â├Ñ├¼╧ä├╢╞Æ╧ä├╢├║_v004_2026-08-18/90_╧â┬½├«╧â├á┬┐╬úΓòò├ç╧âΓò¥├à_╧â├ä╞Æ╧â├áΓòò╧Ç├⌐Γòú╧Ç├ó├¿╧Ç├ó├ó╧Ç├ó├╣╧Ç├⌐Γòû╧Ç├ó┬║╧Ç├ó├ó╧Ç├ó├¬/╬ª┬┐├¬╧ä┬½├╣┬╡ΓîÉ╞Æ╧ä├▓Γûæ╬ª├╝Γéº_1941╬ÿ├╗├»┬╡├¬┬¬╧âΓòûΓòù┬╡├¬Γòù╧Ç├╝├╣_╧â┬½├«╧â├á┬┐╬úΓòò├ç╧âΓò¥├à_2026-08-16/03_┬╡├▒┬ú╬ª┬┐├ä╬ªΓöé├º┬╡├╗├û_╬ª┬┐┬í╧â┬½├£┬╡┬í├║┬╡┬ú┬╝/102_╬ªΓöé├º┬╡├╗├û╧âΓòæ┬╜_2026-08-14_Efate╧ä├ñ├¡╧â├¿┬ó╧â├«├╗╬úΓò£┬ú┬╡├¬┬¬╧ä├│Γòæ╧â┬½├£_╧ä┬╝┬╝╬úΓòæ├«┬╡┬╝├¡Midway╧â├Ñ├¼┬╡├ä├æ╧äΓòó├£╧â├½├¼.md
3101	╬ª┬┐├¬╧ä┬½├╣┬╡ΓîÉ╞Æ╧ä├▓Γûæ╬ª├╝Γéº_BRANCH_B_v049_FULL_HANDOFF_1944-08-04T24_2026-09-04/02_ORIGINAL_EXTRACTED_TREE/╬ª┬┐├¬╧ä┬½├╣┬╡ΓîÉ╞Æ╧ä├▓Γûæ╬ª├╝Γéº_BRANCH_B_v048_REAUDIT_FULL_RESUME_1944-02-20T24_2026-08-31/99_LEGACY_UNTOUCHED/╬ª┬┐├¬╧ä┬½├╣┬╡ΓîÉ╞Æ╧ä├▓Γûæ╬ª├╝Γéº_1941╬ÿ├╗├»┬╡├¬┬¬╧âΓòûΓòù┬╡├¬Γòù╧Ç├╝├╣_╧â├Ñ├¼╧ä├╢╞Æ╧ä├╢├║_v004_2026-08-18/90_╧â┬½├«╧â├á┬┐╬úΓòò├ç╧âΓò¥├à_╧â├ä╞Æ╧â├áΓòò╧Ç├⌐Γòú╧Ç├ó├¿╧Ç├ó├ó╧Ç├ó├╣╧Ç├⌐Γòû╧Ç├ó┬║╧Ç├ó├ó╧Ç├ó├¬/╬ª┬┐├¬╧ä┬½├╣┬╡ΓîÉ╞Æ╧ä├▓Γûæ╬ª├╝Γéº_1941╬ÿ├╗├»┬╡├¬┬¬╧âΓòûΓòù┬╡├¬Γòù╧Ç├╝├╣_╧â┬½├«╧â├á┬┐╬úΓòò├ç╧âΓò¥├à_2026-08-16/03_┬╡├▒┬ú╬ª┬┐├ä╬ªΓöé├º┬╡├╗├û_╬ª┬┐┬í╧â┬½├£┬╡┬í├║┬╡┬ú┬╝/103_╬ªΓöé├º┬╡├╗├û╧âΓòæ┬╜_2026-08-14_╧ä┬╝┬╝╬úΓòæ├«┬╡┬╝├¡Midway╧â├Ñ├¼╬ª┬┐├¬╧ä┬½├╣╧ä├│Γòæ╧â┬½├£_GALVANIC╧â├Ñ├¼╧ä┬ó├║┬╡╞ÆΓòù╧â├½├¼.md
2750	╬ª┬┐├¬╧ä┬½├╣┬╡ΓîÉ╞Æ╧ä├▓Γûæ╬ª├╝Γéº_BRANCH_B_v049_FULL_HANDOFF_1944-08-04T24_2026-09-04/02_ORIGINAL_EXTRACTED_TREE/╬ª┬┐├¬╧ä┬½├╣┬╡ΓîÉ╞Æ╧ä├▓Γûæ╬ª├╝Γéº_BRANCH_B_v048_REAUDIT_FULL_RESUME_1944-02-20T24_2026-08-31/99_LEGACY_UNTOUCHED/╬ª┬┐├¬╧ä┬½├╣┬╡ΓîÉ╞Æ╧ä├▓Γûæ╬ª├╝Γéº_1941╬ÿ├╗├»┬╡├¬┬¬╧âΓòûΓòù┬╡├¬Γòù╧Ç├╝├╣_╧â├Ñ├¼╧ä├╢╞Æ╧ä├╢├║_v004_2026-08-18/90_╧â┬½├«╧â├á┬┐╬úΓòò├ç╧âΓò¥├à_╧â├ä╞Æ╧â├áΓòò╧Ç├⌐Γòú╧Ç├ó├¿╧Ç├ó├ó╧Ç├ó├╣╧Ç├⌐Γòû╧Ç├ó┬║╧Ç├ó├ó╧Ç├ó├¬/╬ª┬┐├¬╧ä┬½├╣┬╡ΓîÉ╞Æ╧ä├▓Γûæ╬ª├╝Γéº_1941╬ÿ├╗├»┬╡├¬┬¬╧âΓòûΓòù┬╡├¬Γòù╧Ç├╝├╣_╧â┬½├«╧â├á┬┐╬úΓòò├ç╧âΓò¥├à_2026-08-16/03_┬╡├▒┬ú╬ª┬┐├ä╬ªΓöé├º┬╡├╗├û_╬ª┬┐┬í╧â┬½├£┬╡┬í├║┬╡┬ú┬╝/104_╬ªΓöé├º┬╡├╗├û╧âΓòæ┬╜_2026-08-14_┬╡ΓûæΓöñ╬úΓòò├¿╬ª├½┬¬╧â├ç├»╬ª├½┬¬╧â├Ñ├¼┬╡Γöé┬┐╧â├á├æ╧ä├│Γòæ╧â┬½├£_GALVANIC╧â├Ñ├¼╧ä┬ó├║┬╡╞ÆΓòù╬ªΓòíΓòû╧ä├⌐Γòú.md
3130	╬ª┬┐├¬╧ä┬½├╣┬╡ΓîÉ╞Æ╧ä├▓Γûæ╬ª├╝Γéº_BRANCH_B_v049_FULL_HANDOFF_1944-08-04T24_2026-09-04/02_ORIGINAL_EXTRACTED_TREE/╬ª┬┐├¬╧ä┬½├╣┬╡ΓîÉ╞Æ╧ä├▓Γûæ╬ª├╝Γéº_BRANCH_B_v048_REAUDIT_FULL_RESUME_1944-02-20T24_2026-08-31/99_LEGACY_UNTOUCHED/╬ª┬┐├¬╧ä┬½├╣┬╡ΓîÉ╞Æ╧ä├▓Γûæ╬ª├╝Γéº_1941╬ÿ├╗├»┬╡├¬┬¬╧âΓòûΓòù┬╡├¬Γòù╧Ç├╝├╣_╧â├Ñ├¼╧ä├╢╞Æ╧ä├╢├║_v004_2026-08-18/90_╧â┬½├«╧â├á┬┐╬úΓòò├ç╧âΓò¥├à_╧â├ä╞Æ╧â├áΓòò╧Ç├⌐Γòú╧Ç├ó├¿╧Ç├ó├ó╧Ç├ó├╣╧Ç├⌐Γòû╧Ç├ó┬║╧Ç├ó├ó╧Ç├ó├¬/╬ª┬┐├¬╧ä┬½├╣┬╡ΓîÉ╞Æ╧ä├▓Γûæ╬ª├╝Γéº_1941╬ÿ├╗├»┬╡├¬┬¬╧âΓòûΓòù┬╡├¬Γòù╧Ç├╝├╣_╧â┬½├«╧â├á┬┐╬úΓòò├ç╧âΓò¥├à_2026-08-16/03_┬╡├▒┬ú╬ª┬┐├ä╬ªΓöé├º┬╡├╗├û_╬ª┬┐┬í╧â┬½├£┬╡┬í├║┬╡┬ú┬╝/105_╬ªΓöé├º┬╡├╗├û╧âΓòæ┬╜_2026-08-14_GALVANIC┬╡ΓûæΓöñ╬úΓòò├¿╬ª├½┬¬╧Ç├óΓòù╧â├áΓòí╧ä┬╜├û╧â├Ñ├¼╧ä┬ó├║┬╡╞ÆΓòù╧ä├│Γòæ╧â┬½├£_Marshall╧â├Ñ├¼╬ª┬┐├¬╧ä┬½├╣╧â├½├¼.md
1876	╬ª┬┐├¬╧ä┬½├╣┬╡ΓîÉ╞Æ╧ä├▓Γûæ╬ª├╝Γéº_BRANCH_B_v049_FULL_HANDOFF_1944-08-04T24_2026-09-04/02_ORIGINAL_EXTRACTED_TREE/╬ª┬┐├¬╧ä┬½├╣┬╡ΓîÉ╞Æ╧ä├▓Γûæ╬ª├╝Γéº_BRANCH_B_v048_REAUDIT_FULL_RESUME_1944-02-20T24_2026-08-31/99_LEGACY_UNTOUCHED/╬ª┬┐├¬╧ä┬½├╣┬╡ΓîÉ╞Æ╧ä├▓Γûæ╬ª├╝Γéº_1941╬ÿ├╗├»┬╡├¬┬¬╧âΓòûΓòù┬╡├¬Γòù╧Ç├╝├╣_╧â├Ñ├¼╧ä├╢╞Æ╧ä├╢├║_v004_2026-08-18/90_╧â┬½├«╧â├á┬┐╬úΓòò├ç╧âΓò¥├à_╧â├ä╞Æ╧â├áΓòò╧Ç├⌐Γòú╧Ç├ó├¿╧Ç├ó├ó╧Ç├ó├╣╧Ç├⌐Γòû╧Ç├ó┬║╧Ç├ó├ó╧Ç├ó├¬/╬ª┬┐├¬╧ä┬½├╣┬╡ΓîÉ╞Æ╧ä├▓Γûæ╬ª├╝Γéº_1941╬ÿ├╗├»┬╡├¬┬¬╧âΓòûΓòù┬╡├¬Γòù╧Ç├╝├╣_╧â┬½├«╧â├á┬┐╬úΓòò├ç╧âΓò¥├à_2026-08-16/03_┬╡├▒┬ú╬ª┬┐├ä╬ªΓöé├º┬╡├╗├û_╬ª┬┐┬í╧â┬½├£┬╡┬í├║┬╡┬ú┬╝/106_╬ªΓöé├º┬╡├╗├û╧âΓòæ┬╜_2026-08-14_╧ä├àΓò¢╧â┬ú┬┐╧â┬úΓûæ╧âΓòû┬½╧â├¬├Ñ╧ä├│Γòæ╬ª┬¼├¼_Marshall╧â├Ñ├¼╬ª┬┐├¬╧ä┬½├╣╧â├¬┬Ñ┬╡┬ú╞Æ┬╡┬Ñ├¡╬úΓòùΓòó╧ä├│Γòæ╧â┬½├£.md
2388	╬ª┬┐├¬╧ä┬½├╣┬╡ΓîÉ╞Æ╧ä├▓Γûæ╬ª├╝Γéº_BRANCH_B_v049_FULL_HANDOFF_1944-08-04T24_2026-09-04/02_ORIGINAL_EXTRACTED_TREE/╬ª┬┐├¬╧ä┬½├╣┬╡ΓîÉ╞Æ╧ä├▓Γûæ╬ª├╝Γéº_BRANCH_B_v048_REAUDIT_FULL_RESUME_1944-02-20T24_2026-08-31/99_LEGACY_UNTOUCHED/╬ª┬┐├¬╧ä┬½├╣┬╡ΓîÉ╞Æ╧ä├▓Γûæ╬ª├╝Γéº_1941╬ÿ├╗├»┬╡├¬┬¬╧âΓòûΓòù┬╡├¬Γòù╧Ç├╝├╣_╧â├Ñ├¼╧ä├╢╞Æ╧ä├╢├║_v004_2026-08-18/90_╧â┬½├«╧â├á┬┐╬úΓòò├ç╧âΓò¥├à_╧â├ä╞Æ╧â├áΓòò╧Ç├⌐Γòú╧Ç├ó├¿╧Ç├ó├ó╧Ç├ó├╣╧Ç├⌐Γòû╧Ç├ó┬║╧Ç├ó├ó╧Ç├ó├¬/╬ª┬┐├¬╧ä┬½├╣┬╡ΓîÉ╞Æ╧ä├▓Γûæ╬ª├╝Γéº_1941╬ÿ├╗├»┬╡├¬┬¬╧âΓòûΓòù┬╡├¬Γòù╧Ç├╝├╣_╧â┬½├«╧â├á┬┐╬úΓòò├ç╧âΓò¥├à_2026-08-16/03_┬╡├▒┬ú╬ª┬┐├ä╬ªΓöé├º┬╡├╗├û_╬ª┬┐┬í╧â┬½├£┬╡┬í├║┬╡┬ú┬╝/107_╬ªΓöé├º┬╡├╗├û╧âΓòæ┬╜_2026-08-14_Marshall╧â├Ñ├¼╧ä┬ó├║┬╡╞ÆΓòù╧ä├│Γòæ╧â┬½├£_Truk╧â├Ñ├¼╧ä┬ó├║┬╡╞ÆΓòù╧â├½├¼.md
3239	╬ª┬┐├¬╧ä┬½├╣┬╡ΓîÉ╞Æ╧ä├▓Γûæ╬ª├╝Γéº_BRANCH_B_v049_FULL_HANDOFF_1944-08-04T24_2026-09-04/02_ORIGINAL_EXTRACTED_TREE/╬ª┬┐├¬╧ä┬½├╣┬╡ΓîÉ╞Æ╧ä├▓Γûæ╬ª├╝Γéº_BRANCH_B_v048_REAUDIT_FULL_RESUME_1944-02-20T24_2026-08-31/99_LEGACY_UNTOUCHED/╬ª┬┐├¬╧ä┬½├╣┬╡ΓîÉ╞Æ╧ä├▓Γûæ╬ª├╝Γéº_1941╬ÿ├╗├»┬╡├¬┬¬╧âΓòûΓòù┬╡├¬Γòù╧Ç├╝├╣_╧â├Ñ├¼╧ä├╢╞Æ╧ä├╢├║_v004_2026-08-18/90_╧â┬½├«╧â├á┬┐╬úΓòò├ç╧âΓò¥├à_╧â├ä╞Æ╧â├áΓòò╧Ç├⌐Γòú╧Ç├ó├¿╧Ç├ó├ó╧Ç├ó├╣╧Ç├⌐Γòû╧Ç├ó┬║╧Ç├ó├ó╧Ç├ó├¬/╬ª┬┐├¬╧ä┬½├╣┬╡ΓîÉ╞Æ╧ä├▓Γûæ╬ª├╝Γéº_1941╬ÿ├╗├»┬╡├¬┬¬╧âΓòûΓòù┬╡├¬Γòù╧Ç├╝├╣_╧â┬½├«╧â├á┬┐╬úΓòò├ç╧âΓò¥├à_2026-08-16/03_┬╡├▒┬ú╬ª┬┐├ä╬ªΓöé├º┬╡├╗├û_╬ª┬┐┬í╧â┬½├£┬╡┬í├║┬╡┬ú┬╝/108_╬ªΓöé├º┬╡├╗├û╧âΓòæ┬╜_2026-08-14_Truk╧Ç├óΓòùEniwetok╧ä├│Γòæ╧â┬½├£_Palau╧â├Ñ├¼╧ä┬ó├║┬╡╞ÆΓòù╧â├½├¼.md
4218	╬ª┬┐├¬╧ä┬½├╣┬╡ΓîÉ╞Æ╧ä├▓Γûæ╬ª├╝Γéº_BRANCH_B_v049_FULL_HANDOFF_1944-08-04T24_2026-09-04/02_ORIGINAL_EXTRACTED_TREE/╬ª┬┐├¬╧ä┬½├╣┬╡ΓîÉ╞Æ╧ä├▓Γûæ╬ª├╝Γéº_BRANCH_B_v048_REAUDIT_FULL_RESUME_1944-02-20T24_2026-08-31/99_LEGACY_UNTOUCHED/╬ª┬┐├¬╧ä┬½├╣┬╡ΓîÉ╞Æ╧ä├▓Γûæ╬ª├╝Γéº_1941╬ÿ├╗├»┬╡├¬┬¬╧âΓòûΓòù┬╡├¬Γòù╧Ç├╝├╣_╧â├Ñ├¼╧ä├╢╞Æ╧ä├╢├║_v004_2026-08-18/90_╧â┬½├«╧â├á┬┐╬úΓòò├ç╧âΓò¥├à_╧â├ä╞Æ╧â├áΓòò╧Ç├⌐Γòú╧Ç├ó├¿╧Ç├ó├ó╧Ç├ó├╣╧Ç├⌐Γòû╧Ç├ó┬║╧Ç├ó├ó╧Ç├ó├¬/╬ª┬┐├¬╧ä┬½├╣┬╡ΓîÉ╞Æ╧ä├▓Γûæ╬ª├╝Γéº_1941╬ÿ├╗├»┬╡├¬┬¬╧âΓòûΓòù┬╡├¬Γòù╧Ç├╝├╣_╧â┬½├«╧â├á┬┐╬úΓòò├ç╧âΓò¥├à_2026-08-16/03_┬╡├▒┬ú╬ª┬┐├ä╬ªΓöé├º┬╡├╗├û_╬ª┬┐┬í╧â┬½├£┬╡┬í├║┬╡┬ú┬╝/109_╬ªΓöé├º┬╡├╗├û╧âΓòæ┬╜_2026-08-14_Palau╧ä├│Γòæ╧â┬½├£_Marianas╧ä┬óΓöñ╧â├½├¼╧â┬½╞Æ╬ª├½┬¬╧â├àΓûæ╧âΓòòΓöé╧ä├│Γòæ╧â┬½├£_FORAGER╧â├Ñ├¼╬ª┬┐├¬╧ä┬½├╣╧â├½├¼.md
45630	╬ª┬┐├¬╧ä┬½├╣┬╡ΓîÉ╞Æ╧ä├▓Γûæ╬ª├╝Γéº_BRANCH_B_v049_FULL_HANDOFF_1944-08-04T24_2026-09-04/02_ORIGINAL_EXTRACTED_TREE/╬ª┬┐├¬╧ä┬½├╣┬╡ΓîÉ╞Æ╧ä├▓Γûæ╬ª├╝Γéº_BRANCH_B_v048_REAUDIT_FULL_RESUME_1944-02-20T24_2026-08-31/99_LEGACY_UNTOUCHED/╬ª┬┐├¬╧ä┬½├╣┬╡ΓîÉ╞Æ╧ä├▓Γûæ╬ª├╝Γéº_1941╬ÿ├╗├»┬╡├¬┬¬╧âΓòûΓòù┬╡├¬Γòù╧Ç├╝├╣_╧â├Ñ├¼╧ä├╢╞Æ╧ä├╢├║_v004_2026-08-18/90_╧â┬½├«╧â├á┬┐╬úΓòò├ç╧âΓò¥├à_╧â├ä╞Æ╧â├áΓòò╧Ç├⌐Γòú╧Ç├ó├¿╧Ç├ó├ó╧Ç├ó├╣╧Ç├⌐Γòû╧Ç├ó┬║╧Ç├ó├ó╧Ç├ó├¬/╬ª┬┐├¬╧ä┬½├╣┬╡ΓîÉ╞Æ╧ä├▓Γûæ╬ª├╝Γéº_1941╬ÿ├╗├»┬╡├¬┬¬╧âΓòûΓòù┬╡├¬Γòù╧Ç├╝├╣_╧â┬½├«╧â├á┬┐╬úΓòò├ç╧âΓò¥├à_2026-08-16/03_┬╡├▒┬ú╬ª┬┐├ä╬ªΓöé├º┬╡├╗├û_╬ª┬┐┬í╧â┬½├£┬╡┬í├║┬╡┬ú┬╝/10_┬╡ΓûæΓöñ╬úΓòò├¿╬ª├½┬¬_╬ÿ┬║├Ñ╬ÿ├ç├ë╬ª├½┬¬╧Ç├óΓòù┬╡├¬┬¬╬ª├½┬¬┬╡├╢Γòú╬ª├║├á╧Ç├óΓòù╧â├▒┬║╧â├å├«╧âΓéº├».md
2040	╬ª┬┐├¬╧ä┬½├╣┬╡ΓîÉ╞Æ╧ä├▓Γûæ╬ª├╝Γéº_BRANCH_B_v049_FULL_HANDOFF_1944-08-04T24_2026-09-04/02_ORIGINAL_EXTRACTED_TREE/╬ª┬┐├¬╧ä┬½├╣┬╡ΓîÉ╞Æ╧ä├▓Γûæ╬ª├╝Γéº_BRANCH_B_v048_REAUDIT_FULL_RESUME_1944-02-20T24_2026-08-31/99_LEGACY_UNTOUCHED/╬ª┬┐├¬╧ä┬½├╣┬╡ΓîÉ╞Æ╧ä├▓Γûæ╬ª├╝Γéº_1941╬ÿ├╗├»┬╡├¬┬¬╧âΓòûΓòù┬╡├¬Γòù╧Ç├╝├╣_╧â├Ñ├¼╧ä├╢╞Æ╧ä├╢├║_v004_2026-08-18/90_╧â┬½├«╧â├á┬┐╬úΓòò├ç╧âΓò¥├à_╧â├ä╞Æ╧â├áΓòò╧Ç├⌐Γòú╧Ç├ó├¿╧Ç├ó├ó╧Ç├ó├╣╧Ç├⌐Γòû╧Ç├ó┬║╧Ç├ó├ó╧Ç├ó├¬/╬ª┬┐├¬╧ä┬½├╣┬╡ΓîÉ╞Æ╧ä├▓Γûæ╬ª├╝Γéº_1941╬ÿ├╗├»┬╡├¬┬¬╧âΓòûΓòù┬╡├¬Γòù╧Ç├╝├╣_╧â┬½├«╧â├á┬┐╬úΓòò├ç╧âΓò¥├à_2026-08-16/03_┬╡├▒┬ú╬ª┬┐├ä╬ªΓöé├º┬╡├╗├û_╬ª┬┐┬í╧â┬½├£┬╡┬í├║┬╡┬ú┬╝/110_╬ªΓöé├º┬╡├╗├û╧âΓòæ┬╜_2026-08-14_OVERLORD╧â├Ñ├¼╧ä├│Γòæ╬ª┬¼├¼╧ä├│Γòæ╧â┬½├£_FORAGER╧â├Ñ├¼╬ÿ├╗├»╧â├½├¼.md
2996	╬ª┬┐├¬╧ä┬½├╣┬╡ΓîÉ╞Æ╧ä├▓Γûæ╬ª├╝Γéº_BRANCH_B_v049_FULL_HANDOFF_1944-08-04T24_2026-09-04/02_ORIGINAL_EXTRACTED_TREE/╬ª┬┐├¬╧ä┬½├╣┬╡ΓîÉ╞Æ╧ä├▓Γûæ╬ª├╝Γéº_BRANCH_B_v048_REAUDIT_FULL_RESUME_1944-02-20T24_2026-08-31/99_LEGACY_UNTOUCHED/╬ª┬┐├¬╧ä┬½├╣┬╡ΓîÉ╞Æ╧ä├▓Γûæ╬ª├╝Γéº_1941╬ÿ├╗├»┬╡├¬┬¬╧âΓòûΓòù┬╡├¬Γòù╧Ç├╝├╣_╧â├Ñ├¼╧ä├╢╞Æ╧ä├╢├║_v004_2026-08-18/90_╧â┬½├«╧â├á┬┐╬úΓòò├ç╧âΓò¥├à_╧â├ä╞Æ╧â├áΓòò╧Ç├⌐Γòú╧Ç├ó├¿╧Ç├ó├ó╧Ç├ó├╣╧Ç├⌐Γòû╧Ç├ó┬║╧Ç├ó├ó╧Ç├ó├¬/╬ª┬┐├¬╧ä┬½├╣┬╡ΓîÉ╞Æ╧ä├▓Γûæ╬ª├╝Γéº_1941╬ÿ├╗├»┬╡├¬┬¬╧âΓòûΓòù┬╡├¬Γòù╧Ç├╝├╣_╧â┬½├«╧â├á┬┐╬úΓòò├ç╧âΓò¥├à_2026-08-16/03_┬╡├▒┬ú╬ª┬┐├ä╬ªΓöé├º┬╡├╗├û_╬ª┬┐┬í╧â┬½├£┬╡┬í├║┬╡┬ú┬╝/111_╬ªΓöé├º┬╡├╗├û╧âΓòæ┬╜_2026-08-14_FORAGER╧â├½├¼╧â├┤┬┐╧Ç├óΓòù╧Ç├ó├▓╧Ç├⌐├║╧Ç├ó┬¼╧Ç├ó├╢╧Ç├óΓöé┬╡ΓòíΓòû┬╡ΓûÆΓòæ┬╡├¬┬¬╧ä├│Γòæ╧â┬½├£_SaipanD+1.md
2512	╬ª┬┐├¬╧ä┬½├╣┬╡ΓîÉ╞Æ╧ä├▓Γûæ╬ª├╝Γéº_BRANCH_B_v049_FULL_HANDOFF_1944-08-04T24_2026-09-04/02_ORIGINAL_EXTRACTED_TREE/╬ª┬┐├¬╧ä┬½├╣┬╡ΓîÉ╞Æ╧ä├▓Γûæ╬ª├╝Γéº_BRANCH_B_v048_REAUDIT_FULL_RESUME_1944-02-20T24_2026-08-31/99_LEGACY_UNTOUCHED/╬ª┬┐├¬╧ä┬½├╣┬╡ΓîÉ╞Æ╧ä├▓Γûæ╬ª├╝Γéº_1941╬ÿ├╗├»┬╡├¬┬¬╧âΓòûΓòù┬╡├¬Γòù╧Ç├╝├╣_╧â├Ñ├¼╧ä├╢╞Æ╧ä├╢├║_v004_2026-08-18/90_╧â┬½├«╧â├á┬┐╬úΓòò├ç╧âΓò¥├à_╧â├ä╞Æ╧â├áΓòò╧Ç├⌐Γòú╧Ç├ó├¿╧Ç├ó├ó╧Ç├ó├╣╧Ç├⌐Γòû╧Ç├ó┬║╧Ç├ó├ó╧Ç├ó├¬/╬ª┬┐├¬╧ä┬½├╣┬╡ΓîÉ╞Æ╧ä├▓Γûæ╬ª├╝Γéº_1941╬ÿ├╗├»┬╡├¬┬¬╧âΓòûΓòù┬╡├¬Γòù╧Ç├╝├╣_╧â┬½├«╧â├á┬┐╬úΓòò├ç╧âΓò¥├à_2026-08-16/03_┬╡├▒┬ú╬ª┬┐├ä╬ªΓöé├º┬╡├╗├û_╬ª┬┐┬í╧â┬½├£┬╡┬í├║┬╡┬ú┬╝/112_╬ªΓöé├º┬╡├╗├û╧âΓòæ┬╜_2026-08-14_┬╡├¬┬¬╬ª├¡├┤╧ä├í├╢╬ÿ├ªΓò£╧â├Ñ├¼╧ä┬ó├║┬╡╞ÆΓòù╧ä├│Γòæ╧â┬½├£_FORAGER╧âΓòûΓòù┬╡├¬Γòù╧Ç├╝├╣.md
2130	╬ª┬┐├¬╧ä┬½├╣┬╡ΓîÉ╞Æ╧ä├▓Γûæ╬ª├╝Γéº_BRANCH_B_v049_FULL_HANDOFF_1944-08-04T24_2026-09-04/02_ORIGINAL_EXTRACTED_TREE/╬ª┬┐├¬╧ä┬½├╣┬╡ΓîÉ╞Æ╧ä├▓Γûæ╬ª├╝Γéº_BRANCH_B_v048_REAUDIT_FULL_RESUME_1944-02-20T24_2026-08-31/99_LEGACY_UNTOUCHED/╬ª┬┐├¬╧ä┬½├╣┬╡ΓîÉ╞Æ╧ä├▓Γûæ╬ª├╝Γéº_1941╬ÿ├╗├»┬╡├¬┬¬╧âΓòûΓòù┬╡├¬Γòù╧Ç├╝├╣_╧â├Ñ├¼╧ä├╢╞Æ╧ä├╢├║_v004_2026-08-18/90_╧â┬½├«╧â├á┬┐╬úΓòò├ç╧âΓò¥├à_╧â├ä╞Æ╧â├áΓòò╧Ç├⌐Γòú╧Ç├ó├¿╧Ç├ó├ó╧Ç├ó├╣╧Ç├⌐Γòû╧Ç├ó┬║╧Ç├ó├ó╧Ç├ó├¬/╬ª┬┐├¬╧ä┬½├╣┬╡ΓîÉ╞Æ╧ä├▓Γûæ╬ª├╝Γéº_1941╬ÿ├╗├»┬╡├¬┬¬╧âΓòûΓòù┬╡├¬Γòù╧Ç├╝├╣_╧â┬½├«╧â├á┬┐╬úΓòò├ç╧âΓò¥├à_2026-08-16/03_┬╡├▒┬ú╬ª┬┐├ä╬ªΓöé├º┬╡├╗├û_╬ª┬┐┬í╧â┬½├£┬╡┬í├║┬╡┬ú┬╝/113_╬ªΓöé├º┬╡├╗├û╧âΓòæ┬╜_2026-08-14_╧äΓîÉΓòæ╧â┬úΓûæ╧â├¬├Ñ╬ÿ┬ó├│╧Ç├óΓòù┬╡├╢Γòù╬ÿ├┐Γûô╧â┬╗Γò¢┬╡├¿├╣┬╡├¬┬¬╬ª├¡├┤╧ä├│Γòæ╧â┬½├£_FORAGER╧â├Ñ├¼╬ª┬┐├¬╧ä┬½├╣╧â├½├¼.md
3730	╬ª┬┐├¬╧ä┬½├╣┬╡ΓîÉ╞Æ╧ä├▓Γûæ╬ª├╝Γéº_BRANCH_B_v049_FULL_HANDOFF_1944-08-04T24_2026-09-04/02_ORIGINAL_EXTRACTED_TREE/╬ª┬┐├¬╧ä┬½├╣┬╡ΓîÉ╞Æ╧ä├▓Γûæ╬ª├╝Γéº_BRANCH_B_v048_REAUDIT_FULL_RESUME_1944-02-20T24_2026-08-31/99_LEGACY_UNTOUCHED/╬ª┬┐├¬╧ä┬½├╣┬╡ΓîÉ╞Æ╧ä├▓Γûæ╬ª├╝Γéº_1941╬ÿ├╗├»┬╡├¬┬¬╧âΓòûΓòù┬╡├¬Γòù╧Ç├╝├╣_╧â├Ñ├¼╧ä├╢╞Æ╧ä├╢├║_v004_2026-08-18/90_╧â┬½├«╧â├á┬┐╬úΓòò├ç╧âΓò¥├à_╧â├ä╞Æ╧â├áΓòò╧Ç├⌐Γòú╧Ç├ó├¿╧Ç├ó├ó╧Ç├ó├╣╧Ç├⌐Γòû╧Ç├ó┬║╧Ç├ó├ó╧Ç├ó├¬/╬ª┬┐├¬╧ä┬½├╣┬╡ΓîÉ╞Æ╧ä├▓Γûæ╬ª├╝Γéº_1941╬ÿ├╗├»┬╡├¬┬¬╧âΓòûΓòù┬╡├¬Γòù╧Ç├╝├╣_╧â┬½├«╧â├á┬┐╬úΓòò├ç╧âΓò¥├à_2026-08-16/03_┬╡├▒┬ú╬ª┬┐├ä╬ªΓöé├º┬╡├╗├û_╬ª┬┐┬í╧â┬½├£┬╡┬í├║┬╡┬ú┬╝/114_╬ªΓöé├º┬╡├╗├û╧âΓòæ┬╜_2026-08-14_╬ª├¬┬¼╧äΓîÉΓòæ╬úΓòæΓòæ╬úΓòæ├»╧âΓò¢┬¼╧ä├åΓûæ╧Ç├óΓòù╧äΓòûΓöñ╧âΓòæ┬¬╧âΓòúΓöé┬╡Γòæ├╗╧â├«├╗╧ä├│Γòæ╧â┬½├£_FORAGER╧â├Ñ├¼╬ª┬┐├¬╧ä┬½├╣╧â├½├¼.md
2104	╬ª┬┐├¬╧ä┬½├╣┬╡ΓîÉ╞Æ╧ä├▓Γûæ╬ª├╝Γéº_BRANCH_B_v049_FULL_HANDOFF_1944-08-04T24_2026-09-04/02_ORIGINAL_EXTRACTED_TREE/╬ª┬┐├¬╧ä┬½├╣┬╡ΓîÉ╞Æ╧ä├▓Γûæ╬ª├╝Γéº_BRANCH_B_v048_REAUDIT_FULL_RESUME_1944-02-20T24_2026-08-31/99_LEGACY_UNTOUCHED/╬ª┬┐├¬╧ä┬½├╣┬╡ΓîÉ╞Æ╧ä├▓Γûæ╬ª├╝Γéº_1941╬ÿ├╗├»┬╡├¬┬¬╧âΓòûΓòù┬╡├¬Γòù╧Ç├╝├╣_╧â├Ñ├¼╧ä├╢╞Æ╧ä├╢├║_v004_2026-08-18/90_╧â┬½├«╧â├á┬┐╬úΓòò├ç╧âΓò¥├à_╧â├ä╞Æ╧â├áΓòò╧Ç├⌐Γòú╧Ç├ó├¿╧Ç├ó├ó╧Ç├ó├╣╧Ç├⌐Γòû╧Ç├ó┬║╧Ç├ó├ó╧Ç├ó├¬/╬ª┬┐├¬╧ä┬½├╣┬╡ΓîÉ╞Æ╧ä├▓Γûæ╬ª├╝Γéº_1941╬ÿ├╗├»┬╡├¬┬¬╧âΓòûΓòù┬╡├¬Γòù╧Ç├╝├╣_╧â┬½├«╧â├á┬┐╬úΓòò├ç╧âΓò¥├à_2026-08-16/03_┬╡├▒┬ú╬ª┬┐├ä╬ªΓöé├º┬╡├╗├û_╬ª┬┐┬í╧â┬½├£┬╡┬í├║┬╡┬ú┬╝/115_╬ªΓöé├º┬╡├╗├û╧âΓòæ┬╜_2026-08-14_╬ª├¬┬¼╧äΓîÉΓòæ┬╡ΓîÉ╞Æ┬╡├¿├ç╬ª├¡├┤┬╡├û├⌐╧äΓöéΓòù╧â├¬├╣╧ä┬ó├║┬╡╞ÆΓòù╬ÿ├╗├»╧â┬║├»_╧Ç├⌐Γò£╧Ç├ó├▓╧Ç├ó├¬╧äΓòíΓûÆ╧â├ë├¬╧Ç├⌐Γûô╧Ç├óΓò¥╧Ç├ó├¬.md
6846	╬ª┬┐├¬╧ä┬½├╣┬╡ΓîÉ╞Æ╧ä├▓Γûæ╬ª├╝Γéº_BRANCH_B_v049_FULL_HANDOFF_1944-08-04T24_2026-09-04/02_ORIGINAL_EXTRACTED_TREE/╬ª┬┐├¬╧ä┬½├╣┬╡ΓîÉ╞Æ╧ä├▓Γûæ╬ª├╝Γéº_BRANCH_B_v048_REAUDIT_FULL_RESUME_1944-02-20T24_2026-08-31/99_LEGACY_UNTOUCHED/╬ª┬┐├¬╧ä┬½├╣┬╡ΓîÉ╞Æ╧ä├▓Γûæ╬ª├╝Γéº_1941╬ÿ├╗├»┬╡├¬┬¬╧âΓòûΓòù┬╡├¬Γòù╧Ç├╝├╣_╧â├Ñ├¼╧ä├╢╞Æ╧ä├╢├║_v004_2026-08-18/90_╧â┬½├«╧â├á┬┐╬úΓòò├ç╧âΓò¥├à_╧â├ä╞Æ╧â├áΓòò╧Ç├⌐Γòú╧Ç├ó├¿╧Ç├ó├ó╧Ç├ó├╣╧Ç├⌐Γòû╧Ç├ó┬║╧Ç├ó├ó╧Ç├ó├¬/╬ª┬┐├¬╧ä┬½├╣┬╡ΓîÉ╞Æ╧ä├▓Γûæ╬ª├╝Γéº_1941╬ÿ├╗├»┬╡├¬┬¬╧âΓòûΓòù┬╡├¬Γòù╧Ç├╝├╣_╧â┬½├«╧â├á┬┐╬úΓòò├ç╧âΓò¥├à_2026-08-16/03_┬╡├▒┬ú╬ª┬┐├ä╬ªΓöé├º┬╡├╗├û_╬ª┬┐┬í╧â┬½├£┬╡┬í├║┬╡┬ú┬╝/116_╬ªΓöé├º┬╡├╗├û╧âΓòæ┬╜_2026-08-14_╬ª├¬┬¼╧äΓîÉΓòæ┬╡ΓîÉ╞Æ┬╡├¿├ç╬ª├¡├┤╧ä┬ó├║┬╡╞ÆΓòù_╬úΓò£┬ú┬╡├æ┬í╧â├╝┬ú┬╡┬í├│╧ä├⌐Γòú╧Ç├óΓòù┬╡┬╝├¡╧â┬óΓéº╬ª┬╜├╗╧ä├⌐Γòú.md
13268	╬ª┬┐├¬╧ä┬½├╣┬╡ΓîÉ╞Æ╧ä├▓Γûæ╬ª├╝Γéº_BRANCH_B_v049_FULL_HANDOFF_1944-08-04T24_2026-09-04/02_ORIGINAL_EXTRACTED_TREE/╬ª┬┐├¬╧ä┬½├╣┬╡ΓîÉ╞Æ╧ä├▓Γûæ╬ª├╝Γéº_BRANCH_B_v048_REAUDIT_FULL_RESUME_1944-02-20T24_2026-08-31/99_LEGACY_UNTOUCHED/╬ª┬┐├¬╧ä┬½├╣┬╡ΓîÉ╞Æ╧ä├▓Γûæ╬ª├╝Γéº_1941╬ÿ├╗├»┬╡├¬┬¬╧âΓòûΓòù┬╡├¬Γòù╧Ç├╝├╣_╧â├Ñ├¼╧ä├╢╞Æ╧ä├╢├║_v004_2026-08-18/90_╧â┬½├«╧â├á┬┐╬úΓòò├ç╧âΓò¥├à_╧â├ä╞Æ╧â├áΓòò╧Ç├⌐Γòú╧Ç├ó├¿╧Ç├ó├ó╧Ç├ó├╣╧Ç├⌐Γòû╧Ç├ó┬║╧Ç├ó├ó╧Ç├ó├¬/╬ª┬┐├¬╧ä┬½├╣┬╡ΓîÉ╞Æ╧ä├▓Γûæ╬ª├╝Γéº_1941╬ÿ├╗├»┬╡├¬┬¬╧âΓòûΓòù┬╡├¬Γòù╧Ç├╝├╣_╧â┬½├«╧â├á┬┐╬úΓòò├ç╧âΓò¥├à_2026-08-16/03_┬╡├▒┬ú╬ª┬┐├ä╬ªΓöé├º┬╡├╗├û_╬ª┬┐┬í╧â┬½├£┬╡┬í├║┬╡┬ú┬╝/117_╬ªΓöé├º┬╡├╗├û╧âΓòæ┬╜_2026-08-14_┬╡├ä┬┐╧â├¿┬ó╧âΓò¥├à╧â├¼├┐┬╡├ä├å┬╡Γûæ├╣╧ä┬½├¡_╧â├àΓûô╧â┬½╞Æ┬╡├û├⌐╧äΓöéΓòù╧â├¬├╣╧ä┬ó├║┬╡╞ÆΓòù.md
11086	╬ª┬┐├¬╧ä┬½├╣┬╡ΓîÉ╞Æ╧ä├▓Γûæ╬ª├╝Γéº_BRANCH_B_v049_FULL_HANDOFF_1944-08-04T24_2026-09-04/02_ORIGINAL_EXTRACTED_TREE/╬ª┬┐├¬╧ä┬½├╣┬╡ΓîÉ╞Æ╧ä├▓Γûæ╬ª├╝Γéº_BRANCH_B_v048_REAUDIT_FULL_RESUME_1944-02-20T24_2026-08-31/99_LEGACY_UNTOUCHED/╬ª┬┐├¬╧ä┬½├╣┬╡ΓîÉ╞Æ╧ä├▓Γûæ╬ª├╝Γéº_1941╬ÿ├╗├»┬╡├¬┬¬╧âΓòûΓòù┬╡├¬Γòù╧Ç├╝├╣_╧â├Ñ├¼╧ä├╢╞Æ╧ä├╢├║_v004_2026-08-18/90_╧â┬½├«╧â├á┬┐╬úΓòò├ç╧âΓò¥├à_╧â├ä╞Æ╧â├áΓòò╧Ç├⌐Γòú╧Ç├ó├¿╧Ç├ó├ó╧Ç├ó├╣╧Ç├⌐Γòû╧Ç├ó┬║╧Ç├ó├ó╧Ç├ó├¬/╬ª┬┐├¬╧ä┬½├╣┬╡ΓîÉ╞Æ╧ä├▓Γûæ╬ª├╝Γéº_1941╬ÿ├╗├»┬╡├¬┬¬╧âΓòûΓòù┬╡├¬Γòù╧Ç├╝├╣_╧â┬½├«╧â├á┬┐╬úΓòò├ç╧âΓò¥├à_2026-08-16/03_┬╡├▒┬ú╬ª┬┐├ä╬ªΓöé├º┬╡├╗├û_╬ª┬┐┬í╧â┬½├£┬╡┬í├║┬╡┬ú┬╝/118_╬ªΓöé├º┬╡├╗├û╧âΓòæ┬╜_2026-08-15_╬ª├¬┬¼╧äΓîÉΓòæ┬╡ΓîÉ╞ÆHARD╧ä┬ó├║┬╡╞ÆΓòù_┬╡├¬┬¬╬ÿ├╣├┐┬╡ΓîÉ╞Æ╧Ç├óΓòùB6N╬úΓòò┬í╬ÿ├╗├┤╧äΓòíΓûÆ╧â├ë├¬.md
3745	╬ª┬┐├¬╧ä┬½├╣┬╡ΓîÉ╞Æ╧ä├▓Γûæ╬ª├╝Γéº_BRANCH_B_v049_FULL_HANDOFF_1944-08-04T24_2026-09-04/02_ORIGINAL_EXTRACTED_TREE/╬ª┬┐├¬╧ä┬½├╣┬╡ΓîÉ╞Æ╧ä├▓Γûæ╬ª├╝Γéº_BRANCH_B_v048_REAUDIT_FULL_RESUME_1944-02-20T24_2026-08-31/99_LEGACY_UNTOUCHED/╬ª┬┐├¬╧ä┬½├╣┬╡ΓîÉ╞Æ╧ä├▓Γûæ╬ª├╝Γéº_1941╬ÿ├╗├»┬╡├¬┬¬╧âΓòûΓòù┬╡├¬Γòù╧Ç├╝├╣_╧â├Ñ├¼╧ä├╢╞Æ╧ä├╢├║_v004_2026-08-18/90_╧â┬½├«╧â├á┬┐╬úΓòò├ç╧âΓò¥├à_╧â├ä╞Æ╧â├áΓòò╧Ç├⌐Γòú╧Ç├ó├¿╧Ç├ó├ó╧Ç├ó├╣╧Ç├⌐Γòû╧Ç├ó┬║╧Ç├ó├ó╧Ç├ó├¬/╬ª┬┐├¬╧ä┬½├╣┬╡ΓîÉ╞Æ╧ä├▓Γûæ╬ª├╝Γéº_1941╬ÿ├╗├»┬╡├¬┬¬╧âΓòûΓòù┬╡├¬Γòù╧Ç├╝├╣_╧â┬½├«╧â├á┬┐╬úΓòò├ç╧âΓò¥├à_2026-08-16/03_┬╡├▒┬ú╬ª┬┐├ä╬ªΓöé├º┬╡├╗├û_╬ª┬┐┬í╧â┬½├£┬╡┬í├║┬╡┬ú┬╝/119_╬ªΓöé├º┬╡├╗├û╧âΓòæ┬╜_2026-08-15_╬ª├¬┬¼╧äΓîÉΓòæ┬╡ΓîÉ╞Æ┬╡├¿├ç╬ª├¡├┤╧ä┬ó├║┬╡╞ÆΓòù_╬úΓò£┬ú┬╡├æ┬í╧â├╝┬ú┬╡┬í├│╧ä├⌐Γòú_D4Y╧â├½├¼.md
7911	╬ª┬┐├¬╧ä┬½├╣┬╡ΓîÉ╞Æ╧ä├▓Γûæ╬ª├╝Γéº_BRANCH_B_v049_FULL_HANDOFF_1944-08-04T24_2026-09-04/02_ORIGINAL_EXTRACTED_TREE/╬ª┬┐├¬╧ä┬½├╣┬╡ΓîÉ╞Æ╧ä├▓Γûæ╬ª├╝Γéº_BRANCH_B_v048_REAUDIT_FULL_RESUME_1944-02-20T24_2026-08-31/99_LEGACY_UNTOUCHED/╬ª┬┐├¬╧ä┬½├╣┬╡ΓîÉ╞Æ╧ä├▓Γûæ╬ª├╝Γéº_1941╬ÿ├╗├»┬╡├¬┬¬╧âΓòûΓòù┬╡├¬Γòù╧Ç├╝├╣_╧â├Ñ├¼╧ä├╢╞Æ╧ä├╢├║_v004_2026-08-18/90_╧â┬½├«╧â├á┬┐╬úΓòò├ç╧âΓò¥├à_╧â├ä╞Æ╧â├áΓòò╧Ç├⌐Γòú╧Ç├ó├¿╧Ç├ó├ó╧Ç├ó├╣╧Ç├⌐Γòû╧Ç├ó┬║╧Ç├ó├ó╧Ç├ó├¬/╬ª┬┐├¬╧ä┬½├╣┬╡ΓîÉ╞Æ╧ä├▓Γûæ╬ª├╝Γéº_1941╬ÿ├╗├»┬╡├¬┬¬╧âΓòûΓòù┬╡├¬Γòù╧Ç├╝├╣_╧â┬½├«╧â├á┬┐╬úΓòò├ç╧âΓò¥├à_2026-08-16/03_┬╡├▒┬ú╬ª┬┐├ä╬ªΓöé├º┬╡├╗├û_╬ª┬┐┬í╧â┬½├£┬╡┬í├║┬╡┬ú┬╝/11_┬╡ΓûæΓöñ╬úΓòò├¿╬ª├½┬¬_┬╡┬ú├ç╬úΓòò├¿╧âΓéº├»╧Ç├óΓòù╧â├▒├½╧â├½├º╬ª├½┬¬╧Ç├óΓòù╧ä├╢╞Æ┬╡┬½├»┬╡├╣┬║╬ª├½┬¬.md
29790	╬ª┬┐├¬╧ä┬½├╣┬╡ΓîÉ╞Æ╧ä├▓Γûæ╬ª├╝Γéº_BRANCH_B_v049_FULL_HANDOFF_1944-08-04T24_2026-09-04/02_ORIGINAL_EXTRACTED_TREE/╬ª┬┐├¬╧ä┬½├╣┬╡ΓîÉ╞Æ╧ä├▓Γûæ╬ª├╝Γéº_BRANCH_B_v048_REAUDIT_FULL_RESUME_1944-02-20T24_2026-08-31/99_LEGACY_UNTOUCHED/╬ª┬┐├¬╧ä┬½├╣┬╡ΓîÉ╞Æ╧ä├▓Γûæ╬ª├╝Γéº_1941╬ÿ├╗├»┬╡├¬┬¬╧âΓòûΓòù┬╡├¬Γòù╧Ç├╝├╣_╧â├Ñ├¼╧ä├╢╞Æ╧ä├╢├║_v004_2026-08-18/90_╧â┬½├«╧â├á┬┐╬úΓòò├ç╧âΓò¥├à_╧â├ä╞Æ╧â├áΓòò╧Ç├⌐Γòú╧Ç├ó├¿╧Ç├ó├ó╧Ç├ó├╣╧Ç├⌐Γòû╧Ç├ó┬║╧Ç├ó├ó╧Ç├ó├¬/╬ª┬┐├¬╧ä┬½├╣┬╡ΓîÉ╞Æ╧ä├▓Γûæ╬ª├╝Γéº_1941╬ÿ├╗├»┬╡├¬┬¬╧âΓòûΓòù┬╡├¬Γòù╧Ç├╝├╣_╧â┬½├«╧â├á┬┐╬úΓòò├ç╧âΓò¥├à_2026-08-16/03_┬╡├▒┬ú╬ª┬┐├ä╬ªΓöé├º┬╡├╗├û_╬ª┬┐┬í╧â┬½├£┬╡┬í├║┬╡┬ú┬╝/20_┬╡Γò£┬ú┬╡ΓûæΓöñ╬ª├½┬¬_╬úΓòò├╗╬úΓòù├║╧â├¬├æ╬ª┬┐┬í╬ª┬┐├¬╧Ç├óΓòù╧âΓûæΓûÆ╧âΓò£Γòú┬╡├╣├æ╧ä┬┐├».md
11031	╬ª┬┐├¬╧ä┬½├╣┬╡ΓîÉ╞Æ╧ä├▓Γûæ╬ª├╝Γéº_BRANCH_B_v049_FULL_HANDOFF_1944-08-04T24_2026-09-04/02_ORIGINAL_EXTRACTED_TREE/╬ª┬┐├¬╧ä┬½├╣┬╡ΓîÉ╞Æ╧ä├▓Γûæ╬ª├╝Γéº_BRANCH_B_v048_REAUDIT_FULL_RESUME_1944-02-20T24_2026-08-31/99_LEGACY_UNTOUCHED/╬ª┬┐├¬╧ä┬½├╣┬╡ΓîÉ╞Æ╧ä├▓Γûæ╬ª├╝Γéº_1941╬ÿ├╗├»┬╡├¬┬¬╧âΓòûΓòù┬╡├¬Γòù╧Ç├╝├╣_╧â├Ñ├¼╧ä├╢╞Æ╧ä├╢├║_v004_2026-08-18/90_╧â┬½├«╧â├á┬┐╬úΓòò├ç╧âΓò¥├à_╧â├ä╞Æ╧â├áΓòò╧Ç├⌐Γòú╧Ç├ó├¿╧Ç├ó├ó╧Ç├ó├╣╧Ç├⌐Γòû╧Ç├ó┬║╧Ç├ó├ó╧Ç├ó├¬/╬ª┬┐├¬╧ä┬½├╣┬╡ΓîÉ╞Æ╧ä├▓Γûæ╬ª├╝Γéº_1941╬ÿ├╗├»┬╡├¬┬¬╧âΓòûΓòù┬╡├¬Γòù╧Ç├╝├╣_╧â┬½├«╧â├á┬┐╬úΓòò├ç╧âΓò¥├à_2026-08-16/03_┬╡├▒┬ú╬ª┬┐├ä╬ªΓöé├º┬╡├╗├û_╬ª┬┐┬í╧â┬½├£┬╡┬í├║┬╡┬ú┬╝/21_┬╡Γò£┬ú┬╡ΓûæΓöñ╬ª├½┬¬_╬úΓòùΓòù╧â├»├û╬úΓò£├┤╧äΓöéΓòù╧Ç├óΓòù╬ÿ├º├à╧ä├╢├║╬ÿ├á├¼╧â├⌐├û╧Ç├óΓòù┬╡Γò£┬ú╬ÿ┬╜├┐╧â┬½╞Æ┬╡├¬┬¬╬ÿ├╝├»╧ä├╢┬┐.md
14556	╬ª┬┐├¬╧ä┬½├╣┬╡ΓîÉ╞Æ╧ä├▓Γûæ╬ª├╝Γéº_BRANCH_B_v049_FULL_HANDOFF_1944-08-04T24_2026-09-04/02_ORIGINAL_EXTRACTED_TREE/╬ª┬┐├¬╧ä┬½├╣┬╡ΓîÉ╞Æ╧ä├▓Γûæ╬ª├╝Γéº_BRANCH_B_v048_REAUDIT_FULL_RESUME_1944-02-20T24_2026-08-31/99_LEGACY_UNTOUCHED/╬ª┬┐├¬╧ä┬½├╣┬╡ΓîÉ╞Æ╧ä├▓Γûæ╬ª├╝Γéº_1941╬ÿ├╗├»┬╡├¬┬¬╧âΓòûΓòù┬╡├¬Γòù╧Ç├╝├╣_╧â├Ñ├¼╧ä├╢╞Æ╧ä├╢├║_v004_2026-08-18/90_╧â┬½├«╧â├á┬┐╬úΓòò├ç╧âΓò¥├à_╧â├ä╞Æ╧â├áΓòò╧Ç├⌐Γòú╧Ç├ó├¿╧Ç├ó├ó╧Ç├ó├╣╧Ç├⌐Γòû╧Ç├ó┬║╧Ç├ó├ó╧Ç├ó├¬/╬ª┬┐├¬╧ä┬½├╣┬╡ΓîÉ╞Æ╧ä├▓Γûæ╬ª├╝Γéº_1941╬ÿ├╗├»┬╡├¬┬¬╧âΓòûΓòù┬╡├¬Γòù╧Ç├╝├╣_╧â┬½├«╧â├á┬┐╬úΓòò├ç╧âΓò¥├à_2026-08-16/03_┬╡├▒┬ú╬ª┬┐├ä╬ªΓöé├º┬╡├╗├û_╬ª┬┐┬í╧â┬½├£┬╡┬í├║┬╡┬ú┬╝/22_┬╡Γò£┬ú┬╡ΓûæΓöñ╬ª├½┬¬_1941-43╧âΓòùΓòæ╬ÿ├ç├í╧â├àΓûæ╧âΓòòΓöé╧Ç├óΓòù┬╡Γò£┬ú╬ÿ┬╜├┐╬ª├¬Γòú╧â├àΓûæ╧â├½Γûô╧âΓò£├┤.md
10793	╬ª┬┐├¬╧ä┬½├╣┬╡ΓîÉ╞Æ╧ä├▓Γûæ╬ª├╝Γéº_BRANCH_B_v049_FULL_HANDOFF_1944-08-04T24_2026-09-04/02_ORIGINAL_EXTRACTED_TREE/╬ª┬┐├¬╧ä┬½├╣┬╡ΓîÉ╞Æ╧ä├▓Γûæ╬ª├╝Γéº_BRANCH_B_v048_REAUDIT_FULL_RESUME_1944-02-20T24_2026-08-31/99_LEGACY_UNTOUCHED/╬ª┬┐├¬╧ä┬½├╣┬╡ΓîÉ╞Æ╧ä├▓Γûæ╬ª├╝Γéº_1941╬ÿ├╗├»┬╡├¬┬¬╧âΓòûΓòù┬╡├¬Γòù╧Ç├╝├╣_╧â├Ñ├¼╧ä├╢╞Æ╧ä├╢├║_v004_2026-08-18/90_╧â┬½├«╧â├á┬┐╬úΓòò├ç╧âΓò¥├à_╧â├ä╞Æ╧â├áΓòò╧Ç├⌐Γòú╧Ç├ó├¿╧Ç├ó├ó╧Ç├ó├╣╧Ç├⌐Γòû╧Ç├ó┬║╧Ç├ó├ó╧Ç├ó├¬/╬ª┬┐├¬╧ä┬½├╣┬╡ΓîÉ╞Æ╧ä├▓Γûæ╬ª├╝Γéº_1941╬ÿ├╗├»┬╡├¬┬¬╧âΓòûΓòù┬╡├¬Γòù╧Ç├╝├╣_╧â┬½├«╧â├á┬┐╬úΓòò├ç╧âΓò¥├à_2026-08-16/03_┬╡├▒┬ú╬ª┬┐├ä╬ªΓöé├º┬╡├╗├û_╬ª┬┐┬í╧â┬½├£┬╡┬í├║┬╡┬ú┬╝/23_┬╡Γò£┬ú┬╡ΓûæΓöñ╬ª├½┬¬_1942╧âΓò¢├«╧â├¼├¿╧â├Ñ├¼╬ÿ├á├¼╧äΓò£┬½╧Ç├óΓòù┬╡├¬┬¬┬╡Γéº┬ú╧â├àΓûæ╧âΓòòΓöé.md
10856	╬ª┬┐├¬╧ä┬½├╣┬╡ΓîÉ╞Æ╧ä├▓Γûæ╬ª├╝Γéº_BRANCH_B_v049_FULL_HANDOFF_1944-08-04T24_2026-09-04/02_ORIGINAL_EXTRACTED_TREE/╬ª┬┐├¬╧ä┬½├╣┬╡ΓîÉ╞Æ╧ä├▓Γûæ╬ª├╝Γéº_BRANCH_B_v048_REAUDIT_FULL_RESUME_1944-02-20T24_2026-08-31/99_LEGACY_UNTOUCHED/╬ª┬┐├¬╧ä┬½├╣┬╡ΓîÉ╞Æ╧ä├▓Γûæ╬ª├╝Γéº_1941╬ÿ├╗├»┬╡├¬┬¬╧âΓòûΓòù┬╡├¬Γòù╧Ç├╝├╣_╧â├Ñ├¼╧ä├╢╞Æ╧ä├╢├║_v004_2026-08-18/90_╧â┬½├«╧â├á┬┐╬úΓòò├ç╧âΓò¥├à_╧â├ä╞Æ╧â├áΓòò╧Ç├⌐Γòú╧Ç├ó├¿╧Ç├ó├ó╧Ç├ó├╣╧Ç├⌐Γòû╧Ç├ó┬║╧Ç├ó├ó╧Ç├ó├¬/╬ª┬┐├¬╧ä┬½├╣┬╡ΓîÉ╞Æ╧ä├▓Γûæ╬ª├╝Γéº_1941╬ÿ├╗├»┬╡├¬┬¬╧âΓòûΓòù┬╡├¬Γòù╧Ç├╝├╣_╧â┬½├«╧â├á┬┐╬úΓòò├ç╧âΓò¥├à_2026-08-16/03_┬╡├▒┬ú╬ª┬┐├ä╬ªΓöé├º┬╡├╗├û_╬ª┬┐┬í╧â┬½├£┬╡┬í├║┬╡┬ú┬╝/24_┬╡Γò£┬ú┬╡ΓûæΓöñ╬ª├½┬¬_1943╧âΓòúΓöñ1-5┬╡┬ú├¬╧â├Ñ├¼╬ÿ├á├¼╧äΓò£┬½╧Ç├óΓòù┬╡Γò£┬ú╬ÿ┬╜├┐╧â├¬┬Ñ┬╡┬ú╞Æ╧â┬½╞Æ┬╡├¬┬¬╧Ç├óΓòù╧â├«├╣┬╡├╗Γòú╬ÿ├á├¼╧â├¬├Ñ.md
13932	╬ª┬┐├¬╧ä┬½├╣┬╡ΓîÉ╞Æ╧ä├▓Γûæ╬ª├╝Γéº_BRANCH_B_v049_FULL_HANDOFF_1944-08-04T24_2026-09-04/02_ORIGINAL_EXTRACTED_TREE/╬ª┬┐├¬╧ä┬½├╣┬╡ΓîÉ╞Æ╧ä├▓Γûæ╬ª├╝Γéº_BRANCH_B_v048_REAUDIT_FULL_RESUME_1944-02-20T24_2026-08-31/99_LEGACY_UNTOUCHED/╬ª┬┐├¬╧ä┬½├╣┬╡ΓîÉ╞Æ╧ä├▓Γûæ╬ª├╝Γéº_1941╬ÿ├╗├»┬╡├¬┬¬╧âΓòûΓòù┬╡├¬Γòù╧Ç├╝├╣_╧â├Ñ├¼╧ä├╢╞Æ╧ä├╢├║_v004_2026-08-18/90_╧â┬½├«╧â├á┬┐╬úΓòò├ç╧âΓò¥├à_╧â├ä╞Æ╧â├áΓòò╧Ç├⌐Γòú╧Ç├ó├¿╧Ç├ó├ó╧Ç├ó├╣╧Ç├⌐Γòû╧Ç├ó┬║╧Ç├ó├ó╧Ç├ó├¬/╬ª┬┐├¬╧ä┬½├╣┬╡ΓîÉ╞Æ╧ä├▓Γûæ╬ª├╝Γéº_1941╬ÿ├╗├»┬╡├¬┬¬╧âΓòûΓòù┬╡├¬Γòù╧Ç├╝├╣_╧â┬½├«╧â├á┬┐╬úΓòò├ç╧âΓò¥├à_2026-08-16/03_┬╡├▒┬ú╬ª┬┐├ä╬ªΓöé├º┬╡├╗├û_╬ª┬┐┬í╧â┬½├£┬╡┬í├║┬╡┬ú┬╝/25_╬ÿ├ç├║╧â├ë├¬┬╡ΓòíΓòû╬ÿ├╝├»_1942-43╬ª├¬Γòú╬ª├áΓòú╧Ç├óΓòù╬ª┬íΓòû╬ª├¡┬ó╧Ç├óΓòù╬ÿ├╗├┤┬╡├ä├æ┬╡├ë├¼╧â├▒ΓûÆ╧â├àΓûæ╧âΓòòΓöé.md
5338	╬ª┬┐├¬╧ä┬½├╣┬╡ΓîÉ╞Æ╧ä├▓Γûæ╬ª├╝Γéº_BRANCH_B_v049_FULL_HANDOFF_1944-08-04T24_2026-09-04/02_ORIGINAL_EXTRACTED_TREE/╬ª┬┐├¬╧ä┬½├╣┬╡ΓîÉ╞Æ╧ä├▓Γûæ╬ª├╝Γéº_BRANCH_B_v048_REAUDIT_FULL_RESUME_1944-02-20T24_2026-08-31/99_LEGACY_UNTOUCHED/╬ª┬┐├¬╧ä┬½├╣┬╡ΓîÉ╞Æ╧ä├▓Γûæ╬ª├╝Γéº_1941╬ÿ├╗├»┬╡├¬┬¬╧âΓòûΓòù┬╡├¬Γòù╧Ç├╝├╣_╧â├Ñ├¼╧ä├╢╞Æ╧ä├╢├║_v004_2026-08-18/90_╧â┬½├«╧â├á┬┐╬úΓòò├ç╧âΓò¥├à_╧â├ä╞Æ╧â├áΓòò╧Ç├⌐Γòú╧Ç├ó├¿╧Ç├ó├ó╧Ç├ó├╣╧Ç├⌐Γòû╧Ç├ó┬║╧Ç├ó├ó╧Ç├ó├¬/╬ª┬┐├¬╧ä┬½├╣┬╡ΓîÉ╞Æ╧ä├▓Γûæ╬ª├╝Γéº_1941╬ÿ├╗├»┬╡├¬┬¬╧âΓòûΓòù┬╡├¬Γòù╧Ç├╝├╣_╧â┬½├«╧â├á┬┐╬úΓòò├ç╧âΓò¥├à_2026-08-16/03_┬╡├▒┬ú╬ª┬┐├ä╬ªΓöé├º┬╡├╗├û_╬ª┬┐┬í╧â┬½├£┬╡┬í├║┬╡┬ú┬╝/26A_┬╡┬╝┬║╧âΓòûΓéº┬╡Γöé├│╧â├à├¿_1944╧âΓòúΓöñ┬╡├┐├æ_OVERLORD╧â├Ñ├¼╧ä├│Γòæ╬ª┬¼├¼╧Ç├óΓòù╬ªΓöÉΓò£╧â├¿├í╧âΓò¥├▓┬╡├¿┬ú╧Ç├╝├¼╧ä┬ó├║┬╡╞ÆΓòù.md
19048	╬ª┬┐├¬╧ä┬½├╣┬╡ΓîÉ╞Æ╧ä├▓Γûæ╬ª├╝Γéº_BRANCH_B_v049_FULL_HANDOFF_1944-08-04T24_2026-09-04/02_ORIGINAL_EXTRACTED_TREE/╬ª┬┐├¬╧ä┬½├╣┬╡ΓîÉ╞Æ╧ä├▓Γûæ╬ª├╝Γéº_BRANCH_B_v048_REAUDIT_FULL_RESUME_1944-02-20T24_2026-08-31/99_LEGACY_UNTOUCHED/╬ª┬┐├¬╧ä┬½├╣┬╡ΓîÉ╞Æ╧ä├▓Γûæ╬ª├╝Γéº_1941╬ÿ├╗├»┬╡├¬┬¬╧âΓòûΓòù┬╡├¬Γòù╧Ç├╝├╣_╧â├Ñ├¼╧ä├╢╞Æ╧ä├╢├║_v004_2026-08-18/90_╧â┬½├«╧â├á┬┐╬úΓòò├ç╧âΓò¥├à_╧â├ä╞Æ╧â├áΓòò╧Ç├⌐Γòú╧Ç├ó├¿╧Ç├ó├ó╧Ç├ó├╣╧Ç├⌐Γòû╧Ç├ó┬║╧Ç├ó├ó╧Ç├ó├¬/╬ª┬┐├¬╧ä┬½├╣┬╡ΓîÉ╞Æ╧ä├▓Γûæ╬ª├╝Γéº_1941╬ÿ├╗├»┬╡├¬┬¬╧âΓòûΓòù┬╡├¬Γòù╧Ç├╝├╣_╧â┬½├«╧â├á┬┐╬úΓòò├ç╧âΓò¥├à_2026-08-16/03_┬╡├▒┬ú╬ª┬┐├ä╬ªΓöé├º┬╡├╗├û_╬ª┬┐┬í╧â┬½├£┬╡┬í├║┬╡┬ú┬╝/26_┬╡┬╝┬║╧âΓòûΓéº┬╡Γöé├│╧â├à├¿_1942-44┬╡├╣├æ╧ä┬┐├»╧Ç├óΓòù┬╡├ë├¼╬ª├ç├╣┬╡├ñ╞Æ╧âΓòæ┬¬╧â├àΓûæ╧âΓòòΓöé.md
23719	╬ª┬┐├¬╧ä┬½├╣┬╡ΓîÉ╞Æ╧ä├▓Γûæ╬ª├╝Γéº_BRANCH_B_v049_FULL_HANDOFF_1944-08-04T24_2026-09-04/02_ORIGINAL_EXTRACTED_TREE/╬ª┬┐├¬╧ä┬½├╣┬╡ΓîÉ╞Æ╧ä├▓Γûæ╬ª├╝Γéº_BRANCH_B_v048_REAUDIT_FULL_RESUME_1944-02-20T24_2026-08-31/99_LEGACY_UNTOUCHED/╬ª┬┐├¬╧ä┬½├╣┬╡ΓîÉ╞Æ╧ä├▓Γûæ╬ª├╝Γéº_1941╬ÿ├╗├»┬╡├¬┬¬╧âΓòûΓòù┬╡├¬Γòù╧Ç├╝├╣_╧â├Ñ├¼╧ä├╢╞Æ╧ä├╢├║_v004_2026-08-18/90_╧â┬½├«╧â├á┬┐╬úΓòò├ç╧âΓò¥├à_╧â├ä╞Æ╧â├áΓòò╧Ç├⌐Γòú╧Ç├ó├¿╧Ç├ó├ó╧Ç├ó├╣╧Ç├⌐Γòû╧Ç├ó┬║╧Ç├ó├ó╧Ç├ó├¬/╬ª┬┐├¬╧ä┬½├╣┬╡ΓîÉ╞Æ╧ä├▓Γûæ╬ª├╝Γéº_1941╬ÿ├╗├»┬╡├¬┬¬╧âΓòûΓòù┬╡├¬Γòù╧Ç├╝├╣_╧â┬½├«╧â├á┬┐╬úΓòò├ç╧âΓò¥├à_2026-08-16/03_┬╡├▒┬ú╬ª┬┐├ä╬ªΓöé├º┬╡├╗├û_╬ª┬┐┬í╧â┬½├£┬╡┬í├║┬╡┬ú┬╝/27_┬╡┬íΓöñ╧â├àΓûô╬ª├ç├ó╧â┬╗╞Æ_1943╧âΓòúΓöñ6┬╡┬ú├¬_Efate╧ä├ñ├¡╧â├¿┬ó╧â├«├╗╬úΓò£┬ú┬╡├¬┬¬_OOB╧Ç├óΓòù╧äΓöñ├│┬╡├▓Γòí╧Ç├óΓòù┬╡├¬┬¬┬╡Γéº┬ú.md
16401	╬ª┬┐├¬╧ä┬½├╣┬╡ΓîÉ╞Æ╧ä├▓Γûæ╬ª├╝Γéº_BRANCH_B_v049_FULL_HANDOFF_1944-08-04T24_2026-09-04/02_ORIGINAL_EXTRACTED_TREE/╬ª┬┐├¬╧ä┬½├╣┬╡ΓîÉ╞Æ╧ä├▓Γûæ╬ª├╝Γéº_BRANCH_B_v048_REAUDIT_FULL_RESUME_1944-02-20T24_2026-08-31/99_LEGACY_UNTOUCHED/╬ª┬┐├¬╧ä┬½├╣┬╡ΓîÉ╞Æ╧ä├▓Γûæ╬ª├╝Γéº_1941╬ÿ├╗├»┬╡├¬┬¬╧âΓòûΓòù┬╡├¬Γòù╧Ç├╝├╣_╧â├Ñ├¼╧ä├╢╞Æ╧ä├╢├║_v004_2026-08-18/90_╧â┬½├«╧â├á┬┐╬úΓòò├ç╧âΓò¥├à_╧â├ä╞Æ╧â├áΓòò╧Ç├⌐Γòú╧Ç├ó├¿╧Ç├ó├ó╧Ç├ó├╣╧Ç├⌐Γòû╧Ç├ó┬║╧Ç├ó├ó╧Ç├ó├¬/╬ª┬┐├¬╧ä┬½├╣┬╡ΓîÉ╞Æ╧ä├▓Γûæ╬ª├╝Γéº_1941╬ÿ├╗├»┬╡├¬┬¬╧âΓòûΓòù┬╡├¬Γòù╧Ç├╝├╣_╧â┬½├«╧â├á┬┐╬úΓòò├ç╧âΓò¥├à_2026-08-16/03_┬╡├▒┬ú╬ª┬┐├ä╬ªΓöé├º┬╡├╗├û_╬ª┬┐┬í╧â┬½├£┬╡┬í├║┬╡┬ú┬╝/28_┬╡┬íΓöñ╧â├àΓûô╬ª├ç├ó╧â┬╗╞Æ_1943╧âΓòúΓöñ9┬╡┬ú├¬_╧ä┬╝┬╝╬úΓòæ├«┬╡┬╝├¡Midway╧â├Ñ├¼╬ª┬┐├¬╧ä┬½├╣.md
4546	╬ª┬┐├¬╧ä┬½├╣┬╡ΓîÉ╞Æ╧ä├▓Γûæ╬ª├╝Γéº_BRANCH_B_v049_FULL_HANDOFF_1944-08-04T24_2026-09-04/02_ORIGINAL_EXTRACTED_TREE/╬ª┬┐├¬╧ä┬½├╣┬╡ΓîÉ╞Æ╧ä├▓Γûæ╬ª├╝Γéº_BRANCH_B_v048_REAUDIT_FULL_RESUME_1944-02-20T24_2026-08-31/99_LEGACY_UNTOUCHED/╬ª┬┐├¬╧ä┬½├╣┬╡ΓîÉ╞Æ╧ä├▓Γûæ╬ª├╝Γéº_1941╬ÿ├╗├»┬╡├¬┬¬╧âΓòûΓòù┬╡├¬Γòù╧Ç├╝├╣_╧â├Ñ├¼╧ä├╢╞Æ╧ä├╢├║_v004_2026-08-18/90_╧â┬½├«╧â├á┬┐╬úΓòò├ç╧âΓò¥├à_╧â├ä╞Æ╧â├áΓòò╧Ç├⌐Γòú╧Ç├ó├¿╧Ç├ó├ó╧Ç├ó├╣╧Ç├⌐Γòû╧Ç├ó┬║╧Ç├ó├ó╧Ç├ó├¬/╬ª┬┐├¬╧ä┬½├╣┬╡ΓîÉ╞Æ╧ä├▓Γûæ╬ª├╝Γéº_1941╬ÿ├╗├»┬╡├¬┬¬╧âΓòûΓòù┬╡├¬Γòù╧Ç├╝├╣_╧â┬½├«╧â├á┬┐╬úΓòò├ç╧âΓò¥├à_2026-08-16/03_┬╡├▒┬ú╬ª┬┐├ä╬ªΓöé├º┬╡├╗├û_╬ª┬┐┬í╧â┬½├£┬╡┬í├║┬╡┬ú┬╝/29_┬╡ΓûæΓöñ╬úΓòò├¿╬ª├½┬¬_1943╧âΓòúΓöñEfate╧Ç├óΓòù╧ä┬╝┬╝╬úΓòæ├«┬╡┬╝├¡Midway╧â├ç├»╬ª├½┬¬╧â├Ñ├¼┬╡Γöé┬┐╧â├á├æ╧ä┬ó├║┬╡╞ÆΓòù.md
19119	╬ª┬┐├¬╧ä┬½├╣┬╡ΓîÉ╞Æ╧ä├▓Γûæ╬ª├╝Γéº_BRANCH_B_v049_FULL_HANDOFF_1944-08-04T24_2026-09-04/02_ORIGINAL_EXTRACTED_TREE/╬ª┬┐├¬╧ä┬½├╣┬╡ΓîÉ╞Æ╧ä├▓Γûæ╬ª├╝Γéº_BRANCH_B_v048_REAUDIT_FULL_RESUME_1944-02-20T24_2026-08-31/99_LEGACY_UNTOUCHED/╬ª┬┐├¬╧ä┬½├╣┬╡ΓîÉ╞Æ╧ä├▓Γûæ╬ª├╝Γéº_1941╬ÿ├╗├»┬╡├¬┬¬╧âΓòûΓòù┬╡├¬Γòù╧Ç├╝├╣_╧â├Ñ├¼╧ä├╢╞Æ╧ä├╢├║_v004_2026-08-18/90_╧â┬½├«╧â├á┬┐╬úΓòò├ç╧âΓò¥├à_╧â├ä╞Æ╧â├áΓòò╧Ç├⌐Γòú╧Ç├ó├¿╧Ç├ó├ó╧Ç├ó├╣╧Ç├⌐Γòû╧Ç├ó┬║╧Ç├ó├ó╧Ç├ó├¬/╬ª┬┐├¬╧ä┬½├╣┬╡ΓîÉ╞Æ╧ä├▓Γûæ╬ª├╝Γéº_1941╬ÿ├╗├»┬╡├¬┬¬╧âΓòûΓòù┬╡├¬Γòù╧Ç├╝├╣_╧â┬½├«╧â├á┬┐╬úΓòò├ç╧âΓò¥├à_2026-08-16/03_┬╡├▒┬ú╬ª┬┐├ä╬ªΓöé├º┬╡├╗├û_╬ª┬┐┬í╧â┬½├£┬╡┬í├║┬╡┬ú┬╝/30_╧Ç├⌐Γòù╧Ç├óΓöé╧Ç├⌐Γòí╧Ç├óΓò¥╧âΓûæ├ñ┬╡├å├ó┬╡├«├º┬╡├à┬½_I-O╬ÿ├ç├║╬ÿ├ä├╗.md
27048	╬ª┬┐├¬╧ä┬½├╣┬╡ΓîÉ╞Æ╧ä├▓Γûæ╬ª├╝Γéº_BRANCH_B_v049_FULL_HANDOFF_1944-08-04T24_2026-09-04/02_ORIGINAL_EXTRACTED_TREE/╬ª┬┐├¬╧ä┬½├╣┬╡ΓîÉ╞Æ╧ä├▓Γûæ╬ª├╝Γéº_BRANCH_B_v048_REAUDIT_FULL_RESUME_1944-02-20T24_2026-08-31/99_LEGACY_UNTOUCHED/╬ª┬┐├¬╧ä┬½├╣┬╡ΓîÉ╞Æ╧ä├▓Γûæ╬ª├╝Γéº_1941╬ÿ├╗├»┬╡├¬┬¬╧âΓòûΓòù┬╡├¬Γòù╧Ç├╝├╣_╧â├Ñ├¼╧ä├╢╞Æ╧ä├╢├║_v004_2026-08-18/90_╧â┬½├«╧â├á┬┐╬úΓòò├ç╧âΓò¥├à_╧â├ä╞Æ╧â├áΓòò╧Ç├⌐Γòú╧Ç├ó├¿╧Ç├ó├ó╧Ç├ó├╣╧Ç├⌐Γòû╧Ç├ó┬║╧Ç├ó├ó╧Ç├ó├¬/╬ª┬┐├¬╧ä┬½├╣┬╡ΓîÉ╞Æ╧ä├▓Γûæ╬ª├╝Γéº_1941╬ÿ├╗├»┬╡├¬┬¬╧âΓòûΓòù┬╡├¬Γòù╧Ç├╝├╣_╧â┬½├«╧â├á┬┐╬úΓòò├ç╧âΓò¥├à_2026-08-16/03_┬╡├▒┬ú╬ª┬┐├ä╬ªΓöé├º┬╡├╗├û_╬ª┬┐┬í╧â┬½├£┬╡┬í├║┬╡┬ú┬╝/31_╬ÿ┬í├£╬ÿ┬óΓòû╧Ç├óΓòù┬╡ΓûæΓöñ╬ÿ┬óΓòû┬╡├¬┬¬_╬ÿ┬í├£╬ÿ┬óΓòû┬╡┬ú┬╝╬úΓò£├┤╧Ç├óΓòù╧âΓûæ├ñ┬╡├å├ó┬╡├«├º┬╡├à┬½╧Ç├óΓòù╧â├Ñ├¼╬ª├║├á╧â├¡┬╜╧Ç├óΓòù╬ÿ├╝├»╧ä├╢┬┐.md
17547	╬ª┬┐├¬╧ä┬½├╣┬╡ΓîÉ╞Æ╧ä├▓Γûæ╬ª├╝Γéº_BRANCH_B_v049_FULL_HANDOFF_1944-08-04T24_2026-09-04/02_ORIGINAL_EXTRACTED_TREE/╬ª┬┐├¬╧ä┬½├╣┬╡ΓîÉ╞Æ╧ä├▓Γûæ╬ª├╝Γéº_BRANCH_B_v048_REAUDIT_FULL_RESUME_1944-02-20T24_2026-08-31/99_LEGACY_UNTOUCHED/╬ª┬┐├¬╧ä┬½├╣┬╡ΓîÉ╞Æ╧ä├▓Γûæ╬ª├╝Γéº_1941╬ÿ├╗├»┬╡├¬┬¬╧âΓòûΓòù┬╡├¬Γòù╧Ç├╝├╣_╧â├Ñ├¼╧ä├╢╞Æ╧ä├╢├║_v004_2026-08-18/90_╧â┬½├«╧â├á┬┐╬úΓòò├ç╧âΓò¥├à_╧â├ä╞Æ╧â├áΓòò╧Ç├⌐Γòú╧Ç├ó├¿╧Ç├ó├ó╧Ç├ó├╣╧Ç├⌐Γòû╧Ç├ó┬║╧Ç├ó├ó╧Ç├ó├¬/╬ª┬┐├¬╧ä┬½├╣┬╡ΓîÉ╞Æ╧ä├▓Γûæ╬ª├╝Γéº_1941╬ÿ├╗├»┬╡├¬┬¬╧âΓòûΓòù┬╡├¬Γòù╧Ç├╝├╣_╧â┬½├«╧â├á┬┐╬úΓòò├ç╧âΓò¥├à_2026-08-16/03_┬╡├▒┬ú╬ª┬┐├ä╬ªΓöé├º┬╡├╗├û_╬ª┬┐┬í╧â┬½├£┬╡┬í├║┬╡┬ú┬╝/32_┬╡┬íΓöñ╧â├àΓûô╬ª├ç├ó╧â┬╗╞Æ_1943╧âΓòúΓöñ12┬╡┬ú├¬_GALVANIC╧â├Ñ├¼╧ä┬ó├║┬╡╞ÆΓòù_┬╡ΓûæΓöñ╬úΓòò├¿╬ª├½┬¬╧Ç├óΓòù╧â├áΓòí╧ä┬╜├û╧Ç├óΓòù╧â┬í┬¬╧äΓöÉ├å.md
10639	╬ª┬┐├¬╧ä┬½├╣┬╡ΓîÉ╞Æ╧ä├▓Γûæ╬ª├╝Γéº_BRANCH_B_v049_FULL_HANDOFF_1944-08-04T24_2026-09-04/02_ORIGINAL_EXTRACTED_TREE/╬ª┬┐├¬╧ä┬½├╣┬╡ΓîÉ╞Æ╧ä├▓Γûæ╬ª├╝Γéº_BRANCH_B_v048_REAUDIT_FULL_RESUME_1944-02-20T24_2026-08-31/99_LEGACY_UNTOUCHED/╬ª┬┐├¬╧ä┬½├╣┬╡ΓîÉ╞Æ╧ä├▓Γûæ╬ª├╝Γéº_1941╬ÿ├╗├»┬╡├¬┬¬╧âΓòûΓòù┬╡├¬Γòù╧Ç├╝├╣_╧â├Ñ├¼╧ä├╢╞Æ╧ä├╢├║_v004_2026-08-18/90_╧â┬½├«╧â├á┬┐╬úΓòò├ç╧âΓò¥├à_╧â├ä╞Æ╧â├áΓòò╧Ç├⌐Γòú╧Ç├ó├¿╧Ç├ó├ó╧Ç├ó├╣╧Ç├⌐Γòû╧Ç├ó┬║╧Ç├ó├ó╧Ç├ó├¬/╬ª┬┐├¬╧ä┬½├╣┬╡ΓîÉ╞Æ╧ä├▓Γûæ╬ª├╝Γéº_1941╬ÿ├╗├»┬╡├¬┬¬╧âΓòûΓòù┬╡├¬Γòù╧Ç├╝├╣_╧â┬½├«╧â├á┬┐╬úΓòò├ç╧âΓò¥├à_2026-08-16/03_┬╡├▒┬ú╬ª┬┐├ä╬ªΓöé├º┬╡├╗├û_╬ª┬┐┬í╧â┬½├£┬╡┬í├║┬╡┬ú┬╝/33_┬╡┬íΓöñ╧â├àΓûô╬ª├ç├ó╧â┬╗╞Æ_1943╧âΓòúΓöñ┬╡┬ú┬╜╧ä├àΓò¢╧â┬ú┬┐╧â┬úΓûæ╧Ç├óΓòù╧âΓòû┬½╧â├¬├Ñ╧â├àΓûæ╧âΓòòΓöé_Marshall╧â├Ñ├¼╬ª┬┐├¬╧ä┬½├╣╧â├¬┬Ñ┬╡┬ú╞Æ┬╡┬Ñ├¡╬úΓòùΓòó.md
16682	╬ª┬┐├¬╧ä┬½├╣┬╡ΓîÉ╞Æ╧ä├▓Γûæ╬ª├╝Γéº_BRANCH_B_v049_FULL_HANDOFF_1944-08-04T24_2026-09-04/02_ORIGINAL_EXTRACTED_TREE/╬ª┬┐├¬╧ä┬½├╣┬╡ΓîÉ╞Æ╧ä├▓Γûæ╬ª├╝Γéº_BRANCH_B_v048_REAUDIT_FULL_RESUME_1944-02-20T24_2026-08-31/99_LEGACY_UNTOUCHED/╬ª┬┐├¬╧ä┬½├╣┬╡ΓîÉ╞Æ╧ä├▓Γûæ╬ª├╝Γéº_1941╬ÿ├╗├»┬╡├¬┬¬╧âΓòûΓòù┬╡├¬Γòù╧Ç├╝├╣_╧â├Ñ├¼╧ä├╢╞Æ╧ä├╢├║_v004_2026-08-18/90_╧â┬½├«╧â├á┬┐╬úΓòò├ç╧âΓò¥├à_╧â├ä╞Æ╧â├áΓòò╧Ç├⌐Γòú╧Ç├ó├¿╧Ç├ó├ó╧Ç├ó├╣╧Ç├⌐Γòû╧Ç├ó┬║╧Ç├ó├ó╧Ç├ó├¬/╬ª┬┐├¬╧ä┬½├╣┬╡ΓîÉ╞Æ╧ä├▓Γûæ╬ª├╝Γéº_1941╬ÿ├╗├»┬╡├¬┬¬╧âΓòûΓòù┬╡├¬Γòù╧Ç├╝├╣_╧â┬½├«╧â├á┬┐╬úΓòò├ç╧âΓò¥├à_2026-08-16/03_┬╡├▒┬ú╬ª┬┐├ä╬ªΓöé├º┬╡├╗├û_╬ª┬┐┬í╧â┬½├£┬╡┬í├║┬╡┬ú┬╝/34_┬╡┬íΓöñ╧â├àΓûô╬ª├ç├ó╧â┬╗╞Æ_1944╧âΓòúΓöñ2┬╡┬ú├¬_Marshall╧â├½├¼╧â├┤┬┐┬╡├¬┬¬╧Ç├óΓòùKwajalein╧â├Ñ├¼╧ä┬ó├║┬╡╞ÆΓòù.md
11850	╬ª┬┐├¬╧ä┬½├╣┬╡ΓîÉ╞Æ╧ä├▓Γûæ╬ª├╝Γéº_BRANCH_B_v049_FULL_HANDOFF_1944-08-04T24_2026-09-04/02_ORIGINAL_EXTRACTED_TREE/╬ª┬┐├¬╧ä┬½├╣┬╡ΓîÉ╞Æ╧ä├▓Γûæ╬ª├╝Γéº_BRANCH_B_v048_REAUDIT_FULL_RESUME_1944-02-20T24_2026-08-31/99_LEGACY_UNTOUCHED/╬ª┬┐├¬╧ä┬½├╣┬╡ΓîÉ╞Æ╧ä├▓Γûæ╬ª├╝Γéº_1941╬ÿ├╗├»┬╡├¬┬¬╧âΓòûΓòù┬╡├¬Γòù╧Ç├╝├╣_╧â├Ñ├¼╧ä├╢╞Æ╧ä├╢├║_v004_2026-08-18/90_╧â┬½├«╧â├á┬┐╬úΓòò├ç╧âΓò¥├à_╧â├ä╞Æ╧â├áΓòò╧Ç├⌐Γòú╧Ç├ó├¿╧Ç├ó├ó╧Ç├ó├╣╧Ç├⌐Γòû╧Ç├ó┬║╧Ç├ó├ó╧Ç├ó├¬/╬ª┬┐├¬╧ä┬½├╣┬╡ΓîÉ╞Æ╧ä├▓Γûæ╬ª├╝Γéº_1941╬ÿ├╗├»┬╡├¬┬¬╧âΓòûΓòù┬╡├¬Γòù╧Ç├╝├╣_╧â┬½├«╧â├á┬┐╬úΓòò├ç╧âΓò¥├à_2026-08-16/03_┬╡├▒┬ú╬ª┬┐├ä╬ªΓöé├º┬╡├╗├û_╬ª┬┐┬í╧â┬½├£┬╡┬í├║┬╡┬ú┬╝/35_┬╡┬íΓöñ╧â├àΓûô╬ª├ç├ó╧â┬╗╞Æ_1944╧âΓòúΓöñ3┬╡┬ú├¬_Truk_HAILSTONE╧â├Ñ├¼╧ä┬ó├║┬╡╞ÆΓòù.md
5393	╬ª┬┐├¬╧ä┬½├╣┬╡ΓîÉ╞Æ╧ä├▓Γûæ╬ª├╝Γéº_BRANCH_B_v049_FULL_HANDOFF_1944-08-04T24_2026-09-04/02_ORIGINAL_EXTRACTED_TREE/╬ª┬┐├¬╧ä┬½├╣┬╡ΓîÉ╞Æ╧ä├▓Γûæ╬ª├╝Γéº_BRANCH_B_v048_REAUDIT_FULL_RESUME_1944-02-20T24_2026-08-31/99_LEGACY_UNTOUCHED/╬ª┬┐├¬╧ä┬½├╣┬╡ΓîÉ╞Æ╧ä├▓Γûæ╬ª├╝Γéº_1941╬ÿ├╗├»┬╡├¬┬¬╧âΓòûΓòù┬╡├¬Γòù╧Ç├╝├╣_╧â├Ñ├¼╧ä├╢╞Æ╧ä├╢├║_v004_2026-08-18/90_╧â┬½├«╧â├á┬┐╬úΓòò├ç╧âΓò¥├à_╧â├ä╞Æ╧â├áΓòò╧Ç├⌐Γòú╧Ç├ó├¿╧Ç├ó├ó╧Ç├ó├╣╧Ç├⌐Γòû╧Ç├ó┬║╧Ç├ó├ó╧Ç├ó├¬/╬ª┬┐├¬╧ä┬½├╣┬╡ΓîÉ╞Æ╧ä├▓Γûæ╬ª├╝Γéº_1941╬ÿ├╗├»┬╡├¬┬¬╧âΓòûΓòù┬╡├¬Γòù╧Ç├╝├╣_╧â┬½├«╧â├á┬┐╬úΓòò├ç╧âΓò¥├à_2026-08-16/03_┬╡├▒┬ú╬ª┬┐├ä╬ªΓöé├º┬╡├╗├û_╬ª┬┐┬í╧â┬½├£┬╡┬í├║┬╡┬ú┬╝/36_┬╡┬íΓöñ╧â├àΓûô╬ª├ç├ó╧â┬╗╞Æ_1944╧âΓòúΓöñ3┬╡┬ú├¬_Eniwetok_CATCHPOLE╧â├ë├«┬╡┬ú╞Æ.md
6821	╬ª┬┐├¬╧ä┬½├╣┬╡ΓîÉ╞Æ╧ä├▓Γûæ╬ª├╝Γéº_BRANCH_B_v049_FULL_HANDOFF_1944-08-04T24_2026-09-04/02_ORIGINAL_EXTRACTED_TREE/╬ª┬┐├¬╧ä┬½├╣┬╡ΓîÉ╞Æ╧ä├▓Γûæ╬ª├╝Γéº_BRANCH_B_v048_REAUDIT_FULL_RESUME_1944-02-20T24_2026-08-31/99_LEGACY_UNTOUCHED/╬ª┬┐├¬╧ä┬½├╣┬╡ΓîÉ╞Æ╧ä├▓Γûæ╬ª├╝Γéº_1941╬ÿ├╗├»┬╡├¬┬¬╧âΓòûΓòù┬╡├¬Γòù╧Ç├╝├╣_╧â├Ñ├¼╧ä├╢╞Æ╧ä├╢├║_v004_2026-08-18/90_╧â┬½├«╧â├á┬┐╬úΓòò├ç╧âΓò¥├à_╧â├ä╞Æ╧â├áΓòò╧Ç├⌐Γòú╧Ç├ó├¿╧Ç├ó├ó╧Ç├ó├╣╧Ç├⌐Γòû╧Ç├ó┬║╧Ç├ó├ó╧Ç├ó├¬/╬ª┬┐├¬╧ä┬½├╣┬╡ΓîÉ╞Æ╧ä├▓Γûæ╬ª├╝Γéº_1941╬ÿ├╗├»┬╡├¬┬¬╧âΓòûΓòù┬╡├¬Γòù╧Ç├╝├╣_╧â┬½├«╧â├á┬┐╬úΓòò├ç╧âΓò¥├à_2026-08-16/03_┬╡├▒┬ú╬ª┬┐├ä╬ªΓöé├º┬╡├╗├û_╬ª┬┐┬í╧â┬½├£┬╡┬í├║┬╡┬ú┬╝/37_┬╡┬íΓöñ╧â├àΓûô╬ª├ç├ó╧â┬╗╞Æ_1944╧âΓòúΓöñ4┬╡┬ú├¬_Palau_DESECRATE╧â├Ñ├¼╧ä┬ó├║┬╡╞ÆΓòù╧Ç├óΓòù╬ª├æΓöÉ┬╡├╗Γòú╧â├¬├Ñ┬╡├▓├║.md
14991	╬ª┬┐├¬╧ä┬½├╣┬╡ΓîÉ╞Æ╧ä├▓Γûæ╬ª├╝Γéº_BRANCH_B_v049_FULL_HANDOFF_1944-08-04T24_2026-09-04/02_ORIGINAL_EXTRACTED_TREE/╬ª┬┐├¬╧ä┬½├╣┬╡ΓîÉ╞Æ╧ä├▓Γûæ╬ª├╝Γéº_BRANCH_B_v048_REAUDIT_FULL_RESUME_1944-02-20T24_2026-08-31/99_LEGACY_UNTOUCHED/╬ª┬┐├¬╧ä┬½├╣┬╡ΓîÉ╞Æ╧ä├▓Γûæ╬ª├╝Γéº_1941╬ÿ├╗├»┬╡├¬┬¬╧âΓòûΓòù┬╡├¬Γòù╧Ç├╝├╣_╧â├Ñ├¼╧ä├╢╞Æ╧ä├╢├║_v004_2026-08-18/90_╧â┬½├«╧â├á┬┐╬úΓòò├ç╧âΓò¥├à_╧â├ä╞Æ╧â├áΓòò╧Ç├⌐Γòú╧Ç├ó├¿╧Ç├ó├ó╧Ç├ó├╣╧Ç├⌐Γòû╧Ç├ó┬║╧Ç├ó├ó╧Ç├ó├¬/╬ª┬┐├¬╧ä┬½├╣┬╡ΓîÉ╞Æ╧ä├▓Γûæ╬ª├╝Γéº_1941╬ÿ├╗├»┬╡├¬┬¬╧âΓòûΓòù┬╡├¬Γòù╧Ç├╝├╣_╧â┬½├«╧â├á┬┐╬úΓòò├ç╧âΓò¥├à_2026-08-16/03_┬╡├▒┬ú╬ª┬┐├ä╬ªΓöé├º┬╡├╗├û_╬ª┬┐┬í╧â┬½├£┬╡┬í├║┬╡┬ú┬╝/38_╬ª├½┬¬╬ª├½├º╧â├àΓûæ╧âΓòòΓöé_1944╧âΓòúΓöñ7┬╡┬ú├¬_Marianas╧ä┬óΓöñ╧â├½├¼╧â┬½╞Æ╬ª├½┬¬╧Ç├óΓòùAvailability.md
6462	╬ª┬┐├¬╧ä┬½├╣┬╡ΓîÉ╞Æ╧ä├▓Γûæ╬ª├╝Γéº_BRANCH_B_v049_FULL_HANDOFF_1944-08-04T24_2026-09-04/02_ORIGINAL_EXTRACTED_TREE/╬ª┬┐├¬╧ä┬½├╣┬╡ΓîÉ╞Æ╧ä├▓Γûæ╬ª├╝Γéº_BRANCH_B_v048_REAUDIT_FULL_RESUME_1944-02-20T24_2026-08-31/99_LEGACY_UNTOUCHED/╬ª┬┐├¬╧ä┬½├╣┬╡ΓîÉ╞Æ╧ä├▓Γûæ╬ª├╝Γéº_1941╬ÿ├╗├»┬╡├¬┬¬╧âΓòûΓòù┬╡├¬Γòù╧Ç├╝├╣_╧â├Ñ├¼╧ä├╢╞Æ╧ä├╢├║_v004_2026-08-18/90_╧â┬½├«╧â├á┬┐╬úΓòò├ç╧âΓò¥├à_╧â├ä╞Æ╧â├áΓòò╧Ç├⌐Γòú╧Ç├ó├¿╧Ç├ó├ó╧Ç├ó├╣╧Ç├⌐Γòû╧Ç├ó┬║╧Ç├ó├ó╧Ç├ó├¬/╬ª┬┐├¬╧ä┬½├╣┬╡ΓîÉ╞Æ╧ä├▓Γûæ╬ª├╝Γéº_1941╬ÿ├╗├»┬╡├¬┬¬╧âΓòûΓòù┬╡├¬Γòù╧Ç├╝├╣_╧â┬½├«╧â├á┬┐╬úΓòò├ç╧âΓò¥├à_2026-08-16/03_┬╡├▒┬ú╬ª┬┐├ä╬ªΓöé├º┬╡├╗├û_╬ª┬┐┬í╧â┬½├£┬╡┬í├║┬╡┬ú┬╝/39_┬╡┬íΓöñ╧â├àΓûô╬ª├ç├ó╧â┬╗╞Æ_1944╧âΓòúΓöñ4-7┬╡┬ú├¬_Palau╧âΓò¢├«╬ª├æΓöÉ┬╡├╗Γòú╧â├¬├Ñ┬╡├▓├║╧Ç├óΓòùFORAGER┬╡├û├⌐╬ª┬┐├¬╧â├ë├«┬╡┬ú╞Æ.md
15668	╬ª┬┐├¬╧ä┬½├╣┬╡ΓîÉ╞Æ╧ä├▓Γûæ╬ª├╝Γéº_BRANCH_B_v049_FULL_HANDOFF_1944-08-04T24_2026-09-04/02_ORIGINAL_EXTRACTED_TREE/╬ª┬┐├¬╧ä┬½├╣┬╡ΓîÉ╞Æ╧ä├▓Γûæ╬ª├╝Γéº_BRANCH_B_v048_REAUDIT_FULL_RESUME_1944-02-20T24_2026-08-31/99_LEGACY_UNTOUCHED/╬ª┬┐├¬╧ä┬½├╣┬╡ΓîÉ╞Æ╧ä├▓Γûæ╬ª├╝Γéº_1941╬ÿ├╗├»┬╡├¬┬¬╧âΓòûΓòù┬╡├¬Γòù╧Ç├╝├╣_╧â├Ñ├¼╧ä├╢╞Æ╧ä├╢├║_v004_2026-08-18/90_╧â┬½├«╧â├á┬┐╬úΓòò├ç╧âΓò¥├à_╧â├ä╞Æ╧â├áΓòò╧Ç├⌐Γòú╧Ç├ó├¿╧Ç├ó├ó╧Ç├ó├╣╧Ç├⌐Γòû╧Ç├ó┬║╧Ç├ó├ó╧Ç├ó├¬/╬ª┬┐├¬╧ä┬½├╣┬╡ΓîÉ╞Æ╧ä├▓Γûæ╬ª├╝Γéº_1941╬ÿ├╗├»┬╡├¬┬¬╧âΓòûΓòù┬╡├¬Γòù╧Ç├╝├╣_╧â┬½├«╧â├á┬┐╬úΓòò├ç╧âΓò¥├à_2026-08-16/03_┬╡├▒┬ú╬ª┬┐├ä╬ªΓöé├º┬╡├╗├û_╬ª┬┐┬í╧â┬½├£┬╡┬í├║┬╡┬ú┬╝/40_╧â┬╗Γò¢┬╡Γò£┬ú╬ª├¬┬¼╧äΓîÉΓòæ_┬╡┬ÑΓûÆ┬╡ΓòíΓòû╧Ç├óΓòù╧Ç├⌐┬╜╧â├àΓòû╧Ç├óΓòù╧ä┬║├»┬╡Γöñ├æ╬úΓòòΓòò.md
16217	╬ª┬┐├¬╧ä┬½├╣┬╡ΓîÉ╞Æ╧ä├▓Γûæ╬ª├╝Γéº_BRANCH_B_v049_FULL_HANDOFF_1944-08-04T24_2026-09-04/02_ORIGINAL_EXTRACTED_TREE/╬ª┬┐├¬╧ä┬½├╣┬╡ΓîÉ╞Æ╧ä├▓Γûæ╬ª├╝Γéº_BRANCH_B_v048_REAUDIT_FULL_RESUME_1944-02-20T24_2026-08-31/99_LEGACY_UNTOUCHED/╬ª┬┐├¬╧ä┬½├╣┬╡ΓîÉ╞Æ╧ä├▓Γûæ╬ª├╝Γéº_1941╬ÿ├╗├»┬╡├¬┬¬╧âΓòûΓòù┬╡├¬Γòù╧Ç├╝├╣_╧â├Ñ├¼╧ä├╢╞Æ╧ä├╢├║_v004_2026-08-18/90_╧â┬½├«╧â├á┬┐╬úΓòò├ç╧âΓò¥├à_╧â├ä╞Æ╧â├áΓòò╧Ç├⌐Γòú╧Ç├ó├¿╧Ç├ó├ó╧Ç├ó├╣╧Ç├⌐Γòû╧Ç├ó┬║╧Ç├ó├ó╧Ç├ó├¬/╬ª┬┐├¬╧ä┬½├╣┬╡ΓîÉ╞Æ╧ä├▓Γûæ╬ª├╝Γéº_1941╬ÿ├╗├»┬╡├¬┬¬╧âΓòûΓòù┬╡├¬Γòù╧Ç├╝├╣_╧â┬½├«╧â├á┬┐╬úΓòò├ç╧âΓò¥├à_2026-08-16/03_┬╡├▒┬ú╬ª┬┐├ä╬ªΓöé├º┬╡├╗├û_╬ª┬┐┬í╧â┬½├£┬╡┬í├║┬╡┬ú┬╝/41_╬ª├½┬¬╬ª├½├º╧â┬╗Γò¢┬╡Γò£┬ú_┬╡├ä├│╬úΓöÉ├¡╧Ç├óΓòù╧ä├¬├Ñ╬ÿ┬óΓòû╧Ç├óΓòù╬ª┬íΓòû╬ª├¡┬ó╬ÿ├╝├»╧ä├╢┬┐.md
9775	╬ª┬┐├¬╧ä┬½├╣┬╡ΓîÉ╞Æ╧ä├▓Γûæ╬ª├╝Γéº_BRANCH_B_v049_FULL_HANDOFF_1944-08-04T24_2026-09-04/02_ORIGINAL_EXTRACTED_TREE/╬ª┬┐├¬╧ä┬½├╣┬╡ΓîÉ╞Æ╧ä├▓Γûæ╬ª├╝Γéº_BRANCH_B_v048_REAUDIT_FULL_RESUME_1944-02-20T24_2026-08-31/99_LEGACY_UNTOUCHED/╬ª┬┐├¬╧ä┬½├╣┬╡ΓîÉ╞Æ╧ä├▓Γûæ╬ª├╝Γéº_1941╬ÿ├╗├»┬╡├¬┬¬╧âΓòûΓòù┬╡├¬Γòù╧Ç├╝├╣_╧â├Ñ├¼╧ä├╢╞Æ╧ä├╢├║_v004_2026-08-18/90_╧â┬½├«╧â├á┬┐╬úΓòò├ç╧âΓò¥├à_╧â├ä╞Æ╧â├áΓòò╧Ç├⌐Γòú╧Ç├ó├¿╧Ç├ó├ó╧Ç├ó├╣╧Ç├⌐Γòû╧Ç├ó┬║╧Ç├ó├ó╧Ç├ó├¬/╬ª┬┐├¬╧ä┬½├╣┬╡ΓîÉ╞Æ╧ä├▓Γûæ╬ª├╝Γéº_1941╬ÿ├╗├»┬╡├¬┬¬╧âΓòûΓòù┬╡├¬Γòù╧Ç├╝├╣_╧â┬½├«╧â├á┬┐╬úΓòò├ç╧âΓò¥├à_2026-08-16/03_┬╡├▒┬ú╬ª┬┐├ä╬ªΓöé├º┬╡├╗├û_╬ª┬┐┬í╧â┬½├£┬╡┬í├║┬╡┬ú┬╝/42_╬ª├½┬¬╬ª├½├º╧â├àΓûæ╧âΓòòΓöé_1944╧âΓòúΓöñ7┬╡┬ú├¬_FORAGER╧â┬½╞Æ╬ª├½┬¬TaskGroup╧Ç├óΓòù┬╡ΓûÆΓòæ┬╡├¬┬¬╬ÿ├á├¼╧äΓò£┬½.md
15626	╬ª┬┐├¬╧ä┬½├╣┬╡ΓîÉ╞Æ╧ä├▓Γûæ╬ª├╝Γéº_BRANCH_B_v049_FULL_HANDOFF_1944-08-04T24_2026-09-04/02_ORIGINAL_EXTRACTED_TREE/╬ª┬┐├¬╧ä┬½├╣┬╡ΓîÉ╞Æ╧ä├▓Γûæ╬ª├╝Γéº_BRANCH_B_v048_REAUDIT_FULL_RESUME_1944-02-20T24_2026-08-31/99_LEGACY_UNTOUCHED/╬ª┬┐├¬╧ä┬½├╣┬╡ΓîÉ╞Æ╧ä├▓Γûæ╬ª├╝Γéº_1941╬ÿ├╗├»┬╡├¬┬¬╧âΓòûΓòù┬╡├¬Γòù╧Ç├╝├╣_╧â├Ñ├¼╧ä├╢╞Æ╧ä├╢├║_v004_2026-08-18/90_╧â┬½├«╧â├á┬┐╬úΓòò├ç╧âΓò¥├à_╧â├ä╞Æ╧â├áΓòò╧Ç├⌐Γòú╧Ç├ó├¿╧Ç├ó├ó╧Ç├ó├╣╧Ç├⌐Γòû╧Ç├ó┬║╧Ç├ó├ó╧Ç├ó├¬/╬ª┬┐├¬╧ä┬½├╣┬╡ΓîÉ╞Æ╧ä├▓Γûæ╬ª├╝Γéº_1941╬ÿ├╗├»┬╡├¬┬¬╧âΓòûΓòù┬╡├¬Γòù╧Ç├╝├╣_╧â┬½├«╧â├á┬┐╬úΓòò├ç╧âΓò¥├à_2026-08-16/03_┬╡├▒┬ú╬ª┬┐├ä╬ªΓöé├º┬╡├╗├û_╬ª┬┐┬í╧â┬½├£┬╡┬í├║┬╡┬ú┬╝/43_┬╡┬íΓöñ╧â├àΓûô╬ª├ç├ó╧â┬╗╞Æ_1944╧âΓòúΓöñ7┬╡┬ú├¬8-15_FORAGER╧â├½├¼╧â├┤┬┐╧Ç├óΓòù╧Ç├ó├▓╧Ç├⌐├║╧Ç├ó┬¼╧Ç├ó├╢╧Ç├óΓöé┬╡ΓòíΓòû╧â├Ñ├¼╧ä┬ó├║┬╡╞ÆΓòù.md
11547	╬ª┬┐├¬╧ä┬½├╣┬╡ΓîÉ╞Æ╧ä├▓Γûæ╬ª├╝Γéº_BRANCH_B_v049_FULL_HANDOFF_1944-08-04T24_2026-09-04/02_ORIGINAL_EXTRACTED_TREE/╬ª┬┐├¬╧ä┬½├╣┬╡ΓîÉ╞Æ╧ä├▓Γûæ╬ª├╝Γéº_BRANCH_B_v048_REAUDIT_FULL_RESUME_1944-02-20T24_2026-08-31/99_LEGACY_UNTOUCHED/╬ª┬┐├¬╧ä┬½├╣┬╡ΓîÉ╞Æ╧ä├▓Γûæ╬ª├╝Γéº_1941╬ÿ├╗├»┬╡├¬┬¬╧âΓòûΓòù┬╡├¬Γòù╧Ç├╝├╣_╧â├Ñ├¼╧ä├╢╞Æ╧ä├╢├║_v004_2026-08-18/90_╧â┬½├«╧â├á┬┐╬úΓòò├ç╧âΓò¥├à_╧â├ä╞Æ╧â├áΓòò╧Ç├⌐Γòú╧Ç├ó├¿╧Ç├ó├ó╧Ç├ó├╣╧Ç├⌐Γòû╧Ç├ó┬║╧Ç├ó├ó╧Ç├ó├¬/╬ª┬┐├¬╧ä┬½├╣┬╡ΓîÉ╞Æ╧ä├▓Γûæ╬ª├╝Γéº_1941╬ÿ├╗├»┬╡├¬┬¬╧âΓòûΓòù┬╡├¬Γòù╧Ç├╝├╣_╧â┬½├«╧â├á┬┐╬úΓòò├ç╧âΓò¥├à_2026-08-16/03_┬╡├▒┬ú╬ª┬┐├ä╬ªΓöé├º┬╡├╗├û_╬ª┬┐┬í╧â┬½├£┬╡┬í├║┬╡┬ú┬╝/44_┬╡├¬┬¬╬ª├¡├┤╧ä├í├╢╬ÿ├ªΓò£_1942-44_╧äΓîÉΓòæ┬╡┬╗├¼┬╡├«├º┬╡├à┬½╧Ç├óΓòù╬ª├½┬¬╬ÿ├£├¿╧â┬óΓéº╬ÿ├╝ΓöÉ╧Ç├óΓòù┬╡├▓├û╧ä┬╗├ñ╧â├«├╗.md
15432	╬ª┬┐├¬╧ä┬½├╣┬╡ΓîÉ╞Æ╧ä├▓Γûæ╬ª├╝Γéº_BRANCH_B_v049_FULL_HANDOFF_1944-08-04T24_2026-09-04/02_ORIGINAL_EXTRACTED_TREE/╬ª┬┐├¬╧ä┬½├╣┬╡ΓîÉ╞Æ╧ä├▓Γûæ╬ª├╝Γéº_BRANCH_B_v048_REAUDIT_FULL_RESUME_1944-02-20T24_2026-08-31/99_LEGACY_UNTOUCHED/╬ª┬┐├¬╧ä┬½├╣┬╡ΓîÉ╞Æ╧ä├▓Γûæ╬ª├╝Γéº_1941╬ÿ├╗├»┬╡├¬┬¬╧âΓòûΓòù┬╡├¬Γòù╧Ç├╝├╣_╧â├Ñ├¼╧ä├╢╞Æ╧ä├╢├║_v004_2026-08-18/90_╧â┬½├«╧â├á┬┐╬úΓòò├ç╧âΓò¥├à_╧â├ä╞Æ╧â├áΓòò╧Ç├⌐Γòú╧Ç├ó├¿╧Ç├ó├ó╧Ç├ó├╣╧Ç├⌐Γòû╧Ç├ó┬║╧Ç├ó├ó╧Ç├ó├¬/╬ª┬┐├¬╧ä┬½├╣┬╡ΓîÉ╞Æ╧ä├▓Γûæ╬ª├╝Γéº_1941╬ÿ├╗├»┬╡├¬┬¬╧âΓòûΓòù┬╡├¬Γòù╧Ç├╝├╣_╧â┬½├«╧â├á┬┐╬úΓòò├ç╧âΓò¥├à_2026-08-16/03_┬╡├▒┬ú╬ª┬┐├ä╬ªΓöé├º┬╡├╗├û_╬ª┬┐┬í╧â┬½├£┬╡┬í├║┬╡┬ú┬╝/45_╬ª├¬┬¼╧äΓîÉΓòæ╬ÿ├╝├»╧ä├╢┬┐╧â├¬Γòó╧âΓòæ┬¬_1942-44_╧äΓîÉΓòæ╧â┬úΓûæ╧â├¬├Ñ╬ÿ┬ó├│╧Ç├óΓòù┬╡├╢Γòù╬ÿ├┐Γûô╧ä├╝┬╜╧â├û┬┐╧ä┬½├¡╧â├¬Γòó╧ä├íΓöñ╧äΓòóΓòù╧ä├í├╢╧äΓîÉΓòó.md
22992	╬ª┬┐├¬╧ä┬½├╣┬╡ΓîÉ╞Æ╧ä├▓Γûæ╬ª├╝Γéº_BRANCH_B_v049_FULL_HANDOFF_1944-08-04T24_2026-09-04/02_ORIGINAL_EXTRACTED_TREE/╬ª┬┐├¬╧ä┬½├╣┬╡ΓîÉ╞Æ╧ä├▓Γûæ╬ª├╝Γéº_BRANCH_B_v048_REAUDIT_FULL_RESUME_1944-02-20T24_2026-08-31/99_LEGACY_UNTOUCHED/╬ª┬┐├¬╧ä┬½├╣┬╡ΓîÉ╞Æ╧ä├▓Γûæ╬ª├╝Γéº_1941╬ÿ├╗├»┬╡├¬┬¬╧âΓòûΓòù┬╡├¬Γòù╧Ç├╝├╣_╧â├Ñ├¼╧ä├╢╞Æ╧ä├╢├║_v004_2026-08-18/90_╧â┬½├«╧â├á┬┐╬úΓòò├ç╧âΓò¥├à_╧â├ä╞Æ╧â├áΓòò╧Ç├⌐Γòú╧Ç├ó├¿╧Ç├ó├ó╧Ç├ó├╣╧Ç├⌐Γòû╧Ç├ó┬║╧Ç├ó├ó╧Ç├ó├¬/╬ª┬┐├¬╧ä┬½├╣┬╡ΓîÉ╞Æ╧ä├▓Γûæ╬ª├╝Γéº_1941╬ÿ├╗├»┬╡├¬┬¬╧âΓòûΓòù┬╡├¬Γòù╧Ç├╝├╣_╧â┬½├«╧â├á┬┐╬úΓòò├ç╧âΓò¥├à_2026-08-16/03_┬╡├▒┬ú╬ª┬┐├ä╬ªΓöé├º┬╡├╗├û_╬ª┬┐┬í╧â┬½├£┬╡┬í├║┬╡┬ú┬╝/46_╬ª├¬┬¼╧äΓîÉΓòæ╬úΓòæΓòæ╬úΓòæ├»_1942-44_╬ª├º┬¼╧ä├ñΓòó╬ÿ├⌐├ñ┬╡Γòí├╝╧Ç├óΓòù╧äΓîÉΓòæ╧â┬úΓûæ╧â├¬├Ñ╬ÿ┬ó├│╧Ç├óΓòù╧äΓòûΓöñ╧âΓòæ┬¬╧âΓòúΓöé┬╡Γòæ├╗╧â├«├╗.md
10541	╬ª┬┐├¬╧ä┬½├╣┬╡ΓîÉ╞Æ╧ä├▓Γûæ╬ª├╝Γéº_BRANCH_B_v049_FULL_HANDOFF_1944-08-04T24_2026-09-04/02_ORIGINAL_EXTRACTED_TREE/╬ª┬┐├¬╧ä┬½├╣┬╡ΓîÉ╞Æ╧ä├▓Γûæ╬ª├╝Γéº_BRANCH_B_v048_REAUDIT_FULL_RESUME_1944-02-20T24_2026-08-31/99_LEGACY_UNTOUCHED/╬ª┬┐├¬╧ä┬½├╣┬╡ΓîÉ╞Æ╧ä├▓Γûæ╬ª├╝Γéº_1941╬ÿ├╗├»┬╡├¬┬¬╧âΓòûΓòù┬╡├¬Γòù╧Ç├╝├╣_╧â├Ñ├¼╧ä├╢╞Æ╧ä├╢├║_v004_2026-08-18/90_╧â┬½├«╧â├á┬┐╬úΓòò├ç╧âΓò¥├à_╧â├ä╞Æ╧â├áΓòò╧Ç├⌐Γòú╧Ç├ó├¿╧Ç├ó├ó╧Ç├ó├╣╧Ç├⌐Γòû╧Ç├ó┬║╧Ç├ó├ó╧Ç├ó├¬/╬ª┬┐├¬╧ä┬½├╣┬╡ΓîÉ╞Æ╧ä├▓Γûæ╬ª├╝Γéº_1941╬ÿ├╗├»┬╡├¬┬¬╧âΓòûΓòù┬╡├¬Γòù╧Ç├╝├╣_╧â┬½├«╧â├á┬┐╬úΓòò├ç╧âΓò¥├à_2026-08-16/03_┬╡├▒┬ú╬ª┬┐├ä╬ªΓöé├º┬╡├╗├û_╬ª┬┐┬í╧â┬½├£┬╡┬í├║┬╡┬ú┬╝/47_╬ª├¬┬¼╧äΓîÉΓòæ┬╡ΓîÉ╞Æ┬╡├¿├ç╬ª├¡├┤╧ä┬ó├║┬╡╞ÆΓòù_1938-44_╧â├àΓûô╧â┬½╞Æ┬╡├¿├ç╬ª├¡├┤┬╡├ä├¡╧ä├╢┬┐╧Ç├óΓòù┬╡├û├⌐╧äΓöéΓòù╧â├¬├╣╧Ç├óΓòù╧â├Ñ├¼╬ª┬┐├¬╧ä┬½├╣╧Ç├⌐Γûô╧Ç├óΓò¥╧Ç├ó├¬.md
33417	╬ª┬┐├¬╧ä┬½├╣┬╡ΓîÉ╞Æ╧ä├▓Γûæ╬ª├╝Γéº_BRANCH_B_v049_FULL_HANDOFF_1944-08-04T24_2026-09-04/02_ORIGINAL_EXTRACTED_TREE/╬ª┬┐├¬╧ä┬½├╣┬╡ΓîÉ╞Æ╧ä├▓Γûæ╬ª├╝Γéº_BRANCH_B_v048_REAUDIT_FULL_RESUME_1944-02-20T24_2026-08-31/99_LEGACY_UNTOUCHED/╬ª┬┐├¬╧ä┬½├╣┬╡ΓîÉ╞Æ╧ä├▓Γûæ╬ª├╝Γéº_1941╬ÿ├╗├»┬╡├¬┬¬╧âΓòûΓòù┬╡├¬Γòù╧Ç├╝├╣_╧â├Ñ├¼╧ä├╢╞Æ╧ä├╢├║_v004_2026-08-18/90_╧â┬½├«╧â├á┬┐╬úΓòò├ç╧âΓò¥├à_╧â├ä╞Æ╧â├áΓòò╧Ç├⌐Γòú╧Ç├ó├¿╧Ç├ó├ó╧Ç├ó├╣╧Ç├⌐Γòû╧Ç├ó┬║╧Ç├ó├ó╧Ç├ó├¬/╬ª┬┐├¬╧ä┬½├╣┬╡ΓîÉ╞Æ╧ä├▓Γûæ╬ª├╝Γéº_1941╬ÿ├╗├»┬╡├¬┬¬╧âΓòûΓòù┬╡├¬Γòù╧Ç├╝├╣_╧â┬½├«╧â├á┬┐╬úΓòò├ç╧âΓò¥├à_2026-08-16/03_┬╡├▒┬ú╬ª┬┐├ä╬ªΓöé├º┬╡├╗├û_╬ª┬┐┬í╧â┬½├£┬╡┬í├║┬╡┬ú┬╝/50_╬ª├¬┬¼╧äΓîÉΓòæ┬╡ΓîÉ╞Æ╧ä├í├╢╧äΓîÉΓòó_╬ÿ├ûΓòò┬╡ΓòíΓòû╬ªΓòù├¼╧äΓòû├à╧â├ë├¬┬╡┬í├║┬╡┬ú┬╝.md
50077	╬ª┬┐├¬╧ä┬½├╣┬╡ΓîÉ╞Æ╧ä├▓Γûæ╬ª├╝Γéº_BRANCH_B_v049_FULL_HANDOFF_1944-08-04T24_2026-09-04/02_ORIGINAL_EXTRACTED_TREE/╬ª┬┐├¬╧ä┬½├╣┬╡ΓîÉ╞Æ╧ä├▓Γûæ╬ª├╝Γéº_BRANCH_B_v048_REAUDIT_FULL_RESUME_1944-02-20T24_2026-08-31/99_LEGACY_UNTOUCHED/╬ª┬┐├¬╧ä┬½├╣┬╡ΓîÉ╞Æ╧ä├▓Γûæ╬ª├╝Γéº_1941╬ÿ├╗├»┬╡├¬┬¬╧âΓòûΓòù┬╡├¬Γòù╧Ç├╝├╣_╧â├Ñ├¼╧ä├╢╞Æ╧ä├╢├║_v004_2026-08-18/90_╧â┬½├«╧â├á┬┐╬úΓòò├ç╧âΓò¥├à_╧â├ä╞Æ╧â├áΓòò╧Ç├⌐Γòú╧Ç├ó├¿╧Ç├ó├ó╧Ç├ó├╣╧Ç├⌐Γòû╧Ç├ó┬║╧Ç├ó├ó╧Ç├ó├¬/╬ª┬┐├¬╧ä┬½├╣┬╡ΓîÉ╞Æ╧ä├▓Γûæ╬ª├╝Γéº_1941╬ÿ├╗├»┬╡├¬┬¬╧âΓòûΓòù┬╡├¬Γòù╧Ç├╝├╣_╧â┬½├«╧â├á┬┐╬úΓòò├ç╧âΓò¥├à_2026-08-16/03_┬╡├▒┬ú╬ª┬┐├ä╬ªΓöé├º┬╡├╗├û_╬ª┬┐┬í╧â┬½├£┬╡┬í├║┬╡┬ú┬╝/51_╬ÿ├ûΓòò╬ªΓòù├¼╬ª├¬┬¼╧äΓîÉΓòæ┬╡ΓîÉ╞Æ_┬╡ΓîÉ╞Æ╧ä┬┐┬½╧â├¬├æ╬ª┬┐┬í╬ª┬┐├¬╧Ç├óΓòù╧ä├ûΓòæ╧â├»├▓┬╡ΓîÉ╞Æ╧Ç├óΓòù┬╡├╣├æ╧ä┬┐├».md
57788	╬ª┬┐├¬╧ä┬½├╣┬╡ΓîÉ╞Æ╧ä├▓Γûæ╬ª├╝Γéº_BRANCH_B_v049_FULL_HANDOFF_1944-08-04T24_2026-09-04/02_ORIGINAL_EXTRACTED_TREE/╬ª┬┐├¬╧ä┬½├╣┬╡ΓîÉ╞Æ╧ä├▓Γûæ╬ª├╝Γéº_BRANCH_B_v048_REAUDIT_FULL_RESUME_1944-02-20T24_2026-08-31/99_LEGACY_UNTOUCHED/╬ª┬┐├¬╧ä┬½├╣┬╡ΓîÉ╞Æ╧ä├▓Γûæ╬ª├╝Γéº_1941╬ÿ├╗├»┬╡├¬┬¬╧âΓòûΓòù┬╡├¬Γòù╧Ç├╝├╣_╧â├Ñ├¼╧ä├╢╞Æ╧ä├╢├║_v004_2026-08-18/90_╧â┬½├«╧â├á┬┐╬úΓòò├ç╧âΓò¥├à_╧â├ä╞Æ╧â├áΓòò╧Ç├⌐Γòú╧Ç├ó├¿╧Ç├ó├ó╧Ç├ó├╣╧Ç├⌐Γòû╧Ç├ó┬║╧Ç├ó├ó╧Ç├ó├¬/╬ª┬┐├¬╧ä┬½├╣┬╡ΓîÉ╞Æ╧ä├▓Γûæ╬ª├╝Γéº_1941╬ÿ├╗├»┬╡├¬┬¬╧âΓòûΓòù┬╡├¬Γòù╧Ç├╝├╣_╧â┬½├«╧â├á┬┐╬úΓòò├ç╧âΓò¥├à_2026-08-16/03_┬╡├▒┬ú╬ª┬┐├ä╬ªΓöé├º┬╡├╗├û_╬ª┬┐┬í╧â┬½├£┬╡┬í├║┬╡┬ú┬╝/52_┬╡ΓòíΓòû╬ªΓòù├¼╬ª├¬┬¼╧äΓîÉΓòæ┬╡ΓîÉ╞Æ_╬ª├½┬¬┬╡├╢Γòù╧Ç├óΓòù╬ª├½┬¬╧ä├¬├Ñ╧Ç├óΓòù╬ÿ├ûΓòò┬╡├╢Γòù╧Ç├óΓòù╧â├▒┬║╬ª├½├º.md
58865	╬ª┬┐├¬╧ä┬½├╣┬╡ΓîÉ╞Æ╧ä├▓Γûæ╬ª├╝Γéº_BRANCH_B_v049_FULL_HANDOFF_1944-08-04T24_2026-09-04/02_ORIGINAL_EXTRACTED_TREE/╬ª┬┐├¬╧ä┬½├╣┬╡ΓîÉ╞Æ╧ä├▓Γûæ╬ª├╝Γéº_BRANCH_B_v048_REAUDIT_FULL_RESUME_1944-02-20T24_2026-08-31/99_LEGACY_UNTOUCHED/╬ª┬┐├¬╧ä┬½├╣┬╡ΓîÉ╞Æ╧ä├▓Γûæ╬ª├╝Γéº_1941╬ÿ├╗├»┬╡├¬┬¬╧âΓòûΓòù┬╡├¬Γòù╧Ç├╝├╣_╧â├Ñ├¼╧ä├╢╞Æ╧ä├╢├║_v004_2026-08-18/90_╧â┬½├«╧â├á┬┐╬úΓòò├ç╧âΓò¥├à_╧â├ä╞Æ╧â├áΓòò╧Ç├⌐Γòú╧Ç├ó├¿╧Ç├ó├ó╧Ç├ó├╣╧Ç├⌐Γòû╧Ç├ó┬║╧Ç├ó├ó╧Ç├ó├¬/╬ª┬┐├¬╧ä┬½├╣┬╡ΓîÉ╞Æ╧ä├▓Γûæ╬ª├╝Γéº_1941╬ÿ├╗├»┬╡├¬┬¬╧âΓòûΓòù┬╡├¬Γòù╧Ç├╝├╣_╧â┬½├«╧â├á┬┐╬úΓòò├ç╧âΓò¥├à_2026-08-16/03_┬╡├▒┬ú╬ª┬┐├ä╬ªΓöé├º┬╡├╗├û_╬ª┬┐┬í╧â┬½├£┬╡┬í├║┬╡┬ú┬╝/53_┬╡ΓòíΓòû╬ªΓòù├¼┬╡├¬┬¬╬ÿ├╣├┐┬╡ΓîÉ╞Æ╧Ç├óΓòù╧äΓîÉΓòæ╧â├ÑΓòû╧ä├ûΓòæ╧â├»├▓┬╡ΓîÉ╞Æ╧Ç├óΓòù╧â├ûΓöñ╬ÿ├çΓûô╬ª├¬┬¼╧äΓîÉΓòæ.md
28314	╬ª┬┐├¬╧ä┬½├╣┬╡ΓîÉ╞Æ╧ä├▓Γûæ╬ª├╝Γéº_BRANCH_B_v049_FULL_HANDOFF_1944-08-04T24_2026-09-04/02_ORIGINAL_EXTRACTED_TREE/╬ª┬┐├¬╧ä┬½├╣┬╡ΓîÉ╞Æ╧ä├▓Γûæ╬ª├╝Γéº_BRANCH_B_v048_REAUDIT_FULL_RESUME_1944-02-20T24_2026-08-31/99_LEGACY_UNTOUCHED/╬ª┬┐├¬╧ä┬½├╣┬╡ΓîÉ╞Æ╧ä├▓Γûæ╬ª├╝Γéº_1941╬ÿ├╗├»┬╡├¬┬¬╧âΓòûΓòù┬╡├¬Γòù╧Ç├╝├╣_╧â├Ñ├¼╧ä├╢╞Æ╧ä├╢├║_v004_2026-08-18/90_╧â┬½├«╧â├á┬┐╬úΓòò├ç╧âΓò¥├à_╧â├ä╞Æ╧â├áΓòò╧Ç├⌐Γòú╧Ç├ó├¿╧Ç├ó├ó╧Ç├ó├╣╧Ç├⌐Γòû╧Ç├ó┬║╧Ç├ó├ó╧Ç├ó├¬/╬ª┬┐├¬╧ä┬½├╣┬╡ΓîÉ╞Æ╧ä├▓Γûæ╬ª├╝Γéº_1941╬ÿ├╗├»┬╡├¬┬¬╧âΓòûΓòù┬╡├¬Γòù╧Ç├╝├╣_╧â┬½├«╧â├á┬┐╬úΓòò├ç╧âΓò¥├à_2026-08-16/03_┬╡├▒┬ú╬ª┬┐├ä╬ªΓöé├º┬╡├╗├û_╬ª┬┐┬í╧â┬½├£┬╡┬í├║┬╡┬ú┬╝/60_╬ÿ├╗├»┬╡├¬┬¬┬╡├¬┬¬╧â├¿┬ó╧Ç├óΓòù╬ªΓò¥Γòò╬ÿ├ç├╝╧Ç├óΓòù╧äΓîÉΓòæ┬╡┬╗├¼╧Ç├óΓòù┬╡├à├£╬ÿ├ûΓòò╧Ç├óΓòù╧ä├íΓûô╬ª┬┐├¬╧ä┬½├╣.md
27166	╬ª┬┐├¬╧ä┬½├╣┬╡ΓîÉ╞Æ╧ä├▓Γûæ╬ª├╝Γéº_BRANCH_B_v049_FULL_HANDOFF_1944-08-04T24_2026-09-04/02_ORIGINAL_EXTRACTED_TREE/╬ª┬┐├¬╧ä┬½├╣┬╡ΓîÉ╞Æ╧ä├▓Γûæ╬ª├╝Γéº_BRANCH_B_v048_REAUDIT_FULL_RESUME_1944-02-20T24_2026-08-31/99_LEGACY_UNTOUCHED/╬ª┬┐├¬╧ä┬½├╣┬╡ΓîÉ╞Æ╧ä├▓Γûæ╬ª├╝Γéº_1941╬ÿ├╗├»┬╡├¬┬¬╧âΓòûΓòù┬╡├¬Γòù╧Ç├╝├╣_╧â├Ñ├¼╧ä├╢╞Æ╧ä├╢├║_v004_2026-08-18/90_╧â┬½├«╧â├á┬┐╬úΓòò├ç╧âΓò¥├à_╧â├ä╞Æ╧â├áΓòò╧Ç├⌐Γòú╧Ç├ó├¿╧Ç├ó├ó╧Ç├ó├╣╧Ç├⌐Γòû╧Ç├ó┬║╧Ç├ó├ó╧Ç├ó├¬/╬ª┬┐├¬╧ä┬½├╣┬╡ΓîÉ╞Æ╧ä├▓Γûæ╬ª├╝Γéº_1941╬ÿ├╗├»┬╡├¬┬¬╧âΓòûΓòù┬╡├¬Γòù╧Ç├╝├╣_╧â┬½├«╧â├á┬┐╬úΓòò├ç╧âΓò¥├à_2026-08-16/03_┬╡├▒┬ú╬ª┬┐├ä╬ªΓöé├º┬╡├╗├û_╬ª┬┐┬í╧â┬½├£┬╡┬í├║┬╡┬ú┬╝/61_┬╡├¿├ç╬ª├¡├┤╧Ç├╝├»╧Ç├⌐├½╧Ç├╝┬½╬ª├º┬¼╧ä├ñΓòó╧Ç├╝┬¼╬ªΓòù├¼╬úΓòæ├»╧ä├£├ñ┬╡ΓöñΓò¢╧ä├╢╞Æ_┬╡├¬┬¬╬ª├¡├┤╧Ç├⌐Γòí╧Ç├⌐├▒╧Ç├⌐┬╗╧Ç├ó┬╜╧Ç├óΓòù╬úΓòùΓòù╧â├»├û╬ÿ├£├ä╧äΓöñ├£╧Ç├óΓòù┬╡├¬┬¬╧â├àΓûô╧â├Ñ├¼╧ä┬ó├║┬╡╞ÆΓòù.md
17099	╬ª┬┐├¬╧ä┬½├╣┬╡ΓîÉ╞Æ╧ä├▓Γûæ╬ª├╝Γéº_BRANCH_B_v049_FULL_HANDOFF_1944-08-04T24_2026-09-04/02_ORIGINAL_EXTRACTED_TREE/╬ª┬┐├¬╧ä┬½├╣┬╡ΓîÉ╞Æ╧ä├▓Γûæ╬ª├╝Γéº_BRANCH_B_v048_REAUDIT_FULL_RESUME_1944-02-20T24_2026-08-31/99_LEGACY_UNTOUCHED/╬ª┬┐├¬╧ä┬½├╣┬╡ΓîÉ╞Æ╧ä├▓Γûæ╬ª├╝Γéº_1941╬ÿ├╗├»┬╡├¬┬¬╧âΓòûΓòù┬╡├¬Γòù╧Ç├╝├╣_╧â├Ñ├¼╧ä├╢╞Æ╧ä├╢├║_v004_2026-08-18/90_╧â┬½├«╧â├á┬┐╬úΓòò├ç╧âΓò¥├à_╧â├ä╞Æ╧â├áΓòò╧Ç├⌐Γòú╧Ç├ó├¿╧Ç├ó├ó╧Ç├ó├╣╧Ç├⌐Γòû╧Ç├ó┬║╧Ç├ó├ó╧Ç├ó├¬/╬ª┬┐├¬╧ä┬½├╣┬╡ΓîÉ╞Æ╧ä├▓Γûæ╬ª├╝Γéº_1941╬ÿ├╗├»┬╡├¬┬¬╧âΓòûΓòù┬╡├¬Γòù╧Ç├╝├╣_╧â┬½├«╧â├á┬┐╬úΓòò├ç╧âΓò¥├à_2026-08-16/03_┬╡├▒┬ú╬ª┬┐├ä╬ªΓöé├º┬╡├╗├û_╬ª┬┐┬í╧â┬½├£┬╡┬í├║┬╡┬ú┬╝/62_╬ª├½┬¬╬ª├½├º┬╡├¬┬¬╧â├¿┬ó╬ªΓîÉ├▓╬úΓò¢├¡_╬úΓòùΓòù╧â├»├û╬úΓöÉ├⌐┬╡├▓Γûæ╧Ç├óΓòù╬ª├½┬¬╬ÿ├£├¿╬ÿ├╝├»╧ä├╢┬┐╧Ç├óΓòù┬╡├¬┬¬╧â├àΓûô╧â├Ñ├¼╧ä┬ó├║┬╡╞ÆΓòùv3.md
24726	╬ª┬┐├¬╧ä┬½├╣┬╡ΓîÉ╞Æ╧ä├▓Γûæ╬ª├╝Γéº_BRANCH_B_v049_FULL_HANDOFF_1944-08-04T24_2026-09-04/02_ORIGINAL_EXTRACTED_TREE/╬ª┬┐├¬╧ä┬½├╣┬╡ΓîÉ╞Æ╧ä├▓Γûæ╬ª├╝Γéº_BRANCH_B_v048_REAUDIT_FULL_RESUME_1944-02-20T24_2026-08-31/99_LEGACY_UNTOUCHED/╬ª┬┐├¬╧ä┬½├╣┬╡ΓîÉ╞Æ╧ä├▓Γûæ╬ª├╝Γéº_1941╬ÿ├╗├»┬╡├¬┬¬╧âΓòûΓòù┬╡├¬Γòù╧Ç├╝├╣_╧â├Ñ├¼╧ä├╢╞Æ╧ä├╢├║_v004_2026-08-18/90_╧â┬½├«╧â├á┬┐╬úΓòò├ç╧âΓò¥├à_╧â├ä╞Æ╧â├áΓòò╧Ç├⌐Γòú╧Ç├ó├¿╧Ç├ó├ó╧Ç├ó├╣╧Ç├⌐Γòû╧Ç├ó┬║╧Ç├ó├ó╧Ç├ó├¬/╬ª┬┐├¬╧ä┬½├╣┬╡ΓîÉ╞Æ╧ä├▓Γûæ╬ª├╝Γéº_1941╬ÿ├╗├»┬╡├¬┬¬╧âΓòûΓòù┬╡├¬Γòù╧Ç├╝├╣_╧â┬½├«╧â├á┬┐╬úΓòò├ç╧âΓò¥├à_2026-08-16/03_┬╡├▒┬ú╬ª┬┐├ä╬ªΓöé├º┬╡├╗├û_╬ª┬┐┬í╧â┬½├£┬╡┬í├║┬╡┬ú┬╝/70_┬╡├£├╣╧â├àΓòû╧Ç├óΓòù╬ÿ├ç├£╬úΓöÉ├¡┬╡├ó├á╧â├íΓûÆ_╬ª┬┐┬í╬ª┬┐├¬╬ÿ├┐Γûô╧âΓò¢├¡╧Ç├óΓòù┬╡├╢Γòù┬╡├å├ó╧Ç├óΓòù╬ÿ├╝├»╧ä├╢┬┐.md
17751	╬ª┬┐├¬╧ä┬½├╣┬╡ΓîÉ╞Æ╧ä├▓Γûæ╬ª├╝Γéº_BRANCH_B_v049_FULL_HANDOFF_1944-08-04T24_2026-09-04/02_ORIGINAL_EXTRACTED_TREE/╬ª┬┐├¬╧ä┬½├╣┬╡ΓîÉ╞Æ╧ä├▓Γûæ╬ª├╝Γéº_BRANCH_B_v048_REAUDIT_FULL_RESUME_1944-02-20T24_2026-08-31/99_LEGACY_UNTOUCHED/╬ª┬┐├¬╧ä┬½├╣┬╡ΓîÉ╞Æ╧ä├▓Γûæ╬ª├╝Γéº_1941╬ÿ├╗├»┬╡├¬┬¬╧âΓòûΓòù┬╡├¬Γòù╧Ç├╝├╣_╧â├Ñ├¼╧ä├╢╞Æ╧ä├╢├║_v004_2026-08-18/90_╧â┬½├«╧â├á┬┐╬úΓòò├ç╧âΓò¥├à_╧â├ä╞Æ╧â├áΓòò╧Ç├⌐Γòú╧Ç├ó├¿╧Ç├ó├ó╧Ç├ó├╣╧Ç├⌐Γòû╧Ç├ó┬║╧Ç├ó├ó╧Ç├ó├¬/╬ª┬┐├¬╧ä┬½├╣┬╡ΓîÉ╞Æ╧ä├▓Γûæ╬ª├╝Γéº_1941╬ÿ├╗├»┬╡├¬┬¬╧âΓòûΓòù┬╡├¬Γòù╧Ç├╝├╣_╧â┬½├«╧â├á┬┐╬úΓòò├ç╧âΓò¥├à_2026-08-16/03_┬╡├▒┬ú╬ª┬┐├ä╬ªΓöé├º┬╡├╗├û_╬ª┬┐┬í╧â┬½├£┬╡┬í├║┬╡┬ú┬╝/80_┬╡┬íΓöñ╧â├àΓûô╬ª├ç├ó╧â┬╗╞Æ_1942╧âΓòúΓöñMO╧Ç├óΓòùMI╧Ç├óΓòù╬úΓòò┬í╬ÿ├ó┬┐╧â├▒┬¼╧âΓòúΓöé┬╡Γöñ├».md
17050	╬ª┬┐├¬╧ä┬½├╣┬╡ΓîÉ╞Æ╧ä├▓Γûæ╬ª├╝Γéº_BRANCH_B_v049_FULL_HANDOFF_1944-08-04T24_2026-09-04/02_ORIGINAL_EXTRACTED_TREE/╬ª┬┐├¬╧ä┬½├╣┬╡ΓîÉ╞Æ╧ä├▓Γûæ╬ª├╝Γéº_BRANCH_B_v048_REAUDIT_FULL_RESUME_1944-02-20T24_2026-08-31/99_LEGACY_UNTOUCHED/╬ª┬┐├¬╧ä┬½├╣┬╡ΓîÉ╞Æ╧ä├▓Γûæ╬ª├╝Γéº_1941╬ÿ├╗├»┬╡├¬┬¬╧âΓòûΓòù┬╡├¬Γòù╧Ç├╝├╣_╧â├Ñ├¼╧ä├╢╞Æ╧ä├╢├║_v004_2026-08-18/90_╧â┬½├«╧â├á┬┐╬úΓòò├ç╧âΓò¥├à_╧â├ä╞Æ╧â├áΓòò╧Ç├⌐Γòú╧Ç├ó├¿╧Ç├ó├ó╧Ç├ó├╣╧Ç├⌐Γòû╧Ç├ó┬║╧Ç├ó├ó╧Ç├ó├¬/╬ª┬┐├¬╧ä┬½├╣┬╡ΓîÉ╞Æ╧ä├▓Γûæ╬ª├╝Γéº_1941╬ÿ├╗├»┬╡├¬┬¬╧âΓòûΓòù┬╡├¬Γòù╧Ç├╝├╣_╧â┬½├«╧â├á┬┐╬úΓòò├ç╧âΓò¥├à_2026-08-16/03_┬╡├▒┬ú╬ª┬┐├ä╬ªΓöé├º┬╡├╗├û_╬ª┬┐┬í╧â┬½├£┬╡┬í├║┬╡┬ú┬╝/81_┬╡┬íΓöñ╧â├àΓûô╬ª├ç├ó╧â┬╗╞Æ_1942╧âΓòúΓöñ╧â├▒├à╧ä┬║├»_AL╧Ç├óΓòùFS╧Ç├óΓòù╧äΓûÆΓöé┬╡├¬┬¬╧â├¿┬ó╧â┬óΓéº╧âΓò¢ΓîÉ.md
32018	╬ª┬┐├¬╧ä┬½├╣┬╡ΓîÉ╞Æ╧ä├▓Γûæ╬ª├╝Γéº_BRANCH_B_v049_FULL_HANDOFF_1944-08-04T24_2026-09-04/02_ORIGINAL_EXTRACTED_TREE/╬ª┬┐├¬╧ä┬½├╣┬╡ΓîÉ╞Æ╧ä├▓Γûæ╬ª├╝Γéº_BRANCH_B_v048_REAUDIT_FULL_RESUME_1944-02-20T24_2026-08-31/99_LEGACY_UNTOUCHED/╬ª┬┐├¬╧ä┬½├╣┬╡ΓîÉ╞Æ╧ä├▓Γûæ╬ª├╝Γéº_1941╬ÿ├╗├»┬╡├¬┬¬╧âΓòûΓòù┬╡├¬Γòù╧Ç├╝├╣_╧â├Ñ├¼╧ä├╢╞Æ╧ä├╢├║_v004_2026-08-18/90_╧â┬½├«╧â├á┬┐╬úΓòò├ç╧âΓò¥├à_╧â├ä╞Æ╧â├áΓòò╧Ç├⌐Γòú╧Ç├ó├¿╧Ç├ó├ó╧Ç├ó├╣╧Ç├⌐Γòû╧Ç├ó┬║╧Ç├ó├ó╧Ç├ó├¬/╬ª┬┐├¬╧ä┬½├╣┬╡ΓîÉ╞Æ╧ä├▓Γûæ╬ª├╝Γéº_1941╬ÿ├╗├»┬╡├¬┬¬╧âΓòûΓòù┬╡├¬Γòù╧Ç├╝├╣_╧â┬½├«╧â├á┬┐╬úΓòò├ç╧âΓò¥├à_2026-08-16/03_┬╡├▒┬ú╬ª┬┐├ä╬ªΓöé├º┬╡├╗├û_╬ª┬┐┬í╧â┬½├£┬╡┬í├║┬╡┬ú┬╝/82_┬╡┬íΓöñ╧â├àΓûô╬ª├ç├ó╧â┬╗╞Æ_╬úΓòò┬í╧â┬óΓò£╧Ç├óΓòù╧Ç├⌐├▒╧Ç├óΓöé╧Ç├ó├½┬╡Γöñ├»╧Ç├óΓòù╬ÿ├ç├║╧â├ë├¬╬ªΓò¥Γòò╬ÿ├ç├╝╧Ç├óΓòù╧ä├»┬╝╧Ç├⌐Γò£┬╡├¬┬¬┬╡Γöé├│╧â├à├¿.md
9455	╬ª┬┐├¬╧ä┬½├╣┬╡ΓîÉ╞Æ╧ä├▓Γûæ╬ª├╝Γéº_BRANCH_B_v049_FULL_HANDOFF_1944-08-04T24_2026-09-04/02_ORIGINAL_EXTRACTED_TREE/╬ª┬┐├¬╧ä┬½├╣┬╡ΓîÉ╞Æ╧ä├▓Γûæ╬ª├╝Γéº_BRANCH_B_v048_REAUDIT_FULL_RESUME_1944-02-20T24_2026-08-31/99_LEGACY_UNTOUCHED/╬ª┬┐├¬╧ä┬½├╣┬╡ΓîÉ╞Æ╧ä├▓Γûæ╬ª├╝Γéº_1941╬ÿ├╗├»┬╡├¬┬¬╧âΓòûΓòù┬╡├¬Γòù╧Ç├╝├╣_╧â├Ñ├¼╧ä├╢╞Æ╧ä├╢├║_v004_2026-08-18/90_╧â┬½├«╧â├á┬┐╬úΓòò├ç╧âΓò¥├à_╧â├ä╞Æ╧â├áΓòò╧Ç├⌐Γòú╧Ç├ó├¿╧Ç├ó├ó╧Ç├ó├╣╧Ç├⌐Γòû╧Ç├ó┬║╧Ç├ó├ó╧Ç├ó├¬/╬ª┬┐├¬╧ä┬½├╣┬╡ΓîÉ╞Æ╧ä├▓Γûæ╬ª├╝Γéº_1941╬ÿ├╗├»┬╡├¬┬¬╧âΓòûΓòù┬╡├¬Γòù╧Ç├╝├╣_╧â┬½├«╧â├á┬┐╬úΓòò├ç╧âΓò¥├à_2026-08-16/03_┬╡├▒┬ú╬ª┬┐├ä╬ªΓöé├º┬╡├╗├û_╬ª┬┐┬í╧â┬½├£┬╡┬í├║┬╡┬ú┬╝/83_┬╡┬íΓöñ╧â├àΓûô╬ª├ç├ó╧â┬╗╞Æ_1942╧âΓòúΓöñ╬ª├½┬¬┬╡├╢ΓöÉ╧Ç├óΓòù╧äΓîÉΓòæ┬╡┬╗├¼╧âΓòùΓòæ╬ÿ├ç├í╧â├àΓûô╧â┬½╞Æ╧â╞ÆΓòæ┬╡Γòæ├╗.md
12228	╬ª┬┐├¬╧ä┬½├╣┬╡ΓîÉ╞Æ╧ä├▓Γûæ╬ª├╝Γéº_BRANCH_B_v049_FULL_HANDOFF_1944-08-04T24_2026-09-04/02_ORIGINAL_EXTRACTED_TREE/╬ª┬┐├¬╧ä┬½├╣┬╡ΓîÉ╞Æ╧ä├▓Γûæ╬ª├╝Γéº_BRANCH_B_v048_REAUDIT_FULL_RESUME_1944-02-20T24_2026-08-31/99_LEGACY_UNTOUCHED/╬ª┬┐├¬╧ä┬½├╣┬╡ΓîÉ╞Æ╧ä├▓Γûæ╬ª├╝Γéº_1941╬ÿ├╗├»┬╡├¬┬¬╧âΓòûΓòù┬╡├¬Γòù╧Ç├╝├╣_╧â├Ñ├¼╧ä├╢╞Æ╧ä├╢├║_v004_2026-08-18/90_╧â┬½├«╧â├á┬┐╬úΓòò├ç╧âΓò¥├à_╧â├ä╞Æ╧â├áΓòò╧Ç├⌐Γòú╧Ç├ó├¿╧Ç├ó├ó╧Ç├ó├╣╧Ç├⌐Γòû╧Ç├ó┬║╧Ç├ó├ó╧Ç├ó├¬/╬ª┬┐├¬╧ä┬½├╣┬╡ΓîÉ╞Æ╧ä├▓Γûæ╬ª├╝Γéº_1941╬ÿ├╗├»┬╡├¬┬¬╧âΓòûΓòù┬╡├¬Γòù╧Ç├╝├╣_╧â┬½├«╧â├á┬┐╬úΓòò├ç╧âΓò¥├à_2026-08-16/03_┬╡├▒┬ú╬ª┬┐├ä╬ªΓöé├º┬╡├╗├û_╬ª┬┐┬í╧â┬½├£┬╡┬í├║┬╡┬ú┬╝/84_┬╡┬íΓöñ╧â├àΓûô╬ª├ç├ó╧â┬╗╞Æ_1937-1942_╧â├½├¼╧â├àΓûô╧Ç├óΓòù╬úΓòò┬í╧â┬óΓò£╧Ç├óΓòù╧Ç├ó├ä╧Ç├ó├│╧Ç├óΓöé╧Ç├ó├à╧Ç├óΓöé╧Ç├óΓòù╧â├¼├╣┬╡├╗Γòú.md
42861	╬ª┬┐├¬╧ä┬½├╣┬╡ΓîÉ╞Æ╧ä├▓Γûæ╬ª├╝Γéº_BRANCH_B_v049_FULL_HANDOFF_1944-08-04T24_2026-09-04/02_ORIGINAL_EXTRACTED_TREE/╬ª┬┐├¬╧ä┬½├╣┬╡ΓîÉ╞Æ╧ä├▓Γûæ╬ª├╝Γéº_BRANCH_B_v048_REAUDIT_FULL_RESUME_1944-02-20T24_2026-08-31/99_LEGACY_UNTOUCHED/╬ª┬┐├¬╧ä┬½├╣┬╡ΓîÉ╞Æ╧ä├▓Γûæ╬ª├╝Γéº_1941╬ÿ├╗├»┬╡├¬┬¬╧âΓòûΓòù┬╡├¬Γòù╧Ç├╝├╣_╧â├Ñ├¼╧ä├╢╞Æ╧ä├╢├║_v004_2026-08-18/90_╧â┬½├«╧â├á┬┐╬úΓòò├ç╧âΓò¥├à_╧â├ä╞Æ╧â├áΓòò╧Ç├⌐Γòú╧Ç├ó├¿╧Ç├ó├ó╧Ç├ó├╣╧Ç├⌐Γòû╧Ç├ó┬║╧Ç├ó├ó╧Ç├ó├¬/╬ª┬┐├¬╧ä┬½├╣┬╡ΓîÉ╞Æ╧ä├▓Γûæ╬ª├╝Γéº_1941╬ÿ├╗├»┬╡├¬┬¬╧âΓòûΓòù┬╡├¬Γòù╧Ç├╝├╣_╧â┬½├«╧â├á┬┐╬úΓòò├ç╧âΓò¥├à_2026-08-16/03_┬╡├▒┬ú╬ª┬┐├ä╬ªΓöé├º┬╡├╗├û_╬ª┬┐┬í╧â┬½├£┬╡┬í├║┬╡┬ú┬╝/85_┬╡┬íΓöñ╧â├àΓûô╬ª├ç├ó╧â┬╗╞Æ_2026-08-10_MO╧Ç├óΓòùMI╧â├Ñ├¼╧ä┬ó├║┬╡╞ÆΓòù_┬╡├£┬╜╧â┬½├£╬úΓò£┬ú┬╡├æ┬í╧äΓòû├£.md
41419	╬ª┬┐├¬╧ä┬½├╣┬╡ΓîÉ╞Æ╧ä├▓Γûæ╬ª├╝Γéº_BRANCH_B_v049_FULL_HANDOFF_1944-08-04T24_2026-09-04/02_ORIGINAL_EXTRACTED_TREE/╬ª┬┐├¬╧ä┬½├╣┬╡ΓîÉ╞Æ╧ä├▓Γûæ╬ª├╝Γéº_BRANCH_B_v048_REAUDIT_FULL_RESUME_1944-02-20T24_2026-08-31/99_LEGACY_UNTOUCHED/╬ª┬┐├¬╧ä┬½├╣┬╡ΓîÉ╞Æ╧ä├▓Γûæ╬ª├╝Γéº_1941╬ÿ├╗├»┬╡├¬┬¬╧âΓòûΓòù┬╡├¬Γòù╧Ç├╝├╣_╧â├Ñ├¼╧ä├╢╞Æ╧ä├╢├║_v004_2026-08-18/90_╧â┬½├«╧â├á┬┐╬úΓòò├ç╧âΓò¥├à_╧â├ä╞Æ╧â├áΓòò╧Ç├⌐Γòú╧Ç├ó├¿╧Ç├ó├ó╧Ç├ó├╣╧Ç├⌐Γòû╧Ç├ó┬║╧Ç├ó├ó╧Ç├ó├¬/╬ª┬┐├¬╧ä┬½├╣┬╡ΓîÉ╞Æ╧ä├▓Γûæ╬ª├╝Γéº_1941╬ÿ├╗├»┬╡├¬┬¬╧âΓòûΓòù┬╡├¬Γòù╧Ç├╝├╣_╧â┬½├«╧â├á┬┐╬úΓòò├ç╧âΓò¥├à_2026-08-16/03_┬╡├▒┬ú╬ª┬┐├ä╬ªΓöé├º┬╡├╗├û_╬ª┬┐┬í╧â┬½├£┬╡┬í├║┬╡┬ú┬╝/86_┬╡┬íΓöñ╧â├àΓûô╬ª├ç├ó╧â┬╗╞Æ_2026-08-11_AL╧Ç├óΓòù╧â├¼├╣╧â├▒┬¼╧âΓòúΓöé┬╡Γöñ├»╧Ç├óΓòùFS╧â├Ñ├¼╧ä┬ó├║┬╡╞ÆΓòù_┬╡├£┬╜╧â┬½├£╬úΓò£┬ú┬╡├æ┬í╧äΓòû├£.md
23026	╬ª┬┐├¬╧ä┬½├╣┬╡ΓîÉ╞Æ╧ä├▓Γûæ╬ª├╝Γéº_BRANCH_B_v049_FULL_HANDOFF_1944-08-04T24_2026-09-04/02_ORIGINAL_EXTRACTED_TREE/╬ª┬┐├¬╧ä┬½├╣┬╡ΓîÉ╞Æ╧ä├▓Γûæ╬ª├╝Γéº_BRANCH_B_v048_REAUDIT_FULL_RESUME_1944-02-20T24_2026-08-31/99_LEGACY_UNTOUCHED/╬ª┬┐├¬╧ä┬½├╣┬╡ΓîÉ╞Æ╧ä├▓Γûæ╬ª├╝Γéº_1941╬ÿ├╗├»┬╡├¬┬¬╧âΓòûΓòù┬╡├¬Γòù╧Ç├╝├╣_╧â├Ñ├¼╧ä├╢╞Æ╧ä├╢├║_v004_2026-08-18/90_╧â┬½├«╧â├á┬┐╬úΓòò├ç╧âΓò¥├à_╧â├ä╞Æ╧â├áΓòò╧Ç├⌐Γòú╧Ç├ó├¿╧Ç├ó├ó╧Ç├ó├╣╧Ç├⌐Γòû╧Ç├ó┬║╧Ç├ó├ó╧Ç├ó├¬/╬ª┬┐├¬╧ä┬½├╣┬╡ΓîÉ╞Æ╧ä├▓Γûæ╬ª├╝Γéº_1941╬ÿ├╗├»┬╡├¬┬¬╧âΓòûΓòù┬╡├¬Γòù╧Ç├╝├╣_╧â┬½├«╧â├á┬┐╬úΓòò├ç╧âΓò¥├à_2026-08-16/03_┬╡├▒┬ú╬ª┬┐├ä╬ªΓöé├º┬╡├╗├û_╬ª┬┐┬í╧â┬½├£┬╡┬í├║┬╡┬ú┬╝/87_┬╡┬íΓöñ╧â├àΓûô╬ª├ç├ó╧â┬╗╞Æ_1942╧ä┬║├»-1943╧â├▒├à_╬úΓòæ├╢╧â├àΓòû╧Ç├óΓòù╧äΓûÆΓöé╧â├à├¼┬╡├╢Γòù╧Ç├óΓòùMidway╧â├ë├«┬╡┬ú╞Æ.md
25256	╬ª┬┐├¬╧ä┬½├╣┬╡ΓîÉ╞Æ╧ä├▓Γûæ╬ª├╝Γéº_BRANCH_B_v049_FULL_HANDOFF_1944-08-04T24_2026-09-04/02_ORIGINAL_EXTRACTED_TREE/╬ª┬┐├¬╧ä┬½├╣┬╡ΓîÉ╞Æ╧ä├▓Γûæ╬ª├╝Γéº_BRANCH_B_v048_REAUDIT_FULL_RESUME_1944-02-20T24_2026-08-31/99_LEGACY_UNTOUCHED/╬ª┬┐├¬╧ä┬½├╣┬╡ΓîÉ╞Æ╧ä├▓Γûæ╬ª├╝Γéº_1941╬ÿ├╗├»┬╡├¬┬¬╧âΓòûΓòù┬╡├¬Γòù╧Ç├╝├╣_╧â├Ñ├¼╧ä├╢╞Æ╧ä├╢├║_v004_2026-08-18/90_╧â┬½├«╧â├á┬┐╬úΓòò├ç╧âΓò¥├à_╧â├ä╞Æ╧â├áΓòò╧Ç├⌐Γòú╧Ç├ó├¿╧Ç├ó├ó╧Ç├ó├╣╧Ç├⌐Γòû╧Ç├ó┬║╧Ç├ó├ó╧Ç├ó├¬/╬ª┬┐├¬╧ä┬½├╣┬╡ΓîÉ╞Æ╧ä├▓Γûæ╬ª├╝Γéº_1941╬ÿ├╗├»┬╡├¬┬¬╧âΓòûΓòù┬╡├¬Γòù╧Ç├╝├╣_╧â┬½├«╧â├á┬┐╬úΓòò├ç╧âΓò¥├à_2026-08-16/03_┬╡├▒┬ú╬ª┬┐├ä╬ªΓöé├º┬╡├╗├û_╬ª┬┐┬í╧â┬½├£┬╡┬í├║┬╡┬ú┬╝/88_┬╡┬íΓöñ╧â├àΓûô╬ª├ç├ó╧â┬╗╞Æ_1943╧ä┬║├»╧â├Ñ┬╝_╧ä┬╝┬╝╬úΓòæ├«┬╡┬╝├¡Midway╧Ç├óΓòùWake╧Ç├óΓòùGALVANIC╧â├ë├«┬╡┬ú╞Æ.md
20520	╬ª┬┐├¬╧ä┬½├╣┬╡ΓîÉ╞Æ╧ä├▓Γûæ╬ª├╝Γéº_BRANCH_B_v049_FULL_HANDOFF_1944-08-04T24_2026-09-04/02_ORIGINAL_EXTRACTED_TREE/╬ª┬┐├¬╧ä┬½├╣┬╡ΓîÉ╞Æ╧ä├▓Γûæ╬ª├╝Γéº_BRANCH_B_v048_REAUDIT_FULL_RESUME_1944-02-20T24_2026-08-31/99_LEGACY_UNTOUCHED/╬ª┬┐├¬╧ä┬½├╣┬╡ΓîÉ╞Æ╧ä├▓Γûæ╬ª├╝Γéº_1941╬ÿ├╗├»┬╡├¬┬¬╧âΓòûΓòù┬╡├¬Γòù╧Ç├╝├╣_╧â├Ñ├¼╧ä├╢╞Æ╧ä├╢├║_v004_2026-08-18/90_╧â┬½├«╧â├á┬┐╬úΓòò├ç╧âΓò¥├à_╧â├ä╞Æ╧â├áΓòò╧Ç├⌐Γòú╧Ç├ó├¿╧Ç├ó├ó╧Ç├ó├╣╧Ç├⌐Γòû╧Ç├ó┬║╧Ç├ó├ó╧Ç├ó├¬/╬ª┬┐├¬╧ä┬½├╣┬╡ΓîÉ╞Æ╧ä├▓Γûæ╬ª├╝Γéº_1941╬ÿ├╗├»┬╡├¬┬¬╧âΓòûΓòù┬╡├¬Γòù╧Ç├╝├╣_╧â┬½├«╧â├á┬┐╬úΓòò├ç╧âΓò¥├à_2026-08-16/03_┬╡├▒┬ú╬ª┬┐├ä╬ªΓöé├º┬╡├╗├û_╬ª┬┐┬í╧â┬½├£┬╡┬í├║┬╡┬ú┬╝/89_┬╡┬íΓöñ╧â├àΓûô╬ª├ç├ó╧â┬╗╞Æ_1943╧â├Ñ┬╝-1944╧â├¬┬Ñ╧â├▒├à_Marshall╧Ç├óΓòùTruk╧Ç├óΓòùPalau╧Ç├óΓòùFORAGER╧â├½├¼.md
132345	╬ª┬┐├¬╧ä┬½├╣┬╡ΓîÉ╞Æ╧ä├▓Γûæ╬ª├╝Γéº_BRANCH_B_v049_FULL_HANDOFF_1944-08-04T24_2026-09-04/02_ORIGINAL_EXTRACTED_TREE/╬ª┬┐├¬╧ä┬½├╣┬╡ΓîÉ╞Æ╧ä├▓Γûæ╬ª├╝Γéº_BRANCH_B_v048_REAUDIT_FULL_RESUME_1944-02-20T24_2026-08-31/99_LEGACY_UNTOUCHED/╬ª┬┐├¬╧ä┬½├╣┬╡ΓîÉ╞Æ╧ä├▓Γûæ╬ª├╝Γéº_1941╬ÿ├╗├»┬╡├¬┬¬╧âΓòûΓòù┬╡├¬Γòù╧Ç├╝├╣_╧â├Ñ├¼╧ä├╢╞Æ╧ä├╢├║_v004_2026-08-18/90_╧â┬½├«╧â├á┬┐╬úΓòò├ç╧âΓò¥├à_╧â├ä╞Æ╧â├áΓòò╧Ç├⌐Γòú╧Ç├ó├¿╧Ç├ó├ó╧Ç├ó├╣╧Ç├⌐Γòû╧Ç├ó┬║╧Ç├ó├ó╧Ç├ó├¬/╬ª┬┐├¬╧ä┬½├╣┬╡ΓîÉ╞Æ╧ä├▓Γûæ╬ª├╝Γéº_1941╬ÿ├╗├»┬╡├¬┬¬╧âΓòûΓòù┬╡├¬Γòù╧Ç├╝├╣_╧â┬½├«╧â├á┬┐╬úΓòò├ç╧âΓò¥├à_2026-08-16/03_┬╡├▒┬ú╬ª┬┐├ä╬ªΓöé├º┬╡├╗├û_╬ª┬┐┬í╧â┬½├£┬╡┬í├║┬╡┬ú┬╝/90_╬ªΓöé├º┬╡├╗├û╧âΓòæ┬╜_╧ä├àΓò¢╬ª├¡├«╧äΓòû├à╧â├ë├¬╧âΓò¥├▓╧äΓòó├û╧Ç├╝├ä_╧ä├ªΓéº┬╡├┐╞Æ┬╡ΓûÆΓòæ╧â┬½├£╧Ç├óΓòù╬ÿ├╗├»┬╡├¬┬¬╬úΓò¢Γòí┬╡├╢Γòù╬ª├óΓò£╧â├¿┬ó┬╡├▒┬ú╬ª┬┐├ä┬╡├û├⌐╧ä├⌐Γòú.md
7934	╬ª┬┐├¬╧ä┬½├╣┬╡ΓîÉ╞Æ╧ä├▓Γûæ╬ª├╝Γéº_BRANCH_B_v049_FULL_HANDOFF_1944-08-04T24_2026-09-04/02_ORIGINAL_EXTRACTED_TREE/╬ª┬┐├¬╧ä┬½├╣┬╡ΓîÉ╞Æ╧ä├▓Γûæ╬ª├╝Γéº_BRANCH_B_v048_REAUDIT_FULL_RESUME_1944-02-20T24_2026-08-31/99_LEGACY_UNTOUCHED/╬ª┬┐├¬╧ä┬½├╣┬╡ΓîÉ╞Æ╧ä├▓Γûæ╬ª├╝Γéº_1941╬ÿ├╗├»┬╡├¬┬¬╧âΓòûΓòù┬╡├¬Γòù╧Ç├╝├╣_╧â├Ñ├¼╧ä├╢╞Æ╧ä├╢├║_v004_2026-08-18/90_╧â┬½├«╧â├á┬┐╬úΓòò├ç╧âΓò¥├à_╧â├ä╞Æ╧â├áΓòò╧Ç├⌐Γòú╧Ç├ó├¿╧Ç├ó├ó╧Ç├ó├╣╧Ç├⌐Γòû╧Ç├ó┬║╧Ç├ó├ó╧Ç├ó├¬/╬ª┬┐├¬╧ä┬½├╣┬╡ΓîÉ╞Æ╧ä├▓Γûæ╬ª├╝Γéº_1941╬ÿ├╗├»┬╡├¬┬¬╧âΓòûΓòù┬╡├¬Γòù╧Ç├╝├╣_╧â┬½├«╧â├á┬┐╬úΓòò├ç╧âΓò¥├à_2026-08-16/03_┬╡├▒┬ú╬ª┬┐├ä╬ªΓöé├º┬╡├╗├û_╬ª┬┐┬í╧â┬½├£┬╡┬í├║┬╡┬ú┬╝/91_╬ªΓöé├º┬╡├╗├û╧âΓòæ┬╜_2026-08-11_╧ä├àΓò¢╬ª├¡├«╧äΓòû├à╧â├ë├¬╧âΓò¥├▓╧äΓòó├û╧Ç├╝├ä_╬úΓòæ├╢╧â├àΓòû╧Ç├óΓòù1943╧â├▒├à╧â├ë├«┬╡┬ú╞Æ.md
7009	╬ª┬┐├¬╧ä┬½├╣┬╡ΓîÉ╞Æ╧ä├▓Γûæ╬ª├╝Γéº_BRANCH_B_v049_FULL_HANDOFF_1944-08-04T24_2026-09-04/02_ORIGINAL_EXTRACTED_TREE/╬ª┬┐├¬╧ä┬½├╣┬╡ΓîÉ╞Æ╧ä├▓Γûæ╬ª├╝Γéº_BRANCH_B_v048_REAUDIT_FULL_RESUME_1944-02-20T24_2026-08-31/99_LEGACY_UNTOUCHED/╬ª┬┐├¬╧ä┬½├╣┬╡ΓîÉ╞Æ╧ä├▓Γûæ╬ª├╝Γéº_1941╬ÿ├╗├»┬╡├¬┬¬╧âΓòûΓòù┬╡├¬Γòù╧Ç├╝├╣_╧â├Ñ├¼╧ä├╢╞Æ╧ä├╢├║_v004_2026-08-18/90_╧â┬½├«╧â├á┬┐╬úΓòò├ç╧âΓò¥├à_╧â├ä╞Æ╧â├áΓòò╧Ç├⌐Γòú╧Ç├ó├¿╧Ç├ó├ó╧Ç├ó├╣╧Ç├⌐Γòû╧Ç├ó┬║╧Ç├ó├ó╧Ç├ó├¬/╬ª┬┐├¬╧ä┬½├╣┬╡ΓîÉ╞Æ╧ä├▓Γûæ╬ª├╝Γéº_1941╬ÿ├╗├»┬╡├¬┬¬╧âΓòûΓòù┬╡├¬Γòù╧Ç├╝├╣_╧â┬½├«╧â├á┬┐╬úΓòò├ç╧âΓò¥├à_2026-08-16/03_┬╡├▒┬ú╬ª┬┐├ä╬ªΓöé├º┬╡├╗├û_╬ª┬┐┬í╧â┬½├£┬╡┬í├║┬╡┬ú┬╝/92_╬ªΓöé├º┬╡├╗├û╧âΓòæ┬╜_2026-08-12_╧ä├àΓò¢╬ª├¡├«╧äΓòû├à╧â├ë├¬╧âΓò¥├▓╧äΓòó├û╧Ç├╝├ä_1943╧â├Ñ┬╝╧Ç├óΓòùGALVANIC╧â├ë├«┬╡┬ú╞Æ.md
8796	╬ª┬┐├¬╧ä┬½├╣┬╡ΓîÉ╞Æ╧ä├▓Γûæ╬ª├╝Γéº_BRANCH_B_v049_FULL_HANDOFF_1944-08-04T24_2026-09-04/02_ORIGINAL_EXTRACTED_TREE/╬ª┬┐├¬╧ä┬½├╣┬╡ΓîÉ╞Æ╧ä├▓Γûæ╬ª├╝Γéº_BRANCH_B_v048_REAUDIT_FULL_RESUME_1944-02-20T24_2026-08-31/99_LEGACY_UNTOUCHED/╬ª┬┐├¬╧ä┬½├╣┬╡ΓîÉ╞Æ╧ä├▓Γûæ╬ª├╝Γéº_1941╬ÿ├╗├»┬╡├¬┬¬╧âΓòûΓòù┬╡├¬Γòù╧Ç├╝├╣_╧â├Ñ├¼╧ä├╢╞Æ╧ä├╢├║_v004_2026-08-18/90_╧â┬½├«╧â├á┬┐╬úΓòò├ç╧âΓò¥├à_╧â├ä╞Æ╧â├áΓòò╧Ç├⌐Γòú╧Ç├ó├¿╧Ç├ó├ó╧Ç├ó├╣╧Ç├⌐Γòû╧Ç├ó┬║╧Ç├ó├ó╧Ç├ó├¬/╬ª┬┐├¬╧ä┬½├╣┬╡ΓîÉ╞Æ╧ä├▓Γûæ╬ª├╝Γéº_1941╬ÿ├╗├»┬╡├¬┬¬╧âΓòûΓòù┬╡├¬Γòù╧Ç├╝├╣_╧â┬½├«╧â├á┬┐╬úΓòò├ç╧âΓò¥├à_2026-08-16/03_┬╡├▒┬ú╬ª┬┐├ä╬ªΓöé├º┬╡├╗├û_╬ª┬┐┬í╧â┬½├£┬╡┬í├║┬╡┬ú┬╝/93_╬ªΓöé├º┬╡├╗├û╧âΓòæ┬╜_2026-08-13_╧ä├àΓò¢╬ª├¡├«╧äΓòû├à╧â├ë├¬╧âΓò¥├▓╧äΓòó├û╧Ç├╝├ä_1944╧â├¬┬Ñ╧â├▒├à╧Ç├óΓòù┬╡├¬┬¬╧â├àΓûô╧â├Ñ├¼╧ä┬ó├║┬╡╞ÆΓòùv3╬ªΓòíΓòû╧ä├⌐Γòú.md
9378	╬ª┬┐├¬╧ä┬½├╣┬╡ΓîÉ╞Æ╧ä├▓Γûæ╬ª├╝Γéº_BRANCH_B_v049_FULL_HANDOFF_1944-08-04T24_2026-09-04/02_ORIGINAL_EXTRACTED_TREE/╬ª┬┐├¬╧ä┬½├╣┬╡ΓîÉ╞Æ╧ä├▓Γûæ╬ª├╝Γéº_BRANCH_B_v048_REAUDIT_FULL_RESUME_1944-02-20T24_2026-08-31/99_LEGACY_UNTOUCHED/╬ª┬┐├¬╧ä┬½├╣┬╡ΓîÉ╞Æ╧ä├▓Γûæ╬ª├╝Γéº_1941╬ÿ├╗├»┬╡├¬┬¬╧âΓòûΓòù┬╡├¬Γòù╧Ç├╝├╣_╧â├Ñ├¼╧ä├╢╞Æ╧ä├╢├║_v004_2026-08-18/90_╧â┬½├«╧â├á┬┐╬úΓòò├ç╧âΓò¥├à_╧â├ä╞Æ╧â├áΓòò╧Ç├⌐Γòú╧Ç├ó├¿╧Ç├ó├ó╧Ç├ó├╣╧Ç├⌐Γòû╧Ç├ó┬║╧Ç├ó├ó╧Ç├ó├¬/╬ª┬┐├¬╧ä┬½├╣┬╡ΓîÉ╞Æ╧ä├▓Γûæ╬ª├╝Γéº_1941╬ÿ├╗├»┬╡├¬┬¬╧âΓòûΓòù┬╡├¬Γòù╧Ç├╝├╣_╧â┬½├«╧â├á┬┐╬úΓòò├ç╧âΓò¥├à_2026-08-16/03_┬╡├▒┬ú╬ª┬┐├ä╬ªΓöé├º┬╡├╗├û_╬ª┬┐┬í╧â┬½├£┬╡┬í├║┬╡┬ú┬╝/94_╬ªΓöé├º┬╡├╗├û╧âΓòæ┬╜_2026-08-13_┬╡ΓûæΓöñ╬úΓòò├¿╬ª├½┬¬╬úΓòù├║╬ª├¡┬┐╧äΓöñ├£╧â├Ñ├¼╧ä┬ó├║┬╡╞ÆΓòù_╧äΓòó├û╧äΓòó├£.md
1494	╬ª┬┐├¬╧ä┬½├╣┬╡ΓîÉ╞Æ╧ä├▓Γûæ╬ª├╝Γéº_BRANCH_B_v049_FULL_HANDOFF_1944-08-04T24_2026-09-04/02_ORIGINAL_EXTRACTED_TREE/╬ª┬┐├¬╧ä┬½├╣┬╡ΓîÉ╞Æ╧ä├▓Γûæ╬ª├╝Γéº_BRANCH_B_v048_REAUDIT_FULL_RESUME_1944-02-20T24_2026-08-31/99_LEGACY_UNTOUCHED/╬ª┬┐├¬╧ä┬½├╣┬╡ΓîÉ╞Æ╧ä├▓Γûæ╬ª├╝Γéº_1941╬ÿ├╗├»┬╡├¬┬¬╧âΓòûΓòù┬╡├¬Γòù╧Ç├╝├╣_╧â├Ñ├¼╧ä├╢╞Æ╧ä├╢├║_v004_2026-08-18/90_╧â┬½├«╧â├á┬┐╬úΓòò├ç╧âΓò¥├à_╧â├ä╞Æ╧â├áΓòò╧Ç├⌐Γòú╧Ç├ó├¿╧Ç├ó├ó╧Ç├ó├╣╧Ç├⌐Γòû╧Ç├ó┬║╧Ç├ó├ó╧Ç├ó├¬/╬ª┬┐├¬╧ä┬½├╣┬╡ΓîÉ╞Æ╧ä├▓Γûæ╬ª├╝Γéº_1941╬ÿ├╗├»┬╡├¬┬¬╧âΓòûΓòù┬╡├¬Γòù╧Ç├╝├╣_╧â┬½├«╧â├á┬┐╬úΓòò├ç╧âΓò¥├à_2026-08-16/03_┬╡├▒┬ú╬ª┬┐├ä╬ªΓöé├º┬╡├╗├û_╬ª┬┐┬í╧â┬½├£┬╡┬í├║┬╡┬ú┬╝/95_╬ªΓöé├º┬╡├╗├û╧âΓòæ┬╜_2026-08-14_┬╡ΓûæΓöñ╬úΓòò├¿╬ª├½┬¬╬úΓò¢├»╧â├▒├╗╬ª├½┬¬╧ä┬ó├║┬╡╞ÆΓòù_╧äΓòó├û╧äΓòó├£.md
7579	╬ª┬┐├¬╧ä┬½├╣┬╡ΓîÉ╞Æ╧ä├▓Γûæ╬ª├╝Γéº_BRANCH_B_v049_FULL_HANDOFF_1944-08-04T24_2026-09-04/02_ORIGINAL_EXTRACTED_TREE/╬ª┬┐├¬╧ä┬½├╣┬╡ΓîÉ╞Æ╧ä├▓Γûæ╬ª├╝Γéº_BRANCH_B_v048_REAUDIT_FULL_RESUME_1944-02-20T24_2026-08-31/99_LEGACY_UNTOUCHED/╬ª┬┐├¬╧ä┬½├╣┬╡ΓîÉ╞Æ╧ä├▓Γûæ╬ª├╝Γéº_1941╬ÿ├╗├»┬╡├¬┬¬╧âΓòûΓòù┬╡├¬Γòù╧Ç├╝├╣_╧â├Ñ├¼╧ä├╢╞Æ╧ä├╢├║_v004_2026-08-18/90_╧â┬½├«╧â├á┬┐╬úΓòò├ç╧âΓò¥├à_╧â├ä╞Æ╧â├áΓòò╧Ç├⌐Γòú╧Ç├ó├¿╧Ç├ó├ó╧Ç├ó├╣╧Ç├⌐Γòû╧Ç├ó┬║╧Ç├ó├ó╧Ç├ó├¬/╬ª┬┐├¬╧ä┬½├╣┬╡ΓîÉ╞Æ╧ä├▓Γûæ╬ª├╝Γéº_1941╬ÿ├╗├»┬╡├¬┬¬╧âΓòûΓòù┬╡├¬Γòù╧Ç├╝├╣_╧â┬½├«╧â├á┬┐╬úΓòò├ç╧âΓò¥├à_2026-08-16/03_┬╡├▒┬ú╬ª┬┐├ä╬ªΓöé├º┬╡├╗├û_╬ª┬┐┬í╧â┬½├£┬╡┬í├║┬╡┬ú┬╝/96_╬ªΓöé├º┬╡├╗├û╧âΓòæ┬╜_2026-08-14_┬╡ΓûæΓöñ╬úΓòò├¿╬ª├½┬¬┬╡├¬┬¬╧â├àΓûô╧Ç├óΓòù┬╡Γò£┬ú┬╡ΓûæΓöñ╬ª├½┬¬╧â├á┬┐╬úΓò£├┤╧â├Ñ├¼╧ä┬ó├║┬╡╞ÆΓòù_╧äΓòó├û╧äΓòó├£.md
4921	╬ª┬┐├¬╧ä┬½├╣┬╡ΓîÉ╞Æ╧ä├▓Γûæ╬ª├╝Γéº_BRANCH_B_v049_FULL_HANDOFF_1944-08-04T24_2026-09-04/02_ORIGINAL_EXTRACTED_TREE/╬ª┬┐├¬╧ä┬½├╣┬╡ΓîÉ╞Æ╧ä├▓Γûæ╬ª├╝Γéº_BRANCH_B_v048_REAUDIT_FULL_RESUME_1944-02-20T24_2026-08-31/99_LEGACY_UNTOUCHED/╬ª┬┐├¬╧ä┬½├╣┬╡ΓîÉ╞Æ╧ä├▓Γûæ╬ª├╝Γéº_1941╬ÿ├╗├»┬╡├¬┬¬╧âΓòûΓòù┬╡├¬Γòù╧Ç├╝├╣_╧â├Ñ├¼╧ä├╢╞Æ╧ä├╢├║_v004_2026-08-18/90_╧â┬½├«╧â├á┬┐╬úΓòò├ç╧âΓò¥├à_╧â├ä╞Æ╧â├áΓòò╧Ç├⌐Γòú╧Ç├ó├¿╧Ç├ó├ó╧Ç├ó├╣╧Ç├⌐Γòû╧Ç├ó┬║╧Ç├ó├ó╧Ç├ó├¬/╬ª┬┐├¬╧ä┬½├╣┬╡ΓîÉ╞Æ╧ä├▓Γûæ╬ª├╝Γéº_1941╬ÿ├╗├»┬╡├¬┬¬╧âΓòûΓòù┬╡├¬Γòù╧Ç├╝├╣_╧â┬½├«╧â├á┬┐╬úΓòò├ç╧âΓò¥├à_2026-08-16/03_┬╡├▒┬ú╬ª┬┐├ä╬ªΓöé├º┬╡├╗├û_╬ª┬┐┬í╧â┬½├£┬╡┬í├║┬╡┬ú┬╝/97_╬ªΓöé├º┬╡├╗├û╧âΓòæ┬╜_2026-08-14_┬╡Γò£┬ú╬ÿ┬╜├┐╧âΓòùΓòæ╬ÿ├ç├í╧â├àΓûæ╧âΓòòΓöé╧ä├│Γòæ╧â┬½├£╧Ç├óΓòù┬╡Γò£┬ú┬╡ΓûæΓöñ╬ª├½┬¬╧â├Ñ├¼╬ÿ├á├¼╧äΓò£┬½╬ÿ├╗├»╧â┬║├».md
3723	╬ª┬┐├¬╧ä┬½├╣┬╡ΓîÉ╞Æ╧ä├▓Γûæ╬ª├╝Γéº_BRANCH_B_v049_FULL_HANDOFF_1944-08-04T24_2026-09-04/02_ORIGINAL_EXTRACTED_TREE/╬ª┬┐├¬╧ä┬½├╣┬╡ΓîÉ╞Æ╧ä├▓Γûæ╬ª├╝Γéº_BRANCH_B_v048_REAUDIT_FULL_RESUME_1944-02-20T24_2026-08-31/99_LEGACY_UNTOUCHED/╬ª┬┐├¬╧ä┬½├╣┬╡ΓîÉ╞Æ╧ä├▓Γûæ╬ª├╝Γéº_1941╬ÿ├╗├»┬╡├¬┬¬╧âΓòûΓòù┬╡├¬Γòù╧Ç├╝├╣_╧â├Ñ├¼╧ä├╢╞Æ╧ä├╢├║_v004_2026-08-18/90_╧â┬½├«╧â├á┬┐╬úΓòò├ç╧âΓò¥├à_╧â├ä╞Æ╧â├áΓòò╧Ç├⌐Γòú╧Ç├ó├¿╧Ç├ó├ó╧Ç├ó├╣╧Ç├⌐Γòû╧Ç├ó┬║╧Ç├ó├ó╧Ç├ó├¬/╬ª┬┐├¬╧ä┬½├╣┬╡ΓîÉ╞Æ╧ä├▓Γûæ╬ª├╝Γéº_1941╬ÿ├╗├»┬╡├¬┬¬╧âΓòûΓòù┬╡├¬Γòù╧Ç├╝├╣_╧â┬½├«╧â├á┬┐╬úΓòò├ç╧âΓò¥├à_2026-08-16/03_┬╡├▒┬ú╬ª┬┐├ä╬ªΓöé├º┬╡├╗├û_╬ª┬┐┬í╧â┬½├£┬╡┬í├║┬╡┬ú┬╝/98_╬ªΓöé├º┬╡├╗├û╧âΓòæ┬╜_2026-08-14_1942╧âΓò¢├«╧â├¼├¿┬╡Γò£┬ú┬╡ΓûæΓöñ╬ª├½┬¬╧â├Ñ├¼╬ÿ├á├¼╧äΓò£┬½╧Ç├óΓòù┬╡├¬┬¬┬╡Γéº┬ú╧ä┬ó├║┬╡╞ÆΓòù.md
3380	╬ª┬┐├¬╧ä┬½├╣┬╡ΓîÉ╞Æ╧ä├▓Γûæ╬ª├╝Γéº_BRANCH_B_v049_FULL_HANDOFF_1944-08-04T24_2026-09-04/02_ORIGINAL_EXTRACTED_TREE/╬ª┬┐├¬╧ä┬½├╣┬╡ΓîÉ╞Æ╧ä├▓Γûæ╬ª├╝Γéº_BRANCH_B_v048_REAUDIT_FULL_RESUME_1944-02-20T24_2026-08-31/99_LEGACY_UNTOUCHED/╬ª┬┐├¬╧ä┬½├╣┬╡ΓîÉ╞Æ╧ä├▓Γûæ╬ª├╝Γéº_1941╬ÿ├╗├»┬╡├¬┬¬╧âΓòûΓòù┬╡├¬Γòù╧Ç├╝├╣_╧â├Ñ├¼╧ä├╢╞Æ╧ä├╢├║_v004_2026-08-18/90_╧â┬½├«╧â├á┬┐╬úΓòò├ç╧âΓò¥├à_╧â├ä╞Æ╧â├áΓòò╧Ç├⌐Γòú╧Ç├ó├¿╧Ç├ó├ó╧Ç├ó├╣╧Ç├⌐Γòû╧Ç├ó┬║╧Ç├ó├ó╧Ç├ó├¬/╬ª┬┐├¬╧ä┬½├╣┬╡ΓîÉ╞Æ╧ä├▓Γûæ╬ª├╝Γéº_1941╬ÿ├╗├»┬╡├¬┬¬╧âΓòûΓòù┬╡├¬Γòù╧Ç├╝├╣_╧â┬½├«╧â├á┬┐╬úΓòò├ç╧âΓò¥├à_2026-08-16/03_┬╡├▒┬ú╬ª┬┐├ä╬ªΓöé├º┬╡├╗├û_╬ª┬┐┬í╧â┬½├£┬╡┬í├║┬╡┬ú┬╝/99_╬ªΓöé├º┬╡├╗├û╧âΓòæ┬╜_2026-08-14_1943┬╡├┐├æ┬╡Γò£┬ú┬╡ΓûæΓöñ╬ª├½┬¬╧Ç├óΓòù╧â├«├╣┬╡├╗Γòú╬ÿ├á├¼╧â├¬├Ñ╧ä├│Γòæ╧â┬½├£_Efate╧ä┬óΓöñ╧â├½├¼.md
7849	╬ª┬┐├¬╧ä┬½├╣┬╡ΓîÉ╞Æ╧ä├▓Γûæ╬ª├╝Γéº_BRANCH_B_v049_FULL_HANDOFF_1944-08-04T24_2026-09-04/02_ORIGINAL_EXTRACTED_TREE/╬ª┬┐├¬╧ä┬½├╣┬╡ΓîÉ╞Æ╧ä├▓Γûæ╬ª├╝Γéº_BRANCH_B_v048_REAUDIT_FULL_RESUME_1944-02-20T24_2026-08-31/99_LEGACY_UNTOUCHED/╬ª┬┐├¬╧ä┬½├╣┬╡ΓîÉ╞Æ╧ä├▓Γûæ╬ª├╝Γéº_1941╬ÿ├╗├»┬╡├¬┬¬╧âΓòûΓòù┬╡├¬Γòù╧Ç├╝├╣_╧â├Ñ├¼╧ä├╢╞Æ╧ä├╢├║_v004_2026-08-18/90_╧â┬½├«╧â├á┬┐╬úΓòò├ç╧âΓò¥├à_╧â├ä╞Æ╧â├áΓòò╧Ç├⌐Γòú╧Ç├ó├¿╧Ç├ó├ó╧Ç├ó├╣╧Ç├⌐Γòû╧Ç├ó┬║╧Ç├ó├ó╧Ç├ó├¬/╬ª┬┐├¬╧ä┬½├╣┬╡ΓîÉ╞Æ╧ä├▓Γûæ╬ª├╝Γéº_1941╬ÿ├╗├»┬╡├¬┬¬╧âΓòûΓòù┬╡├¬Γòù╧Ç├╝├╣_╧â┬½├«╧â├á┬┐╬úΓòò├ç╧âΓò¥├à_2026-08-16/03_┬╡├▒┬ú╬ª┬┐├ä╬ªΓöé├º┬╡├╗├û_╬ª┬┐┬í╧â┬½├£┬╡┬í├║┬╡┬ú┬╝/README_┬╡┬óΓöñ┬╡├╗Γûæ╧â├Ñ├á╧â┬½Γòú╧Ç├╝┬┐┬╡┬í├║┬╡┬ú┬╝╧â┬╗Γò¢╧âΓöÉ┬ú.md
6465	╬ª┬┐├¬╧ä┬½├╣┬╡ΓîÉ╞Æ╧ä├▓Γûæ╬ª├╝Γéº_BRANCH_B_v049_FULL_HANDOFF_1944-08-04T24_2026-09-04/02_ORIGINAL_EXTRACTED_TREE/╬ª┬┐├¬╧ä┬½├╣┬╡ΓîÉ╞Æ╧ä├▓Γûæ╬ª├╝Γéº_BRANCH_B_v048_REAUDIT_FULL_RESUME_1944-02-20T24_2026-08-31/99_LEGACY_UNTOUCHED/╬ª┬┐├¬╧ä┬½├╣┬╡ΓîÉ╞Æ╧ä├▓Γûæ╬ª├╝Γéº_1941╬ÿ├╗├»┬╡├¬┬¬╧âΓòûΓòù┬╡├¬Γòù╧Ç├╝├╣_╧â├Ñ├¼╧ä├╢╞Æ╧ä├╢├║_v004_2026-08-18/90_╧â┬½├«╧â├á┬┐╬úΓòò├ç╧âΓò¥├à_╧â├ä╞Æ╧â├áΓòò╧Ç├⌐Γòú╧Ç├ó├¿╧Ç├ó├ó╧Ç├ó├╣╧Ç├⌐Γòû╧Ç├ó┬║╧Ç├ó├ó╧Ç├ó├¬/╬ª┬┐├¬╧ä┬½├╣┬╡ΓîÉ╞Æ╧ä├▓Γûæ╬ª├╝Γéº_1941╬ÿ├╗├»┬╡├¬┬¬╧âΓòûΓòù┬╡├¬Γòù╧Ç├╝├╣_╧â┬½├«╧â├á┬┐╬úΓòò├ç╧âΓò¥├à_2026-08-16/03_┬╡├▒┬ú╬ª┬┐├ä╬ªΓöé├º┬╡├╗├û_╬ª┬┐┬í╧â┬½├£┬╡┬í├║┬╡┬ú┬╝/RECOVERY_2026-08-15_╬ª├¬┬¼╧äΓîÉΓòæ╧Ç├óΓéº╧Ç├⌐├▒╧Ç├⌐┬╗╧Ç├ó┬í┬╡├¬┬¬╬ÿ├╣├┐╧â┬½╞Æ╬ÿ┬┐├┤╧Ç├╝Γòò╧âΓò¢ΓîÉ╧âΓòòΓûæ.md
191501	╬ª┬┐├¬╧ä┬½├╣┬╡ΓîÉ╞Æ╧ä├▓Γûæ╬ª├╝Γéº_BRANCH_B_v049_FULL_HANDOFF_1944-08-04T24_2026-09-04/02_ORIGINAL_EXTRACTED_TREE/╬ª┬┐├¬╧ä┬½├╣┬╡ΓîÉ╞Æ╧ä├▓Γûæ╬ª├╝Γéº_BRANCH_B_v048_REAUDIT_FULL_RESUME_1944-02-20T24_2026-08-31/99_LEGACY_UNTOUCHED/╬ª┬┐├¬╧ä┬½├╣┬╡ΓîÉ╞Æ╧ä├▓Γûæ╬ª├╝Γéº_1941╬ÿ├╗├»┬╡├¬┬¬╧âΓòûΓòù┬╡├¬Γòù╧Ç├╝├╣_╧â├Ñ├¼╧ä├╢╞Æ╧ä├╢├║_v004_2026-08-18/90_╧â┬½├«╧â├á┬┐╬úΓòò├ç╧âΓò¥├à_╧â├ä╞Æ╧â├áΓòò╧Ç├⌐Γòú╧Ç├ó├¿╧Ç├ó├ó╧Ç├ó├╣╧Ç├⌐Γòû╧Ç├ó┬║╧Ç├ó├ó╧Ç├ó├¬/╬ª┬┐├¬╧ä┬½├╣┬╡ΓîÉ╞Æ╧ä├▓Γûæ╬ª├╝Γéº_1941╬ÿ├╗├»┬╡├¬┬¬╧âΓòûΓòù┬╡├¬Γòù╧Ç├╝├╣_╧â┬½├«╧â├á┬┐╬úΓòò├ç╧âΓò¥├à_2026-08-16/03_┬╡├▒┬ú╬ª┬┐├ä╬ªΓöé├º┬╡├╗├û_╬ª┬┐┬í╧â┬½├£┬╡┬í├║┬╡┬ú┬╝/╬ª┬┐├¬╧ä┬½├╣┬╡ΓîÉ╞Æ╧Ç├╝┬┐╧Ç├╝┬Ñ╧Ç├╝┬½┬╡Γöé├│╧â├à├¿_╬ª┬┐┬í╧â┬½├£╬ªΓöé├º┬╡├╗├û╧Ç├╝┬┐╬ª┬║├║╬ª┬¼┬╝_┬╡├╢Γòú╧â┬½├£v9.md
63886	╬ª┬┐├¬╧ä┬½├╣┬╡ΓîÉ╞Æ╧ä├▓Γûæ╬ª├╝Γéº_BRANCH_B_v049_FULL_HANDOFF_1944-08-04T24_2026-09-04/02_ORIGINAL_EXTRACTED_TREE/╬ª┬┐├¬╧ä┬½├╣┬╡ΓîÉ╞Æ╧ä├▓Γûæ╬ª├╝Γéº_BRANCH_B_v048_REAUDIT_FULL_RESUME_1944-02-20T24_2026-08-31/99_LEGACY_UNTOUCHED/╬ª┬┐├¬╧ä┬½├╣┬╡ΓîÉ╞Æ╧ä├▓Γûæ╬ª├╝Γéº_1941╬ÿ├╗├»┬╡├¬┬¬╧âΓòûΓòù┬╡├¬Γòù╧Ç├╝├╣_╧â├Ñ├¼╧ä├╢╞Æ╧ä├╢├║_v004_2026-08-18/90_╧â┬½├«╧â├á┬┐╬úΓòò├ç╧âΓò¥├à_╧â├ä╞Æ╧â├áΓòò╧Ç├⌐Γòú╧Ç├ó├¿╧Ç├ó├ó╧Ç├ó├╣╧Ç├⌐Γòû╧Ç├ó┬║╧Ç├ó├ó╧Ç├ó├¬/╬ª┬┐├¬╧ä┬½├╣┬╡ΓîÉ╞Æ╧ä├▓Γûæ╬ª├╝Γéº_1941╬ÿ├╗├»┬╡├¬┬¬╧âΓòûΓòù┬╡├¬Γòù╧Ç├╝├╣_╧â┬½├«╧â├á┬┐╬úΓòò├ç╧âΓò¥├à_2026-08-16/03_┬╡├▒┬ú╬ª┬┐├ä╬ªΓöé├º┬╡├╗├û_╬ª┬┐┬í╧â┬½├£┬╡┬í├║┬╡┬ú┬╝/╬ª┬┐├¬╧ä┬½├╣┬╡ΓîÉ╞Æ╧ä├▓Γûæ╬ª├╝Γéº_╧Ç├⌐Γòû╧Ç├ó├¿╧Ç├ó┬¼╧Ç├⌐┬¼_┬╡├╢Γòú╧â┬½├£v3.md
11423	╬ª┬┐├¬╧ä┬½├╣┬╡ΓîÉ╞Æ╧ä├▓Γûæ╬ª├╝Γéº_BRANCH_B_v049_FULL_HANDOFF_1944-08-04T24_2026-09-04/02_ORIGINAL_EXTRACTED_TREE/╬ª┬┐├¬╧ä┬½├╣┬╡ΓîÉ╞Æ╧ä├▓Γûæ╬ª├╝Γéº_BRANCH_B_v048_REAUDIT_FULL_RESUME_1944-02-20T24_2026-08-31/99_LEGACY_UNTOUCHED/╬ª┬┐├¬╧ä┬½├╣┬╡ΓîÉ╞Æ╧ä├▓Γûæ╬ª├╝Γéº_1941╬ÿ├╗├»┬╡├¬┬¬╧âΓòûΓòù┬╡├¬Γòù╧Ç├╝├╣_╧â├Ñ├¼╧ä├╢╞Æ╧ä├╢├║_v004_2026-08-18/90_╧â┬½├«╧â├á┬┐╬úΓòò├ç╧âΓò¥├à_╧â├ä╞Æ╧â├áΓòò╧Ç├⌐Γòú╧Ç├ó├¿╧Ç├ó├ó╧Ç├ó├╣╧Ç├⌐Γòû╧Ç├ó┬║╧Ç├ó├ó╧Ç├ó├¬/╬ª┬┐├¬╧ä┬½├╣┬╡ΓîÉ╞Æ╧ä├▓Γûæ╬ª├╝Γéº_1941╬ÿ├╗├»┬╡├¬┬¬╧âΓòûΓòù┬╡├¬Γòù╧Ç├╝├╣_╧â┬½├«╧â├á┬┐╬úΓòò├ç╧âΓò¥├à_2026-08-16/04_╧â├à├⌐╬ª├ç├ó┬╡Γéº┬Ñ_┬╡├╣┬║WIP/1941╧âΓòûΓòù┬╡├¬Γòù╧Ç├╝├╣_╧Ç├⌐Γòú╧Ç├⌐├▒╧Ç├ó├ó╧Ç├ó├╝╧ä┬ó├║┬╡╞ÆΓòù_v0.01_2026-08-16.zip
30017	╬ª┬┐├¬╧ä┬½├╣┬╡ΓîÉ╞Æ╧ä├▓Γûæ╬ª├╝Γéº_BRANCH_B_v049_FULL_HANDOFF_1944-08-04T24_2026-09-04/02_ORIGINAL_EXTRACTED_TREE/╬ª┬┐├¬╧ä┬½├╣┬╡ΓîÉ╞Æ╧ä├▓Γûæ╬ª├╝Γéº_BRANCH_B_v048_REAUDIT_FULL_RESUME_1944-02-20T24_2026-08-31/99_LEGACY_UNTOUCHED/╬ª┬┐├¬╧ä┬½├╣┬╡ΓîÉ╞Æ╧ä├▓Γûæ╬ª├╝Γéº_1941╬ÿ├╗├»┬╡├¬┬¬╧âΓòûΓòù┬╡├¬Γòù╧Ç├╝├╣_╧â├Ñ├¼╧ä├╢╞Æ╧ä├╢├║_v004_2026-08-18/90_╧â┬½├«╧â├á┬┐╬úΓòò├ç╧âΓò¥├à_╧â├ä╞Æ╧â├áΓòò╧Ç├⌐Γòú╧Ç├ó├¿╧Ç├ó├ó╧Ç├ó├╣╧Ç├⌐Γòû╧Ç├ó┬║╧Ç├ó├ó╧Ç├ó├¬/╬ª┬┐├¬╧ä┬½├╣┬╡ΓîÉ╞Æ╧ä├▓Γûæ╬ª├╝Γéº_1941╬ÿ├╗├»┬╡├¬┬¬╧âΓòûΓòù┬╡├¬Γòù╧Ç├╝├╣_╧â┬½├«╧â├á┬┐╬úΓòò├ç╧âΓò¥├à_2026-08-16/04_╧â├à├⌐╬ª├ç├ó┬╡Γéº┬Ñ_┬╡├╣┬║WIP/1941╧âΓòûΓòù┬╡├¬Γòù╧Ç├╝├╣_╧Ç├⌐Γòú╧Ç├⌐├▒╧Ç├ó├ó╧Ç├ó├╝╧ä┬ó├║┬╡╞ÆΓòù_v0.03_2026-08-16.zip
30015	╬ª┬┐├¬╧ä┬½├╣┬╡ΓîÉ╞Æ╧ä├▓Γûæ╬ª├╝Γéº_BRANCH_B_v049_FULL_HANDOFF_1944-08-04T24_2026-09-04/02_ORIGINAL_EXTRACTED_TREE/╬ª┬┐├¬╧ä┬½├╣┬╡ΓîÉ╞Æ╧ä├▓Γûæ╬ª├╝Γéº_BRANCH_B_v048_REAUDIT_FULL_RESUME_1944-02-20T24_2026-08-31/99_LEGACY_UNTOUCHED/╬ª┬┐├¬╧ä┬½├╣┬╡ΓîÉ╞Æ╧ä├▓Γûæ╬ª├╝Γéº_1941╬ÿ├╗├»┬╡├¬┬¬╧âΓòûΓòù┬╡├¬Γòù╧Ç├╝├╣_╧â├Ñ├¼╧ä├╢╞Æ╧ä├╢├║_v004_2026-08-18/90_╧â┬½├«╧â├á┬┐╬úΓòò├ç╧âΓò¥├à_╧â├ä╞Æ╧â├áΓòò╧Ç├⌐Γòú╧Ç├ó├¿╧Ç├ó├ó╧Ç├ó├╣╧Ç├⌐Γòû╧Ç├ó┬║╧Ç├ó├ó╧Ç├ó├¬/╬ª┬┐├¬╧ä┬½├╣┬╡ΓîÉ╞Æ╧ä├▓Γûæ╬ª├╝Γéº_1941╬ÿ├╗├»┬╡├¬┬¬╧âΓòûΓòù┬╡├¬Γòù╧Ç├╝├╣_╧â┬½├«╧â├á┬┐╬úΓòò├ç╧âΓò¥├à_2026-08-16/04_╧â├à├⌐╬ª├ç├ó┬╡Γéº┬Ñ_┬╡├╣┬║WIP/┬╡├¬┬¬╬ÿ├╣├┐┬╡ΓîÉ╞Æ╧â┬í┬¬╧äΓöÉ├å╧Ç├ó┬╜╧Ç├óΓò¥╧Ç├ó├╣_╧âΓòûΓòù┬╡├¬Γòù╧Ç├╝├╣_v0.01_2026-08-16.zip
464291	╬ª┬┐├¬╧ä┬½├╣┬╡ΓîÉ╞Æ╧ä├▓Γûæ╬ª├╝Γéº_BRANCH_B_v049_FULL_HANDOFF_1944-08-04T24_2026-09-04/02_ORIGINAL_EXTRACTED_TREE/╬ª┬┐├¬╧ä┬½├╣┬╡ΓîÉ╞Æ╧ä├▓Γûæ╬ª├╝Γéº_BRANCH_B_v048_REAUDIT_FULL_RESUME_1944-02-20T24_2026-08-31/99_LEGACY_UNTOUCHED/╬ª┬┐├¬╧ä┬½├╣┬╡ΓîÉ╞Æ╧ä├▓Γûæ╬ª├╝Γéº_1941╬ÿ├╗├»┬╡├¬┬¬╧âΓòûΓòù┬╡├¬Γòù╧Ç├╝├╣_╧â├Ñ├¼╧ä├╢╞Æ╧ä├╢├║_v004_2026-08-18/90_╧â┬½├«╧â├á┬┐╬úΓòò├ç╧âΓò¥├à_╧â├ä╞Æ╧â├áΓòò╧Ç├⌐Γòú╧Ç├ó├¿╧Ç├ó├ó╧Ç├ó├╣╧Ç├⌐Γòû╧Ç├ó┬║╧Ç├ó├ó╧Ç├ó├¬/╬ª┬┐├¬╧ä┬½├╣┬╡ΓîÉ╞Æ╧ä├▓Γûæ╬ª├╝Γéº_1941╬ÿ├╗├»┬╡├¬┬¬╧âΓòûΓòù┬╡├¬Γòù╧Ç├╝├╣_╧â┬½├«╧â├á┬┐╬úΓòò├ç╧âΓò¥├à_2026-08-16/04_╧â├à├⌐╬ª├ç├ó┬╡Γéº┬Ñ_┬╡├╣┬║WIP/╬ª├¬┬¼╧äΓîÉΓòæ╧Ç├ó╞Æ╧Ç├⌐┬╗╧Ç├ó┬í┬╡├¬┬¬╬ÿ├╣├┐_v0.11.8-WIP2_air-trial-bridge_2026-08-16.zip
559196	╬ª┬┐├¬╧ä┬½├╣┬╡ΓîÉ╞Æ╧ä├▓Γûæ╬ª├╝Γéº_BRANCH_B_v049_FULL_HANDOFF_1944-08-04T24_2026-09-04/02_ORIGINAL_EXTRACTED_TREE/╬ª┬┐├¬╧ä┬½├╣┬╡ΓîÉ╞Æ╧ä├▓Γûæ╬ª├╝Γéº_BRANCH_B_v048_REAUDIT_FULL_RESUME_1944-02-20T24_2026-08-31/99_LEGACY_UNTOUCHED/╬ª┬┐├¬╧ä┬½├╣┬╡ΓîÉ╞Æ╧ä├▓Γûæ╬ª├╝Γéº_1941╬ÿ├╗├»┬╡├¬┬¬╧âΓòûΓòù┬╡├¬Γòù╧Ç├╝├╣_╧â├Ñ├¼╧ä├╢╞Æ╧ä├╢├║_v004_2026-08-18/90_╧â┬½├«╧â├á┬┐╬úΓòò├ç╧âΓò¥├à_╧â├ä╞Æ╧â├áΓòò╧Ç├⌐Γòú╧Ç├ó├¿╧Ç├ó├ó╧Ç├ó├╣╧Ç├⌐Γòû╧Ç├ó┬║╧Ç├ó├ó╧Ç├ó├¬/╬ª┬┐├¬╧ä┬½├╣┬╡ΓîÉ╞Æ╧ä├▓Γûæ╬ª├╝Γéº_1941╬ÿ├╗├»┬╡├¬┬¬╧âΓòûΓòù┬╡├¬Γòù╧Ç├╝├╣_╧â┬½├«╧â├á┬┐╬úΓòò├ç╧âΓò¥├à_2026-08-16/04_╧â├à├⌐╬ª├ç├ó┬╡Γéº┬Ñ_┬╡├╣┬║WIP/╬ª├¬┬¼╧äΓîÉΓòæ╧Ç├ó╞Æ╧Ç├⌐┬╗╧Ç├ó┬í┬╡├¬┬¬╬ÿ├╣├┐_v0.11.8-WIP3_FORAGER-reentry_2026-08-16.zip
454733	╬ª┬┐├¬╧ä┬½├╣┬╡ΓîÉ╞Æ╧ä├▓Γûæ╬ª├╝Γéº_BRANCH_B_v049_FULL_HANDOFF_1944-08-04T24_2026-09-04/02_ORIGINAL_EXTRACTED_TREE/╬ª┬┐├¬╧ä┬½├╣┬╡ΓîÉ╞Æ╧ä├▓Γûæ╬ª├╝Γéº_BRANCH_B_v048_REAUDIT_FULL_RESUME_1944-02-20T24_2026-08-31/99_LEGACY_UNTOUCHED/╬ª┬┐├¬╧ä┬½├╣┬╡ΓîÉ╞Æ╧ä├▓Γûæ╬ª├╝Γéº_1941╬ÿ├╗├»┬╡├¬┬¬╧âΓòûΓòù┬╡├¬Γòù╧Ç├╝├╣_╧â├Ñ├¼╧ä├╢╞Æ╧ä├╢├║_v004_2026-08-18/90_╧â┬½├«╧â├á┬┐╬úΓòò├ç╧âΓò¥├à_╧â├ä╞Æ╧â├áΓòò╧Ç├⌐Γòú╧Ç├ó├¿╧Ç├ó├ó╧Ç├ó├╣╧Ç├⌐Γòû╧Ç├ó┬║╧Ç├ó├ó╧Ç├ó├¬/╬ª┬┐├¬╧ä┬½├╣┬╡ΓîÉ╞Æ╧ä├▓Γûæ╬ª├╝Γéº_1941╬ÿ├╗├»┬╡├¬┬¬╧âΓòûΓòù┬╡├¬Γòù╧Ç├╝├╣_╧â┬½├«╧â├á┬┐╬úΓòò├ç╧âΓò¥├à_2026-08-16/04_╧â├à├⌐╬ª├ç├ó┬╡Γéº┬Ñ_┬╡├╣┬║WIP/╬ª├¬┬¼╧äΓîÉΓòæ╧Ç├ó╞Æ╧Ç├⌐┬╗╧Ç├ó┬í┬╡├¬┬¬╬ÿ├╣├┐_v0.11.8-WIP_sortie-regeneration_2026-08-16.zip
105737	╬ª┬┐├¬╧ä┬½├╣┬╡ΓîÉ╞Æ╧ä├▓Γûæ╬ª├╝Γéº_BRANCH_B_v049_FULL_HANDOFF_1944-08-04T24_2026-09-04/02_ORIGINAL_EXTRACTED_TREE/╬ª┬┐├¬╧ä┬½├╣┬╡ΓîÉ╞Æ╧ä├▓Γûæ╬ª├╝Γéº_BRANCH_B_v048_REAUDIT_FULL_RESUME_1944-02-20T24_2026-08-31/99_LEGACY_UNTOUCHED/╬ª┬┐├¬╧ä┬½├╣┬╡ΓîÉ╞Æ╧ä├▓Γûæ╬ª├╝Γéº_1941╬ÿ├╗├»┬╡├¬┬¬╧âΓòûΓòù┬╡├¬Γòù╧Ç├╝├╣_╧â├Ñ├¼╧ä├╢╞Æ╧ä├╢├║_v004_2026-08-18/90_╧â┬½├«╧â├á┬┐╬úΓòò├ç╧âΓò¥├à_╧â├ä╞Æ╧â├áΓòò╧Ç├⌐Γòú╧Ç├ó├¿╧Ç├ó├ó╧Ç├ó├╣╧Ç├⌐Γòû╧Ç├ó┬║╧Ç├ó├ó╧Ç├ó├¬/╬ª┬┐├¬╧ä┬½├╣┬╡ΓîÉ╞Æ╧ä├▓Γûæ╬ª├╝Γéº_1941╬ÿ├╗├»┬╡├¬┬¬╧âΓòûΓòù┬╡├¬Γòù╧Ç├╝├╣_╧â┬½├«╧â├á┬┐╬úΓòò├ç╧âΓò¥├à_2026-08-16/05_╧â├ä╞Æ╧Ç├⌐├│╧Ç├óΓò¥╧Ç├⌐┬╜╧Ç├⌐├▒╧Ç├ó├╗/╬ª┬┐├¬╧ä┬½├╣┬╡ΓîÉ╞Æ╧ä├▓Γûæ╬ª├╝Γéº_1941╬ÿ├╗├»┬╡├¬┬¬╧âΓòûΓòù┬╡├¬Γòù╧Ç├╝├╣_v0.01_switch-wash_2026-08-16.zip
4173727	╬ª┬┐├¬╧ä┬½├╣┬╡ΓîÉ╞Æ╧ä├▓Γûæ╬ª├╝Γéº_BRANCH_B_v049_FULL_HANDOFF_1944-08-04T24_2026-09-04/02_ORIGINAL_EXTRACTED_TREE/╬ª┬┐├¬╧ä┬½├╣┬╡ΓîÉ╞Æ╧ä├▓Γûæ╬ª├╝Γéº_BRANCH_B_v048_REAUDIT_FULL_RESUME_1944-02-20T24_2026-08-31/99_LEGACY_UNTOUCHED/╬ª┬┐├¬╧ä┬½├╣┬╡ΓîÉ╞Æ╧ä├▓Γûæ╬ª├╝Γéº_1941╬ÿ├╗├»┬╡├¬┬¬╧âΓòûΓòù┬╡├¬Γòù╧Ç├╝├╣_╧â├Ñ├¼╧ä├╢╞Æ╧ä├╢├║_v004_2026-08-18/90_╧â┬½├«╧â├á┬┐╬úΓòò├ç╧âΓò¥├à_╧â├ä╞Æ╧â├áΓòò╧Ç├⌐Γòú╧Ç├ó├¿╧Ç├ó├ó╧Ç├ó├╣╧Ç├⌐Γòû╧Ç├ó┬║╧Ç├ó├ó╧Ç├ó├¬/╬ª┬┐├¬╧ä┬½├╣┬╡ΓîÉ╞Æ╧ä├▓Γûæ╬ª├╝Γéº_1941╬ÿ├╗├»┬╡├¬┬¬╧âΓòûΓòù┬╡├¬Γòù╧Ç├╝├╣_╧â┬½├«╧â├á┬┐╬úΓòò├ç╧âΓò¥├à_2026-08-16/05_╧â├ä╞Æ╧Ç├⌐├│╧Ç├óΓò¥╧Ç├⌐┬╜╧Ç├⌐├▒╧Ç├ó├╗/╬ª┬┐├¬╧ä┬½├╣┬╡ΓîÉ╞Æ╧ä├▓Γûæ╬ª├╝Γéº_2026-08-16_╧â├á┬┐╬úΓò£├┤Γê⌐Γò¥├»╬ª├¬┬¼╧äΓîÉΓòæv0.11.7_╧äΓòíΓûÆ╧â├ë├¬╧âΓò¢ΓîÉ╧âΓòòΓûæ(1).zip
11216	╬ª┬┐├¬╧ä┬½├╣┬╡ΓîÉ╞Æ╧ä├▓Γûæ╬ª├╝Γéº_BRANCH_B_v049_FULL_HANDOFF_1944-08-04T24_2026-09-04/02_ORIGINAL_EXTRACTED_TREE/╬ª┬┐├¬╧ä┬½├╣┬╡ΓîÉ╞Æ╧ä├▓Γûæ╬ª├╝Γéº_BRANCH_B_v048_REAUDIT_FULL_RESUME_1944-02-20T24_2026-08-31/99_LEGACY_UNTOUCHED/╬ª┬┐├¬╧ä┬½├╣┬╡ΓîÉ╞Æ╧ä├▓Γûæ╬ª├╝Γéº_1941╬ÿ├╗├»┬╡├¬┬¬╧âΓòûΓòù┬╡├¬Γòù╧Ç├╝├╣_╧â├Ñ├¼╧ä├╢╞Æ╧ä├╢├║_v004_2026-08-18/90_╧â┬½├«╧â├á┬┐╬úΓòò├ç╧âΓò¥├à_╧â├ä╞Æ╧â├áΓòò╧Ç├⌐Γòú╧Ç├ó├¿╧Ç├ó├ó╧Ç├ó├╣╧Ç├⌐Γòû╧Ç├ó┬║╧Ç├ó├ó╧Ç├ó├¬/╬ª┬┐├¬╧ä┬½├╣┬╡ΓîÉ╞Æ╧ä├▓Γûæ╬ª├╝Γéº_1941╬ÿ├╗├»┬╡├¬┬¬╧âΓòûΓòù┬╡├¬Γòù╧Ç├╝├╣_╧â┬½├«╧â├á┬┐╬úΓòò├ç╧âΓò¥├à_2026-08-16/99_╧ä┬ó┬½╬ÿ├«Γûô/FILE_INDEX.tsv
319	╬ª┬┐├¬╧ä┬½├╣┬╡ΓîÉ╞Æ╧ä├▓Γûæ╬ª├╝Γéº_BRANCH_B_v049_FULL_HANDOFF_1944-08-04T24_2026-09-04/02_ORIGINAL_EXTRACTED_TREE/╬ª┬┐├¬╧ä┬½├╣┬╡ΓîÉ╞Æ╧ä├▓Γûæ╬ª├╝Γéº_BRANCH_B_v048_REAUDIT_FULL_RESUME_1944-02-20T24_2026-08-31/99_LEGACY_UNTOUCHED/╬ª┬┐├¬╧ä┬½├╣┬╡ΓîÉ╞Æ╧ä├▓Γûæ╬ª├╝Γéº_1941╬ÿ├╗├»┬╡├¬┬¬╧âΓòûΓòù┬╡├¬Γòù╧Ç├╝├╣_╧â├Ñ├¼╧ä├╢╞Æ╧ä├╢├║_v004_2026-08-18/90_╧â┬½├«╧â├á┬┐╬úΓòò├ç╧âΓò¥├à_╧â├ä╞Æ╧â├áΓòò╧Ç├⌐Γòú╧Ç├ó├¿╧Ç├ó├ó╧Ç├ó├╣╧Ç├⌐Γòû╧Ç├ó┬║╧Ç├ó├ó╧Ç├ó├¬/╬ª┬┐├¬╧ä┬½├╣┬╡ΓîÉ╞Æ╧ä├▓Γûæ╬ª├╝Γéº_1941╬ÿ├╗├»┬╡├¬┬¬╧âΓòûΓòù┬╡├¬Γòù╧Ç├╝├╣_╧â┬½├«╧â├á┬┐╬úΓòò├ç╧âΓò¥├à_2026-08-16/99_╧ä┬ó┬½╬ÿ├«Γûô/PACKAGE_INFO.txt
18439	╬ª┬┐├¬╧ä┬½├╣┬╡ΓîÉ╞Æ╧ä├▓Γûæ╬ª├╝Γéº_BRANCH_B_v049_FULL_HANDOFF_1944-08-04T24_2026-09-04/02_ORIGINAL_EXTRACTED_TREE/╬ª┬┐├¬╧ä┬½├╣┬╡ΓîÉ╞Æ╧ä├▓Γûæ╬ª├╝Γéº_BRANCH_B_v048_REAUDIT_FULL_RESUME_1944-02-20T24_2026-08-31/99_LEGACY_UNTOUCHED/╬ª┬┐├¬╧ä┬½├╣┬╡ΓîÉ╞Æ╧ä├▓Γûæ╬ª├╝Γéº_1941╬ÿ├╗├»┬╡├¬┬¬╧âΓòûΓòù┬╡├¬Γòù╧Ç├╝├╣_╧â├Ñ├¼╧ä├╢╞Æ╧ä├╢├║_v004_2026-08-18/90_╧â┬½├«╧â├á┬┐╬úΓòò├ç╧âΓò¥├à_╧â├ä╞Æ╧â├áΓòò╧Ç├⌐Γòú╧Ç├ó├¿╧Ç├ó├ó╧Ç├ó├╣╧Ç├⌐Γòû╧Ç├ó┬║╧Ç├ó├ó╧Ç├ó├¬/╬ª┬┐├¬╧ä┬½├╣┬╡ΓîÉ╞Æ╧ä├▓Γûæ╬ª├╝Γéº_1941╬ÿ├╗├»┬╡├¬┬¬╧âΓòûΓòù┬╡├¬Γòù╧Ç├╝├╣_╧â┬½├«╧â├á┬┐╬úΓòò├ç╧âΓò¥├à_2026-08-16/99_╧ä┬ó┬½╬ÿ├«Γûô/SHA256SUMS.txt
479	╬ª┬┐├¬╧ä┬½├╣┬╡ΓîÉ╞Æ╧ä├▓Γûæ╬ª├╝Γéº_BRANCH_B_v049_FULL_HANDOFF_1944-08-04T24_2026-09-04/02_ORIGINAL_EXTRACTED_TREE/╬ª┬┐├¬╧ä┬½├╣┬╡ΓîÉ╞Æ╧ä├▓Γûæ╬ª├╝Γéº_BRANCH_B_v048_REAUDIT_FULL_RESUME_1944-02-20T24_2026-08-31/99_LEGACY_UNTOUCHED/╬ª┬┐├¬╧ä┬½├╣┬╡ΓîÉ╞Æ╧ä├▓Γûæ╬ª├╝Γéº_1941╬ÿ├╗├»┬╡├¬┬¬╧âΓòûΓòù┬╡├¬Γòù╧Ç├╝├╣_╧â├Ñ├¼╧ä├╢╞Æ╧ä├╢├║_v004_2026-08-18/PACKAGE_HANDOFF_INFO.txt
39189	╬ª┬┐├¬╧ä┬½├╣┬╡ΓîÉ╞Æ╧ä├▓Γûæ╬ª├╝Γéº_BRANCH_B_v049_FULL_HANDOFF_1944-08-04T24_2026-09-04/02_ORIGINAL_EXTRACTED_TREE/╬ª┬┐├¬╧ä┬½├╣┬╡ΓîÉ╞Æ╧ä├▓Γûæ╬ª├╝Γéº_BRANCH_B_v048_REAUDIT_FULL_RESUME_1944-02-20T24_2026-08-31/99_LEGACY_UNTOUCHED/╬ª┬┐├¬╧ä┬½├╣┬╡ΓîÉ╞Æ╧ä├▓Γûæ╬ª├╝Γéº_1941╬ÿ├╗├»┬╡├¬┬¬╧âΓòûΓòù┬╡├¬Γòù╧Ç├╝├╣_╧â├Ñ├¼╧ä├╢╞Æ╧ä├╢├║_v004_2026-08-18/SHA256SUMS.txt
14532	╬ª┬┐├¬╧ä┬½├╣┬╡ΓîÉ╞Æ╧ä├▓Γûæ╬ª├╝Γéº_BRANCH_B_v049_FULL_HANDOFF_1944-08-04T24_2026-09-04/03_RECENT_AUDIT_EXTRACTS_2026-09-04/1942Q2_OPERATION_C_MO_MI_REAUDIT_SETTLEMENT_v001.md
25256	╬ª┬┐├¬╧ä┬½├╣┬╡ΓîÉ╞Æ╧ä├▓Γûæ╬ª├╝Γéº_BRANCH_B_v049_FULL_HANDOFF_1944-08-04T24_2026-09-04/03_RECENT_AUDIT_EXTRACTS_2026-09-04/88_Γö¼ΓòíΓö¼├¡╬ô├╢├▒Γòº├óΓö£├á╬ô├╗├┤Γò¼┬¬Γö£├ºΓö£├│Γòº├óΓö¼ΓòùΓò₧├å_1943Γòº├ñΓö¼ΓòæΓö£┬╗Γòº├óΓö£├æΓö¼Γò¥_Γòº├ñΓö¼Γò¥Γö¼Γò¥Γò¼├║╬ô├▓├ªΓö£┬½Γö¼ΓòíΓö¼Γò¥Γö£┬íMidwayΓòº├çΓö£├│╬ô├▓├╣WakeΓòº├çΓö£├│╬ô├▓├╣GALVANICΓòº├óΓö£├½Γö£┬½Γö¼ΓòíΓö¼├║Γò₧├å.md
4678	╬ª┬┐├¬╧ä┬½├╣┬╡ΓîÉ╞Æ╧ä├▓Γûæ╬ª├╝Γéº_BRANCH_B_v049_FULL_HANDOFF_1944-08-04T24_2026-09-04/03_RECENT_AUDIT_EXTRACTS_2026-09-04/ALLIED_LOGISTICS_FLEET_AXIS_EFFECTS_1942H2_v001.md
4003	╬ª┬┐├¬╧ä┬½├╣┬╡ΓîÉ╞Æ╧ä├▓Γûæ╬ª├╝Γéº_BRANCH_B_v049_FULL_HANDOFF_1944-08-04T24_2026-09-04/03_RECENT_AUDIT_EXTRACTS_2026-09-04/CHINA_BURMA_CBI_1943_1944Q1_SETTLEMENT_v001.md
3478	╬ª┬┐├¬╧ä┬½├╣┬╡ΓîÉ╞Æ╧ä├▓Γûæ╬ª├╝Γéº_BRANCH_B_v049_FULL_HANDOFF_1944-08-04T24_2026-09-04/03_RECENT_AUDIT_EXTRACTS_2026-09-04/CHINA_FIVEGO_POLITICAL_IMPLEMENTATION_1942Q4_v001.md
1771	╬ª┬┐├¬╧ä┬½├╣┬╡ΓîÉ╞Æ╧ä├▓Γûæ╬ª├╝Γéº_BRANCH_B_v049_FULL_HANDOFF_1944-08-04T24_2026-09-04/03_RECENT_AUDIT_EXTRACTS_2026-09-04/CHINA_TANK3_REGIMENT_RETRO_AUDIT_1944_v001.md
12476	╬ª┬┐├¬╧ä┬½├╣┬╡ΓîÉ╞Æ╧ä├▓Γûæ╬ª├╝Γéº_BRANCH_B_v049_FULL_HANDOFF_1944-08-04T24_2026-09-04/03_RECENT_AUDIT_EXTRACTS_2026-09-04/HANZHONG_GUANGYUAN_ACTIVE_PRESSURE_AUDIT_1944-04-25_v001.md
17451	╬ª┬┐├¬╧ä┬½├╣┬╡ΓîÉ╞Æ╧ä├▓Γûæ╬ª├╝Γéº_BRANCH_B_v049_FULL_HANDOFF_1944-08-04T24_2026-09-04/03_RECENT_AUDIT_EXTRACTS_2026-09-04/PRE_ICHIGO_FINAL_FORCE_LOGISTICS_GATE_1944-04-25_v001.md
7782	╬ª┬┐├¬╧ä┬½├╣┬╡ΓîÉ╞Æ╧ä├▓Γûæ╬ª├╝Γéº_BRANCH_B_v049_FULL_HANDOFF_1944-08-04T24_2026-09-04/03_RECENT_AUDIT_EXTRACTS_2026-09-04/ROYAL_NAVY_DIVERGENCE_AUDIT_1942-1943_v001.md
15526	╬ª┬┐├¬╧ä┬½├╣┬╡ΓîÉ╞Æ╧ä├▓Γûæ╬ª├╝Γéº_BRANCH_B_v049_FULL_HANDOFF_1944-08-04T24_2026-09-04/03_RECENT_AUDIT_EXTRACTS_2026-09-04/SESSION_2026-08-24_ROLLBACK_PACIFIC_CHINA_SETTLEMENT_v001.md
3264	╬ª┬┐├¬╧ä┬½├╣┬╡ΓîÉ╞Æ╧ä├▓Γûæ╬ª├╝Γéº_BRANCH_B_v049_FULL_HANDOFF_1944-08-04T24_2026-09-04/03_SESSION_UPDATES/BRANCH_B_AIRCRAFT_TYPE_ARMOR_DEPLOYMENT_DOCTRINE_1944-04-25_v001.json
18214	╬ª┬┐├¬╧ä┬½├╣┬╡ΓîÉ╞Æ╧ä├▓Γûæ╬ª├╝Γéº_BRANCH_B_v049_FULL_HANDOFF_1944-08-04T24_2026-09-04/03_SESSION_UPDATES/BRANCH_B_AIRCRAFT_TYPE_ARMOR_DEPLOYMENT_DOCTRINE_1944-04-25_v001.md
2948	╬ª┬┐├¬╧ä┬½├╣┬╡ΓîÉ╞Æ╧ä├▓Γûæ╬ª├╝Γéº_BRANCH_B_v049_FULL_HANDOFF_1944-08-04T24_2026-09-04/03_SESSION_UPDATES/BRANCH_B_B7A_RYUSEI_FULL_REAUDIT_1944-04-25_v001.json
14545	╬ª┬┐├¬╧ä┬½├╣┬╡ΓîÉ╞Æ╧ä├▓Γûæ╬ª├╝Γéº_BRANCH_B_v049_FULL_HANDOFF_1944-08-04T24_2026-09-04/03_SESSION_UPDATES/BRANCH_B_B7A_RYUSEI_FULL_REAUDIT_1944-04-25_v001.md
1537	╬ª┬┐├¬╧ä┬½├╣┬╡ΓîÉ╞Æ╧ä├▓Γûæ╬ª├╝Γéº_BRANCH_B_v049_FULL_HANDOFF_1944-08-04T24_2026-09-04/03_SESSION_UPDATES/BRANCH_B_CARRIER_AIR_PERSONNEL_CELLULARIZATION_1942_1944_v001.json
11234	╬ª┬┐├¬╧ä┬½├╣┬╡ΓîÉ╞Æ╧ä├▓Γûæ╬ª├╝Γéº_BRANCH_B_v049_FULL_HANDOFF_1944-08-04T24_2026-09-04/03_SESSION_UPDATES/BRANCH_B_CARRIER_AIR_PERSONNEL_CELLULARIZATION_1942_1944_v001.md
2978	╬ª┬┐├¬╧ä┬½├╣┬╡ΓîÉ╞Æ╧ä├▓Γûæ╬ª├╝Γéº_BRANCH_B_v049_FULL_HANDOFF_1944-08-04T24_2026-09-04/03_SESSION_UPDATES/BRANCH_B_CARRIER_PERSONNEL_ECOSYSTEM_CELLULARIZATION_1944-03-08_v002.json
16327	╬ª┬┐├¬╧ä┬½├╣┬╡ΓîÉ╞Æ╧ä├▓Γûæ╬ª├╝Γéº_BRANCH_B_v049_FULL_HANDOFF_1944-08-04T24_2026-09-04/03_SESSION_UPDATES/BRANCH_B_CARRIER_PERSONNEL_ECOSYSTEM_CELLULARIZATION_1944-03-08_v002.md
2804	╬ª┬┐├¬╧ä┬½├╣┬╡ΓîÉ╞Æ╧ä├▓Γûæ╬ª├╝Γéº_BRANCH_B_v049_FULL_HANDOFF_1944-08-04T24_2026-09-04/03_SESSION_UPDATES/BRANCH_B_CATCHPOLE_ACTIVE_PAUSE_ENIWETOK_PREASSAULT_1944-02-23T0915_v001.json
11546	╬ª┬┐├¬╧ä┬½├╣┬╡ΓîÉ╞Æ╧ä├▓Γûæ╬ª├╝Γéº_BRANCH_B_v049_FULL_HANDOFF_1944-08-04T24_2026-09-04/03_SESSION_UPDATES/BRANCH_B_CATCHPOLE_ACTIVE_PAUSE_ENIWETOK_PREASSAULT_1944-02-23T0915_v001.md
2245	╬ª┬┐├¬╧ä┬½├╣┬╡ΓîÉ╞Æ╧ä├▓Γûæ╬ª├╝Γéº_BRANCH_B_v049_FULL_HANDOFF_1944-08-04T24_2026-09-04/03_SESSION_UPDATES/BRANCH_B_CATCHPOLE_ENGEBI_ASSAULT_1944-02-21T1230_v001.json
10455	╬ª┬┐├¬╧ä┬½├╣┬╡ΓîÉ╞Æ╧ä├▓Γûæ╬ª├╝Γéº_BRANCH_B_v049_FULL_HANDOFF_1944-08-04T24_2026-09-04/03_SESSION_UPDATES/BRANCH_B_CATCHPOLE_ENGEBI_ASSAULT_1944-02-21T1230_v001.md
3808	╬ª┬┐├¬╧ä┬½├╣┬╡ΓîÉ╞Æ╧ä├▓Γûæ╬ª├╝Γéº_BRANCH_B_v049_FULL_HANDOFF_1944-08-04T24_2026-09-04/03_SESSION_UPDATES/BRANCH_B_CATCHPOLE_ENGEBI_DUSK_NIGHT_1944-02-22T0930_v001.json
11181	╬ª┬┐├¬╧ä┬½├╣┬╡ΓîÉ╞Æ╧ä├▓Γûæ╬ª├╝Γéº_BRANCH_B_v049_FULL_HANDOFF_1944-08-04T24_2026-09-04/03_SESSION_UPDATES/BRANCH_B_CATCHPOLE_ENGEBI_DUSK_NIGHT_1944-02-22T0930_v001.md
3445	╬ª┬┐├¬╧ä┬½├╣┬╡ΓîÉ╞Æ╧ä├▓Γûæ╬ª├╝Γéº_BRANCH_B_v049_FULL_HANDOFF_1944-08-04T24_2026-09-04/03_SESSION_UPDATES/BRANCH_B_CATCHPOLE_PREASSAULT_REAUDIT_1944-02-21T0820_v001.json
10789	╬ª┬┐├¬╧ä┬½├╣┬╡ΓîÉ╞Æ╧ä├▓Γûæ╬ª├╝Γéº_BRANCH_B_v049_FULL_HANDOFF_1944-08-04T24_2026-09-04/03_SESSION_UPDATES/BRANCH_B_CATCHPOLE_PREASSAULT_REAUDIT_1944-02-21T0820_v001.md
2649	╬ª┬┐├¬╧ä┬½├╣┬╡ΓîÉ╞Æ╧ä├▓Γûæ╬ª├╝Γéº_BRANCH_B_v049_FULL_HANDOFF_1944-08-04T24_2026-09-04/03_SESSION_UPDATES/BRANCH_B_CENTRAL_PACIFIC_BROAD_SYNC_1944-02-24T1230_v001.json
12785	╬ª┬┐├¬╧ä┬½├╣┬╡ΓîÉ╞Æ╧ä├▓Γûæ╬ª├╝Γéº_BRANCH_B_v049_FULL_HANDOFF_1944-08-04T24_2026-09-04/03_SESSION_UPDATES/BRANCH_B_CENTRAL_PACIFIC_BROAD_SYNC_1944-02-24T1230_v001.md
4504	╬ª┬┐├¬╧ä┬½├╣┬╡ΓîÉ╞Æ╧ä├▓Γûæ╬ª├╝Γéº_BRANCH_B_v049_FULL_HANDOFF_1944-08-04T24_2026-09-04/03_SESSION_UPDATES/BRANCH_B_CENTRAL_PACIFIC_CARRIER_ARMY_NAVY_SYNC_1944-03-20T24_v001.json
19489	╬ª┬┐├¬╧ä┬½├╣┬╡ΓîÉ╞Æ╧ä├▓Γûæ╬ª├╝Γéº_BRANCH_B_v049_FULL_HANDOFF_1944-08-04T24_2026-09-04/03_SESSION_UPDATES/BRANCH_B_CENTRAL_PACIFIC_CARRIER_ARMY_NAVY_SYNC_1944-03-20T24_v001.md
5227	╬ª┬┐├¬╧ä┬½├╣┬╡ΓîÉ╞Æ╧ä├▓Γûæ╬ª├╝Γéº_BRANCH_B_v049_FULL_HANDOFF_1944-08-04T24_2026-09-04/03_SESSION_UPDATES/BRANCH_B_CENTRAL_PACIFIC_DEFENSE_NETWORK_1944-03-08T24_v001.json
18429	╬ª┬┐├¬╧ä┬½├╣┬╡ΓîÉ╞Æ╧ä├▓Γûæ╬ª├╝Γéº_BRANCH_B_v049_FULL_HANDOFF_1944-08-04T24_2026-09-04/03_SESSION_UPDATES/BRANCH_B_CENTRAL_PACIFIC_DEFENSE_NETWORK_1944-03-08T24_v001.md
5129	╬ª┬┐├¬╧ä┬½├╣┬╡ΓîÉ╞Æ╧ä├▓Γûæ╬ª├╝Γéº_BRANCH_B_v049_FULL_HANDOFF_1944-08-04T24_2026-09-04/03_SESSION_UPDATES/BRANCH_B_DEPLOYMENT_SNAPSHOT_1944-04-25T24_v001.json
16514	╬ª┬┐├¬╧ä┬½├╣┬╡ΓîÉ╞Æ╧ä├▓Γûæ╬ª├╝Γéº_BRANCH_B_v049_FULL_HANDOFF_1944-08-04T24_2026-09-04/03_SESSION_UPDATES/BRANCH_B_DEPLOYMENT_SNAPSHOT_1944-04-25T24_v001.md
5054	╬ª┬┐├¬╧ä┬½├╣┬╡ΓîÉ╞Æ╧ä├▓Γûæ╬ª├╝Γéº_BRANCH_B_v049_FULL_HANDOFF_1944-08-04T24_2026-09-04/03_SESSION_UPDATES/BRANCH_B_GLOBAL_NAVAL_PERSONNEL_AND_MI_LINEAGE_REAUDIT_1941_1944_v001.json
21139	╬ª┬┐├¬╧ä┬½├╣┬╡ΓîÉ╞Æ╧ä├▓Γûæ╬ª├╝Γéº_BRANCH_B_v049_FULL_HANDOFF_1944-08-04T24_2026-09-04/03_SESSION_UPDATES/BRANCH_B_GLOBAL_NAVAL_PERSONNEL_AND_MI_LINEAGE_REAUDIT_1941_1944_v001.md
5688	╬ª┬┐├¬╧ä┬½├╣┬╡ΓîÉ╞Æ╧ä├▓Γûæ╬ª├╝Γéº_BRANCH_B_v049_FULL_HANDOFF_1944-08-04T24_2026-09-04/03_SESSION_UPDATES/BRANCH_B_JAPAN_SUPPORT_NETWORK_AND_1944-04-15_SYNC_v001.json
20319	╬ª┬┐├¬╧ä┬½├╣┬╡ΓîÉ╞Æ╧ä├▓Γûæ╬ª├╝Γéº_BRANCH_B_v049_FULL_HANDOFF_1944-08-04T24_2026-09-04/03_SESSION_UPDATES/BRANCH_B_JAPAN_SUPPORT_NETWORK_AND_1944-04-15_SYNC_v001.md
2538	╬ª┬┐├¬╧ä┬½├╣┬╡ΓîÉ╞Æ╧ä├▓Γûæ╬ª├╝Γéº_BRANCH_B_v049_FULL_HANDOFF_1944-08-04T24_2026-09-04/03_SESSION_UPDATES/BRANCH_B_NAVAL_SENIOR_PERSONNEL_REAUDIT_1944-03-08_v001.json
14975	╬ª┬┐├¬╧ä┬½├╣┬╡ΓîÉ╞Æ╧ä├▓Γûæ╬ª├╝Γéº_BRANCH_B_v049_FULL_HANDOFF_1944-08-04T24_2026-09-04/03_SESSION_UPDATES/BRANCH_B_NAVAL_SENIOR_PERSONNEL_REAUDIT_1944-03-08_v001.md
9604	╬ª┬┐├¬╧ä┬½├╣┬╡ΓîÉ╞Æ╧ä├▓Γûæ╬ª├╝Γéº_BRANCH_B_v049_FULL_HANDOFF_1944-08-04T24_2026-09-04/03_SESSION_UPDATES/BRANCH_B_PACIFIC_ADVANCE_1944-02-20T24_to_1944-02-22T08_v001.json
13638	╬ª┬┐├¬╧ä┬½├╣┬╡ΓîÉ╞Æ╧ä├▓Γûæ╬ª├╝Γéº_BRANCH_B_v049_FULL_HANDOFF_1944-08-04T24_2026-09-04/03_SESSION_UPDATES/BRANCH_B_PACIFIC_ADVANCE_1944-02-20T24_to_1944-02-22T08_v002.json
7353	╬ª┬┐├¬╧ä┬½├╣┬╡ΓîÉ╞Æ╧ä├▓Γûæ╬ª├╝Γéº_BRANCH_B_v049_FULL_HANDOFF_1944-08-04T24_2026-09-04/03_SESSION_UPDATES/BRANCH_B_PACIFIC_CHECKPOINT_1944-02-22T08_v001.md
9440	╬ª┬┐├¬╧ä┬½├╣┬╡ΓîÉ╞Æ╧ä├▓Γûæ╬ª├╝Γéº_BRANCH_B_v049_FULL_HANDOFF_1944-08-04T24_2026-09-04/03_SESSION_UPDATES/BRANCH_B_PACIFIC_CHECKPOINT_1944-02-22T08_v002.md
3803	╬ª┬┐├¬╧ä┬½├╣┬╡ΓîÉ╞Æ╧ä├▓Γûæ╬ª├╝Γéº_BRANCH_B_v049_FULL_HANDOFF_1944-08-04T24_2026-09-04/03_SESSION_UPDATES/BRANCH_B_PARRY_MARIANAS_FLEET_SYNC_1944-02-27T24_v001.json
17550	╬ª┬┐├¬╧ä┬½├╣┬╡ΓîÉ╞Æ╧ä├▓Γûæ╬ª├╝Γéº_BRANCH_B_v049_FULL_HANDOFF_1944-08-04T24_2026-09-04/03_SESSION_UPDATES/BRANCH_B_PARRY_MARIANAS_FLEET_SYNC_1944-02-27T24_v001.md
8343	╬ª┬┐├¬╧ä┬½├╣┬╡ΓîÉ╞Æ╧ä├▓Γûæ╬ª├╝Γéº_BRANCH_B_v049_FULL_HANDOFF_1944-08-04T24_2026-09-04/03_SESSION_UPDATES/BRANCH_B_RESUME_BRIEF_1944-02-20T24.md
2552	╬ª┬┐├¬╧ä┬½├╣┬╡ΓîÉ╞Æ╧ä├▓Γûæ╬ª├╝Γéº_BRANCH_B_v049_FULL_HANDOFF_1944-08-04T24_2026-09-04/03_SESSION_UPDATES/BRANCH_B_RESUME_STATE_1944-02-20T24.json
1131	╬ª┬┐├¬╧ä┬½├╣┬╡ΓîÉ╞Æ╧ä├▓Γûæ╬ª├╝Γéº_BRANCH_B_v049_FULL_HANDOFF_1944-08-04T24_2026-09-04/03_SESSION_UPDATES/BRANCH_B_RYUSEI_B7A_RECOVERY_CORRECTION_1944-04-25_v001.json
3268	╬ª┬┐├¬╧ä┬½├╣┬╡ΓîÉ╞Æ╧ä├▓Γûæ╬ª├╝Γéº_BRANCH_B_v049_FULL_HANDOFF_1944-08-04T24_2026-09-04/03_SESSION_UPDATES/BRANCH_B_RYUSEI_B7A_RECOVERY_CORRECTION_1944-04-25_v001.md
2117	╬ª┬┐├¬╧ä┬½├╣┬╡ΓîÉ╞Æ╧ä├▓Γûæ╬ª├╝Γéº_BRANCH_B_v049_FULL_HANDOFF_1944-08-04T24_2026-09-04/03_SESSION_UPDATES/BRANCH_B_TECH_WEAPON_HULL_WASH_1944-02-20_v001.json
19833	╬ª┬┐├¬╧ä┬½├╣┬╡ΓîÉ╞Æ╧ä├▓Γûæ╬ª├╝Γéº_BRANCH_B_v049_FULL_HANDOFF_1944-08-04T24_2026-09-04/03_SESSION_UPDATES/BRANCH_B_TECH_WEAPON_HULL_WASH_1944-02-20_v001.md
5694	╬ª┬┐├¬╧ä┬½├╣┬╡ΓîÉ╞Æ╧ä├▓Γûæ╬ª├╝Γéº_BRANCH_B_v049_FULL_HANDOFF_1944-08-04T24_2026-09-04/03_SESSION_UPDATES/BRANCH_B_TRUK_SUPPORT_NETWORK_SECOND_SUPPRESSION_1944-04-25T24_v001.json
21894	╬ª┬┐├¬╧ä┬½├╣┬╡ΓîÉ╞Æ╧ä├▓Γûæ╬ª├╝Γéº_BRANCH_B_v049_FULL_HANDOFF_1944-08-04T24_2026-09-04/03_SESSION_UPDATES/BRANCH_B_TRUK_SUPPORT_NETWORK_SECOND_SUPPRESSION_1944-04-25T24_v001.md
4368	╬ª┬┐├¬╧ä┬½├╣┬╡ΓîÉ╞Æ╧ä├▓Γûæ╬ª├╝Γéº_BRANCH_B_v049_FULL_HANDOFF_1944-08-04T24_2026-09-04/03_SESSION_UPDATES/BRANCH_B_WESTERN_CAROLINES_PALAU_RAID_1944-04-05T24_v001.json
19031	╬ª┬┐├¬╧ä┬½├╣┬╡ΓîÉ╞Æ╧ä├▓Γûæ╬ª├╝Γéº_BRANCH_B_v049_FULL_HANDOFF_1944-08-04T24_2026-09-04/03_SESSION_UPDATES/BRANCH_B_WESTERN_CAROLINES_PALAU_RAID_1944-04-05T24_v001.md
8402	00_CURRENT_AUTHORITY/00_READ_FIRST_V091_FULL_HANDOFF.md
4395	00_CURRENT_AUTHORITY/02_SUPERSESSION_MAP_V091_FULL.md
4141	00_CURRENT_AUTHORITY/CURRENT_BRANCH_B_V091_COMPACT_ACTIVE_CONTEXT_1942-07-23_v001.md
5393	00_CURRENT_AUTHORITY/CURRENT_BRANCH_B_V091_JAPANESE_AIR_WALLET_ROOT_REOPEN_1942-07-23_v001.md
4342	00_CURRENT_AUTHORITY/CURRENT_BRANCH_B_V091_ZERO_FAMILY_ROOT_GATE_1942-07-23_v001.md
910771	00_MANIFEST/FILE_LIST_V091_FULL.txt
901575	00_MANIFEST/SHA256SUMS_V091_FULL.txt
1125	00_MANIFEST/V091_DELTA_SUMMARY.txt
8402	00_READ_FIRST_V091_FULL_HANDOFF.md
4395	02_SUPERSESSION_MAP_V091_FULL.md
2112	04_RESUME_FRONTIER/BRANCH_B_RESUME_1942-07-23_SANTO_AIR_WALLET_REAUDIT_OPEN_FRONTIER_v001.md
4395	V091_ADDENDUM_2026-09-12/00_HANDOFF/BRANCH_B_V091_AUTHORITY_SUPERSESSION_MAP_2026-09-12.md
714	V091_ADDENDUM_2026-09-12/00_HANDOFF/BRANCH_B_V091_START_HERE_2026-09-12.md
2372	V091_ADDENDUM_2026-09-12/00_MANIFEST/BRANCH_B_V091_ADDENDUM_FILE_LIST.txt
3956	V091_ADDENDUM_2026-09-12/00_MANIFEST/BRANCH_B_V091_ADDENDUM_SHA256SUMS.txt
4141	V091_ADDENDUM_2026-09-12/01_AUTHORITY/BRANCH_B_V091_COMPACT_ACTIVE_CONTEXT_1942-07-23_v001.md
1852	V091_ADDENDUM_2026-09-12/03_AUDIT/BRANCH_B_CORAL_SEA_CRACE_DAMAGE_NAMED_CLOSE_1942-05-07_v001.md
5393	V091_ADDENDUM_2026-09-12/03_AUDIT/BRANCH_B_JAPANESE_AIR_WALLET_ROOT_REOPEN_1942-07-23_v001.md
5113	V091_ADDENDUM_2026-09-12/03_AUDIT/BRANCH_B_SANTO_PREBATTLE_OPTIONALITY_REAUDIT_1942-07-20_23_v001.md
2936	V091_ADDENDUM_2026-09-12/03_AUDIT/BRANCH_B_SANTO_REAUDIT_OPEN_ITEM_REGISTER_1942-07-23_v001.md
4342	V091_ADDENDUM_2026-09-12/03_AUDIT/BRANCH_B_ZERO_FAMILY_AND_WATER_FIGHTER_ROOT_GATE_1942-07-23_v001.md
2744	V091_ADDENDUM_2026-09-12/03_REAUDIT_INPUTS/BRANCH_B_ALLIED_MIRROR_CLOSE_1942-07-20_27_v001.md
1613	V091_ADDENDUM_2026-09-12/03_REAUDIT_INPUTS/BRANCH_B_FORWARD_NODE_LEDGER_CLOSE_1942-07-20_v001.md
9980	V091_ADDENDUM_2026-09-12/03_REAUDIT_INPUTS/BRANCH_B_JAPAN_POST_MI_FS_CONVERGENCE_CLOSE_1942-06-15_07-27_v001.md
12971	V091_ADDENDUM_2026-09-12/03_REAUDIT_INPUTS/BRANCH_B_SANTO_D1_CARRIER_BATTLE_RUNTIME_CLOSE_1942-07-26_v002.md
17775	V091_ADDENDUM_2026-09-12/03_REAUDIT_INPUTS/BRANCH_B_SANTO_D2_1942-07-25_EVENT_CLOSE_v001.md
3479	V091_ADDENDUM_2026-09-12/03_REAUDIT_INPUTS/BRANCH_B_SANTO_D2_COMMAND_INFORMATION_BELIEF_MATRIX_1942-07-25_v001.md
28012	V091_ADDENDUM_2026-09-12/03_REAUDIT_INPUTS/BRANCH_B_SANTO_D2_COMMAND_PERSONALITY_AND_DECISION_DOCTRINE_CLOSE_1942-07-25_v001.md
15007	V091_ADDENDUM_2026-09-12/03_REAUDIT_INPUTS/BRANCH_B_SANTO_D3_1942-07-24_EVENT_CLOSE_v001.md
14981	V091_ADDENDUM_2026-09-12/03_REAUDIT_INPUTS/BRANCH_B_SANTO_D4_1942-07-23_EVENT_CLOSE_v001.md
9537	V091_ADDENDUM_2026-09-12/03_REAUDIT_INPUTS/BRANCH_B_SANTO_D4_CAPABILITY_SNAPSHOT_CLOSE_1942-07-23_v001.md
14028	V091_ADDENDUM_2026-09-12/03_REAUDIT_INPUTS/BRANCH_B_SANTO_DDAY_1942-07-27_EVENT_CLOSE_v001.md
7216	V091_ADDENDUM_2026-09-12/03_REAUDIT_INPUTS/BRANCH_B_SANTO_DDAY_LANDING_GEOGRAPHY_AND_BOAT_WALLET_CLOSE_1942-07-27_v001.md
12217	V091_ADDENDUM_2026-09-12/03_REAUDIT_INPUTS/BRANCH_B_SANTO_DPLUS2_1942-07-29_EVENT_CLOSE_v001.md
3221	V091_ADDENDUM_2026-09-12/03_REAUDIT_INPUTS/BRANCH_B_SANTO_PREBATTLE_WALLET_CLOSE_1942-07-20_v001.md
2112	V091_ADDENDUM_2026-09-12/04_RESUME/BRANCH_B_RESUME_1942-07-23_SANTO_AIR_WALLET_REAUDIT_OPEN_FRONTIER_v001.md
2474	V091_ADDENDUM_2026-09-12/05_SOURCES/BRANCH_B_V091_SOURCE_NOTES.md
7411	00_CURRENT_AUTHORITY/00_READ_FIRST_V092_FULL_HANDOFF.md
2168	00_CURRENT_AUTHORITY/02_SUPERSESSION_MAP_V092_FULL.md
8796	00_CURRENT_AUTHORITY/05_CLEAN_CANONICAL_REFERENCES/1944初夏戦力_再監査v3起点.md
27048	00_CURRENT_AUTHORITY/05_CLEAN_CANONICAL_REFERENCES/31_魚雷・水雷戦_魚雷本体・射撃指揮・再装填・運用.md
33417	00_CURRENT_AUTHORITY/05_CLEAN_CANONICAL_REFERENCES/50_航空機研究_陸海軍総合正本.md
50077	00_CURRENT_AUTHORITY/05_CLEAN_CANONICAL_REFERENCES/51_陸軍航空機_機種別設計・発動機・日程.md
57788	00_CURRENT_AUTHORITY/05_CLEAN_CANONICAL_REFERENCES/52_海軍航空機_艦攻・艦爆・陸攻・大艇.md
58865	00_CURRENT_AUTHORITY/05_CLEAN_CANONICAL_REFERENCES/53_海軍戦闘機・空冷発動機・噴進航空.md
27166	00_CURRENT_AUTHORITY/05_CLEAN_CANONICAL_REFERENCES/61_技術からの自然な軍事的派生_戦術サイクル・任務階級・戦史再監査.md
18214	00_CURRENT_AUTHORITY/05_CLEAN_CANONICAL_REFERENCES/BRANCH_B_AIRCRAFT_TYPE_ARMOR_DEPLOYMENT_DOCTRINE_1944-04-25_v001.md
14545	00_CURRENT_AUTHORITY/05_CLEAN_CANONICAL_REFERENCES/BRANCH_B_B7A_RYUSEI_FULL_REAUDIT_1944-04-25_v001.md
1905	00_CURRENT_AUTHORITY/05_CLEAN_CANONICAL_REFERENCES/I400_SEIRAN_READINESS_GATE_1944_v001.md
2723	00_CURRENT_AUTHORITY/05_CLEAN_CANONICAL_REFERENCES/WEAPONS_AUDIT_1944-04-30_v001.md
810	00_MANIFEST/V092_PACKAGE_CONTENTS.md
2349	03_PROVENANCE/BRANCH_B_V092_AIRCRAFT_FORMULA_AUDIT_AND_REPAIR_LEDGER_2026-09-12.md
1671	04_RESUME_FRONTIER/BRANCH_B_RESUME_V092_P1Y_FORMULA_REPAIR_FRONTIER_2026-09-12.md
1599	04_RESUME_FRONTIER/BRANCH_B_V092_OPEN_ITEM_REGISTER_AIRCRAFT_FORMULA_REPAIR_2026-09-12.md
1533	CURRENT_1943-11-05_UPDATES/CURRENT_BRANCH_B_V092_FORMULA_REPAIR_COMPACT_CONTEXT_2026-09-12.md
208	00_MANIFEST/V091_SOURCE_ARCHIVE_SHA256.txt
927988	00_MANIFEST/MANIFEST_V092_SHA256.txt
10179	00_CURRENT_AUTHORITY/00_READ_FIRST_V093_FULL_HANDOFF.md
10179	00_READ_FIRST_V093_FULL_HANDOFF.md
10179	V093_ADDENDUM_2026-09-14/00_HANDOFF/00_READ_FIRST_V093_FULL_HANDOFF.md
2641	00_CURRENT_AUTHORITY/02_SUPERSESSION_MAP_V093_FULL.md
2641	02_SUPERSESSION_MAP_V093_FULL.md
2641	V093_ADDENDUM_2026-09-14/01_AUTHORITY/02_SUPERSESSION_MAP_V093_FULL.md
3444	CURRENT_1943-11-05_UPDATES/CURRENT_BRANCH_B_V093_COMPACT_CONTEXT_1942-11-20.md
1755	V093_ADDENDUM_2026-09-14/03_AUDIT/BRANCH_B_SANTO_AIR_LOGISTICS_NODE_RULE_1942-08_TO_NC_v001.md
3943	V093_ADDENDUM_2026-09-14/03_AUDIT/BRANCH_B_NC_CAMPAIGN_REEXECUTION_CLOSE_1942-07-29_TO_09-14_v001.md
2278	V093_ADDENDUM_2026-09-14/03_AUDIT/BRANCH_B_NC_SECOND_SURFACE_INTERVENTION_CLOSE_1942-09-07_v002.md
3360	V093_ADDENDUM_2026-09-14/03_AUDIT/BRANCH_B_NC_POSTCAPTURE_EAST_COAST_AND_OCCUPATION_1942-09-14_TO_11-20_v001.md
3376	V093_ADDENDUM_2026-09-14/03_AUDIT/BRANCH_B_EFATE_AIR_SUPPRESSION_PILOT_ATTRITION_1942-09-20_TO_11-20_v001.md
3375	V093_ADDENDUM_2026-09-14/03_AUDIT/BRANCH_B_GLOBAL_RESYNC_AL_SARGASSO_WIO_1942-09_TO_11-20_v001.md
2910	V093_ADDENDUM_2026-09-14/03_AUDIT/BRANCH_B_SECONDARY_CARRIER_ROLE_REAUDIT_1942-11-20_v001.md
2093	V093_ADDENDUM_2026-09-14/03_AUDIT/BRANCH_B_AL_REVERSE_INVASION_AND_BENGAL_OPTION_1942-11-20_v001.md
1417	04_RESUME_FRONTIER/BRANCH_B_RESUME_V093_SECONDARY_CARRIER_WALLETS_1942-11-20.md
1417	V093_ADDENDUM_2026-09-14/04_RESUME/BRANCH_B_RESUME_V093_SECONDARY_CARRIER_WALLETS_1942-11-20.md
2383	CURRENT_1943-11-05_UPDATES/CURRENT_BRANCH_B_V093_STATE_1942-11-20.json
968	00_MANIFEST/V093_PACKAGE_CONTENTS.md
968	V093_ADDENDUM_2026-09-14/00_MANIFEST/V093_PACKAGE_CONTENTS.md
3080	00_MANIFEST/MANIFEST_V093_ADDITIONS_SHA256.txt
3080	V093_ADDENDUM_2026-09-14/00_MANIFEST/MANIFEST_V093_ADDITIONS_SHA256.txt
4411	00_CURRENT_AUTHORITY/00_READ_FIRST_V094_FULL_HANDOFF.md
2446	00_CURRENT_AUTHORITY/02_SUPERSESSION_MAP_V094_FULL.md
3463	00_CURRENT_AUTHORITY/CURRENT_BRANCH_B_V094_COMPACT_ACTIVE_CONTEXT_1943-11-21T1020.md
4560	00_CURRENT_AUTHORITY/CURRENT_BRANCH_B_V094_STATE_1943-11-21T1020.json
965	04_RESUME_FRONTIER/00_RESUME_V094_TECH_AUDIT_FRONTIER.md
4411	CURRENT_1943-11-21_UPDATES/00_READ_FIRST_CURRENT_1943-11-21.md
6394	CURRENT_1943-11-21_UPDATES/01_CURRENT_MASTER_TIMELINE_1943-06-30_TO_1943-11-21.md
2446	CURRENT_1943-11-21_UPDATES/02_CURRENT_SUPERSESSION_MAP_1943-11-21.md
4560	CURRENT_1943-11-21_UPDATES/03_CURRENT_GLOBAL_STATE_1943-11-21T1020.json
2863	CURRENT_1943-11-21_UPDATES/04_FLEET_HULL_DAMAGE_LEDGER_1943-11-21.md
1980	CURRENT_1943-11-21_UPDATES/05_MERCHANT_TANKER_ASW_LEDGER_1943-10-31.md
2846	CURRENT_1943-11-21_UPDATES/06_AIR_TECH_CURRENT_STATUS_1943-11-21.md
2987	CURRENT_1943-11-21_UPDATES/07_GALVANIC_CURRENT_STATE_1943-11-21T1020.md
1647	CURRENT_1943-11-21_UPDATES/08_GALVANIC_FIRST_STRIKE_TECH_AND_RESULT.md
2038	CURRENT_1943-11-21_UPDATES/09_SUPPORT_FORCE_ROLES_1943-11-21.md
1533	CURRENT_1943-11-21_UPDATES/10_WORLD_DELTA_1943-10-31.md
1294	CURRENT_1943-11-21_UPDATES/11_OPEN_ITEMS_AND_GATES.md
7232	CURRENT_1943-11-21_UPDATES/12_NEXT_SESSION_TECH_AUDIT_REGISTER.md
1068	CURRENT_1943-11-21_UPDATES/13_PACKAGING_PROVENANCE.md
2178	CURRENT_1943-11-21_UPDATES/14_SESSION_2026-09-15_DECISIONS_INDEX.md
1068	03_PROVENANCE/V094_PROVENANCE.md
4411	V094_ADDENDUM_2026-09-15/00_HANDOFF/00_READ_FIRST_V094_ADDENDUM.md
3463	V094_ADDENDUM_2026-09-15/01_AUTHORITY/CURRENT_BRANCH_B_V094_COMPACT_ACTIVE_CONTEXT_1943-11-21T1020.md
4560	V094_ADDENDUM_2026-09-15/01_AUTHORITY/CURRENT_BRANCH_B_V094_STATE_1943-11-21T1020.json
6394	V094_ADDENDUM_2026-09-15/03_SESSION_UPDATES/01_MASTER_TIMELINE.md
2863	V094_ADDENDUM_2026-09-15/03_SESSION_UPDATES/02_FLEET_LEDGER.md
1980	V094_ADDENDUM_2026-09-15/03_SESSION_UPDATES/03_LOGISTICS_ASW.md
2846	V094_ADDENDUM_2026-09-15/03_SESSION_UPDATES/04_AIR_TECH_STATE.md
2987	V094_ADDENDUM_2026-09-15/03_SESSION_UPDATES/05_GALVANIC_STATE.md
1647	V094_ADDENDUM_2026-09-15/03_SESSION_UPDATES/06_FIRST_STRIKE.md
2038	V094_ADDENDUM_2026-09-15/03_SESSION_UPDATES/07_SUPPORT_FORCES.md
965	V094_ADDENDUM_2026-09-15/04_RESUME/00_RESUME_TECH_AUDIT.md
7232	V094_ADDENDUM_2026-09-15/04_RESUME/01_NEXT_TECH_AUDIT_REGISTER.md
651	PACKAGE_VERSION_V094.json
2730	00_MANIFEST/V094_MANIFEST.md
7916	00_MANIFEST/V094_MANIFEST.json
4456	00_MANIFEST/V094_SHA256SUMS_NEW_ENTRIES.txt
2730	V094_ADDENDUM_2026-09-15/00_MANIFEST/V094_ADDENDUM_MANIFEST.md
7916	V094_ADDENDUM_2026-09-15/00_MANIFEST/V094_ADDENDUM_MANIFEST.json
5286	00_CURRENT_AUTHORITY/00_READ_FIRST_V095_FULL_HANDOFF.md
2251	00_CURRENT_AUTHORITY/02_SUPERSESSION_MAP_V095_FULL.md
2956	00_CURRENT_AUTHORITY/CURRENT_BRANCH_B_V095_COMPACT_ACTIVE_CONTEXT_1943-11-24T1800.md
4536	00_CURRENT_AUTHORITY/CURRENT_BRANCH_B_V095_STATE_1943-11-24T1800.json
160	00_MANIFEST/V095_BASE_PACKAGE_SHA256.txt
5286	00_READ_FIRST_V095_FULL_HANDOFF.md
2251	02_SUPERSESSION_MAP_V095_FULL.md
5286	CURRENT_1943-11-24_UPDATES/00_READ_FIRST_CURRENT_1943-11-24.md
3463	CURRENT_1943-11-24_UPDATES/01_CURRENT_MASTER_TIMELINE_1943-11-21_TO_1943-11-24.md
2251	CURRENT_1943-11-24_UPDATES/02_SUPERSESSION_MAP_V095_FULL.md
4536	CURRENT_1943-11-24_UPDATES/03_CURRENT_GLOBAL_STATE_1943-11-24T1800.json
2956	CURRENT_1943-11-24_UPDATES/04_GALVANIC_STATE_1943-11-24T1800.md
4856	CURRENT_1943-11-24_UPDATES/05_TECH_AUDIT_CLOSEOUT_A1_D5_2.md
2916	CURRENT_1943-11-24_UPDATES/06_CARRIER_AIR_REGENERATION_LEDGER.md
2501	CURRENT_1943-11-24_UPDATES/07_SHINANO_DOCK_5002_5005_SETTLEMENT.md
2418	CURRENT_1943-11-24_UPDATES/08_LIMITED_RELIEF_ISR_DOCTRINE.md
2301	CURRENT_1943-11-24_UPDATES/09_GILBERT_GROUND_SETTLEMENT_1943-11-20_24.md
1655	CURRENT_1943-11-24_UPDATES/10_OPEN_ITEMS_AND_GATES.md
2567	CURRENT_1943-11-24_UPDATES/11_SESSION_2026-09-16_DECISIONS_INDEX.md
1794	CURRENT_1943-11-24_UPDATES/12_PROVENANCE_AND_AUTHORITY_NOTES.md
903	PACKAGE_VERSION_V095.json
5286	V095_ADDENDUM_2026-09-16/03_SESSION_UPDATES/00_READ_FIRST_CURRENT_1943-11-24.md
3463	V095_ADDENDUM_2026-09-16/03_SESSION_UPDATES/01_CURRENT_MASTER_TIMELINE_1943-11-21_TO_1943-11-24.md
2251	V095_ADDENDUM_2026-09-16/03_SESSION_UPDATES/02_SUPERSESSION_MAP_V095_FULL.md
4536	V095_ADDENDUM_2026-09-16/03_SESSION_UPDATES/03_CURRENT_GLOBAL_STATE_1943-11-24T1800.json
2956	V095_ADDENDUM_2026-09-16/03_SESSION_UPDATES/04_GALVANIC_STATE_1943-11-24T1800.md
4856	V095_ADDENDUM_2026-09-16/03_SESSION_UPDATES/05_TECH_AUDIT_CLOSEOUT_A1_D5_2.md
2916	V095_ADDENDUM_2026-09-16/03_SESSION_UPDATES/06_CARRIER_AIR_REGENERATION_LEDGER.md
2501	V095_ADDENDUM_2026-09-16/03_SESSION_UPDATES/07_SHINANO_DOCK_5002_5005_SETTLEMENT.md
2418	V095_ADDENDUM_2026-09-16/03_SESSION_UPDATES/08_LIMITED_RELIEF_ISR_DOCTRINE.md
2301	V095_ADDENDUM_2026-09-16/03_SESSION_UPDATES/09_GILBERT_GROUND_SETTLEMENT_1943-11-20_24.md
1655	V095_ADDENDUM_2026-09-16/03_SESSION_UPDATES/10_OPEN_ITEMS_AND_GATES.md
2567	V095_ADDENDUM_2026-09-16/03_SESSION_UPDATES/11_SESSION_2026-09-16_DECISIONS_INDEX.md
1794	V095_ADDENDUM_2026-09-16/03_SESSION_UPDATES/12_PROVENANCE_AND_AUTHORITY_NOTES.md
