original_logical_path	resolved_locator	resolution_type	source_layer	authority_status	domain_guess
00-START-HERE-2026-08-29-FULL-V3.md	90-SOURCE-QUARANTINE/2026-08-29-FULL-V3/00-START-HERE-2026-08-29-FULL-V3.md	file	late-2026-08-29-resume	CURRENT	cross-domain
ASAI-E3-E4-JET-FLIGHT-ORIGIN-V12.md	90-SOURCE-QUARANTINE/2026-08-29-FULL-V3/ASAI-E3-E4-JET-FLIGHT-ORIGIN-V12.md	file	late-2026-08-29-resume	CURRENT	aviation;gas-turbine
ASAI-EPOXY-FRP-CAPABILITY-LEDGER-V1.xlsx	90-SOURCE-QUARANTINE/2026-08-29-FULL-V3/ASAI-EPOXY-FRP-CAPABILITY-LEDGER-V1.xlsx	file	late-2026-08-29-resume	CURRENT	materials
ASAI-EPOXY-FRP-CAPABILITY-LEDGER-V2-COST.xlsx	90-SOURCE-QUARANTINE/2026-08-29-FULL-V3/ASAI-EPOXY-FRP-CAPABILITY-LEDGER-V2-COST.xlsx	file	late-2026-08-29-resume	CURRENT	materials
ASAI-GT-FRONT-SCALE-RATING-PRODUCTS-V14-COST.xlsx	90-SOURCE-QUARANTINE/2026-08-29-FULL-V3/ASAI-GT-FRONT-SCALE-RATING-PRODUCTS-V14-COST.xlsx	file	late-2026-08-29-resume	CURRENT	gas-turbine
ASAI-SINGLE-REAR-JET-SIZING-V11.md	90-SOURCE-QUARANTINE/2026-08-29-FULL-V3/ASAI-SINGLE-REAR-JET-SIZING-V11.md	file	late-2026-08-29-resume	CURRENT	aviation
CURRENT-HANDOFF-NOTES-2026-08-29-FULL-V3.md	90-SOURCE-QUARANTINE/2026-08-29-FULL-V3/CURRENT-HANDOFF-NOTES-2026-08-29-FULL-V3.md	file	late-2026-08-29-resume	CURRENT	company
CURRENT-PRECEDENCE-2026-08-29-FULL-V3.tsv	90-SOURCE-QUARANTINE/2026-08-29-FULL-V3/CURRENT-PRECEDENCE-2026-08-29-FULL-V3.tsv	file	late-2026-08-29-resume	CURRENT	cross-domain
CURRENT-STATE-2026-08-29-FULL-V3.json	90-SOURCE-QUARANTINE/2026-08-29-FULL-V3/CURRENT-STATE-2026-08-29-FULL-V3.json	file	late-2026-08-29-resume	CURRENT	cross-domain
OPEN-QUEUE-2026-08-29-FULL-V3.md	90-SOURCE-QUARANTINE/2026-08-29-FULL-V3/OPEN-QUEUE-2026-08-29-FULL-V3.md	file	outer-package	SUPPORT	cross-domain
PACKAGE-INVENTORY-2026-08-29-FULL-V3.tsv	90-SOURCE-QUARANTINE/2026-08-29-FULL-V3/PACKAGE-INVENTORY-2026-08-29-FULL-V3.tsv	file	outer-package	SUPPORT	cross-domain
SHA256SUMS-2026-08-29-FULL-V3.txt	90-SOURCE-QUARANTINE/2026-08-29-FULL-V3/SHA256SUMS-2026-08-29-FULL-V3.txt	file	outer-package	SUPPORT	cross-domain
archive-previous-overlay/CURRENT-HANDOFF-NOTES-2026-08-29-pre-naval-integration.md	90-SOURCE-QUARANTINE/2026-08-29-FULL-V3/archive-previous-overlay/CURRENT-HANDOFF-NOTES-2026-08-29-pre-naval-integration.md	file	archive-overlay	ARCHIVE	marine;company
archive-previous-overlay/CURRENT-PRECEDENCE-2026-08-29.tsv	90-SOURCE-QUARANTINE/2026-08-29-FULL-V3/archive-previous-overlay/CURRENT-PRECEDENCE-2026-08-29.tsv	file	archive-overlay	ARCHIVE	cross-domain
archive-previous-overlay/CURRENT-STATE-2026-08-29.json	90-SOURCE-QUARANTINE/2026-08-29-FULL-V3/archive-previous-overlay/CURRENT-STATE-2026-08-29.json	file	archive-overlay	ARCHIVE	cross-domain
archive-previous-overlay/DATA-ISSUE-REGISTER-2026-08-29.tsv	90-SOURCE-QUARANTINE/2026-08-29-FULL-V3/archive-previous-overlay/DATA-ISSUE-REGISTER-2026-08-29.tsv	file	archive-overlay	ARCHIVE	cross-domain
asai-worldline-20260828-v48r3-marine-gt-processed-handoff-v10.zip	90-SOURCE-QUARANTINE/2026-08-29-FULL-V3/asai-worldline-20260828-v48r3-marine-gt-processed-handoff-v10.zip	file	outer-package	SUPPORT	marine;gas-turbine;company
nested/asai-worldline-v48r3-source-restored/00-START-HERE-2026-08-22.md	90-SOURCE-QUARANTINE/2026-08-29-FULL-V3/asai-worldline-20260828-v48r3-marine-gt-processed-handoff-v10.zip::asai-worldline-v48r3-source-restored/00-START-HERE-2026-08-22.md	zip-member	semantic-v48-support	BASE-SUPPORT	cross-domain
nested/asai-worldline-v48r3-source-restored/01-MATERIALS-MASTER-INDEX-2026-08-22.md	90-SOURCE-QUARANTINE/2026-08-29-FULL-V3/asai-worldline-20260828-v48r3-marine-gt-processed-handoff-v10.zip::asai-worldline-v48r3-source-restored/01-MATERIALS-MASTER-INDEX-2026-08-22.md	zip-member	semantic-v48-support	BASE-SUPPORT	materials
nested/asai-worldline-v48r3-source-restored/02-COMPUTATION-MASTER-INDEX-2026-08-22.md	90-SOURCE-QUARANTINE/2026-08-29-FULL-V3/asai-worldline-20260828-v48r3-marine-gt-processed-handoff-v10.zip::asai-worldline-v48r3-source-restored/02-COMPUTATION-MASTER-INDEX-2026-08-22.md	zip-member	semantic-v48-support	BASE-SUPPORT	computation
nested/asai-worldline-v48r3-source-restored/03-OPEN-ISSUES-2026-08-22.md	90-SOURCE-QUARANTINE/2026-08-29-FULL-V3/asai-worldline-20260828-v48r3-marine-gt-processed-handoff-v10.zip::asai-worldline-v48r3-source-restored/03-OPEN-ISSUES-2026-08-22.md	zip-member	semantic-v48-support	BASE-SUPPORT	cross-domain
nested/asai-worldline-v48r3-source-restored/04-INTEGRATION-AUDIT-2026-08-22.md	90-SOURCE-QUARANTINE/2026-08-29-FULL-V3/asai-worldline-20260828-v48r3-marine-gt-processed-handoff-v10.zip::asai-worldline-v48r3-source-restored/04-INTEGRATION-AUDIT-2026-08-22.md	zip-member	semantic-v48-support	BASE-SUPPORT	cross-domain
nested/asai-worldline-v48r3-source-restored/05-AIRCRAFT-SHADOW-AUDIT-2026-08-22.md	90-SOURCE-QUARANTINE/2026-08-29-FULL-V3/asai-worldline-20260828-v48r3-marine-gt-processed-handoff-v10.zip::asai-worldline-v48r3-source-restored/05-AIRCRAFT-SHADOW-AUDIT-2026-08-22.md	zip-member	semantic-v48-support	BASE-SUPPORT	aviation
nested/asai-worldline-v48r3-source-restored/06-AIRCRAFT-REBASELINE-P0-2026-08-22.md	90-SOURCE-QUARANTINE/2026-08-29-FULL-V3/asai-worldline-20260828-v48r3-marine-gt-processed-handoff-v10.zip::asai-worldline-v48r3-source-restored/06-AIRCRAFT-REBASELINE-P0-2026-08-22.md	zip-member	semantic-v48-support	BASE-SUPPORT	aviation
nested/asai-worldline-v48r3-source-restored/07-ENGINE-COMPUTATION-ORIGIN-P0-2026-08-22.md	90-SOURCE-QUARANTINE/2026-08-29-FULL-V3/asai-worldline-20260828-v48r3-marine-gt-processed-handoff-v10.zip::asai-worldline-v48r3-source-restored/07-ENGINE-COMPUTATION-ORIGIN-P0-2026-08-22.md	zip-member	semantic-v48-support	BASE-SUPPORT	computation
nested/asai-worldline-v48r3-source-restored/08-ENGINE-COMPUTATION-EXTERNALIZATION-P0-2026-08-22.md	90-SOURCE-QUARANTINE/2026-08-29-FULL-V3/asai-worldline-20260828-v48r3-marine-gt-processed-handoff-v10.zip::asai-worldline-v48r3-source-restored/08-ENGINE-COMPUTATION-EXTERNALIZATION-P0-2026-08-22.md	zip-member	semantic-v48-support	BASE-SUPPORT	computation
nested/asai-worldline-v48r3-source-restored/09-ENGINE-COMPUTATION-MATURATION-P0-2026-08-23.md	90-SOURCE-QUARANTINE/2026-08-29-FULL-V3/asai-worldline-20260828-v48r3-marine-gt-processed-handoff-v10.zip::asai-worldline-v48r3-source-restored/09-ENGINE-COMPUTATION-MATURATION-P0-2026-08-23.md	zip-member	semantic-v48-support	BASE-SUPPORT	computation
nested/asai-worldline-v48r3-source-restored/10-ENGINE-COMPETITION-ZUISEI-SAKAE-P0-2026-08-23.md	90-SOURCE-QUARANTINE/2026-08-29-FULL-V3/asai-worldline-20260828-v48r3-marine-gt-processed-handoff-v10.zip::asai-worldline-v48r3-source-restored/10-ENGINE-COMPETITION-ZUISEI-SAKAE-P0-2026-08-23.md	zip-member	semantic-v48-support	BASE-SUPPORT	cross-domain
nested/asai-worldline-v48r3-source-restored/100-CAPABILITY-CONVERGENCE-METHOD-REBASELINE-V38-2026-08-26.md	90-SOURCE-QUARANTINE/2026-08-29-FULL-V3/asai-worldline-20260828-v48r3-marine-gt-processed-handoff-v10.zip::asai-worldline-v48r3-source-restored/100-CAPABILITY-CONVERGENCE-METHOD-REBASELINE-V38-2026-08-26.md	zip-member	machine-v48r3	MACHINE-CURRENT	cross-domain
nested/asai-worldline-v48r3-source-restored/101-POST-V38-OPEN-AUDIT-V38R1-2026-08-26.md	90-SOURCE-QUARANTINE/2026-08-29-FULL-V3/asai-worldline-20260828-v48r3-marine-gt-processed-handoff-v10.zip::asai-worldline-v48r3-source-restored/101-POST-V38-OPEN-AUDIT-V38R1-2026-08-26.md	zip-member	semantic-v48-support	BASE-SUPPORT	cross-domain
nested/asai-worldline-v48r3-source-restored/102-MACHINE-LAYER-REFRESH-V38R1-2026-08-26.md	90-SOURCE-QUARANTINE/2026-08-29-FULL-V3/asai-worldline-20260828-v48r3-marine-gt-processed-handoff-v10.zip::asai-worldline-v48r3-source-restored/102-MACHINE-LAYER-REFRESH-V38R1-2026-08-26.md	zip-member	semantic-v48-support	BASE-SUPPORT	cross-domain
nested/asai-worldline-v48r3-source-restored/103-PACKAGE-QA-V38R1-2026-08-26.md	90-SOURCE-QUARANTINE/2026-08-29-FULL-V3/asai-worldline-20260828-v48r3-marine-gt-processed-handoff-v10.zip::asai-worldline-v48r3-source-restored/103-PACKAGE-QA-V38R1-2026-08-26.md	zip-member	semantic-v48-support	BASE-SUPPORT	cross-domain
nested/asai-worldline-v48r3-source-restored/104-E4-E5-HOT-SECTION-COMPONENT-LIFE-REBASELINE-V39-2026-08-26.md	90-SOURCE-QUARANTINE/2026-08-29-FULL-V3/asai-worldline-20260828-v48r3-marine-gt-processed-handoff-v10.zip::asai-worldline-v48r3-source-restored/104-E4-E5-HOT-SECTION-COMPONENT-LIFE-REBASELINE-V39-2026-08-26.md	zip-member	semantic-v48-support	BASE-SUPPORT	gas-turbine
nested/asai-worldline-v48r3-source-restored/105-POST-V39-OPEN-AUDIT-V39R1-2026-08-26.md	90-SOURCE-QUARANTINE/2026-08-29-FULL-V3/asai-worldline-20260828-v48r3-marine-gt-processed-handoff-v10.zip::asai-worldline-v48r3-source-restored/105-POST-V39-OPEN-AUDIT-V39R1-2026-08-26.md	zip-member	semantic-v48-support	BASE-SUPPORT	cross-domain
nested/asai-worldline-v48r3-source-restored/106-MACHINE-LAYER-REFRESH-V39R1-2026-08-26.md	90-SOURCE-QUARANTINE/2026-08-29-FULL-V3/asai-worldline-20260828-v48r3-marine-gt-processed-handoff-v10.zip::asai-worldline-v48r3-source-restored/106-MACHINE-LAYER-REFRESH-V39R1-2026-08-26.md	zip-member	semantic-v48-support	BASE-SUPPORT	cross-domain
nested/asai-worldline-v48r3-source-restored/107-PACKAGE-QA-V39R1-2026-08-26.md	90-SOURCE-QUARANTINE/2026-08-29-FULL-V3/asai-worldline-20260828-v48r3-marine-gt-processed-handoff-v10.zip::asai-worldline-v48r3-source-restored/107-PACKAGE-QA-V39R1-2026-08-26.md	zip-member	semantic-v48-support	BASE-SUPPORT	cross-domain
nested/asai-worldline-v48r3-source-restored/108-E4-E5-INSTALLED-CYCLE-REBASELINE-V40-2026-08-26.md	90-SOURCE-QUARANTINE/2026-08-29-FULL-V3/asai-worldline-20260828-v48r3-marine-gt-processed-handoff-v10.zip::asai-worldline-v48r3-source-restored/108-E4-E5-INSTALLED-CYCLE-REBASELINE-V40-2026-08-26.md	zip-member	semantic-v48-support	BASE-SUPPORT	gas-turbine
nested/asai-worldline-v48r3-source-restored/109-POST-V40-OPEN-AUDIT-V40R1-2026-08-26.md	90-SOURCE-QUARANTINE/2026-08-29-FULL-V3/asai-worldline-20260828-v48r3-marine-gt-processed-handoff-v10.zip::asai-worldline-v48r3-source-restored/109-POST-V40-OPEN-AUDIT-V40R1-2026-08-26.md	zip-member	semantic-v48-support	BASE-SUPPORT	cross-domain
nested/asai-worldline-v48r3-source-restored/11-ZERO-ZUISEI-A0-P0-2026-08-23.md	90-SOURCE-QUARANTINE/2026-08-29-FULL-V3/asai-worldline-20260828-v48r3-marine-gt-processed-handoff-v10.zip::asai-worldline-v48r3-source-restored/11-ZERO-ZUISEI-A0-P0-2026-08-23.md	zip-member	semantic-v48-support	BASE-SUPPORT	aviation
nested/asai-worldline-v48r3-source-restored/110-MACHINE-LAYER-REFRESH-V40R1-2026-08-26.md	90-SOURCE-QUARANTINE/2026-08-29-FULL-V3/asai-worldline-20260828-v48r3-marine-gt-processed-handoff-v10.zip::asai-worldline-v48r3-source-restored/110-MACHINE-LAYER-REFRESH-V40R1-2026-08-26.md	zip-member	semantic-v48-support	BASE-SUPPORT	cross-domain
nested/asai-worldline-v48r3-source-restored/111-PACKAGE-QA-V40R1-2026-08-26.md	90-SOURCE-QUARANTINE/2026-08-29-FULL-V3/asai-worldline-20260828-v48r3-marine-gt-processed-handoff-v10.zip::asai-worldline-v48r3-source-restored/111-PACKAGE-QA-V40R1-2026-08-26.md	zip-member	semantic-v48-support	BASE-SUPPORT	cross-domain
nested/asai-worldline-v48r3-source-restored/112-E4-E5-PRODUCT-MASSFLOW-SIZE-REBASELINE-V41-2026-08-26.md	90-SOURCE-QUARANTINE/2026-08-29-FULL-V3/asai-worldline-20260828-v48r3-marine-gt-processed-handoff-v10.zip::asai-worldline-v48r3-source-restored/112-E4-E5-PRODUCT-MASSFLOW-SIZE-REBASELINE-V41-2026-08-26.md	zip-member	semantic-v48-support	BASE-SUPPORT	gas-turbine
nested/asai-worldline-v48r3-source-restored/113-POST-V41-OPEN-AUDIT-V41R1-2026-08-26.md	90-SOURCE-QUARANTINE/2026-08-29-FULL-V3/asai-worldline-20260828-v48r3-marine-gt-processed-handoff-v10.zip::asai-worldline-v48r3-source-restored/113-POST-V41-OPEN-AUDIT-V41R1-2026-08-26.md	zip-member	semantic-v48-support	BASE-SUPPORT	cross-domain
nested/asai-worldline-v48r3-source-restored/114-MACHINE-LAYER-REFRESH-V41R1-2026-08-26.md	90-SOURCE-QUARANTINE/2026-08-29-FULL-V3/asai-worldline-20260828-v48r3-marine-gt-processed-handoff-v10.zip::asai-worldline-v48r3-source-restored/114-MACHINE-LAYER-REFRESH-V41R1-2026-08-26.md	zip-member	semantic-v48-support	BASE-SUPPORT	cross-domain
nested/asai-worldline-v48r3-source-restored/115-PACKAGE-QA-V41R1-2026-08-26.md	90-SOURCE-QUARANTINE/2026-08-29-FULL-V3/asai-worldline-20260828-v48r3-marine-gt-processed-handoff-v10.zip::asai-worldline-v48r3-source-restored/115-PACKAGE-QA-V41R1-2026-08-26.md	zip-member	semantic-v48-support	BASE-SUPPORT	cross-domain
nested/asai-worldline-v48r3-source-restored/116-E4-REGENERATION-INSTALLED-REBASELINE-V42-2026-08-26.md	90-SOURCE-QUARANTINE/2026-08-29-FULL-V3/asai-worldline-20260828-v48r3-marine-gt-processed-handoff-v10.zip::asai-worldline-v48r3-source-restored/116-E4-REGENERATION-INSTALLED-REBASELINE-V42-2026-08-26.md	zip-member	semantic-v48-support	BASE-SUPPORT	gas-turbine
nested/asai-worldline-v48r3-source-restored/117-POST-V42-OPEN-AUDIT-V42R1-2026-08-26.md	90-SOURCE-QUARANTINE/2026-08-29-FULL-V3/asai-worldline-20260828-v48r3-marine-gt-processed-handoff-v10.zip::asai-worldline-v48r3-source-restored/117-POST-V42-OPEN-AUDIT-V42R1-2026-08-26.md	zip-member	semantic-v48-support	BASE-SUPPORT	cross-domain
nested/asai-worldline-v48r3-source-restored/118-MACHINE-LAYER-REFRESH-V42R1-2026-08-26.md	90-SOURCE-QUARANTINE/2026-08-29-FULL-V3/asai-worldline-20260828-v48r3-marine-gt-processed-handoff-v10.zip::asai-worldline-v48r3-source-restored/118-MACHINE-LAYER-REFRESH-V42R1-2026-08-26.md	zip-member	semantic-v48-support	BASE-SUPPORT	cross-domain
nested/asai-worldline-v48r3-source-restored/119-PACKAGE-QA-V42R1-2026-08-26.md	90-SOURCE-QUARANTINE/2026-08-29-FULL-V3/asai-worldline-20260828-v48r3-marine-gt-processed-handoff-v10.zip::asai-worldline-v48r3-source-restored/119-PACKAGE-QA-V42R1-2026-08-26.md	zip-member	semantic-v48-support	BASE-SUPPORT	cross-domain
nested/asai-worldline-v48r3-source-restored/12-ZERO-A6M2-MATURATION-P0-2026-08-23.md	90-SOURCE-QUARANTINE/2026-08-29-FULL-V3/asai-worldline-20260828-v48r3-marine-gt-processed-handoff-v10.zip::asai-worldline-v48r3-source-restored/12-ZERO-A6M2-MATURATION-P0-2026-08-23.md	zip-member	semantic-v48-support	BASE-SUPPORT	aviation
nested/asai-worldline-v48r3-source-restored/120-E5-E6-COMPRESSOR-OPERABILITY-REBASELINE-V43-2026-08-26.md	90-SOURCE-QUARANTINE/2026-08-29-FULL-V3/asai-worldline-20260828-v48r3-marine-gt-processed-handoff-v10.zip::asai-worldline-v48r3-source-restored/120-E5-E6-COMPRESSOR-OPERABILITY-REBASELINE-V43-2026-08-26.md	zip-member	semantic-v48-support	BASE-SUPPORT	gas-turbine
nested/asai-worldline-v48r3-source-restored/121-POST-V43-OPEN-AUDIT-V43R1-2026-08-26.md	90-SOURCE-QUARANTINE/2026-08-29-FULL-V3/asai-worldline-20260828-v48r3-marine-gt-processed-handoff-v10.zip::asai-worldline-v48r3-source-restored/121-POST-V43-OPEN-AUDIT-V43R1-2026-08-26.md	zip-member	semantic-v48-support	BASE-SUPPORT	cross-domain
nested/asai-worldline-v48r3-source-restored/122-MACHINE-LAYER-REFRESH-V43R1-2026-08-26.md	90-SOURCE-QUARANTINE/2026-08-29-FULL-V3/asai-worldline-20260828-v48r3-marine-gt-processed-handoff-v10.zip::asai-worldline-v48r3-source-restored/122-MACHINE-LAYER-REFRESH-V43R1-2026-08-26.md	zip-member	semantic-v48-support	BASE-SUPPORT	cross-domain
nested/asai-worldline-v48r3-source-restored/123-PACKAGE-QA-V43R1-2026-08-26.md	90-SOURCE-QUARANTINE/2026-08-29-FULL-V3/asai-worldline-20260828-v48r3-marine-gt-processed-handoff-v10.zip::asai-worldline-v48r3-source-restored/123-PACKAGE-QA-V43R1-2026-08-26.md	zip-member	semantic-v48-support	BASE-SUPPORT	cross-domain
nested/asai-worldline-v48r3-source-restored/124-E6-INSTALLED-CYCLE-PRODUCT-POWER-REBASELINE-V44-2026-08-26.md	90-SOURCE-QUARANTINE/2026-08-29-FULL-V3/asai-worldline-20260828-v48r3-marine-gt-processed-handoff-v10.zip::asai-worldline-v48r3-source-restored/124-E6-INSTALLED-CYCLE-PRODUCT-POWER-REBASELINE-V44-2026-08-26.md	zip-member	semantic-v48-support	BASE-SUPPORT	gas-turbine
nested/asai-worldline-v48r3-source-restored/125-POST-V44-OPEN-AUDIT-V44R1-2026-08-26.md	90-SOURCE-QUARANTINE/2026-08-29-FULL-V3/asai-worldline-20260828-v48r3-marine-gt-processed-handoff-v10.zip::asai-worldline-v48r3-source-restored/125-POST-V44-OPEN-AUDIT-V44R1-2026-08-26.md	zip-member	semantic-v48-support	BASE-SUPPORT	cross-domain
nested/asai-worldline-v48r3-source-restored/126-MACHINE-LAYER-REFRESH-V44R1-2026-08-26.md	90-SOURCE-QUARANTINE/2026-08-29-FULL-V3/asai-worldline-20260828-v48r3-marine-gt-processed-handoff-v10.zip::asai-worldline-v48r3-source-restored/126-MACHINE-LAYER-REFRESH-V44R1-2026-08-26.md	zip-member	semantic-v48-support	BASE-SUPPORT	cross-domain
nested/asai-worldline-v48r3-source-restored/127-PACKAGE-QA-V44R1-2026-08-26.md	90-SOURCE-QUARANTINE/2026-08-29-FULL-V3/asai-worldline-20260828-v48r3-marine-gt-processed-handoff-v10.zip::asai-worldline-v48r3-source-restored/127-PACKAGE-QA-V44R1-2026-08-26.md	zip-member	semantic-v48-support	BASE-SUPPORT	cross-domain
nested/asai-worldline-v48r3-source-restored/128-E6-S-AIRCRAFT-H-TO-A-REBASELINE-V45-2026-08-26.md	90-SOURCE-QUARANTINE/2026-08-29-FULL-V3/asai-worldline-20260828-v48r3-marine-gt-processed-handoff-v10.zip::asai-worldline-v48r3-source-restored/128-E6-S-AIRCRAFT-H-TO-A-REBASELINE-V45-2026-08-26.md	zip-member	semantic-v48-support	BASE-SUPPORT	aviation;gas-turbine
nested/asai-worldline-v48r3-source-restored/129-POST-V45-OPEN-AUDIT-V45R1-2026-08-26.md	90-SOURCE-QUARANTINE/2026-08-29-FULL-V3/asai-worldline-20260828-v48r3-marine-gt-processed-handoff-v10.zip::asai-worldline-v48r3-source-restored/129-POST-V45-OPEN-AUDIT-V45R1-2026-08-26.md	zip-member	semantic-v48-support	BASE-SUPPORT	cross-domain
nested/asai-worldline-v48r3-source-restored/13-ZERO-FUEL-HISTORY-P0-2026-08-23.md	90-SOURCE-QUARANTINE/2026-08-29-FULL-V3/asai-worldline-20260828-v48r3-marine-gt-processed-handoff-v10.zip::asai-worldline-v48r3-source-restored/13-ZERO-FUEL-HISTORY-P0-2026-08-23.md	zip-member	semantic-v48-support	BASE-SUPPORT	aviation
nested/asai-worldline-v48r3-source-restored/130-MACHINE-LAYER-REFRESH-V45R1-2026-08-26.md	90-SOURCE-QUARANTINE/2026-08-29-FULL-V3/asai-worldline-20260828-v48r3-marine-gt-processed-handoff-v10.zip::asai-worldline-v48r3-source-restored/130-MACHINE-LAYER-REFRESH-V45R1-2026-08-26.md	zip-member	semantic-v48-support	BASE-SUPPORT	cross-domain
nested/asai-worldline-v48r3-source-restored/131-PACKAGE-QA-V45R1-2026-08-26.md	90-SOURCE-QUARANTINE/2026-08-29-FULL-V3/asai-worldline-20260828-v48r3-marine-gt-processed-handoff-v10.zip::asai-worldline-v48r3-source-restored/131-PACKAGE-QA-V45R1-2026-08-26.md	zip-member	semantic-v48-support	BASE-SUPPORT	cross-domain
nested/asai-worldline-v48r3-source-restored/132-E6-M-JF-INSTALLED-THRUST-REBASELINE-V46-2026-08-26.md	90-SOURCE-QUARANTINE/2026-08-29-FULL-V3/asai-worldline-20260828-v48r3-marine-gt-processed-handoff-v10.zip::asai-worldline-v48r3-source-restored/132-E6-M-JF-INSTALLED-THRUST-REBASELINE-V46-2026-08-26.md	zip-member	semantic-v48-support	BASE-SUPPORT	gas-turbine
nested/asai-worldline-v48r3-source-restored/133-POST-V46-OPEN-AUDIT-V46R1-2026-08-26.md	90-SOURCE-QUARANTINE/2026-08-29-FULL-V3/asai-worldline-20260828-v48r3-marine-gt-processed-handoff-v10.zip::asai-worldline-v48r3-source-restored/133-POST-V46-OPEN-AUDIT-V46R1-2026-08-26.md	zip-member	semantic-v48-support	BASE-SUPPORT	cross-domain
nested/asai-worldline-v48r3-source-restored/134-MACHINE-LAYER-REFRESH-V46R1-2026-08-26.md	90-SOURCE-QUARANTINE/2026-08-29-FULL-V3/asai-worldline-20260828-v48r3-marine-gt-processed-handoff-v10.zip::asai-worldline-v48r3-source-restored/134-MACHINE-LAYER-REFRESH-V46R1-2026-08-26.md	zip-member	semantic-v48-support	BASE-SUPPORT	cross-domain
nested/asai-worldline-v48r3-source-restored/135-PACKAGE-QA-V46R1-2026-08-26.md	90-SOURCE-QUARANTINE/2026-08-29-FULL-V3/asai-worldline-20260828-v48r3-marine-gt-processed-handoff-v10.zip::asai-worldline-v48r3-source-restored/135-PACKAGE-QA-V46R1-2026-08-26.md	zip-member	semantic-v48-support	BASE-SUPPORT	cross-domain
nested/asai-worldline-v48r3-source-restored/138-AVIATION-HISTORY-RESET-CORE-REPOSITION-V48-2026-08-26.md	90-SOURCE-QUARANTINE/2026-08-29-FULL-V3/asai-worldline-20260828-v48r3-marine-gt-processed-handoff-v10.zip::asai-worldline-v48r3-source-restored/138-AVIATION-HISTORY-RESET-CORE-REPOSITION-V48-2026-08-26.md	zip-member	semantic-v48-support	BASE-SUPPORT	aviation;gas-turbine
nested/asai-worldline-v48r3-source-restored/139-POST-V48-OPEN-AUDIT-V48R1-2026-08-26.md	90-SOURCE-QUARANTINE/2026-08-29-FULL-V3/asai-worldline-20260828-v48r3-marine-gt-processed-handoff-v10.zip::asai-worldline-v48r3-source-restored/139-POST-V48-OPEN-AUDIT-V48R1-2026-08-26.md	zip-member	semantic-v48-support	BASE-SUPPORT	cross-domain
nested/asai-worldline-v48r3-source-restored/14-ZERO-A6M3-ENGINE-STRUCTURE-P0-2026-08-23.md	90-SOURCE-QUARANTINE/2026-08-29-FULL-V3/asai-worldline-20260828-v48r3-marine-gt-processed-handoff-v10.zip::asai-worldline-v48r3-source-restored/14-ZERO-A6M3-ENGINE-STRUCTURE-P0-2026-08-23.md	zip-member	semantic-v48-support	BASE-SUPPORT	aviation
nested/asai-worldline-v48r3-source-restored/140-MACHINE-LAYER-REFRESH-V48R1-2026-08-26.md	90-SOURCE-QUARANTINE/2026-08-29-FULL-V3/asai-worldline-20260828-v48r3-marine-gt-processed-handoff-v10.zip::asai-worldline-v48r3-source-restored/140-MACHINE-LAYER-REFRESH-V48R1-2026-08-26.md	zip-member	semantic-v48-support	BASE-SUPPORT	cross-domain
nested/asai-worldline-v48r3-source-restored/141-PACKAGE-QA-V48R1-2026-08-26.md	90-SOURCE-QUARANTINE/2026-08-29-FULL-V3/asai-worldline-20260828-v48r3-marine-gt-processed-handoff-v10.zip::asai-worldline-v48r3-source-restored/141-PACKAGE-QA-V48R1-2026-08-26.md	zip-member	semantic-v48-support	BASE-SUPPORT	cross-domain
nested/asai-worldline-v48r3-source-restored/142-SOURCE-RESTORE-INTEGRITY-V48R3-2026-08-26.md	90-SOURCE-QUARANTINE/2026-08-29-FULL-V3/asai-worldline-20260828-v48r3-marine-gt-processed-handoff-v10.zip::asai-worldline-v48r3-source-restored/142-SOURCE-RESTORE-INTEGRITY-V48R3-2026-08-26.md	zip-member	semantic-v48-support	BASE-SUPPORT	cross-domain
nested/asai-worldline-v48r3-source-restored/143-PACKAGE-QA-V48R3-2026-08-26.md	90-SOURCE-QUARANTINE/2026-08-29-FULL-V3/asai-worldline-20260828-v48r3-marine-gt-processed-handoff-v10.zip::asai-worldline-v48r3-source-restored/143-PACKAGE-QA-V48R3-2026-08-26.md	zip-member	semantic-v48-support	BASE-SUPPORT	cross-domain
nested/asai-worldline-v48r3-source-restored/15-SUBMARINE-REBASELINE-P0-1927-33-2026-08-23.md	90-SOURCE-QUARANTINE/2026-08-29-FULL-V3/asai-worldline-20260828-v48r3-marine-gt-processed-handoff-v10.zip::asai-worldline-v48r3-source-restored/15-SUBMARINE-REBASELINE-P0-1927-33-2026-08-23.md	zip-member	semantic-v48-support	BASE-SUPPORT	marine
nested/asai-worldline-v48r3-source-restored/16-SUBMARINE-MATURATION-P0-1934-37-2026-08-23.md	90-SOURCE-QUARANTINE/2026-08-29-FULL-V3/asai-worldline-20260828-v48r3-marine-gt-processed-handoff-v10.zip::asai-worldline-v48r3-source-restored/16-SUBMARINE-MATURATION-P0-1934-37-2026-08-23.md	zip-member	semantic-v48-support	BASE-SUPPORT	marine
nested/asai-worldline-v48r3-source-restored/17-SUBMARINE-AIRCRAFT-P0-1929-41-2026-08-23.md	90-SOURCE-QUARANTINE/2026-08-29-FULL-V3/asai-worldline-20260828-v48r3-marine-gt-processed-handoff-v10.zip::asai-worldline-v48r3-source-restored/17-SUBMARINE-AIRCRAFT-P0-1929-41-2026-08-23.md	zip-member	semantic-v48-support	BASE-SUPPORT	aviation;marine
nested/asai-worldline-v48r3-source-restored/18-SUBMARINE-SERIES-P0-1938-41-2026-08-23.md	90-SOURCE-QUARANTINE/2026-08-29-FULL-V3/asai-worldline-20260828-v48r3-marine-gt-processed-handoff-v10.zip::asai-worldline-v48r3-source-restored/18-SUBMARINE-SERIES-P0-1938-41-2026-08-23.md	zip-member	semantic-v48-support	BASE-SUPPORT	marine
nested/asai-worldline-v48r3-source-restored/19-SUBMARINE-PROPULSION-P0-1940-43-2026-08-23.md	90-SOURCE-QUARANTINE/2026-08-29-FULL-V3/asai-worldline-20260828-v48r3-marine-gt-processed-handoff-v10.zip::asai-worldline-v48r3-source-restored/19-SUBMARINE-PROPULSION-P0-1940-43-2026-08-23.md	zip-member	semantic-v48-support	BASE-SUPPORT	marine
nested/asai-worldline-v48r3-source-restored/20-SUBMARINE-UNDERWATER-P0-1938-43-2026-08-23.md	90-SOURCE-QUARANTINE/2026-08-29-FULL-V3/asai-worldline-20260828-v48r3-marine-gt-processed-handoff-v10.zip::asai-worldline-v48r3-source-restored/20-SUBMARINE-UNDERWATER-P0-1938-43-2026-08-23.md	zip-member	semantic-v48-support	BASE-SUPPORT	marine
nested/asai-worldline-v48r3-source-restored/2026-08-27-marine-gt-handoff/00-NEXT-CHAT-START-HERE.md	90-SOURCE-QUARANTINE/2026-08-29-FULL-V3/asai-worldline-20260828-v48r3-marine-gt-processed-handoff-v10.zip::asai-worldline-v48r3-source-restored/2026-08-27-marine-gt-handoff/00-NEXT-CHAT-START-HERE.md	zip-member	marine-process-history	ARCHIVE-PROCESS	marine;gas-turbine;company
nested/asai-worldline-v48r3-source-restored/2026-08-27-marine-gt-handoff/01-WORKING-ENGINE-LEDGER.md	90-SOURCE-QUARANTINE/2026-08-29-FULL-V3/asai-worldline-20260828-v48r3-marine-gt-processed-handoff-v10.zip::asai-worldline-v48r3-source-restored/2026-08-27-marine-gt-handoff/01-WORKING-ENGINE-LEDGER.md	zip-member	marine-process-history	ARCHIVE-PROCESS	marine;gas-turbine;company
nested/asai-worldline-v48r3-source-restored/2026-08-27-marine-gt-handoff/02-MARINE-IMPLEMENTATION-WORKING.md	90-SOURCE-QUARANTINE/2026-08-29-FULL-V3/asai-worldline-20260828-v48r3-marine-gt-processed-handoff-v10.zip::asai-worldline-v48r3-source-restored/2026-08-27-marine-gt-handoff/02-MARINE-IMPLEMENTATION-WORKING.md	zip-member	marine-process-history	ARCHIVE-PROCESS	marine;gas-turbine;company
nested/asai-worldline-v48r3-source-restored/2026-08-27-marine-gt-handoff/03-CARRIER-WORKING-CALCULATIONS.md	90-SOURCE-QUARANTINE/2026-08-29-FULL-V3/asai-worldline-20260828-v48r3-marine-gt-processed-handoff-v10.zip::asai-worldline-v48r3-source-restored/2026-08-27-marine-gt-handoff/03-CARRIER-WORKING-CALCULATIONS.md	zip-member	marine-process-history	ARCHIVE-PROCESS	marine;gas-turbine;computation;company
nested/asai-worldline-v48r3-source-restored/2026-08-27-marine-gt-handoff/04-FUEL-POOL-WORKING.md	90-SOURCE-QUARANTINE/2026-08-29-FULL-V3/asai-worldline-20260828-v48r3-marine-gt-processed-handoff-v10.zip::asai-worldline-v48r3-source-restored/2026-08-27-marine-gt-handoff/04-FUEL-POOL-WORKING.md	zip-member	marine-process-history	ARCHIVE-PROCESS	marine;gas-turbine;company
nested/asai-worldline-v48r3-source-restored/2026-08-27-marine-gt-handoff/05-OPEN-CLOSED-MATRIX.tsv	90-SOURCE-QUARANTINE/2026-08-29-FULL-V3/asai-worldline-20260828-v48r3-marine-gt-processed-handoff-v10.zip::asai-worldline-v48r3-source-restored/2026-08-27-marine-gt-handoff/05-OPEN-CLOSED-MATRIX.tsv	zip-member	marine-process-history	ARCHIVE-PROCESS	marine;gas-turbine;company
nested/asai-worldline-v48r3-source-restored/2026-08-27-marine-gt-handoff/06-ENGINE-SCALE-WORKING.csv	90-SOURCE-QUARANTINE/2026-08-29-FULL-V3/asai-worldline-20260828-v48r3-marine-gt-processed-handoff-v10.zip::asai-worldline-v48r3-source-restored/2026-08-27-marine-gt-handoff/06-ENGINE-SCALE-WORKING.csv	zip-member	marine-process-history	ARCHIVE-PROCESS	marine;gas-turbine;company
nested/asai-worldline-v48r3-source-restored/2026-08-27-marine-gt-handoff/07-TAIYO-WORKING-CALC.csv	90-SOURCE-QUARANTINE/2026-08-29-FULL-V3/asai-worldline-20260828-v48r3-marine-gt-processed-handoff-v10.zip::asai-worldline-v48r3-source-restored/2026-08-27-marine-gt-handoff/07-TAIYO-WORKING-CALC.csv	zip-member	marine-process-history	ARCHIVE-PROCESS	marine;gas-turbine;company
nested/asai-worldline-v48r3-source-restored/2026-08-27-marine-gt-handoff/08-HISTORICAL-CROSSWALK-SEED.tsv	90-SOURCE-QUARANTINE/2026-08-29-FULL-V3/asai-worldline-20260828-v48r3-marine-gt-processed-handoff-v10.zip::asai-worldline-v48r3-source-restored/2026-08-27-marine-gt-handoff/08-HISTORICAL-CROSSWALK-SEED.tsv	zip-member	marine-process-history	ARCHIVE-PROCESS	marine;gas-turbine;company
nested/asai-worldline-v48r3-source-restored/2026-08-27-marine-gt-handoff/09-NEXT-CHAT-CHECKLIST.md	90-SOURCE-QUARANTINE/2026-08-29-FULL-V3/asai-worldline-20260828-v48r3-marine-gt-processed-handoff-v10.zip::asai-worldline-v48r3-source-restored/2026-08-27-marine-gt-handoff/09-NEXT-CHAT-CHECKLIST.md	zip-member	marine-process-history	ARCHIVE-PROCESS	marine;gas-turbine;company
nested/asai-worldline-v48r3-source-restored/2026-08-27-marine-gt-handoff/10-HISTORICAL-TECH-CROSSWALK-V1.tsv	90-SOURCE-QUARANTINE/2026-08-29-FULL-V3/asai-worldline-20260828-v48r3-marine-gt-processed-handoff-v10.zip::asai-worldline-v48r3-source-restored/2026-08-27-marine-gt-handoff/10-HISTORICAL-TECH-CROSSWALK-V1.tsv	zip-member	marine-process-history	ARCHIVE-PROCESS	marine;gas-turbine;company
nested/asai-worldline-v48r3-source-restored/2026-08-27-marine-gt-handoff/100-PROCESS-STATE-V7.json	90-SOURCE-QUARANTINE/2026-08-29-FULL-V3/asai-worldline-20260828-v48r3-marine-gt-processed-handoff-v10.zip::asai-worldline-v48r3-source-restored/2026-08-27-marine-gt-handoff/100-PROCESS-STATE-V7.json	zip-member	marine-process-history	ARCHIVE-PROCESS	marine;gas-turbine;company
nested/asai-worldline-v48r3-source-restored/2026-08-27-marine-gt-handoff/101-PROCESS-VALIDATION-REPORT-V7.txt	90-SOURCE-QUARANTINE/2026-08-29-FULL-V3/asai-worldline-20260828-v48r3-marine-gt-processed-handoff-v10.zip::asai-worldline-v48r3-source-restored/2026-08-27-marine-gt-handoff/101-PROCESS-VALIDATION-REPORT-V7.txt	zip-member	marine-process-history	ARCHIVE-PROCESS	marine;gas-turbine;company
nested/asai-worldline-v48r3-source-restored/2026-08-27-marine-gt-handoff/102-EVIDENCE-AND-HISTORY-CLASS-TAXONOMY-V8.tsv	90-SOURCE-QUARANTINE/2026-08-29-FULL-V3/asai-worldline-20260828-v48r3-marine-gt-processed-handoff-v10.zip::asai-worldline-v48r3-source-restored/2026-08-27-marine-gt-handoff/102-EVIDENCE-AND-HISTORY-CLASS-TAXONOMY-V8.tsv	zip-member	marine-process-history	ARCHIVE-PROCESS	marine;gas-turbine;company
nested/asai-worldline-v48r3-source-restored/2026-08-27-marine-gt-handoff/103-MARINE-GT-CLAIM-BOUNDARY-REGISTER-V8.tsv	90-SOURCE-QUARANTINE/2026-08-29-FULL-V3/asai-worldline-20260828-v48r3-marine-gt-processed-handoff-v10.zip::asai-worldline-v48r3-source-restored/2026-08-27-marine-gt-handoff/103-MARINE-GT-CLAIM-BOUNDARY-REGISTER-V8.tsv	zip-member	marine-process-history	ARCHIVE-PROCESS	marine;gas-turbine;company
nested/asai-worldline-v48r3-source-restored/2026-08-27-marine-gt-handoff/104-HISTORY-PROMOTION-AND-STOP-RULES-V8.tsv	90-SOURCE-QUARANTINE/2026-08-29-FULL-V3/asai-worldline-20260828-v48r3-marine-gt-processed-handoff-v10.zip::asai-worldline-v48r3-source-restored/2026-08-27-marine-gt-handoff/104-HISTORY-PROMOTION-AND-STOP-RULES-V8.tsv	zip-member	marine-process-history	ARCHIVE-PROCESS	marine;gas-turbine;company
nested/asai-worldline-v48r3-source-restored/2026-08-27-marine-gt-handoff/105-ENGINEERING-VS-HISTORY-AUTHORITY-MATRIX-V8.tsv	90-SOURCE-QUARANTINE/2026-08-29-FULL-V3/asai-worldline-20260828-v48r3-marine-gt-processed-handoff-v10.zip::asai-worldline-v48r3-source-restored/2026-08-27-marine-gt-handoff/105-ENGINEERING-VS-HISTORY-AUTHORITY-MATRIX-V8.tsv	zip-member	marine-process-history	ARCHIVE-PROCESS	marine;gas-turbine;company
nested/asai-worldline-v48r3-source-restored/2026-08-27-marine-gt-handoff/106-MARINE-GT-DECISION-FRONTIER-V8.tsv	90-SOURCE-QUARANTINE/2026-08-29-FULL-V3/asai-worldline-20260828-v48r3-marine-gt-processed-handoff-v10.zip::asai-worldline-v48r3-source-restored/2026-08-27-marine-gt-handoff/106-MARINE-GT-DECISION-FRONTIER-V8.tsv	zip-member	marine-process-history	ARCHIVE-PROCESS	marine;gas-turbine;company
nested/asai-worldline-v48r3-source-restored/2026-08-27-marine-gt-handoff/107-MARINE-GT-REWORK-QUEUE-V8.tsv	90-SOURCE-QUARANTINE/2026-08-29-FULL-V3/asai-worldline-20260828-v48r3-marine-gt-processed-handoff-v10.zip::asai-worldline-v48r3-source-restored/2026-08-27-marine-gt-handoff/107-MARINE-GT-REWORK-QUEUE-V8.tsv	zip-member	marine-process-history	ARCHIVE-PROCESS	marine;gas-turbine;company
nested/asai-worldline-v48r3-source-restored/2026-08-27-marine-gt-handoff/108-V8-BOUNDARY-NOTES.md	90-SOURCE-QUARANTINE/2026-08-29-FULL-V3/asai-worldline-20260828-v48r3-marine-gt-processed-handoff-v10.zip::asai-worldline-v48r3-source-restored/2026-08-27-marine-gt-handoff/108-V8-BOUNDARY-NOTES.md	zip-member	marine-process-history	ARCHIVE-PROCESS	marine;gas-turbine;company
nested/asai-worldline-v48r3-source-restored/2026-08-27-marine-gt-handoff/109-MARINE-GT-PRECEDENCE-OVERLAY-V8.tsv	90-SOURCE-QUARANTINE/2026-08-29-FULL-V3/asai-worldline-20260828-v48r3-marine-gt-processed-handoff-v10.zip::asai-worldline-v48r3-source-restored/2026-08-27-marine-gt-handoff/109-MARINE-GT-PRECEDENCE-OVERLAY-V8.tsv	zip-member	marine-process-history	ARCHIVE-PROCESS	marine;gas-turbine;company
nested/asai-worldline-v48r3-source-restored/2026-08-27-marine-gt-handoff/11-CROSSWALK-DECISION-PASS1.md	90-SOURCE-QUARANTINE/2026-08-29-FULL-V3/asai-worldline-20260828-v48r3-marine-gt-processed-handoff-v10.zip::asai-worldline-v48r3-source-restored/2026-08-27-marine-gt-handoff/11-CROSSWALK-DECISION-PASS1.md	zip-member	marine-process-history	ARCHIVE-PROCESS	marine;gas-turbine;company
nested/asai-worldline-v48r3-source-restored/2026-08-27-marine-gt-handoff/110-PROCESSED-START-HERE-V8.md	90-SOURCE-QUARANTINE/2026-08-29-FULL-V3/asai-worldline-20260828-v48r3-marine-gt-processed-handoff-v10.zip::asai-worldline-v48r3-source-restored/2026-08-27-marine-gt-handoff/110-PROCESSED-START-HERE-V8.md	zip-member	marine-process-history	ARCHIVE-PROCESS	marine;gas-turbine;company
nested/asai-worldline-v48r3-source-restored/2026-08-27-marine-gt-handoff/111-PROCESS-STATE-V8.json	90-SOURCE-QUARANTINE/2026-08-29-FULL-V3/asai-worldline-20260828-v48r3-marine-gt-processed-handoff-v10.zip::asai-worldline-v48r3-source-restored/2026-08-27-marine-gt-handoff/111-PROCESS-STATE-V8.json	zip-member	marine-process-history	ARCHIVE-PROCESS	marine;gas-turbine;company
nested/asai-worldline-v48r3-source-restored/2026-08-27-marine-gt-handoff/112-PROCESS-VALIDATION-REPORT-V8.txt	90-SOURCE-QUARANTINE/2026-08-29-FULL-V3/asai-worldline-20260828-v48r3-marine-gt-processed-handoff-v10.zip::asai-worldline-v48r3-source-restored/2026-08-27-marine-gt-handoff/112-PROCESS-VALIDATION-REPORT-V8.txt	zip-member	marine-process-history	ARCHIVE-PROCESS	marine;gas-turbine;company
nested/asai-worldline-v48r3-source-restored/2026-08-27-marine-gt-handoff/113-POWER-STATION-ACCOUNTING-CORRECTION-V9.tsv	90-SOURCE-QUARANTINE/2026-08-29-FULL-V3/asai-worldline-20260828-v48r3-marine-gt-processed-handoff-v10.zip::asai-worldline-v48r3-source-restored/2026-08-27-marine-gt-handoff/113-POWER-STATION-ACCOUNTING-CORRECTION-V9.tsv	zip-member	marine-process-history	ARCHIVE-PROCESS	marine;gas-turbine;company
nested/asai-worldline-v48r3-source-restored/2026-08-27-marine-gt-handoff/114-LL20-R2-TECHNICAL-PACKAGE-V9.tsv	90-SOURCE-QUARANTINE/2026-08-29-FULL-V3/asai-worldline-20260828-v48r3-marine-gt-processed-handoff-v10.zip::asai-worldline-v48r3-source-restored/2026-08-27-marine-gt-handoff/114-LL20-R2-TECHNICAL-PACKAGE-V9.tsv	zip-member	marine-process-history	ARCHIVE-PROCESS	marine;gas-turbine;company
nested/asai-worldline-v48r3-source-restored/2026-08-27-marine-gt-handoff/115-LL20-R2-FACILITY-AND-TEST-LOADS-V9.tsv	90-SOURCE-QUARANTINE/2026-08-29-FULL-V3/asai-worldline-20260828-v48r3-marine-gt-processed-handoff-v10.zip::asai-worldline-v48r3-source-restored/2026-08-27-marine-gt-handoff/115-LL20-R2-FACILITY-AND-TEST-LOADS-V9.tsv	zip-member	marine-process-history	ARCHIVE-PROCESS	marine;gas-turbine;company
nested/asai-worldline-v48r3-source-restored/2026-08-27-marine-gt-handoff/116-E6-M-MARINE-BOOST-ROLE-QUALIFICATION-V9.tsv	90-SOURCE-QUARANTINE/2026-08-29-FULL-V3/asai-worldline-20260828-v48r3-marine-gt-processed-handoff-v10.zip::asai-worldline-v48r3-source-restored/2026-08-27-marine-gt-handoff/116-E6-M-MARINE-BOOST-ROLE-QUALIFICATION-V9.tsv	zip-member	marine-process-history	ARCHIVE-PROCESS	marine;gas-turbine;turbo-boost;company
nested/asai-worldline-v48r3-source-restored/2026-08-27-marine-gt-handoff/117-TAIYO-DUAL-PATH-COMMON-INTERFACE-V9.tsv	90-SOURCE-QUARANTINE/2026-08-29-FULL-V3/asai-worldline-20260828-v48r3-marine-gt-processed-handoff-v10.zip::asai-worldline-v48r3-source-restored/2026-08-27-marine-gt-handoff/117-TAIYO-DUAL-PATH-COMMON-INTERFACE-V9.tsv	zip-member	marine-process-history	ARCHIVE-PROCESS	marine;gas-turbine;company
nested/asai-worldline-v48r3-source-restored/2026-08-27-marine-gt-handoff/118-MARINE-GT-REWORK-QUEUE-V9.tsv	90-SOURCE-QUARANTINE/2026-08-29-FULL-V3/asai-worldline-20260828-v48r3-marine-gt-processed-handoff-v10.zip::asai-worldline-v48r3-source-restored/2026-08-27-marine-gt-handoff/118-MARINE-GT-REWORK-QUEUE-V9.tsv	zip-member	marine-process-history	ARCHIVE-PROCESS	marine;gas-turbine;company
nested/asai-worldline-v48r3-source-restored/2026-08-27-marine-gt-handoff/119-V9-TECHNICAL-NOTES.md	90-SOURCE-QUARANTINE/2026-08-29-FULL-V3/asai-worldline-20260828-v48r3-marine-gt-processed-handoff-v10.zip::asai-worldline-v48r3-source-restored/2026-08-27-marine-gt-handoff/119-V9-TECHNICAL-NOTES.md	zip-member	marine-process-history	ARCHIVE-PROCESS	marine;gas-turbine;company
nested/asai-worldline-v48r3-source-restored/2026-08-27-marine-gt-handoff/12-MARINE-LARGE-SCALE-AUDIT-V1.py	90-SOURCE-QUARANTINE/2026-08-29-FULL-V3/asai-worldline-20260828-v48r3-marine-gt-processed-handoff-v10.zip::asai-worldline-v48r3-source-restored/2026-08-27-marine-gt-handoff/12-MARINE-LARGE-SCALE-AUDIT-V1.py	zip-member	marine-process-history	ARCHIVE-PROCESS	marine;gas-turbine;company
nested/asai-worldline-v48r3-source-restored/2026-08-27-marine-gt-handoff/120-MARINE-GT-PRECEDENCE-OVERLAY-V9.tsv	90-SOURCE-QUARANTINE/2026-08-29-FULL-V3/asai-worldline-20260828-v48r3-marine-gt-processed-handoff-v10.zip::asai-worldline-v48r3-source-restored/2026-08-27-marine-gt-handoff/120-MARINE-GT-PRECEDENCE-OVERLAY-V9.tsv	zip-member	marine-process-history	ARCHIVE-PROCESS	marine;gas-turbine;company
nested/asai-worldline-v48r3-source-restored/2026-08-27-marine-gt-handoff/121-PROCESSED-START-HERE-V9.md	90-SOURCE-QUARANTINE/2026-08-29-FULL-V3/asai-worldline-20260828-v48r3-marine-gt-processed-handoff-v10.zip::asai-worldline-v48r3-source-restored/2026-08-27-marine-gt-handoff/121-PROCESSED-START-HERE-V9.md	zip-member	marine-process-history	ARCHIVE-PROCESS	marine;gas-turbine;company
nested/asai-worldline-v48r3-source-restored/2026-08-27-marine-gt-handoff/122-PROCESS-STATE-V9.json	90-SOURCE-QUARANTINE/2026-08-29-FULL-V3/asai-worldline-20260828-v48r3-marine-gt-processed-handoff-v10.zip::asai-worldline-v48r3-source-restored/2026-08-27-marine-gt-handoff/122-PROCESS-STATE-V9.json	zip-member	marine-process-history	ARCHIVE-PROCESS	marine;gas-turbine;company
nested/asai-worldline-v48r3-source-restored/2026-08-27-marine-gt-handoff/123-PROCESS-VALIDATION-REPORT-V9.txt	90-SOURCE-QUARANTINE/2026-08-29-FULL-V3/asai-worldline-20260828-v48r3-marine-gt-processed-handoff-v10.zip::asai-worldline-v48r3-source-restored/2026-08-27-marine-gt-handoff/123-PROCESS-VALIDATION-REPORT-V9.txt	zip-member	marine-process-history	ARCHIVE-PROCESS	marine;gas-turbine;company
nested/asai-worldline-v48r3-source-restored/2026-08-27-marine-gt-handoff/124-E5-QUALIFICATION-CRAFT-TECHNICAL-DOSSIER-V10.tsv	90-SOURCE-QUARANTINE/2026-08-29-FULL-V3/asai-worldline-20260828-v48r3-marine-gt-processed-handoff-v10.zip::asai-worldline-v48r3-source-restored/2026-08-27-marine-gt-handoff/124-E5-QUALIFICATION-CRAFT-TECHNICAL-DOSSIER-V10.tsv	zip-member	marine-V10-current	CURRENT-MARINE	marine;gas-turbine;company
nested/asai-worldline-v48r3-source-restored/2026-08-27-marine-gt-handoff/125-E5-QUALIFICATION-CRAFT-DELETION-AND-CLOSURE-LEDGER-V10.tsv	90-SOURCE-QUARANTINE/2026-08-29-FULL-V3/asai-worldline-20260828-v48r3-marine-gt-processed-handoff-v10.zip::asai-worldline-v48r3-source-restored/2026-08-27-marine-gt-handoff/125-E5-QUALIFICATION-CRAFT-DELETION-AND-CLOSURE-LEDGER-V10.tsv	zip-member	marine-V10-current	CURRENT-MARINE	marine;gas-turbine;company
nested/asai-worldline-v48r3-source-restored/2026-08-27-marine-gt-handoff/126-TEST-PLATFORM-INFORMATION-COVERAGE-MATRIX-V10.tsv	90-SOURCE-QUARANTINE/2026-08-29-FULL-V3/asai-worldline-20260828-v48r3-marine-gt-processed-handoff-v10.zip::asai-worldline-v48r3-source-restored/2026-08-27-marine-gt-handoff/126-TEST-PLATFORM-INFORMATION-COVERAGE-MATRIX-V10.tsv	zip-member	marine-V10-current	CURRENT-MARINE	marine;gas-turbine;company
nested/asai-worldline-v48r3-source-restored/2026-08-27-marine-gt-handoff/127-TEST-PLATFORM-MARGINAL-VALUE-AND-ACTIVATION-GATES-V10.tsv	90-SOURCE-QUARANTINE/2026-08-29-FULL-V3/asai-worldline-20260828-v48r3-marine-gt-processed-handoff-v10.zip::asai-worldline-v48r3-source-restored/2026-08-27-marine-gt-handoff/127-TEST-PLATFORM-MARGINAL-VALUE-AND-ACTIVATION-GATES-V10.tsv	zip-member	marine-V10-current	CURRENT-MARINE	marine;gas-turbine;company
nested/asai-worldline-v48r3-source-restored/2026-08-27-marine-gt-handoff/128-MARINE-EVIDENCE-PRIMARY-SECONDARY-METHOD-V10.tsv	90-SOURCE-QUARANTINE/2026-08-29-FULL-V3/asai-worldline-20260828-v48r3-marine-gt-processed-handoff-v10.zip::asai-worldline-v48r3-source-restored/2026-08-27-marine-gt-handoff/128-MARINE-EVIDENCE-PRIMARY-SECONDARY-METHOD-V10.tsv	zip-member	marine-V10-current	CURRENT-MARINE	marine;gas-turbine;company
nested/asai-worldline-v48r3-source-restored/2026-08-27-marine-gt-handoff/129-MARINE-GT-REWORK-QUEUE-V10.tsv	90-SOURCE-QUARANTINE/2026-08-29-FULL-V3/asai-worldline-20260828-v48r3-marine-gt-processed-handoff-v10.zip::asai-worldline-v48r3-source-restored/2026-08-27-marine-gt-handoff/129-MARINE-GT-REWORK-QUEUE-V10.tsv	zip-member	marine-V10-current	CURRENT-MARINE	marine;gas-turbine;company
nested/asai-worldline-v48r3-source-restored/2026-08-27-marine-gt-handoff/13-MARINE-LARGE-SCALE-AUDIT-V1.tsv	90-SOURCE-QUARANTINE/2026-08-29-FULL-V3/asai-worldline-20260828-v48r3-marine-gt-processed-handoff-v10.zip::asai-worldline-v48r3-source-restored/2026-08-27-marine-gt-handoff/13-MARINE-LARGE-SCALE-AUDIT-V1.tsv	zip-member	marine-process-history	ARCHIVE-PROCESS	marine;gas-turbine;company
nested/asai-worldline-v48r3-source-restored/2026-08-27-marine-gt-handoff/130-V10-TECHNICAL-NOTES.md	90-SOURCE-QUARANTINE/2026-08-29-FULL-V3/asai-worldline-20260828-v48r3-marine-gt-processed-handoff-v10.zip::asai-worldline-v48r3-source-restored/2026-08-27-marine-gt-handoff/130-V10-TECHNICAL-NOTES.md	zip-member	marine-V10-current	CURRENT-MARINE	marine;gas-turbine;company
nested/asai-worldline-v48r3-source-restored/2026-08-27-marine-gt-handoff/131-MARINE-GT-PRECEDENCE-OVERLAY-V10.tsv	90-SOURCE-QUARANTINE/2026-08-29-FULL-V3/asai-worldline-20260828-v48r3-marine-gt-processed-handoff-v10.zip::asai-worldline-v48r3-source-restored/2026-08-27-marine-gt-handoff/131-MARINE-GT-PRECEDENCE-OVERLAY-V10.tsv	zip-member	marine-V10-current	CURRENT-MARINE	marine;gas-turbine;company
nested/asai-worldline-v48r3-source-restored/2026-08-27-marine-gt-handoff/132-PROCESSED-START-HERE-V10.md	90-SOURCE-QUARANTINE/2026-08-29-FULL-V3/asai-worldline-20260828-v48r3-marine-gt-processed-handoff-v10.zip::asai-worldline-v48r3-source-restored/2026-08-27-marine-gt-handoff/132-PROCESSED-START-HERE-V10.md	zip-member	marine-V10-current	CURRENT-MARINE	marine;gas-turbine;company
nested/asai-worldline-v48r3-source-restored/2026-08-27-marine-gt-handoff/133-PROCESS-STATE-V10.json	90-SOURCE-QUARANTINE/2026-08-29-FULL-V3/asai-worldline-20260828-v48r3-marine-gt-processed-handoff-v10.zip::asai-worldline-v48r3-source-restored/2026-08-27-marine-gt-handoff/133-PROCESS-STATE-V10.json	zip-member	marine-V10-current	CURRENT-MARINE	marine;gas-turbine;company
nested/asai-worldline-v48r3-source-restored/2026-08-27-marine-gt-handoff/134-PROCESS-VALIDATION-REPORT-V10.txt	90-SOURCE-QUARANTINE/2026-08-29-FULL-V3/asai-worldline-20260828-v48r3-marine-gt-processed-handoff-v10.zip::asai-worldline-v48r3-source-restored/2026-08-27-marine-gt-handoff/134-PROCESS-VALIDATION-REPORT-V10.txt	zip-member	marine-process-history	ARCHIVE-PROCESS	marine;gas-turbine;company
nested/asai-worldline-v48r3-source-restored/2026-08-27-marine-gt-handoff/14-MARINE-LARGE-SCALE-AUDIT-NOTES-V1.md	90-SOURCE-QUARANTINE/2026-08-29-FULL-V3/asai-worldline-20260828-v48r3-marine-gt-processed-handoff-v10.zip::asai-worldline-v48r3-source-restored/2026-08-27-marine-gt-handoff/14-MARINE-LARGE-SCALE-AUDIT-NOTES-V1.md	zip-member	marine-process-history	ARCHIVE-PROCESS	marine;gas-turbine;company
nested/asai-worldline-v48r3-source-restored/2026-08-27-marine-gt-handoff/15-TAIYO-WORKING-RECALC-V2.csv	90-SOURCE-QUARANTINE/2026-08-29-FULL-V3/asai-worldline-20260828-v48r3-marine-gt-processed-handoff-v10.zip::asai-worldline-v48r3-source-restored/2026-08-27-marine-gt-handoff/15-TAIYO-WORKING-RECALC-V2.csv	zip-member	marine-process-history	ARCHIVE-PROCESS	marine;gas-turbine;company
nested/asai-worldline-v48r3-source-restored/2026-08-27-marine-gt-handoff/16-LARGE-CORE-AVAILABILITY-GATES-V1.tsv	90-SOURCE-QUARANTINE/2026-08-29-FULL-V3/asai-worldline-20260828-v48r3-marine-gt-processed-handoff-v10.zip::asai-worldline-v48r3-source-restored/2026-08-27-marine-gt-handoff/16-LARGE-CORE-AVAILABILITY-GATES-V1.tsv	zip-member	marine-process-history	ARCHIVE-PROCESS	marine;gas-turbine;company
nested/asai-worldline-v48r3-source-restored/2026-08-27-marine-gt-handoff/17-E6-TORPEDO-BOAT-DECISION-V1.md	90-SOURCE-QUARANTINE/2026-08-29-FULL-V3/asai-worldline-20260828-v48r3-marine-gt-processed-handoff-v10.zip::asai-worldline-v48r3-source-restored/2026-08-27-marine-gt-handoff/17-E6-TORPEDO-BOAT-DECISION-V1.md	zip-member	marine-process-history	ARCHIVE-PROCESS	marine;gas-turbine;company;weapons-systems
nested/asai-worldline-v48r3-source-restored/2026-08-27-marine-gt-handoff/18-TEST-PLATFORM-DECISION-V1.md	90-SOURCE-QUARANTINE/2026-08-29-FULL-V3/asai-worldline-20260828-v48r3-marine-gt-processed-handoff-v10.zip::asai-worldline-v48r3-source-restored/2026-08-27-marine-gt-handoff/18-TEST-PLATFORM-DECISION-V1.md	zip-member	marine-process-history	ARCHIVE-PROCESS	marine;gas-turbine;company
nested/asai-worldline-v48r3-source-restored/2026-08-27-marine-gt-handoff/19-CARRIER-BOOST-COMPARISON-V1.csv	90-SOURCE-QUARANTINE/2026-08-29-FULL-V3/asai-worldline-20260828-v48r3-marine-gt-processed-handoff-v10.zip::asai-worldline-v48r3-source-restored/2026-08-27-marine-gt-handoff/19-CARRIER-BOOST-COMPARISON-V1.csv	zip-member	marine-process-history	ARCHIVE-PROCESS	marine;gas-turbine;turbo-boost;company
nested/asai-worldline-v48r3-source-restored/2026-08-27-marine-gt-handoff/20-CARRIER-DECISION-PASS1.md	90-SOURCE-QUARANTINE/2026-08-29-FULL-V3/asai-worldline-20260828-v48r3-marine-gt-processed-handoff-v10.zip::asai-worldline-v48r3-source-restored/2026-08-27-marine-gt-handoff/20-CARRIER-DECISION-PASS1.md	zip-member	marine-process-history	ARCHIVE-PROCESS	marine;gas-turbine;company
nested/asai-worldline-v48r3-source-restored/2026-08-27-marine-gt-handoff/21-FUEL-IMPORT-EVIDENCE-V1.tsv	90-SOURCE-QUARANTINE/2026-08-29-FULL-V3/asai-worldline-20260828-v48r3-marine-gt-processed-handoff-v10.zip::asai-worldline-v48r3-source-restored/2026-08-27-marine-gt-handoff/21-FUEL-IMPORT-EVIDENCE-V1.tsv	zip-member	marine-process-history	ARCHIVE-PROCESS	marine;gas-turbine;company
nested/asai-worldline-v48r3-source-restored/2026-08-27-marine-gt-handoff/22-FUEL-DEMAND-SENSITIVITY-V1.csv	90-SOURCE-QUARANTINE/2026-08-29-FULL-V3/asai-worldline-20260828-v48r3-marine-gt-processed-handoff-v10.zip::asai-worldline-v48r3-source-restored/2026-08-27-marine-gt-handoff/22-FUEL-DEMAND-SENSITIVITY-V1.csv	zip-member	marine-process-history	ARCHIVE-PROCESS	marine;gas-turbine;company
nested/asai-worldline-v48r3-source-restored/2026-08-27-marine-gt-handoff/23-FUEL-POLICY-PASS1.md	90-SOURCE-QUARANTINE/2026-08-29-FULL-V3/asai-worldline-20260828-v48r3-marine-gt-processed-handoff-v10.zip::asai-worldline-v48r3-source-restored/2026-08-27-marine-gt-handoff/23-FUEL-POLICY-PASS1.md	zip-member	marine-process-history	ARCHIVE-PROCESS	marine;gas-turbine;company
nested/asai-worldline-v48r3-source-restored/2026-08-27-marine-gt-handoff/24-MOMI-MARINE-TEST-PROGRAM-V1.tsv	90-SOURCE-QUARANTINE/2026-08-29-FULL-V3/asai-worldline-20260828-v48r3-marine-gt-processed-handoff-v10.zip::asai-worldline-v48r3-source-restored/2026-08-27-marine-gt-handoff/24-MOMI-MARINE-TEST-PROGRAM-V1.tsv	zip-member	marine-process-history	ARCHIVE-PROCESS	marine;gas-turbine;company
nested/asai-worldline-v48r3-source-restored/2026-08-27-marine-gt-handoff/25-LARGE-MARINE-LAND-RIG-GATES-V1.tsv	90-SOURCE-QUARANTINE/2026-08-29-FULL-V3/asai-worldline-20260828-v48r3-marine-gt-processed-handoff-v10.zip::asai-worldline-v48r3-source-restored/2026-08-27-marine-gt-handoff/25-LARGE-MARINE-LAND-RIG-GATES-V1.tsv	zip-member	marine-process-history	ARCHIVE-PROCESS	marine;gas-turbine;company
nested/asai-worldline-v48r3-source-restored/2026-08-27-marine-gt-handoff/26-OPEN-CLOSED-MATRIX-PASS2.tsv	90-SOURCE-QUARANTINE/2026-08-29-FULL-V3/asai-worldline-20260828-v48r3-marine-gt-processed-handoff-v10.zip::asai-worldline-v48r3-source-restored/2026-08-27-marine-gt-handoff/26-OPEN-CLOSED-MATRIX-PASS2.tsv	zip-member	marine-process-history	ARCHIVE-PROCESS	marine;gas-turbine;company
nested/asai-worldline-v48r3-source-restored/2026-08-27-marine-gt-handoff/27-E6-TORPEDO-PROTOTYPE-CLOSURE-V2.md	90-SOURCE-QUARANTINE/2026-08-29-FULL-V3/asai-worldline-20260828-v48r3-marine-gt-processed-handoff-v10.zip::asai-worldline-v48r3-source-restored/2026-08-27-marine-gt-handoff/27-E6-TORPEDO-PROTOTYPE-CLOSURE-V2.md	zip-member	marine-process-history	ARCHIVE-PROCESS	marine;gas-turbine;company;weapons-systems
nested/asai-worldline-v48r3-source-restored/2026-08-27-marine-gt-handoff/28-OPEN-CLOSED-MATRIX-PASS3.tsv	90-SOURCE-QUARANTINE/2026-08-29-FULL-V3/asai-worldline-20260828-v48r3-marine-gt-processed-handoff-v10.zip::asai-worldline-v48r3-source-restored/2026-08-27-marine-gt-handoff/28-OPEN-CLOSED-MATRIX-PASS3.tsv	zip-member	marine-process-history	ARCHIVE-PROCESS	marine;gas-turbine;company
nested/asai-worldline-v48r3-source-restored/2026-08-27-marine-gt-handoff/29-MARINE-GT-PRECEDENCE-OVERLAY-V1.tsv	90-SOURCE-QUARANTINE/2026-08-29-FULL-V3/asai-worldline-20260828-v48r3-marine-gt-processed-handoff-v10.zip::asai-worldline-v48r3-source-restored/2026-08-27-marine-gt-handoff/29-MARINE-GT-PRECEDENCE-OVERLAY-V1.tsv	zip-member	marine-process-history	ARCHIVE-PROCESS	marine;gas-turbine;company
nested/asai-worldline-v48r3-source-restored/2026-08-27-marine-gt-handoff/30-PROCESSED-START-HERE.md	90-SOURCE-QUARANTINE/2026-08-29-FULL-V3/asai-worldline-20260828-v48r3-marine-gt-processed-handoff-v10.zip::asai-worldline-v48r3-source-restored/2026-08-27-marine-gt-handoff/30-PROCESSED-START-HERE.md	zip-member	marine-process-history	ARCHIVE-PROCESS	marine;gas-turbine;company
nested/asai-worldline-v48r3-source-restored/2026-08-27-marine-gt-handoff/31-PROCESS-STATE.json	90-SOURCE-QUARANTINE/2026-08-29-FULL-V3/asai-worldline-20260828-v48r3-marine-gt-processed-handoff-v10.zip::asai-worldline-v48r3-source-restored/2026-08-27-marine-gt-handoff/31-PROCESS-STATE.json	zip-member	marine-process-history	ARCHIVE-PROCESS	marine;gas-turbine;company
nested/asai-worldline-v48r3-source-restored/2026-08-27-marine-gt-handoff/32-PROCESS-VALIDATION-REPORT.txt	90-SOURCE-QUARANTINE/2026-08-29-FULL-V3/asai-worldline-20260828-v48r3-marine-gt-processed-handoff-v10.zip::asai-worldline-v48r3-source-restored/2026-08-27-marine-gt-handoff/32-PROCESS-VALIDATION-REPORT.txt	zip-member	marine-process-history	ARCHIVE-PROCESS	marine;gas-turbine;company
nested/asai-worldline-v48r3-source-restored/2026-08-27-marine-gt-handoff/33-DECISION-FRAMEWORK-REFRAME-V2.md	90-SOURCE-QUARANTINE/2026-08-29-FULL-V3/asai-worldline-20260828-v48r3-marine-gt-processed-handoff-v10.zip::asai-worldline-v48r3-source-restored/2026-08-27-marine-gt-handoff/33-DECISION-FRAMEWORK-REFRAME-V2.md	zip-member	marine-process-history	ARCHIVE-PROCESS	marine;gas-turbine;company
nested/asai-worldline-v48r3-source-restored/2026-08-27-marine-gt-handoff/34-MARINE-GT-LAYERED-DECISION-MATRIX-V2.tsv	90-SOURCE-QUARANTINE/2026-08-29-FULL-V3/asai-worldline-20260828-v48r3-marine-gt-processed-handoff-v10.zip::asai-worldline-v48r3-source-restored/2026-08-27-marine-gt-handoff/34-MARINE-GT-LAYERED-DECISION-MATRIX-V2.tsv	zip-member	marine-process-history	ARCHIVE-PROCESS	marine;gas-turbine;company
nested/asai-worldline-v48r3-source-restored/2026-08-27-marine-gt-handoff/35-ADOPTION-REOPEN-NOTES-V2.md	90-SOURCE-QUARANTINE/2026-08-29-FULL-V3/asai-worldline-20260828-v48r3-marine-gt-processed-handoff-v10.zip::asai-worldline-v48r3-source-restored/2026-08-27-marine-gt-handoff/35-ADOPTION-REOPEN-NOTES-V2.md	zip-member	marine-process-history	ARCHIVE-PROCESS	marine;gas-turbine;company
nested/asai-worldline-v48r3-source-restored/2026-08-27-marine-gt-handoff/36-MARINE-GT-PRECEDENCE-OVERLAY-V2.tsv	90-SOURCE-QUARANTINE/2026-08-29-FULL-V3/asai-worldline-20260828-v48r3-marine-gt-processed-handoff-v10.zip::asai-worldline-v48r3-source-restored/2026-08-27-marine-gt-handoff/36-MARINE-GT-PRECEDENCE-OVERLAY-V2.tsv	zip-member	marine-process-history	ARCHIVE-PROCESS	marine;gas-turbine;company
nested/asai-worldline-v48r3-source-restored/2026-08-27-marine-gt-handoff/37-PROCESSED-START-HERE-V2.md	90-SOURCE-QUARANTINE/2026-08-29-FULL-V3/asai-worldline-20260828-v48r3-marine-gt-processed-handoff-v10.zip::asai-worldline-v48r3-source-restored/2026-08-27-marine-gt-handoff/37-PROCESSED-START-HERE-V2.md	zip-member	marine-process-history	ARCHIVE-PROCESS	marine;gas-turbine;company
nested/asai-worldline-v48r3-source-restored/2026-08-27-marine-gt-handoff/38-PROCESS-VALIDATION-REPORT-V2.txt	90-SOURCE-QUARANTINE/2026-08-29-FULL-V3/asai-worldline-20260828-v48r3-marine-gt-processed-handoff-v10.zip::asai-worldline-v48r3-source-restored/2026-08-27-marine-gt-handoff/38-PROCESS-VALIDATION-REPORT-V2.txt	zip-member	marine-process-history	ARCHIVE-PROCESS	marine;gas-turbine;company
nested/asai-worldline-v48r3-source-restored/2026-08-27-marine-gt-handoff/39-PROCESS-STATE-V2.json	90-SOURCE-QUARANTINE/2026-08-29-FULL-V3/asai-worldline-20260828-v48r3-marine-gt-processed-handoff-v10.zip::asai-worldline-v48r3-source-restored/2026-08-27-marine-gt-handoff/39-PROCESS-STATE-V2.json	zip-member	marine-process-history	ARCHIVE-PROCESS	marine;gas-turbine;company
nested/asai-worldline-v48r3-source-restored/2026-08-27-marine-gt-handoff/40-RESEARCH-TO-PRODUCT-STAGE-LEDGER-V3.tsv	90-SOURCE-QUARANTINE/2026-08-29-FULL-V3/asai-worldline-20260828-v48r3-marine-gt-processed-handoff-v10.zip::asai-worldline-v48r3-source-restored/2026-08-27-marine-gt-handoff/40-RESEARCH-TO-PRODUCT-STAGE-LEDGER-V3.tsv	zip-member	marine-process-history	ARCHIVE-PROCESS	marine;gas-turbine;company
nested/asai-worldline-v48r3-source-restored/2026-08-27-marine-gt-handoff/41-E4-E6-INHERITANCE-LEDGER-V3.tsv	90-SOURCE-QUARANTINE/2026-08-29-FULL-V3/asai-worldline-20260828-v48r3-marine-gt-processed-handoff-v10.zip::asai-worldline-v48r3-source-restored/2026-08-27-marine-gt-handoff/41-E4-E6-INHERITANCE-LEDGER-V3.tsv	zip-member	marine-process-history	ARCHIVE-PROCESS	marine;gas-turbine;company
nested/asai-worldline-v48r3-source-restored/2026-08-27-marine-gt-handoff/42-NAVAL-DESIGN-PROCUREMENT-BASELINE-V3.tsv	90-SOURCE-QUARANTINE/2026-08-29-FULL-V3/asai-worldline-20260828-v48r3-marine-gt-processed-handoff-v10.zip::asai-worldline-v48r3-source-restored/2026-08-27-marine-gt-handoff/42-NAVAL-DESIGN-PROCUREMENT-BASELINE-V3.tsv	zip-member	marine-process-history	ARCHIVE-PROCESS	marine;gas-turbine;company
nested/asai-worldline-v48r3-source-restored/2026-08-27-marine-gt-handoff/43-MARINE-GT-REWORK-QUEUE-V3.tsv	90-SOURCE-QUARANTINE/2026-08-29-FULL-V3/asai-worldline-20260828-v48r3-marine-gt-processed-handoff-v10.zip::asai-worldline-v48r3-source-restored/2026-08-27-marine-gt-handoff/43-MARINE-GT-REWORK-QUEUE-V3.tsv	zip-member	marine-process-history	ARCHIVE-PROCESS	marine;gas-turbine;company
nested/asai-worldline-v48r3-source-restored/2026-08-27-marine-gt-handoff/44-UNIT-POWER-DEMAND-SEED-V3.tsv	90-SOURCE-QUARANTINE/2026-08-29-FULL-V3/asai-worldline-20260828-v48r3-marine-gt-processed-handoff-v10.zip::asai-worldline-v48r3-source-restored/2026-08-27-marine-gt-handoff/44-UNIT-POWER-DEMAND-SEED-V3.tsv	zip-member	marine-process-history	ARCHIVE-PROCESS	marine;gas-turbine;company
nested/asai-worldline-v48r3-source-restored/2026-08-27-marine-gt-handoff/45-UPSTREAM-REFRAME-NOTES-V3.md	90-SOURCE-QUARANTINE/2026-08-29-FULL-V3/asai-worldline-20260828-v48r3-marine-gt-processed-handoff-v10.zip::asai-worldline-v48r3-source-restored/2026-08-27-marine-gt-handoff/45-UPSTREAM-REFRAME-NOTES-V3.md	zip-member	marine-process-history	ARCHIVE-PROCESS	marine;gas-turbine;company
nested/asai-worldline-v48r3-source-restored/2026-08-27-marine-gt-handoff/46-PROCESSED-START-HERE-V3.md	90-SOURCE-QUARANTINE/2026-08-29-FULL-V3/asai-worldline-20260828-v48r3-marine-gt-processed-handoff-v10.zip::asai-worldline-v48r3-source-restored/2026-08-27-marine-gt-handoff/46-PROCESSED-START-HERE-V3.md	zip-member	marine-process-history	ARCHIVE-PROCESS	marine;gas-turbine;company
nested/asai-worldline-v48r3-source-restored/2026-08-27-marine-gt-handoff/47-MARINE-GT-PRECEDENCE-OVERLAY-V3.tsv	90-SOURCE-QUARANTINE/2026-08-29-FULL-V3/asai-worldline-20260828-v48r3-marine-gt-processed-handoff-v10.zip::asai-worldline-v48r3-source-restored/2026-08-27-marine-gt-handoff/47-MARINE-GT-PRECEDENCE-OVERLAY-V3.tsv	zip-member	marine-process-history	ARCHIVE-PROCESS	marine;gas-turbine;company
nested/asai-worldline-v48r3-source-restored/2026-08-27-marine-gt-handoff/48-PROCESS-STATE-V3.json	90-SOURCE-QUARANTINE/2026-08-29-FULL-V3/asai-worldline-20260828-v48r3-marine-gt-processed-handoff-v10.zip::asai-worldline-v48r3-source-restored/2026-08-27-marine-gt-handoff/48-PROCESS-STATE-V3.json	zip-member	marine-process-history	ARCHIVE-PROCESS	marine;gas-turbine;company
nested/asai-worldline-v48r3-source-restored/2026-08-27-marine-gt-handoff/49-PROCESS-VALIDATION-REPORT-V3.txt	90-SOURCE-QUARANTINE/2026-08-29-FULL-V3/asai-worldline-20260828-v48r3-marine-gt-processed-handoff-v10.zip::asai-worldline-v48r3-source-restored/2026-08-27-marine-gt-handoff/49-PROCESS-VALIDATION-REPORT-V3.txt	zip-member	marine-process-history	ARCHIVE-PROCESS	marine;gas-turbine;company
nested/asai-worldline-v48r3-source-restored/2026-08-27-marine-gt-handoff/50-NUMERIC-DERIVATION-DISCIPLINE-V4.md	90-SOURCE-QUARANTINE/2026-08-29-FULL-V3/asai-worldline-20260828-v48r3-marine-gt-processed-handoff-v10.zip::asai-worldline-v48r3-source-restored/2026-08-27-marine-gt-handoff/50-NUMERIC-DERIVATION-DISCIPLINE-V4.md	zip-member	marine-process-history	ARCHIVE-PROCESS	marine;gas-turbine;company
nested/asai-worldline-v48r3-source-restored/2026-08-27-marine-gt-handoff/51-E5-MARINE-QUALIFICATION-RECALC-V4.tsv	90-SOURCE-QUARANTINE/2026-08-29-FULL-V3/asai-worldline-20260828-v48r3-marine-gt-processed-handoff-v10.zip::asai-worldline-v48r3-source-restored/2026-08-27-marine-gt-handoff/51-E5-MARINE-QUALIFICATION-RECALC-V4.tsv	zip-member	marine-process-history	ARCHIVE-PROCESS	marine;gas-turbine;company
nested/asai-worldline-v48r3-source-restored/2026-08-27-marine-gt-handoff/52-E5-M-SCALE-RESEARCH-CLOSURE-V4.tsv	90-SOURCE-QUARANTINE/2026-08-29-FULL-V3/asai-worldline-20260828-v48r3-marine-gt-processed-handoff-v10.zip::asai-worldline-v48r3-source-restored/2026-08-27-marine-gt-handoff/52-E5-M-SCALE-RESEARCH-CLOSURE-V4.tsv	zip-member	marine-process-history	ARCHIVE-PROCESS	marine;gas-turbine;company
nested/asai-worldline-v48r3-source-restored/2026-08-27-marine-gt-handoff/53-REDUCER-TORQUE-LADDER-V4.tsv	90-SOURCE-QUARANTINE/2026-08-29-FULL-V3/asai-worldline-20260828-v48r3-marine-gt-processed-handoff-v10.zip::asai-worldline-v48r3-source-restored/2026-08-27-marine-gt-handoff/53-REDUCER-TORQUE-LADDER-V4.tsv	zip-member	marine-process-history	ARCHIVE-PROCESS	marine;gas-turbine;company
nested/asai-worldline-v48r3-source-restored/2026-08-27-marine-gt-handoff/54-MARINE-DEMONSTRATION-LADDER-V4.tsv	90-SOURCE-QUARANTINE/2026-08-29-FULL-V3/asai-worldline-20260828-v48r3-marine-gt-processed-handoff-v10.zip::asai-worldline-v48r3-source-restored/2026-08-27-marine-gt-handoff/54-MARINE-DEMONSTRATION-LADDER-V4.tsv	zip-member	marine-process-history	ARCHIVE-PROCESS	marine;gas-turbine;company
nested/asai-worldline-v48r3-source-restored/2026-08-27-marine-gt-handoff/55-MARINE-GT-REWORK-QUEUE-V4.tsv	90-SOURCE-QUARANTINE/2026-08-29-FULL-V3/asai-worldline-20260828-v48r3-marine-gt-processed-handoff-v10.zip::asai-worldline-v48r3-source-restored/2026-08-27-marine-gt-handoff/55-MARINE-GT-REWORK-QUEUE-V4.tsv	zip-member	marine-process-history	ARCHIVE-PROCESS	marine;gas-turbine;company
nested/asai-worldline-v48r3-source-restored/2026-08-27-marine-gt-handoff/56-PROCESSED-START-HERE-V4.md	90-SOURCE-QUARANTINE/2026-08-29-FULL-V3/asai-worldline-20260828-v48r3-marine-gt-processed-handoff-v10.zip::asai-worldline-v48r3-source-restored/2026-08-27-marine-gt-handoff/56-PROCESSED-START-HERE-V4.md	zip-member	marine-process-history	ARCHIVE-PROCESS	marine;gas-turbine;company
nested/asai-worldline-v48r3-source-restored/2026-08-27-marine-gt-handoff/57-MARINE-GT-PRECEDENCE-OVERLAY-V4.tsv	90-SOURCE-QUARANTINE/2026-08-29-FULL-V3/asai-worldline-20260828-v48r3-marine-gt-processed-handoff-v10.zip::asai-worldline-v48r3-source-restored/2026-08-27-marine-gt-handoff/57-MARINE-GT-PRECEDENCE-OVERLAY-V4.tsv	zip-member	marine-process-history	ARCHIVE-PROCESS	marine;gas-turbine;company
nested/asai-worldline-v48r3-source-restored/2026-08-27-marine-gt-handoff/58-CROUCH-HULL-CALIBRATION-V4.tsv	90-SOURCE-QUARANTINE/2026-08-29-FULL-V3/asai-worldline-20260828-v48r3-marine-gt-processed-handoff-v10.zip::asai-worldline-v48r3-source-restored/2026-08-27-marine-gt-handoff/58-CROUCH-HULL-CALIBRATION-V4.tsv	zip-member	marine-process-history	ARCHIVE-PROCESS	marine;gas-turbine;company
nested/asai-worldline-v48r3-source-restored/2026-08-27-marine-gt-handoff/59-MARINE-INSTALLATION-MASS-LEDGER-V4.tsv	90-SOURCE-QUARANTINE/2026-08-29-FULL-V3/asai-worldline-20260828-v48r3-marine-gt-processed-handoff-v10.zip::asai-worldline-v48r3-source-restored/2026-08-27-marine-gt-handoff/59-MARINE-INSTALLATION-MASS-LEDGER-V4.tsv	zip-member	marine-process-history	ARCHIVE-PROCESS	marine;gas-turbine;company
nested/asai-worldline-v48r3-source-restored/2026-08-27-marine-gt-handoff/60-LARGE-CORE-DEMAND-DERIVATION-V4.tsv	90-SOURCE-QUARANTINE/2026-08-29-FULL-V3/asai-worldline-20260828-v48r3-marine-gt-processed-handoff-v10.zip::asai-worldline-v48r3-source-restored/2026-08-27-marine-gt-handoff/60-LARGE-CORE-DEMAND-DERIVATION-V4.tsv	zip-member	marine-process-history	ARCHIVE-PROCESS	marine;gas-turbine;company
nested/asai-worldline-v48r3-source-restored/2026-08-27-marine-gt-handoff/60A-LARGE-CORE-DEMAND-NOTES-V4.md	90-SOURCE-QUARANTINE/2026-08-29-FULL-V3/asai-worldline-20260828-v48r3-marine-gt-processed-handoff-v10.zip::asai-worldline-v48r3-source-restored/2026-08-27-marine-gt-handoff/60A-LARGE-CORE-DEMAND-NOTES-V4.md	zip-member	marine-process-history	ARCHIVE-PROCESS	marine;gas-turbine;company
nested/asai-worldline-v48r3-source-restored/2026-08-27-marine-gt-handoff/61-PROCESS-STATE-V4.json	90-SOURCE-QUARANTINE/2026-08-29-FULL-V3/asai-worldline-20260828-v48r3-marine-gt-processed-handoff-v10.zip::asai-worldline-v48r3-source-restored/2026-08-27-marine-gt-handoff/61-PROCESS-STATE-V4.json	zip-member	marine-process-history	ARCHIVE-PROCESS	marine;gas-turbine;company
nested/asai-worldline-v48r3-source-restored/2026-08-27-marine-gt-handoff/62-PROCESS-VALIDATION-REPORT-V4.txt	90-SOURCE-QUARANTINE/2026-08-29-FULL-V3/asai-worldline-20260828-v48r3-marine-gt-processed-handoff-v10.zip::asai-worldline-v48r3-source-restored/2026-08-27-marine-gt-handoff/62-PROCESS-VALIDATION-REPORT-V4.txt	zip-member	marine-process-history	ARCHIVE-PROCESS	marine;gas-turbine;company
nested/asai-worldline-v48r3-source-restored/2026-08-27-marine-gt-handoff/63-QUALIFICATION-TERMINOLOGY-V5.md	90-SOURCE-QUARANTINE/2026-08-29-FULL-V3/asai-worldline-20260828-v48r3-marine-gt-processed-handoff-v10.zip::asai-worldline-v48r3-source-restored/2026-08-27-marine-gt-handoff/63-QUALIFICATION-TERMINOLOGY-V5.md	zip-member	marine-process-history	ARCHIVE-PROCESS	marine;gas-turbine;company
nested/asai-worldline-v48r3-source-restored/2026-08-27-marine-gt-handoff/64-E5-QUALIFICATION-CRAFT-MASS-BUILDUP-V5.tsv	90-SOURCE-QUARANTINE/2026-08-29-FULL-V3/asai-worldline-20260828-v48r3-marine-gt-processed-handoff-v10.zip::asai-worldline-v48r3-source-restored/2026-08-27-marine-gt-handoff/64-E5-QUALIFICATION-CRAFT-MASS-BUILDUP-V5.tsv	zip-member	marine-process-history	ARCHIVE-PROCESS	marine;gas-turbine;company
nested/asai-worldline-v48r3-source-restored/2026-08-27-marine-gt-handoff/65-E5-QUALIFICATION-CRAFT-GEOMETRY-SPEED-V5.tsv	90-SOURCE-QUARANTINE/2026-08-29-FULL-V3/asai-worldline-20260828-v48r3-marine-gt-processed-handoff-v10.zip::asai-worldline-v48r3-source-restored/2026-08-27-marine-gt-handoff/65-E5-QUALIFICATION-CRAFT-GEOMETRY-SPEED-V5.tsv	zip-member	marine-process-history	ARCHIVE-PROCESS	marine;gas-turbine;company
nested/asai-worldline-v48r3-source-restored/2026-08-27-marine-gt-handoff/66-UNIT-POWER-DEMAND-MAP-V5.tsv	90-SOURCE-QUARANTINE/2026-08-29-FULL-V3/asai-worldline-20260828-v48r3-marine-gt-processed-handoff-v10.zip::asai-worldline-v48r3-source-restored/2026-08-27-marine-gt-handoff/66-UNIT-POWER-DEMAND-MAP-V5.tsv	zip-member	marine-process-history	ARCHIVE-PROCESS	marine;gas-turbine;company
nested/asai-worldline-v48r3-source-restored/2026-08-27-marine-gt-handoff/67-LARGE-CORE-PROGRAM-GATES-V5.tsv	90-SOURCE-QUARANTINE/2026-08-29-FULL-V3/asai-worldline-20260828-v48r3-marine-gt-processed-handoff-v10.zip::asai-worldline-v48r3-source-restored/2026-08-27-marine-gt-handoff/67-LARGE-CORE-PROGRAM-GATES-V5.tsv	zip-member	marine-process-history	ARCHIVE-PROCESS	marine;gas-turbine;company
nested/asai-worldline-v48r3-source-restored/2026-08-27-marine-gt-handoff/68-MARINE-DEMONSTRATION-LADDER-V5.tsv	90-SOURCE-QUARANTINE/2026-08-29-FULL-V3/asai-worldline-20260828-v48r3-marine-gt-processed-handoff-v10.zip::asai-worldline-v48r3-source-restored/2026-08-27-marine-gt-handoff/68-MARINE-DEMONSTRATION-LADDER-V5.tsv	zip-member	marine-process-history	ARCHIVE-PROCESS	marine;gas-turbine;company
nested/asai-worldline-v48r3-source-restored/2026-08-27-marine-gt-handoff/69-MARINE-GT-REWORK-QUEUE-V5.tsv	90-SOURCE-QUARANTINE/2026-08-29-FULL-V3/asai-worldline-20260828-v48r3-marine-gt-processed-handoff-v10.zip::asai-worldline-v48r3-source-restored/2026-08-27-marine-gt-handoff/69-MARINE-GT-REWORK-QUEUE-V5.tsv	zip-member	marine-process-history	ARCHIVE-PROCESS	marine;gas-turbine;company
nested/asai-worldline-v48r3-source-restored/2026-08-27-marine-gt-handoff/70-V5-RECALC-NOTES.md	90-SOURCE-QUARANTINE/2026-08-29-FULL-V3/asai-worldline-20260828-v48r3-marine-gt-processed-handoff-v10.zip::asai-worldline-v48r3-source-restored/2026-08-27-marine-gt-handoff/70-V5-RECALC-NOTES.md	zip-member	marine-process-history	ARCHIVE-PROCESS	marine;gas-turbine;company
nested/asai-worldline-v48r3-source-restored/2026-08-27-marine-gt-handoff/71-MARINE-GT-PRECEDENCE-OVERLAY-V5.tsv	90-SOURCE-QUARANTINE/2026-08-29-FULL-V3/asai-worldline-20260828-v48r3-marine-gt-processed-handoff-v10.zip::asai-worldline-v48r3-source-restored/2026-08-27-marine-gt-handoff/71-MARINE-GT-PRECEDENCE-OVERLAY-V5.tsv	zip-member	marine-process-history	ARCHIVE-PROCESS	marine;gas-turbine;company
nested/asai-worldline-v48r3-source-restored/2026-08-27-marine-gt-handoff/72-PROCESSED-START-HERE-V5.md	90-SOURCE-QUARANTINE/2026-08-29-FULL-V3/asai-worldline-20260828-v48r3-marine-gt-processed-handoff-v10.zip::asai-worldline-v48r3-source-restored/2026-08-27-marine-gt-handoff/72-PROCESSED-START-HERE-V5.md	zip-member	marine-process-history	ARCHIVE-PROCESS	marine;gas-turbine;company
nested/asai-worldline-v48r3-source-restored/2026-08-27-marine-gt-handoff/73-PROCESS-STATE-V5.json	90-SOURCE-QUARANTINE/2026-08-29-FULL-V3/asai-worldline-20260828-v48r3-marine-gt-processed-handoff-v10.zip::asai-worldline-v48r3-source-restored/2026-08-27-marine-gt-handoff/73-PROCESS-STATE-V5.json	zip-member	marine-process-history	ARCHIVE-PROCESS	marine;gas-turbine;company
nested/asai-worldline-v48r3-source-restored/2026-08-27-marine-gt-handoff/74-LARGE-CORE-ENABLING-INHERITANCE-V5.tsv	90-SOURCE-QUARANTINE/2026-08-29-FULL-V3/asai-worldline-20260828-v48r3-marine-gt-processed-handoff-v10.zip::asai-worldline-v48r3-source-restored/2026-08-27-marine-gt-handoff/74-LARGE-CORE-ENABLING-INHERITANCE-V5.tsv	zip-member	marine-process-history	ARCHIVE-PROCESS	marine;gas-turbine;company
nested/asai-worldline-v48r3-source-restored/2026-08-27-marine-gt-handoff/75-TAIYO-MODULE-ARCHITECTURE-TRADE-V5.tsv	90-SOURCE-QUARANTINE/2026-08-29-FULL-V3/asai-worldline-20260828-v48r3-marine-gt-processed-handoff-v10.zip::asai-worldline-v48r3-source-restored/2026-08-27-marine-gt-handoff/75-TAIYO-MODULE-ARCHITECTURE-TRADE-V5.tsv	zip-member	marine-process-history	ARCHIVE-PROCESS	marine;gas-turbine;company
nested/asai-worldline-v48r3-source-restored/2026-08-27-marine-gt-handoff/75A-TAIYO-MODULE-ARCHITECTURE-NOTES-V5.md	90-SOURCE-QUARANTINE/2026-08-29-FULL-V3/asai-worldline-20260828-v48r3-marine-gt-processed-handoff-v10.zip::asai-worldline-v48r3-source-restored/2026-08-27-marine-gt-handoff/75A-TAIYO-MODULE-ARCHITECTURE-NOTES-V5.md	zip-member	marine-process-history	ARCHIVE-PROCESS	marine;gas-turbine;company
nested/asai-worldline-v48r3-source-restored/2026-08-27-marine-gt-handoff/76-PROCESS-VALIDATION-REPORT-V5.txt	90-SOURCE-QUARANTINE/2026-08-29-FULL-V3/asai-worldline-20260828-v48r3-marine-gt-processed-handoff-v10.zip::asai-worldline-v48r3-source-restored/2026-08-27-marine-gt-handoff/76-PROCESS-VALIDATION-REPORT-V5.txt	zip-member	marine-process-history	ARCHIVE-PROCESS	marine;gas-turbine;company
nested/asai-worldline-v48r3-source-restored/2026-08-27-marine-gt-handoff/77-E5-QUALIFICATION-CRAFT-ARRANGEMENT-DECISION-V6.tsv	90-SOURCE-QUARANTINE/2026-08-29-FULL-V3/asai-worldline-20260828-v48r3-marine-gt-processed-handoff-v10.zip::asai-worldline-v48r3-source-restored/2026-08-27-marine-gt-handoff/77-E5-QUALIFICATION-CRAFT-ARRANGEMENT-DECISION-V6.tsv	zip-member	marine-process-history	ARCHIVE-PROCESS	marine;gas-turbine;company
nested/asai-worldline-v48r3-source-restored/2026-08-27-marine-gt-handoff/78-E5-SHAFT-INTAKE-DERIVATION-V6.tsv	90-SOURCE-QUARANTINE/2026-08-29-FULL-V3/asai-worldline-20260828-v48r3-marine-gt-processed-handoff-v10.zip::asai-worldline-v48r3-source-restored/2026-08-27-marine-gt-handoff/78-E5-SHAFT-INTAKE-DERIVATION-V6.tsv	zip-member	marine-process-history	ARCHIVE-PROCESS	marine;gas-turbine;company
nested/asai-worldline-v48r3-source-restored/2026-08-27-marine-gt-handoff/79-E5-QUALIFICATION-INSTRUMENT-TEST-PLAN-V6.tsv	90-SOURCE-QUARANTINE/2026-08-29-FULL-V3/asai-worldline-20260828-v48r3-marine-gt-processed-handoff-v10.zip::asai-worldline-v48r3-source-restored/2026-08-27-marine-gt-handoff/79-E5-QUALIFICATION-INSTRUMENT-TEST-PLAN-V6.tsv	zip-member	marine-process-history	ARCHIVE-PROCESS	marine;gas-turbine;company
nested/asai-worldline-v48r3-source-restored/2026-08-27-marine-gt-handoff/80-FIRST-LARGE-HOT-CORE-R2-DECISION-V6.tsv	90-SOURCE-QUARANTINE/2026-08-29-FULL-V3/asai-worldline-20260828-v48r3-marine-gt-processed-handoff-v10.zip::asai-worldline-v48r3-source-restored/2026-08-27-marine-gt-handoff/80-FIRST-LARGE-HOT-CORE-R2-DECISION-V6.tsv	zip-member	marine-process-history	ARCHIVE-PROCESS	marine;gas-turbine;company
nested/asai-worldline-v48r3-source-restored/2026-08-27-marine-gt-handoff/81-TAIYO-MODULE-NO-FREE-LUNCH-V6.tsv	90-SOURCE-QUARANTINE/2026-08-29-FULL-V3/asai-worldline-20260828-v48r3-marine-gt-processed-handoff-v10.zip::asai-worldline-v48r3-source-restored/2026-08-27-marine-gt-handoff/81-TAIYO-MODULE-NO-FREE-LUNCH-V6.tsv	zip-member	marine-process-history	ARCHIVE-PROCESS	marine;gas-turbine;company
nested/asai-worldline-v48r3-source-restored/2026-08-27-marine-gt-handoff/82-MARINE-DEMONSTRATION-LADDER-V6.tsv	90-SOURCE-QUARANTINE/2026-08-29-FULL-V3/asai-worldline-20260828-v48r3-marine-gt-processed-handoff-v10.zip::asai-worldline-v48r3-source-restored/2026-08-27-marine-gt-handoff/82-MARINE-DEMONSTRATION-LADDER-V6.tsv	zip-member	marine-process-history	ARCHIVE-PROCESS	marine;gas-turbine;company
nested/asai-worldline-v48r3-source-restored/2026-08-27-marine-gt-handoff/83-MARINE-GT-REWORK-QUEUE-V6.tsv	90-SOURCE-QUARANTINE/2026-08-29-FULL-V3/asai-worldline-20260828-v48r3-marine-gt-processed-handoff-v10.zip::asai-worldline-v48r3-source-restored/2026-08-27-marine-gt-handoff/83-MARINE-GT-REWORK-QUEUE-V6.tsv	zip-member	marine-process-history	ARCHIVE-PROCESS	marine;gas-turbine;company
nested/asai-worldline-v48r3-source-restored/2026-08-27-marine-gt-handoff/84-V6-RECALC-NOTES.md	90-SOURCE-QUARANTINE/2026-08-29-FULL-V3/asai-worldline-20260828-v48r3-marine-gt-processed-handoff-v10.zip::asai-worldline-v48r3-source-restored/2026-08-27-marine-gt-handoff/84-V6-RECALC-NOTES.md	zip-member	marine-process-history	ARCHIVE-PROCESS	marine;gas-turbine;company
nested/asai-worldline-v48r3-source-restored/2026-08-27-marine-gt-handoff/85-MARINE-GT-PRECEDENCE-OVERLAY-V6.tsv	90-SOURCE-QUARANTINE/2026-08-29-FULL-V3/asai-worldline-20260828-v48r3-marine-gt-processed-handoff-v10.zip::asai-worldline-v48r3-source-restored/2026-08-27-marine-gt-handoff/85-MARINE-GT-PRECEDENCE-OVERLAY-V6.tsv	zip-member	marine-process-history	ARCHIVE-PROCESS	marine;gas-turbine;company
nested/asai-worldline-v48r3-source-restored/2026-08-27-marine-gt-handoff/86-PROCESSED-START-HERE-V6.md	90-SOURCE-QUARANTINE/2026-08-29-FULL-V3/asai-worldline-20260828-v48r3-marine-gt-processed-handoff-v10.zip::asai-worldline-v48r3-source-restored/2026-08-27-marine-gt-handoff/86-PROCESSED-START-HERE-V6.md	zip-member	marine-process-history	ARCHIVE-PROCESS	marine;gas-turbine;company
nested/asai-worldline-v48r3-source-restored/2026-08-27-marine-gt-handoff/87-PROCESS-STATE-V6.json	90-SOURCE-QUARANTINE/2026-08-29-FULL-V3/asai-worldline-20260828-v48r3-marine-gt-processed-handoff-v10.zip::asai-worldline-v48r3-source-restored/2026-08-27-marine-gt-handoff/87-PROCESS-STATE-V6.json	zip-member	marine-process-history	ARCHIVE-PROCESS	marine;gas-turbine;company
nested/asai-worldline-v48r3-source-restored/2026-08-27-marine-gt-handoff/88-PROCESS-VALIDATION-REPORT-V6.txt	90-SOURCE-QUARANTINE/2026-08-29-FULL-V3/asai-worldline-20260828-v48r3-marine-gt-processed-handoff-v10.zip::asai-worldline-v48r3-source-restored/2026-08-27-marine-gt-handoff/88-PROCESS-VALIDATION-REPORT-V6.txt	zip-member	marine-process-history	ARCHIVE-PROCESS	marine;gas-turbine;company
nested/asai-worldline-v48r3-source-restored/2026-08-27-marine-gt-handoff/89-E5-QUALIFICATION-CRAFT-FIXED-MASS-AND-CG-V7.tsv	90-SOURCE-QUARANTINE/2026-08-29-FULL-V3/asai-worldline-20260828-v48r3-marine-gt-processed-handoff-v10.zip::asai-worldline-v48r3-source-restored/2026-08-27-marine-gt-handoff/89-E5-QUALIFICATION-CRAFT-FIXED-MASS-AND-CG-V7.tsv	zip-member	marine-process-history	ARCHIVE-PROCESS	marine;gas-turbine;company
nested/asai-worldline-v48r3-source-restored/2026-08-27-marine-gt-handoff/90-E5-QUALIFICATION-CRAFT-TRIAL-BALLAST-MATRIX-V7.tsv	90-SOURCE-QUARANTINE/2026-08-29-FULL-V3/asai-worldline-20260828-v48r3-marine-gt-processed-handoff-v10.zip::asai-worldline-v48r3-source-restored/2026-08-27-marine-gt-handoff/90-E5-QUALIFICATION-CRAFT-TRIAL-BALLAST-MATRIX-V7.tsv	zip-member	marine-process-history	ARCHIVE-PROCESS	marine;gas-turbine;company
nested/asai-worldline-v48r3-source-restored/2026-08-27-marine-gt-handoff/91-LL20-R2-DESIGN-COORDINATES-V7.tsv	90-SOURCE-QUARANTINE/2026-08-29-FULL-V3/asai-worldline-20260828-v48r3-marine-gt-processed-handoff-v10.zip::asai-worldline-v48r3-source-restored/2026-08-27-marine-gt-handoff/91-LL20-R2-DESIGN-COORDINATES-V7.tsv	zip-member	marine-process-history	ARCHIVE-PROCESS	marine;gas-turbine;company
nested/asai-worldline-v48r3-source-restored/2026-08-27-marine-gt-handoff/92-LL20-R2-ACCEPTANCE-TEST-LEDGER-V7.tsv	90-SOURCE-QUARANTINE/2026-08-29-FULL-V3/asai-worldline-20260828-v48r3-marine-gt-processed-handoff-v10.zip::asai-worldline-v48r3-source-restored/2026-08-27-marine-gt-handoff/92-LL20-R2-ACCEPTANCE-TEST-LEDGER-V7.tsv	zip-member	marine-process-history	ARCHIVE-PROCESS	marine;gas-turbine;company
nested/asai-worldline-v48r3-source-restored/2026-08-27-marine-gt-handoff/93-TAIYO-6VS10-INTEGRATION-V7.tsv	90-SOURCE-QUARANTINE/2026-08-29-FULL-V3/asai-worldline-20260828-v48r3-marine-gt-processed-handoff-v10.zip::asai-worldline-v48r3-source-restored/2026-08-27-marine-gt-handoff/93-TAIYO-6VS10-INTEGRATION-V7.tsv	zip-member	marine-process-history	ARCHIVE-PROCESS	marine;gas-turbine;company
nested/asai-worldline-v48r3-source-restored/2026-08-27-marine-gt-handoff/94-TAIYO-GEAR-PATH-REQUIREMENT-V7.tsv	90-SOURCE-QUARANTINE/2026-08-29-FULL-V3/asai-worldline-20260828-v48r3-marine-gt-processed-handoff-v10.zip::asai-worldline-v48r3-source-restored/2026-08-27-marine-gt-handoff/94-TAIYO-GEAR-PATH-REQUIREMENT-V7.tsv	zip-member	marine-process-history	ARCHIVE-PROCESS	marine;gas-turbine;company
nested/asai-worldline-v48r3-source-restored/2026-08-27-marine-gt-handoff/95-TAIYO-AIR-TRUNK-AND-EXHAUST-V7.tsv	90-SOURCE-QUARANTINE/2026-08-29-FULL-V3/asai-worldline-20260828-v48r3-marine-gt-processed-handoff-v10.zip::asai-worldline-v48r3-source-restored/2026-08-27-marine-gt-handoff/95-TAIYO-AIR-TRUNK-AND-EXHAUST-V7.tsv	zip-member	marine-process-history	ARCHIVE-PROCESS	marine;gas-turbine;company
nested/asai-worldline-v48r3-source-restored/2026-08-27-marine-gt-handoff/96-MARINE-GT-REWORK-QUEUE-V7.tsv	90-SOURCE-QUARANTINE/2026-08-29-FULL-V3/asai-worldline-20260828-v48r3-marine-gt-processed-handoff-v10.zip::asai-worldline-v48r3-source-restored/2026-08-27-marine-gt-handoff/96-MARINE-GT-REWORK-QUEUE-V7.tsv	zip-member	marine-process-history	ARCHIVE-PROCESS	marine;gas-turbine;company
nested/asai-worldline-v48r3-source-restored/2026-08-27-marine-gt-handoff/97-V7-RECALC-NOTES.md	90-SOURCE-QUARANTINE/2026-08-29-FULL-V3/asai-worldline-20260828-v48r3-marine-gt-processed-handoff-v10.zip::asai-worldline-v48r3-source-restored/2026-08-27-marine-gt-handoff/97-V7-RECALC-NOTES.md	zip-member	marine-process-history	ARCHIVE-PROCESS	marine;gas-turbine;company
nested/asai-worldline-v48r3-source-restored/2026-08-27-marine-gt-handoff/98-MARINE-GT-PRECEDENCE-OVERLAY-V7.tsv	90-SOURCE-QUARANTINE/2026-08-29-FULL-V3/asai-worldline-20260828-v48r3-marine-gt-processed-handoff-v10.zip::asai-worldline-v48r3-source-restored/2026-08-27-marine-gt-handoff/98-MARINE-GT-PRECEDENCE-OVERLAY-V7.tsv	zip-member	marine-process-history	ARCHIVE-PROCESS	marine;gas-turbine;company
nested/asai-worldline-v48r3-source-restored/2026-08-27-marine-gt-handoff/99-PROCESSED-START-HERE-V7.md	90-SOURCE-QUARANTINE/2026-08-29-FULL-V3/asai-worldline-20260828-v48r3-marine-gt-processed-handoff-v10.zip::asai-worldline-v48r3-source-restored/2026-08-27-marine-gt-handoff/99-PROCESSED-START-HERE-V7.md	zip-member	marine-process-history	ARCHIVE-PROCESS	marine;gas-turbine;company
nested/asai-worldline-v48r3-source-restored/2026-08-27-marine-gt-handoff/SHA256SUMS-HANDOFF-PASS10.txt	90-SOURCE-QUARANTINE/2026-08-29-FULL-V3/asai-worldline-20260828-v48r3-marine-gt-processed-handoff-v10.zip::asai-worldline-v48r3-source-restored/2026-08-27-marine-gt-handoff/SHA256SUMS-HANDOFF-PASS10.txt	zip-member	marine-process-history	ARCHIVE-PROCESS	marine;gas-turbine;company
nested/asai-worldline-v48r3-source-restored/2026-08-27-marine-gt-handoff/SHA256SUMS-HANDOFF-PASS11.txt	90-SOURCE-QUARANTINE/2026-08-29-FULL-V3/asai-worldline-20260828-v48r3-marine-gt-processed-handoff-v10.zip::asai-worldline-v48r3-source-restored/2026-08-27-marine-gt-handoff/SHA256SUMS-HANDOFF-PASS11.txt	zip-member	marine-process-history	ARCHIVE-PROCESS	marine;gas-turbine;company
nested/asai-worldline-v48r3-source-restored/2026-08-27-marine-gt-handoff/SHA256SUMS-HANDOFF-PASS12.txt	90-SOURCE-QUARANTINE/2026-08-29-FULL-V3/asai-worldline-20260828-v48r3-marine-gt-processed-handoff-v10.zip::asai-worldline-v48r3-source-restored/2026-08-27-marine-gt-handoff/SHA256SUMS-HANDOFF-PASS12.txt	zip-member	marine-process-history	ARCHIVE-PROCESS	marine;gas-turbine;company
nested/asai-worldline-v48r3-source-restored/2026-08-27-marine-gt-handoff/SHA256SUMS-HANDOFF-PASS13.txt	90-SOURCE-QUARANTINE/2026-08-29-FULL-V3/asai-worldline-20260828-v48r3-marine-gt-processed-handoff-v10.zip::asai-worldline-v48r3-source-restored/2026-08-27-marine-gt-handoff/SHA256SUMS-HANDOFF-PASS13.txt	zip-member	marine-process-history	ARCHIVE-PROCESS	marine;gas-turbine;company
nested/asai-worldline-v48r3-source-restored/2026-08-27-marine-gt-handoff/SHA256SUMS-HANDOFF-PASS14.txt	90-SOURCE-QUARANTINE/2026-08-29-FULL-V3/asai-worldline-20260828-v48r3-marine-gt-processed-handoff-v10.zip::asai-worldline-v48r3-source-restored/2026-08-27-marine-gt-handoff/SHA256SUMS-HANDOFF-PASS14.txt	zip-member	marine-process-history	ARCHIVE-PROCESS	marine;gas-turbine;company
nested/asai-worldline-v48r3-source-restored/2026-08-27-marine-gt-handoff/SHA256SUMS-HANDOFF-PASS4.txt	90-SOURCE-QUARANTINE/2026-08-29-FULL-V3/asai-worldline-20260828-v48r3-marine-gt-processed-handoff-v10.zip::asai-worldline-v48r3-source-restored/2026-08-27-marine-gt-handoff/SHA256SUMS-HANDOFF-PASS4.txt	zip-member	marine-process-history	ARCHIVE-PROCESS	marine;gas-turbine;company
nested/asai-worldline-v48r3-source-restored/2026-08-27-marine-gt-handoff/SHA256SUMS-HANDOFF-PASS5.txt	90-SOURCE-QUARANTINE/2026-08-29-FULL-V3/asai-worldline-20260828-v48r3-marine-gt-processed-handoff-v10.zip::asai-worldline-v48r3-source-restored/2026-08-27-marine-gt-handoff/SHA256SUMS-HANDOFF-PASS5.txt	zip-member	marine-process-history	ARCHIVE-PROCESS	marine;gas-turbine;company
nested/asai-worldline-v48r3-source-restored/2026-08-27-marine-gt-handoff/SHA256SUMS-HANDOFF-PASS6.txt	90-SOURCE-QUARANTINE/2026-08-29-FULL-V3/asai-worldline-20260828-v48r3-marine-gt-processed-handoff-v10.zip::asai-worldline-v48r3-source-restored/2026-08-27-marine-gt-handoff/SHA256SUMS-HANDOFF-PASS6.txt	zip-member	marine-process-history	ARCHIVE-PROCESS	marine;gas-turbine;company
nested/asai-worldline-v48r3-source-restored/2026-08-27-marine-gt-handoff/SHA256SUMS-HANDOFF-PASS7.txt	90-SOURCE-QUARANTINE/2026-08-29-FULL-V3/asai-worldline-20260828-v48r3-marine-gt-processed-handoff-v10.zip::asai-worldline-v48r3-source-restored/2026-08-27-marine-gt-handoff/SHA256SUMS-HANDOFF-PASS7.txt	zip-member	marine-process-history	ARCHIVE-PROCESS	marine;gas-turbine;company
nested/asai-worldline-v48r3-source-restored/2026-08-27-marine-gt-handoff/SHA256SUMS-HANDOFF-PASS8.txt	90-SOURCE-QUARANTINE/2026-08-29-FULL-V3/asai-worldline-20260828-v48r3-marine-gt-processed-handoff-v10.zip::asai-worldline-v48r3-source-restored/2026-08-27-marine-gt-handoff/SHA256SUMS-HANDOFF-PASS8.txt	zip-member	marine-process-history	ARCHIVE-PROCESS	marine;gas-turbine;company
nested/asai-worldline-v48r3-source-restored/2026-08-27-marine-gt-handoff/SHA256SUMS-HANDOFF-PASS9.txt	90-SOURCE-QUARANTINE/2026-08-29-FULL-V3/asai-worldline-20260828-v48r3-marine-gt-processed-handoff-v10.zip::asai-worldline-v48r3-source-restored/2026-08-27-marine-gt-handoff/SHA256SUMS-HANDOFF-PASS9.txt	zip-member	marine-process-history	ARCHIVE-PROCESS	marine;gas-turbine;company
nested/asai-worldline-v48r3-source-restored/2026-08-27-marine-gt-handoff/SHA256SUMS-HANDOFF.txt	90-SOURCE-QUARANTINE/2026-08-29-FULL-V3/asai-worldline-20260828-v48r3-marine-gt-processed-handoff-v10.zip::asai-worldline-v48r3-source-restored/2026-08-27-marine-gt-handoff/SHA256SUMS-HANDOFF.txt	zip-member	marine-process-history	ARCHIVE-PROCESS	marine;gas-turbine;company
nested/asai-worldline-v48r3-source-restored/21-SUBMARINE-UNDERWATER-RECONCILIATION-V22-2026-08-23.md	90-SOURCE-QUARANTINE/2026-08-29-FULL-V3/asai-worldline-20260828-v48r3-marine-gt-processed-handoff-v10.zip::asai-worldline-v48r3-source-restored/21-SUBMARINE-UNDERWATER-RECONCILIATION-V22-2026-08-23.md	zip-member	semantic-v48-support	BASE-SUPPORT	marine
nested/asai-worldline-v48r3-source-restored/22-DATA-INTEGRITY-AUDIT-V22R1-2026-08-23.md	90-SOURCE-QUARANTINE/2026-08-29-FULL-V3/asai-worldline-20260828-v48r3-marine-gt-processed-handoff-v10.zip::asai-worldline-v48r3-source-restored/22-DATA-INTEGRITY-AUDIT-V22R1-2026-08-23.md	zip-member	semantic-v48-support	BASE-SUPPORT	cross-domain
nested/asai-worldline-v48r3-source-restored/23-SEMANTIC-RECALL-AUDIT-V22R2-2026-08-23.md	90-SOURCE-QUARANTINE/2026-08-29-FULL-V3/asai-worldline-20260828-v48r3-marine-gt-processed-handoff-v10.zip::asai-worldline-v48r3-source-restored/23-SEMANTIC-RECALL-AUDIT-V22R2-2026-08-23.md	zip-member	semantic-v48-support	BASE-SUPPORT	cross-domain
nested/asai-worldline-v48r3-source-restored/24-MACHINE-CHRONOLOGY-AUDIT-V22R3-2026-08-23.md	90-SOURCE-QUARANTINE/2026-08-29-FULL-V3/asai-worldline-20260828-v48r3-marine-gt-processed-handoff-v10.zip::asai-worldline-v48r3-source-restored/24-MACHINE-CHRONOLOGY-AUDIT-V22R3-2026-08-23.md	zip-member	semantic-v48-support	BASE-SUPPORT	cross-domain
nested/asai-worldline-v48r3-source-restored/25-MACHINE-LAYER-REPRODUCIBILITY-AUDIT-V22R4-2026-08-23.md	90-SOURCE-QUARANTINE/2026-08-29-FULL-V3/asai-worldline-20260828-v48r3-marine-gt-processed-handoff-v10.zip::asai-worldline-v48r3-source-restored/25-MACHINE-LAYER-REPRODUCIBILITY-AUDIT-V22R4-2026-08-23.md	zip-member	semantic-v48-support	BASE-SUPPORT	cross-domain
nested/asai-worldline-v48r3-source-restored/26-SUBMARINE-NEXT-GENERATION-CLOSURE-V23-2026-08-23.md	90-SOURCE-QUARANTINE/2026-08-29-FULL-V3/asai-worldline-20260828-v48r3-marine-gt-processed-handoff-v10.zip::asai-worldline-v48r3-source-restored/26-SUBMARINE-NEXT-GENERATION-CLOSURE-V23-2026-08-23.md	zip-member	semantic-v48-support	BASE-SUPPORT	marine
nested/asai-worldline-v48r3-source-restored/27-CROSS-DOMAIN-OPEN-QUEUE-V23-2026-08-23.md	90-SOURCE-QUARANTINE/2026-08-29-FULL-V3/asai-worldline-20260828-v48r3-marine-gt-processed-handoff-v10.zip::asai-worldline-v48r3-source-restored/27-CROSS-DOMAIN-OPEN-QUEUE-V23-2026-08-23.md	zip-member	machine-v48r3	MACHINE-CURRENT	cross-domain
nested/asai-worldline-v48r3-source-restored/28-MACHINE-LAYER-REFRESH-V23R1-2026-08-23.md	90-SOURCE-QUARANTINE/2026-08-29-FULL-V3/asai-worldline-20260828-v48r3-marine-gt-processed-handoff-v10.zip::asai-worldline-v48r3-source-restored/28-MACHINE-LAYER-REFRESH-V23R1-2026-08-23.md	zip-member	semantic-v48-support	BASE-SUPPORT	cross-domain
nested/asai-worldline-v48r3-source-restored/29-CROSS-DOMAIN-TECHNICAL-CLOSURE-V24-2026-08-24.md	90-SOURCE-QUARANTINE/2026-08-29-FULL-V3/asai-worldline-20260828-v48r3-marine-gt-processed-handoff-v10.zip::asai-worldline-v48r3-source-restored/29-CROSS-DOMAIN-TECHNICAL-CLOSURE-V24-2026-08-24.md	zip-member	machine-v48r3	MACHINE-CURRENT	cross-domain
nested/asai-worldline-v48r3-source-restored/34-MACHINE-LAYER-REFRESH-V24R1-2026-08-24.md	90-SOURCE-QUARANTINE/2026-08-29-FULL-V3/asai-worldline-20260828-v48r3-marine-gt-processed-handoff-v10.zip::asai-worldline-v48r3-source-restored/34-MACHINE-LAYER-REFRESH-V24R1-2026-08-24.md	zip-member	semantic-v48-support	BASE-SUPPORT	cross-domain
nested/asai-worldline-v48r3-source-restored/35-MACHINE-LAYER-SEMANTIC-RECALL-REPAIR-V24R2-2026-08-24.md	90-SOURCE-QUARANTINE/2026-08-29-FULL-V3/asai-worldline-20260828-v48r3-marine-gt-processed-handoff-v10.zip::asai-worldline-v48r3-source-restored/35-MACHINE-LAYER-SEMANTIC-RECALL-REPAIR-V24R2-2026-08-24.md	zip-member	semantic-v48-support	BASE-SUPPORT	cross-domain
nested/asai-worldline-v48r3-source-restored/36-POST-COMPUTATION-OPEN-AUDIT-V24R2-2026-08-24.md	90-SOURCE-QUARANTINE/2026-08-29-FULL-V3/asai-worldline-20260828-v48r3-marine-gt-processed-handoff-v10.zip::asai-worldline-v48r3-source-restored/36-POST-COMPUTATION-OPEN-AUDIT-V24R2-2026-08-24.md	zip-member	semantic-v48-support	BASE-SUPPORT	computation
nested/asai-worldline-v48r3-source-restored/37-TANK-CONDITIONAL-TECHNICAL-CLOSURE-V25-2026-08-24.md	90-SOURCE-QUARANTINE/2026-08-29-FULL-V3/asai-worldline-20260828-v48r3-marine-gt-processed-handoff-v10.zip::asai-worldline-v48r3-source-restored/37-TANK-CONDITIONAL-TECHNICAL-CLOSURE-V25-2026-08-24.md	zip-member	semantic-v48-support	BASE-SUPPORT	ground
nested/asai-worldline-v48r3-source-restored/38-MACHINE-LAYER-REFRESH-V25R1-2026-08-24.md	90-SOURCE-QUARANTINE/2026-08-29-FULL-V3/asai-worldline-20260828-v48r3-marine-gt-processed-handoff-v10.zip::asai-worldline-v48r3-source-restored/38-MACHINE-LAYER-REFRESH-V25R1-2026-08-24.md	zip-member	semantic-v48-support	BASE-SUPPORT	cross-domain
nested/asai-worldline-v48r3-source-restored/39-POST-TANK-OPEN-AUDIT-V25R1-2026-08-24.md	90-SOURCE-QUARANTINE/2026-08-29-FULL-V3/asai-worldline-20260828-v48r3-marine-gt-processed-handoff-v10.zip::asai-worldline-v48r3-source-restored/39-POST-TANK-OPEN-AUDIT-V25R1-2026-08-24.md	zip-member	semantic-v48-support	BASE-SUPPORT	ground
nested/asai-worldline-v48r3-source-restored/40-AIRCRAFT-POST-COMPUTATION-TECHNICAL-CLOSURE-V26-2026-08-25.md	90-SOURCE-QUARANTINE/2026-08-29-FULL-V3/asai-worldline-20260828-v48r3-marine-gt-processed-handoff-v10.zip::asai-worldline-v48r3-source-restored/40-AIRCRAFT-POST-COMPUTATION-TECHNICAL-CLOSURE-V26-2026-08-25.md	zip-member	semantic-v48-support	BASE-SUPPORT	aviation;computation
nested/asai-worldline-v48r3-source-restored/41-MACHINE-LAYER-REFRESH-V26R1-2026-08-25.md	90-SOURCE-QUARANTINE/2026-08-29-FULL-V3/asai-worldline-20260828-v48r3-marine-gt-processed-handoff-v10.zip::asai-worldline-v48r3-source-restored/41-MACHINE-LAYER-REFRESH-V26R1-2026-08-25.md	zip-member	semantic-v48-support	BASE-SUPPORT	cross-domain
nested/asai-worldline-v48r3-source-restored/42-POST-AIRCRAFT-OPEN-AUDIT-V26R1-2026-08-25.md	90-SOURCE-QUARANTINE/2026-08-29-FULL-V3/asai-worldline-20260828-v48r3-marine-gt-processed-handoff-v10.zip::asai-worldline-v48r3-source-restored/42-POST-AIRCRAFT-OPEN-AUDIT-V26R1-2026-08-25.md	zip-member	semantic-v48-support	BASE-SUPPORT	aviation
nested/asai-worldline-v48r3-source-restored/43-PACKAGE-QA-V26R1-2026-08-25.md	90-SOURCE-QUARANTINE/2026-08-29-FULL-V3/asai-worldline-20260828-v48r3-marine-gt-processed-handoff-v10.zip::asai-worldline-v48r3-source-restored/43-PACKAGE-QA-V26R1-2026-08-25.md	zip-member	semantic-v48-support	BASE-SUPPORT	cross-domain
nested/asai-worldline-v48r3-source-restored/44-EARLY-TANK-MATERIALS-COMPUTATION-REBASELINE-V27-2026-08-25.md	90-SOURCE-QUARANTINE/2026-08-29-FULL-V3/asai-worldline-20260828-v48r3-marine-gt-processed-handoff-v10.zip::asai-worldline-v48r3-source-restored/44-EARLY-TANK-MATERIALS-COMPUTATION-REBASELINE-V27-2026-08-25.md	zip-member	semantic-v48-support	BASE-SUPPORT	ground;materials;computation
nested/asai-worldline-v48r3-source-restored/45-MARINE-GT-SMALL-CRAFT-REBASELINE-V27-2026-08-25.md	90-SOURCE-QUARANTINE/2026-08-29-FULL-V3/asai-worldline-20260828-v48r3-marine-gt-processed-handoff-v10.zip::asai-worldline-v48r3-source-restored/45-MARINE-GT-SMALL-CRAFT-REBASELINE-V27-2026-08-25.md	zip-member	semantic-v48-support	BASE-SUPPORT	marine;gas-turbine
nested/asai-worldline-v48r3-source-restored/46-POST-V27-OPEN-AUDIT-V27R1-2026-08-25.md	90-SOURCE-QUARANTINE/2026-08-29-FULL-V3/asai-worldline-20260828-v48r3-marine-gt-processed-handoff-v10.zip::asai-worldline-v48r3-source-restored/46-POST-V27-OPEN-AUDIT-V27R1-2026-08-25.md	zip-member	semantic-v48-support	BASE-SUPPORT	cross-domain
nested/asai-worldline-v48r3-source-restored/47-MACHINE-LAYER-REFRESH-V27R1-2026-08-25.md	90-SOURCE-QUARANTINE/2026-08-29-FULL-V3/asai-worldline-20260828-v48r3-marine-gt-processed-handoff-v10.zip::asai-worldline-v48r3-source-restored/47-MACHINE-LAYER-REFRESH-V27R1-2026-08-25.md	zip-member	semantic-v48-support	BASE-SUPPORT	cross-domain
nested/asai-worldline-v48r3-source-restored/48-PACKAGE-QA-V27R1-2026-08-25.md	90-SOURCE-QUARANTINE/2026-08-29-FULL-V3/asai-worldline-20260828-v48r3-marine-gt-processed-handoff-v10.zip::asai-worldline-v48r3-source-restored/48-PACKAGE-QA-V27R1-2026-08-25.md	zip-member	semantic-v48-support	BASE-SUPPORT	cross-domain
nested/asai-worldline-v48r3-source-restored/49-SURFACE-SHIP-LARGE-MARINE-REBASELINE-V28-2026-08-25.md	90-SOURCE-QUARANTINE/2026-08-29-FULL-V3/asai-worldline-20260828-v48r3-marine-gt-processed-handoff-v10.zip::asai-worldline-v48r3-source-restored/49-SURFACE-SHIP-LARGE-MARINE-REBASELINE-V28-2026-08-25.md	zip-member	semantic-v48-support	BASE-SUPPORT	marine
nested/asai-worldline-v48r3-source-restored/50-POST-V28-OPEN-AUDIT-V28R1-2026-08-25.md	90-SOURCE-QUARANTINE/2026-08-29-FULL-V3/asai-worldline-20260828-v48r3-marine-gt-processed-handoff-v10.zip::asai-worldline-v48r3-source-restored/50-POST-V28-OPEN-AUDIT-V28R1-2026-08-25.md	zip-member	semantic-v48-support	BASE-SUPPORT	cross-domain
nested/asai-worldline-v48r3-source-restored/51-MACHINE-LAYER-REFRESH-V28R1-2026-08-25.md	90-SOURCE-QUARANTINE/2026-08-29-FULL-V3/asai-worldline-20260828-v48r3-marine-gt-processed-handoff-v10.zip::asai-worldline-v48r3-source-restored/51-MACHINE-LAYER-REFRESH-V28R1-2026-08-25.md	zip-member	semantic-v48-support	BASE-SUPPORT	cross-domain
nested/asai-worldline-v48r3-source-restored/52-PACKAGE-QA-V28R1-2026-08-25.md	90-SOURCE-QUARANTINE/2026-08-29-FULL-V3/asai-worldline-20260828-v48r3-marine-gt-processed-handoff-v10.zip::asai-worldline-v48r3-source-restored/52-PACKAGE-QA-V28R1-2026-08-25.md	zip-member	semantic-v48-support	BASE-SUPPORT	cross-domain
nested/asai-worldline-v48r3-source-restored/53-MARINE-GT-SMALL-CRAFT-DESIGN-CLOSURE-V29-2026-08-25.md	90-SOURCE-QUARANTINE/2026-08-29-FULL-V3/asai-worldline-20260828-v48r3-marine-gt-processed-handoff-v10.zip::asai-worldline-v48r3-source-restored/53-MARINE-GT-SMALL-CRAFT-DESIGN-CLOSURE-V29-2026-08-25.md	zip-member	semantic-v48-support	BASE-SUPPORT	marine;gas-turbine
nested/asai-worldline-v48r3-source-restored/54-POST-V29-OPEN-AUDIT-V29R1-2026-08-25.md	90-SOURCE-QUARANTINE/2026-08-29-FULL-V3/asai-worldline-20260828-v48r3-marine-gt-processed-handoff-v10.zip::asai-worldline-v48r3-source-restored/54-POST-V29-OPEN-AUDIT-V29R1-2026-08-25.md	zip-member	semantic-v48-support	BASE-SUPPORT	cross-domain
nested/asai-worldline-v48r3-source-restored/55-MACHINE-LAYER-REFRESH-V29R1-2026-08-25.md	90-SOURCE-QUARANTINE/2026-08-29-FULL-V3/asai-worldline-20260828-v48r3-marine-gt-processed-handoff-v10.zip::asai-worldline-v48r3-source-restored/55-MACHINE-LAYER-REFRESH-V29R1-2026-08-25.md	zip-member	semantic-v48-support	BASE-SUPPORT	cross-domain
nested/asai-worldline-v48r3-source-restored/56-PACKAGE-QA-V29R1-2026-08-25.md	90-SOURCE-QUARANTINE/2026-08-29-FULL-V3/asai-worldline-20260828-v48r3-marine-gt-processed-handoff-v10.zip::asai-worldline-v48r3-source-restored/56-PACKAGE-QA-V29R1-2026-08-25.md	zip-member	semantic-v48-support	BASE-SUPPORT	cross-domain
nested/asai-worldline-v48r3-source-restored/57-GFRP-SMALL-CRAFT-HULL-REBASELINE-V30-2026-08-25.md	90-SOURCE-QUARANTINE/2026-08-29-FULL-V3/asai-worldline-20260828-v48r3-marine-gt-processed-handoff-v10.zip::asai-worldline-v48r3-source-restored/57-GFRP-SMALL-CRAFT-HULL-REBASELINE-V30-2026-08-25.md	zip-member	semantic-v48-support	BASE-SUPPORT	materials
nested/asai-worldline-v48r3-source-restored/58-POST-V30-OPEN-AUDIT-V30R1-2026-08-25.md	90-SOURCE-QUARANTINE/2026-08-29-FULL-V3/asai-worldline-20260828-v48r3-marine-gt-processed-handoff-v10.zip::asai-worldline-v48r3-source-restored/58-POST-V30-OPEN-AUDIT-V30R1-2026-08-25.md	zip-member	semantic-v48-support	BASE-SUPPORT	cross-domain
nested/asai-worldline-v48r3-source-restored/59-MACHINE-LAYER-REFRESH-V30R1-2026-08-25.md	90-SOURCE-QUARANTINE/2026-08-29-FULL-V3/asai-worldline-20260828-v48r3-marine-gt-processed-handoff-v10.zip::asai-worldline-v48r3-source-restored/59-MACHINE-LAYER-REFRESH-V30R1-2026-08-25.md	zip-member	semantic-v48-support	BASE-SUPPORT	cross-domain
nested/asai-worldline-v48r3-source-restored/60-PACKAGE-QA-V30R1-2026-08-25.md	90-SOURCE-QUARANTINE/2026-08-29-FULL-V3/asai-worldline-20260828-v48r3-marine-gt-processed-handoff-v10.zip::asai-worldline-v48r3-source-restored/60-PACKAGE-QA-V30R1-2026-08-25.md	zip-member	semantic-v48-support	BASE-SUPPORT	cross-domain
nested/asai-worldline-v48r3-source-restored/61-ARMY-FIGHTER-H-TO-A-REBASELINE-V31-2026-08-25.md	90-SOURCE-QUARANTINE/2026-08-29-FULL-V3/asai-worldline-20260828-v48r3-marine-gt-processed-handoff-v10.zip::asai-worldline-v48r3-source-restored/61-ARMY-FIGHTER-H-TO-A-REBASELINE-V31-2026-08-25.md	zip-member	semantic-v48-support	BASE-SUPPORT	aviation
nested/asai-worldline-v48r3-source-restored/62-POST-V31-OPEN-AUDIT-V31R1-2026-08-25.md	90-SOURCE-QUARANTINE/2026-08-29-FULL-V3/asai-worldline-20260828-v48r3-marine-gt-processed-handoff-v10.zip::asai-worldline-v48r3-source-restored/62-POST-V31-OPEN-AUDIT-V31R1-2026-08-25.md	zip-member	semantic-v48-support	BASE-SUPPORT	cross-domain
nested/asai-worldline-v48r3-source-restored/63-MACHINE-LAYER-REFRESH-V31R1-2026-08-25.md	90-SOURCE-QUARANTINE/2026-08-29-FULL-V3/asai-worldline-20260828-v48r3-marine-gt-processed-handoff-v10.zip::asai-worldline-v48r3-source-restored/63-MACHINE-LAYER-REFRESH-V31R1-2026-08-25.md	zip-member	semantic-v48-support	BASE-SUPPORT	cross-domain
nested/asai-worldline-v48r3-source-restored/64-PACKAGE-QA-V31R1-2026-08-25.md	90-SOURCE-QUARANTINE/2026-08-29-FULL-V3/asai-worldline-20260828-v48r3-marine-gt-processed-handoff-v10.zip::asai-worldline-v48r3-source-restored/64-PACKAGE-QA-V31R1-2026-08-25.md	zip-member	semantic-v48-support	BASE-SUPPORT	cross-domain
nested/asai-worldline-v48r3-source-restored/65-ROTORCRAFT-1942-PLUS-REBASELINE-V32-2026-08-25.md	90-SOURCE-QUARANTINE/2026-08-29-FULL-V3/asai-worldline-20260828-v48r3-marine-gt-processed-handoff-v10.zip::asai-worldline-v48r3-source-restored/65-ROTORCRAFT-1942-PLUS-REBASELINE-V32-2026-08-25.md	zip-member	semantic-v48-support	BASE-SUPPORT	aviation
nested/asai-worldline-v48r3-source-restored/66-POST-V32-OPEN-AUDIT-V32R1-2026-08-25.md	90-SOURCE-QUARANTINE/2026-08-29-FULL-V3/asai-worldline-20260828-v48r3-marine-gt-processed-handoff-v10.zip::asai-worldline-v48r3-source-restored/66-POST-V32-OPEN-AUDIT-V32R1-2026-08-25.md	zip-member	semantic-v48-support	BASE-SUPPORT	cross-domain
nested/asai-worldline-v48r3-source-restored/67-MACHINE-LAYER-REFRESH-V32R1-2026-08-25.md	90-SOURCE-QUARANTINE/2026-08-29-FULL-V3/asai-worldline-20260828-v48r3-marine-gt-processed-handoff-v10.zip::asai-worldline-v48r3-source-restored/67-MACHINE-LAYER-REFRESH-V32R1-2026-08-25.md	zip-member	semantic-v48-support	BASE-SUPPORT	cross-domain
nested/asai-worldline-v48r3-source-restored/68-PACKAGE-QA-V32R1-2026-08-25.md	90-SOURCE-QUARANTINE/2026-08-29-FULL-V3/asai-worldline-20260828-v48r3-marine-gt-processed-handoff-v10.zip::asai-worldline-v48r3-source-restored/68-PACKAGE-QA-V32R1-2026-08-25.md	zip-member	semantic-v48-support	BASE-SUPPORT	cross-domain
nested/asai-worldline-v48r3-source-restored/69-RADIO-RADAR-RELIABILITY-REBASELINE-V33-2026-08-25.md	90-SOURCE-QUARANTINE/2026-08-29-FULL-V3/asai-worldline-20260828-v48r3-marine-gt-processed-handoff-v10.zip::asai-worldline-v48r3-source-restored/69-RADIO-RADAR-RELIABILITY-REBASELINE-V33-2026-08-25.md	zip-member	semantic-v48-support	BASE-SUPPORT	weapons-systems
nested/asai-worldline-v48r3-source-restored/70-POST-V33-OPEN-AUDIT-V33R1-2026-08-25.md	90-SOURCE-QUARANTINE/2026-08-29-FULL-V3/asai-worldline-20260828-v48r3-marine-gt-processed-handoff-v10.zip::asai-worldline-v48r3-source-restored/70-POST-V33-OPEN-AUDIT-V33R1-2026-08-25.md	zip-member	semantic-v48-support	BASE-SUPPORT	cross-domain
nested/asai-worldline-v48r3-source-restored/71-MACHINE-LAYER-REFRESH-V33R1-2026-08-25.md	90-SOURCE-QUARANTINE/2026-08-29-FULL-V3/asai-worldline-20260828-v48r3-marine-gt-processed-handoff-v10.zip::asai-worldline-v48r3-source-restored/71-MACHINE-LAYER-REFRESH-V33R1-2026-08-25.md	zip-member	semantic-v48-support	BASE-SUPPORT	cross-domain
nested/asai-worldline-v48r3-source-restored/72-PACKAGE-QA-V33R1-2026-08-25.md	90-SOURCE-QUARANTINE/2026-08-29-FULL-V3/asai-worldline-20260828-v48r3-marine-gt-processed-handoff-v10.zip::asai-worldline-v48r3-source-restored/72-PACKAGE-QA-V33R1-2026-08-25.md	zip-member	semantic-v48-support	BASE-SUPPORT	cross-domain
nested/asai-worldline-v48r3-source-restored/73-MINE-SURVEY-ARTILLERY-MET-REBASELINE-V34-2026-08-25.md	90-SOURCE-QUARANTINE/2026-08-29-FULL-V3/asai-worldline-20260828-v48r3-marine-gt-processed-handoff-v10.zip::asai-worldline-v48r3-source-restored/73-MINE-SURVEY-ARTILLERY-MET-REBASELINE-V34-2026-08-25.md	zip-member	semantic-v48-support	BASE-SUPPORT	cross-domain
nested/asai-worldline-v48r3-source-restored/74-POST-V34-OPEN-AUDIT-V34R1-2026-08-25.md	90-SOURCE-QUARANTINE/2026-08-29-FULL-V3/asai-worldline-20260828-v48r3-marine-gt-processed-handoff-v10.zip::asai-worldline-v48r3-source-restored/74-POST-V34-OPEN-AUDIT-V34R1-2026-08-25.md	zip-member	semantic-v48-support	BASE-SUPPORT	cross-domain
nested/asai-worldline-v48r3-source-restored/75-MACHINE-LAYER-REFRESH-V34R1-2026-08-25.md	90-SOURCE-QUARANTINE/2026-08-29-FULL-V3/asai-worldline-20260828-v48r3-marine-gt-processed-handoff-v10.zip::asai-worldline-v48r3-source-restored/75-MACHINE-LAYER-REFRESH-V34R1-2026-08-25.md	zip-member	semantic-v48-support	BASE-SUPPORT	cross-domain
nested/asai-worldline-v48r3-source-restored/76-PACKAGE-QA-V34R1-2026-08-25.md	90-SOURCE-QUARANTINE/2026-08-29-FULL-V3/asai-worldline-20260828-v48r3-marine-gt-processed-handoff-v10.zip::asai-worldline-v48r3-source-restored/76-PACKAGE-QA-V34R1-2026-08-25.md	zip-member	semantic-v48-support	BASE-SUPPORT	cross-domain
nested/asai-worldline-v48r3-source-restored/77-SUBMARINE-BATTERY-MOTOR-YARD-REBASELINE-V35-2026-08-25.md	90-SOURCE-QUARANTINE/2026-08-29-FULL-V3/asai-worldline-20260828-v48r3-marine-gt-processed-handoff-v10.zip::asai-worldline-v48r3-source-restored/77-SUBMARINE-BATTERY-MOTOR-YARD-REBASELINE-V35-2026-08-25.md	zip-member	semantic-v48-support	BASE-SUPPORT	marine
nested/asai-worldline-v48r3-source-restored/78-POST-V35-OPEN-AUDIT-V35R1-2026-08-25.md	90-SOURCE-QUARANTINE/2026-08-29-FULL-V3/asai-worldline-20260828-v48r3-marine-gt-processed-handoff-v10.zip::asai-worldline-v48r3-source-restored/78-POST-V35-OPEN-AUDIT-V35R1-2026-08-25.md	zip-member	semantic-v48-support	BASE-SUPPORT	cross-domain
nested/asai-worldline-v48r3-source-restored/79-MACHINE-LAYER-REFRESH-V35R1-2026-08-25.md	90-SOURCE-QUARANTINE/2026-08-29-FULL-V3/asai-worldline-20260828-v48r3-marine-gt-processed-handoff-v10.zip::asai-worldline-v48r3-source-restored/79-MACHINE-LAYER-REFRESH-V35R1-2026-08-25.md	zip-member	semantic-v48-support	BASE-SUPPORT	cross-domain
nested/asai-worldline-v48r3-source-restored/80-PACKAGE-QA-V35R1-2026-08-25.md	90-SOURCE-QUARANTINE/2026-08-29-FULL-V3/asai-worldline-20260828-v48r3-marine-gt-processed-handoff-v10.zip::asai-worldline-v48r3-source-restored/80-PACKAGE-QA-V35R1-2026-08-25.md	zip-member	semantic-v48-support	BASE-SUPPORT	cross-domain
nested/asai-worldline-v48r3-source-restored/81-SUBMARINE-NEXT-GEN-2CYCLE-PRIME-MOVER-GATE-V36-2026-08-25.md	90-SOURCE-QUARANTINE/2026-08-29-FULL-V3/asai-worldline-20260828-v48r3-marine-gt-processed-handoff-v10.zip::asai-worldline-v48r3-source-restored/81-SUBMARINE-NEXT-GEN-2CYCLE-PRIME-MOVER-GATE-V36-2026-08-25.md	zip-member	semantic-v48-support	BASE-SUPPORT	marine
nested/asai-worldline-v48r3-source-restored/82-POST-V36-OPEN-AUDIT-V36R1-2026-08-25.md	90-SOURCE-QUARANTINE/2026-08-29-FULL-V3/asai-worldline-20260828-v48r3-marine-gt-processed-handoff-v10.zip::asai-worldline-v48r3-source-restored/82-POST-V36-OPEN-AUDIT-V36R1-2026-08-25.md	zip-member	semantic-v48-support	BASE-SUPPORT	cross-domain
nested/asai-worldline-v48r3-source-restored/83-MACHINE-LAYER-REFRESH-V36R1-2026-08-25.md	90-SOURCE-QUARANTINE/2026-08-29-FULL-V3/asai-worldline-20260828-v48r3-marine-gt-processed-handoff-v10.zip::asai-worldline-v48r3-source-restored/83-MACHINE-LAYER-REFRESH-V36R1-2026-08-25.md	zip-member	semantic-v48-support	BASE-SUPPORT	cross-domain
nested/asai-worldline-v48r3-source-restored/84-PACKAGE-QA-V36R1-2026-08-25.md	90-SOURCE-QUARANTINE/2026-08-29-FULL-V3/asai-worldline-20260828-v48r3-marine-gt-processed-handoff-v10.zip::asai-worldline-v48r3-source-restored/84-PACKAGE-QA-V36R1-2026-08-25.md	zip-member	semantic-v48-support	BASE-SUPPORT	cross-domain
nested/asai-worldline-v48r3-source-restored/85-E8-E9-LATER-WAR-PROPULSION-REBASELINE-V37-2026-08-25.md	90-SOURCE-QUARANTINE/2026-08-29-FULL-V3/asai-worldline-20260828-v48r3-marine-gt-processed-handoff-v10.zip::asai-worldline-v48r3-source-restored/85-E8-E9-LATER-WAR-PROPULSION-REBASELINE-V37-2026-08-25.md	zip-member	semantic-v48-support	BASE-SUPPORT	cross-domain
nested/asai-worldline-v48r3-source-restored/86-POST-V37-OPEN-AUDIT-V37R1-2026-08-25.md	90-SOURCE-QUARANTINE/2026-08-29-FULL-V3/asai-worldline-20260828-v48r3-marine-gt-processed-handoff-v10.zip::asai-worldline-v48r3-source-restored/86-POST-V37-OPEN-AUDIT-V37R1-2026-08-25.md	zip-member	semantic-v48-support	BASE-SUPPORT	cross-domain
nested/asai-worldline-v48r3-source-restored/87-MACHINE-LAYER-REFRESH-V37R1-2026-08-25.md	90-SOURCE-QUARANTINE/2026-08-29-FULL-V3/asai-worldline-20260828-v48r3-marine-gt-processed-handoff-v10.zip::asai-worldline-v48r3-source-restored/87-MACHINE-LAYER-REFRESH-V37R1-2026-08-25.md	zip-member	semantic-v48-support	BASE-SUPPORT	cross-domain
nested/asai-worldline-v48r3-source-restored/88-PACKAGE-QA-V37R1-2026-08-25.md	90-SOURCE-QUARANTINE/2026-08-29-FULL-V3/asai-worldline-20260828-v48r3-marine-gt-processed-handoff-v10.zip::asai-worldline-v48r3-source-restored/88-PACKAGE-QA-V37R1-2026-08-25.md	zip-member	semantic-v48-support	BASE-SUPPORT	cross-domain
nested/asai-worldline-v48r3-source-restored/89-COMPUTATION-ERA-CAPABILITY-INVENTORY-DRAFT-V38-2026-08-25.md	90-SOURCE-QUARANTINE/2026-08-29-FULL-V3/asai-worldline-20260828-v48r3-marine-gt-processed-handoff-v10.zip::asai-worldline-v48r3-source-restored/89-COMPUTATION-ERA-CAPABILITY-INVENTORY-DRAFT-V38-2026-08-25.md	zip-member	machine-v48r3	MACHINE-CURRENT	computation
nested/asai-worldline-v48r3-source-restored/90-CAPABILITY-CONVERGENCE-SCORING-FRAMEWORK-DRAFT-V38-2026-08-25.md	90-SOURCE-QUARANTINE/2026-08-29-FULL-V3/asai-worldline-20260828-v48r3-marine-gt-processed-handoff-v10.zip::asai-worldline-v48r3-source-restored/90-CAPABILITY-CONVERGENCE-SCORING-FRAMEWORK-DRAFT-V38-2026-08-25.md	zip-member	machine-v48r3	MACHINE-CURRENT	cross-domain
nested/asai-worldline-v48r3-source-restored/91-GT-CAPABILITY-CONVERGENCE-MATRIX-DRAFT-V38-2026-08-25.md	90-SOURCE-QUARANTINE/2026-08-29-FULL-V3/asai-worldline-20260828-v48r3-marine-gt-processed-handoff-v10.zip::asai-worldline-v48r3-source-restored/91-GT-CAPABILITY-CONVERGENCE-MATRIX-DRAFT-V38-2026-08-25.md	zip-member	machine-v48r3	MACHINE-CURRENT	gas-turbine
nested/asai-worldline-v48r3-source-restored/92-CROSS-DOMAIN-CONVERGENCE-MAP-DRAFT-V38-2026-08-25.md	90-SOURCE-QUARANTINE/2026-08-29-FULL-V3/asai-worldline-20260828-v48r3-marine-gt-processed-handoff-v10.zip::asai-worldline-v48r3-source-restored/92-CROSS-DOMAIN-CONVERGENCE-MAP-DRAFT-V38-2026-08-25.md	zip-member	machine-v48r3	MACHINE-CURRENT	cross-domain
nested/asai-worldline-v48r3-source-restored/93-GT-COMPUTATION-REDISTRIBUTION-AUDIT-DRAFT-V38-2026-08-25.md	90-SOURCE-QUARANTINE/2026-08-29-FULL-V3/asai-worldline-20260828-v48r3-marine-gt-processed-handoff-v10.zip::asai-worldline-v48r3-source-restored/93-GT-COMPUTATION-REDISTRIBUTION-AUDIT-DRAFT-V38-2026-08-25.md	zip-member	semantic-v48-support	BASE-SUPPORT	gas-turbine;computation
nested/asai-worldline-v48r3-source-restored/94-METALLURGY-TIME-HEADSTART-CONVERGENCE-DRAFT-V38-2026-08-25.md	90-SOURCE-QUARANTINE/2026-08-29-FULL-V3/asai-worldline-20260828-v48r3-marine-gt-processed-handoff-v10.zip::asai-worldline-v48r3-source-restored/94-METALLURGY-TIME-HEADSTART-CONVERGENCE-DRAFT-V38-2026-08-25.md	zip-member	semantic-v48-support	BASE-SUPPORT	materials
nested/asai-worldline-v48r3-source-restored/95-METALLURGY-TEST-START-LEDGER-DRAFT-V38-2026-08-25.md	90-SOURCE-QUARANTINE/2026-08-29-FULL-V3/asai-worldline-20260828-v48r3-marine-gt-processed-handoff-v10.zip::asai-worldline-v48r3-source-restored/95-METALLURGY-TEST-START-LEDGER-DRAFT-V38-2026-08-25.md	zip-member	semantic-v48-support	BASE-SUPPORT	materials
nested/asai-worldline-v48r3-source-restored/96-EARLY-HOT-SECTION-MATERIALS-TEST-PROGRAM-DRAFT-V38-2026-08-25.md	90-SOURCE-QUARANTINE/2026-08-29-FULL-V3/asai-worldline-20260828-v48r3-marine-gt-processed-handoff-v10.zip::asai-worldline-v48r3-source-restored/96-EARLY-HOT-SECTION-MATERIALS-TEST-PROGRAM-DRAFT-V38-2026-08-25.md	zip-member	semantic-v48-support	BASE-SUPPORT	materials
nested/asai-worldline-v48r3-source-restored/97-GT-LIFE-TBO-SEMANTIC-LEDGER-DRAFT-V38-2026-08-25.md	90-SOURCE-QUARANTINE/2026-08-29-FULL-V3/asai-worldline-20260828-v48r3-marine-gt-processed-handoff-v10.zip::asai-worldline-v48r3-source-restored/97-GT-LIFE-TBO-SEMANTIC-LEDGER-DRAFT-V38-2026-08-25.md	zip-member	semantic-v48-support	BASE-SUPPORT	gas-turbine
nested/asai-worldline-v48r3-source-restored/98-AVIATION-CAPABILITY-CONVERGENCE-MATRIX-DRAFT-V38-2026-08-25.md	90-SOURCE-QUARANTINE/2026-08-29-FULL-V3/asai-worldline-20260828-v48r3-marine-gt-processed-handoff-v10.zip::asai-worldline-v48r3-source-restored/98-AVIATION-CAPABILITY-CONVERGENCE-MATRIX-DRAFT-V38-2026-08-25.md	zip-member	machine-v48r3	MACHINE-CURRENT	aviation
nested/asai-worldline-v48r3-source-restored/99-V38-CANONICALIZATION-DECISION-LEDGER-2026-08-25.md	90-SOURCE-QUARANTINE/2026-08-29-FULL-V3/asai-worldline-20260828-v48r3-marine-gt-processed-handoff-v10.zip::asai-worldline-v48r3-source-restored/99-V38-CANONICALIZATION-DECISION-LEDGER-2026-08-25.md	zip-member	semantic-v48-support	BASE-SUPPORT	cross-domain
nested/asai-worldline-v48r3-source-restored/APPLICATION-TABLE-NOTES-2026-08-15.md	90-SOURCE-QUARANTINE/2026-08-29-FULL-V3/asai-worldline-20260828-v48r3-marine-gt-processed-handoff-v10.zip::asai-worldline-v48r3-source-restored/APPLICATION-TABLE-NOTES-2026-08-15.md	zip-member	semantic-v48-support	BASE-SUPPORT	cross-domain
nested/asai-worldline-v48r3-source-restored/CANONICAL-CHRONOLOGY-V22R3.jsonl	90-SOURCE-QUARANTINE/2026-08-29-FULL-V3/asai-worldline-20260828-v48r3-marine-gt-processed-handoff-v10.zip::asai-worldline-v48r3-source-restored/CANONICAL-CHRONOLOGY-V22R3.jsonl	zip-member	machine-v48r3	MACHINE-CURRENT	cross-domain
nested/asai-worldline-v48r3-source-restored/CANONICAL-CHRONOLOGY-V22R3.tsv	90-SOURCE-QUARANTINE/2026-08-29-FULL-V3/asai-worldline-20260828-v48r3-marine-gt-processed-handoff-v10.zip::asai-worldline-v48r3-source-restored/CANONICAL-CHRONOLOGY-V22R3.tsv	zip-member	machine-v48r3	MACHINE-CURRENT	cross-domain
nested/asai-worldline-v48r3-source-restored/CANONICAL-CHRONOLOGY-V22R4.jsonl	90-SOURCE-QUARANTINE/2026-08-29-FULL-V3/asai-worldline-20260828-v48r3-marine-gt-processed-handoff-v10.zip::asai-worldline-v48r3-source-restored/CANONICAL-CHRONOLOGY-V22R4.jsonl	zip-member	machine-v48r3	MACHINE-CURRENT	cross-domain
nested/asai-worldline-v48r3-source-restored/CANONICAL-CHRONOLOGY-V22R4.tsv	90-SOURCE-QUARANTINE/2026-08-29-FULL-V3/asai-worldline-20260828-v48r3-marine-gt-processed-handoff-v10.zip::asai-worldline-v48r3-source-restored/CANONICAL-CHRONOLOGY-V22R4.tsv	zip-member	machine-v48r3	MACHINE-CURRENT	cross-domain
nested/asai-worldline-v48r3-source-restored/CANONICAL-CHRONOLOGY-V23R1.jsonl	90-SOURCE-QUARANTINE/2026-08-29-FULL-V3/asai-worldline-20260828-v48r3-marine-gt-processed-handoff-v10.zip::asai-worldline-v48r3-source-restored/CANONICAL-CHRONOLOGY-V23R1.jsonl	zip-member	machine-v48r3	MACHINE-CURRENT	cross-domain
nested/asai-worldline-v48r3-source-restored/CANONICAL-CHRONOLOGY-V23R1.tsv	90-SOURCE-QUARANTINE/2026-08-29-FULL-V3/asai-worldline-20260828-v48r3-marine-gt-processed-handoff-v10.zip::asai-worldline-v48r3-source-restored/CANONICAL-CHRONOLOGY-V23R1.tsv	zip-member	machine-v48r3	MACHINE-CURRENT	cross-domain
nested/asai-worldline-v48r3-source-restored/CANONICAL-CHRONOLOGY-V24R1.jsonl	90-SOURCE-QUARANTINE/2026-08-29-FULL-V3/asai-worldline-20260828-v48r3-marine-gt-processed-handoff-v10.zip::asai-worldline-v48r3-source-restored/CANONICAL-CHRONOLOGY-V24R1.jsonl	zip-member	machine-v48r3	MACHINE-CURRENT	cross-domain
nested/asai-worldline-v48r3-source-restored/CANONICAL-CHRONOLOGY-V24R1.tsv	90-SOURCE-QUARANTINE/2026-08-29-FULL-V3/asai-worldline-20260828-v48r3-marine-gt-processed-handoff-v10.zip::asai-worldline-v48r3-source-restored/CANONICAL-CHRONOLOGY-V24R1.tsv	zip-member	machine-v48r3	MACHINE-CURRENT	cross-domain
nested/asai-worldline-v48r3-source-restored/CANONICAL-CHRONOLOGY-V24R2.jsonl	90-SOURCE-QUARANTINE/2026-08-29-FULL-V3/asai-worldline-20260828-v48r3-marine-gt-processed-handoff-v10.zip::asai-worldline-v48r3-source-restored/CANONICAL-CHRONOLOGY-V24R2.jsonl	zip-member	machine-v48r3	MACHINE-CURRENT	cross-domain
nested/asai-worldline-v48r3-source-restored/CANONICAL-CHRONOLOGY-V24R2.tsv	90-SOURCE-QUARANTINE/2026-08-29-FULL-V3/asai-worldline-20260828-v48r3-marine-gt-processed-handoff-v10.zip::asai-worldline-v48r3-source-restored/CANONICAL-CHRONOLOGY-V24R2.tsv	zip-member	machine-v48r3	MACHINE-CURRENT	cross-domain
nested/asai-worldline-v48r3-source-restored/CANONICAL-CHRONOLOGY-V25R1.jsonl	90-SOURCE-QUARANTINE/2026-08-29-FULL-V3/asai-worldline-20260828-v48r3-marine-gt-processed-handoff-v10.zip::asai-worldline-v48r3-source-restored/CANONICAL-CHRONOLOGY-V25R1.jsonl	zip-member	machine-v48r3	MACHINE-CURRENT	cross-domain
nested/asai-worldline-v48r3-source-restored/CANONICAL-CHRONOLOGY-V25R1.tsv	90-SOURCE-QUARANTINE/2026-08-29-FULL-V3/asai-worldline-20260828-v48r3-marine-gt-processed-handoff-v10.zip::asai-worldline-v48r3-source-restored/CANONICAL-CHRONOLOGY-V25R1.tsv	zip-member	machine-v48r3	MACHINE-CURRENT	cross-domain
nested/asai-worldline-v48r3-source-restored/CANONICAL-CHRONOLOGY-V26R1.jsonl	90-SOURCE-QUARANTINE/2026-08-29-FULL-V3/asai-worldline-20260828-v48r3-marine-gt-processed-handoff-v10.zip::asai-worldline-v48r3-source-restored/CANONICAL-CHRONOLOGY-V26R1.jsonl	zip-member	machine-v48r3	MACHINE-CURRENT	cross-domain
nested/asai-worldline-v48r3-source-restored/CANONICAL-CHRONOLOGY-V26R1.tsv	90-SOURCE-QUARANTINE/2026-08-29-FULL-V3/asai-worldline-20260828-v48r3-marine-gt-processed-handoff-v10.zip::asai-worldline-v48r3-source-restored/CANONICAL-CHRONOLOGY-V26R1.tsv	zip-member	machine-v48r3	MACHINE-CURRENT	cross-domain
nested/asai-worldline-v48r3-source-restored/CANONICAL-CHRONOLOGY-V27R1.jsonl	90-SOURCE-QUARANTINE/2026-08-29-FULL-V3/asai-worldline-20260828-v48r3-marine-gt-processed-handoff-v10.zip::asai-worldline-v48r3-source-restored/CANONICAL-CHRONOLOGY-V27R1.jsonl	zip-member	machine-v48r3	MACHINE-CURRENT	cross-domain
nested/asai-worldline-v48r3-source-restored/CANONICAL-CHRONOLOGY-V27R1.tsv	90-SOURCE-QUARANTINE/2026-08-29-FULL-V3/asai-worldline-20260828-v48r3-marine-gt-processed-handoff-v10.zip::asai-worldline-v48r3-source-restored/CANONICAL-CHRONOLOGY-V27R1.tsv	zip-member	machine-v48r3	MACHINE-CURRENT	cross-domain
nested/asai-worldline-v48r3-source-restored/CANONICAL-CHRONOLOGY-V28R1.jsonl	90-SOURCE-QUARANTINE/2026-08-29-FULL-V3/asai-worldline-20260828-v48r3-marine-gt-processed-handoff-v10.zip::asai-worldline-v48r3-source-restored/CANONICAL-CHRONOLOGY-V28R1.jsonl	zip-member	machine-v48r3	MACHINE-CURRENT	cross-domain
nested/asai-worldline-v48r3-source-restored/CANONICAL-CHRONOLOGY-V28R1.tsv	90-SOURCE-QUARANTINE/2026-08-29-FULL-V3/asai-worldline-20260828-v48r3-marine-gt-processed-handoff-v10.zip::asai-worldline-v48r3-source-restored/CANONICAL-CHRONOLOGY-V28R1.tsv	zip-member	machine-v48r3	MACHINE-CURRENT	cross-domain
nested/asai-worldline-v48r3-source-restored/CANONICAL-CHRONOLOGY-V29R1.jsonl	90-SOURCE-QUARANTINE/2026-08-29-FULL-V3/asai-worldline-20260828-v48r3-marine-gt-processed-handoff-v10.zip::asai-worldline-v48r3-source-restored/CANONICAL-CHRONOLOGY-V29R1.jsonl	zip-member	machine-v48r3	MACHINE-CURRENT	cross-domain
nested/asai-worldline-v48r3-source-restored/CANONICAL-CHRONOLOGY-V29R1.tsv	90-SOURCE-QUARANTINE/2026-08-29-FULL-V3/asai-worldline-20260828-v48r3-marine-gt-processed-handoff-v10.zip::asai-worldline-v48r3-source-restored/CANONICAL-CHRONOLOGY-V29R1.tsv	zip-member	machine-v48r3	MACHINE-CURRENT	cross-domain
nested/asai-worldline-v48r3-source-restored/CANONICAL-CHRONOLOGY-V30R1.jsonl	90-SOURCE-QUARANTINE/2026-08-29-FULL-V3/asai-worldline-20260828-v48r3-marine-gt-processed-handoff-v10.zip::asai-worldline-v48r3-source-restored/CANONICAL-CHRONOLOGY-V30R1.jsonl	zip-member	machine-v48r3	MACHINE-CURRENT	cross-domain
nested/asai-worldline-v48r3-source-restored/CANONICAL-CHRONOLOGY-V30R1.tsv	90-SOURCE-QUARANTINE/2026-08-29-FULL-V3/asai-worldline-20260828-v48r3-marine-gt-processed-handoff-v10.zip::asai-worldline-v48r3-source-restored/CANONICAL-CHRONOLOGY-V30R1.tsv	zip-member	machine-v48r3	MACHINE-CURRENT	cross-domain
nested/asai-worldline-v48r3-source-restored/CANONICAL-CHRONOLOGY-V31R1.jsonl	90-SOURCE-QUARANTINE/2026-08-29-FULL-V3/asai-worldline-20260828-v48r3-marine-gt-processed-handoff-v10.zip::asai-worldline-v48r3-source-restored/CANONICAL-CHRONOLOGY-V31R1.jsonl	zip-member	machine-v48r3	MACHINE-CURRENT	cross-domain
nested/asai-worldline-v48r3-source-restored/CANONICAL-CHRONOLOGY-V31R1.tsv	90-SOURCE-QUARANTINE/2026-08-29-FULL-V3/asai-worldline-20260828-v48r3-marine-gt-processed-handoff-v10.zip::asai-worldline-v48r3-source-restored/CANONICAL-CHRONOLOGY-V31R1.tsv	zip-member	machine-v48r3	MACHINE-CURRENT	cross-domain
nested/asai-worldline-v48r3-source-restored/CANONICAL-CHRONOLOGY-V32R1.jsonl	90-SOURCE-QUARANTINE/2026-08-29-FULL-V3/asai-worldline-20260828-v48r3-marine-gt-processed-handoff-v10.zip::asai-worldline-v48r3-source-restored/CANONICAL-CHRONOLOGY-V32R1.jsonl	zip-member	machine-v48r3	MACHINE-CURRENT	cross-domain
nested/asai-worldline-v48r3-source-restored/CANONICAL-CHRONOLOGY-V32R1.tsv	90-SOURCE-QUARANTINE/2026-08-29-FULL-V3/asai-worldline-20260828-v48r3-marine-gt-processed-handoff-v10.zip::asai-worldline-v48r3-source-restored/CANONICAL-CHRONOLOGY-V32R1.tsv	zip-member	machine-v48r3	MACHINE-CURRENT	cross-domain
nested/asai-worldline-v48r3-source-restored/CANONICAL-CHRONOLOGY-V33R1.jsonl	90-SOURCE-QUARANTINE/2026-08-29-FULL-V3/asai-worldline-20260828-v48r3-marine-gt-processed-handoff-v10.zip::asai-worldline-v48r3-source-restored/CANONICAL-CHRONOLOGY-V33R1.jsonl	zip-member	machine-v48r3	MACHINE-CURRENT	cross-domain
nested/asai-worldline-v48r3-source-restored/CANONICAL-CHRONOLOGY-V33R1.tsv	90-SOURCE-QUARANTINE/2026-08-29-FULL-V3/asai-worldline-20260828-v48r3-marine-gt-processed-handoff-v10.zip::asai-worldline-v48r3-source-restored/CANONICAL-CHRONOLOGY-V33R1.tsv	zip-member	machine-v48r3	MACHINE-CURRENT	cross-domain
nested/asai-worldline-v48r3-source-restored/CANONICAL-CHRONOLOGY-V34R1.jsonl	90-SOURCE-QUARANTINE/2026-08-29-FULL-V3/asai-worldline-20260828-v48r3-marine-gt-processed-handoff-v10.zip::asai-worldline-v48r3-source-restored/CANONICAL-CHRONOLOGY-V34R1.jsonl	zip-member	machine-v48r3	MACHINE-CURRENT	cross-domain
nested/asai-worldline-v48r3-source-restored/CANONICAL-CHRONOLOGY-V34R1.tsv	90-SOURCE-QUARANTINE/2026-08-29-FULL-V3/asai-worldline-20260828-v48r3-marine-gt-processed-handoff-v10.zip::asai-worldline-v48r3-source-restored/CANONICAL-CHRONOLOGY-V34R1.tsv	zip-member	machine-v48r3	MACHINE-CURRENT	cross-domain
nested/asai-worldline-v48r3-source-restored/CANONICAL-CHRONOLOGY-V37R1.jsonl	90-SOURCE-QUARANTINE/2026-08-29-FULL-V3/asai-worldline-20260828-v48r3-marine-gt-processed-handoff-v10.zip::asai-worldline-v48r3-source-restored/CANONICAL-CHRONOLOGY-V37R1.jsonl	zip-member	machine-v48r3	MACHINE-CURRENT	cross-domain
nested/asai-worldline-v48r3-source-restored/CANONICAL-CHRONOLOGY-V37R1.tsv	90-SOURCE-QUARANTINE/2026-08-29-FULL-V3/asai-worldline-20260828-v48r3-marine-gt-processed-handoff-v10.zip::asai-worldline-v48r3-source-restored/CANONICAL-CHRONOLOGY-V37R1.tsv	zip-member	machine-v48r3	MACHINE-CURRENT	cross-domain
nested/asai-worldline-v48r3-source-restored/CANONICAL-CHRONOLOGY-V38R1.jsonl	90-SOURCE-QUARANTINE/2026-08-29-FULL-V3/asai-worldline-20260828-v48r3-marine-gt-processed-handoff-v10.zip::asai-worldline-v48r3-source-restored/CANONICAL-CHRONOLOGY-V38R1.jsonl	zip-member	machine-v48r3	MACHINE-CURRENT	cross-domain
nested/asai-worldline-v48r3-source-restored/CANONICAL-CHRONOLOGY-V38R1.tsv	90-SOURCE-QUARANTINE/2026-08-29-FULL-V3/asai-worldline-20260828-v48r3-marine-gt-processed-handoff-v10.zip::asai-worldline-v48r3-source-restored/CANONICAL-CHRONOLOGY-V38R1.tsv	zip-member	machine-v48r3	MACHINE-CURRENT	cross-domain
nested/asai-worldline-v48r3-source-restored/CANONICAL-CHRONOLOGY-V39R1.jsonl	90-SOURCE-QUARANTINE/2026-08-29-FULL-V3/asai-worldline-20260828-v48r3-marine-gt-processed-handoff-v10.zip::asai-worldline-v48r3-source-restored/CANONICAL-CHRONOLOGY-V39R1.jsonl	zip-member	machine-v48r3	MACHINE-CURRENT	cross-domain
nested/asai-worldline-v48r3-source-restored/CANONICAL-CHRONOLOGY-V39R1.tsv	90-SOURCE-QUARANTINE/2026-08-29-FULL-V3/asai-worldline-20260828-v48r3-marine-gt-processed-handoff-v10.zip::asai-worldline-v48r3-source-restored/CANONICAL-CHRONOLOGY-V39R1.tsv	zip-member	machine-v48r3	MACHINE-CURRENT	cross-domain
nested/asai-worldline-v48r3-source-restored/CANONICAL-CHRONOLOGY-V40R1.jsonl	90-SOURCE-QUARANTINE/2026-08-29-FULL-V3/asai-worldline-20260828-v48r3-marine-gt-processed-handoff-v10.zip::asai-worldline-v48r3-source-restored/CANONICAL-CHRONOLOGY-V40R1.jsonl	zip-member	machine-v48r3	MACHINE-CURRENT	cross-domain
nested/asai-worldline-v48r3-source-restored/CANONICAL-CHRONOLOGY-V40R1.tsv	90-SOURCE-QUARANTINE/2026-08-29-FULL-V3/asai-worldline-20260828-v48r3-marine-gt-processed-handoff-v10.zip::asai-worldline-v48r3-source-restored/CANONICAL-CHRONOLOGY-V40R1.tsv	zip-member	machine-v48r3	MACHINE-CURRENT	cross-domain
nested/asai-worldline-v48r3-source-restored/CANONICAL-CHRONOLOGY-V41R1.jsonl	90-SOURCE-QUARANTINE/2026-08-29-FULL-V3/asai-worldline-20260828-v48r3-marine-gt-processed-handoff-v10.zip::asai-worldline-v48r3-source-restored/CANONICAL-CHRONOLOGY-V41R1.jsonl	zip-member	machine-v48r3	MACHINE-CURRENT	cross-domain
nested/asai-worldline-v48r3-source-restored/CANONICAL-CHRONOLOGY-V41R1.tsv	90-SOURCE-QUARANTINE/2026-08-29-FULL-V3/asai-worldline-20260828-v48r3-marine-gt-processed-handoff-v10.zip::asai-worldline-v48r3-source-restored/CANONICAL-CHRONOLOGY-V41R1.tsv	zip-member	machine-v48r3	MACHINE-CURRENT	cross-domain
nested/asai-worldline-v48r3-source-restored/CANONICAL-CHRONOLOGY-V42R1.jsonl	90-SOURCE-QUARANTINE/2026-08-29-FULL-V3/asai-worldline-20260828-v48r3-marine-gt-processed-handoff-v10.zip::asai-worldline-v48r3-source-restored/CANONICAL-CHRONOLOGY-V42R1.jsonl	zip-member	machine-v48r3	MACHINE-CURRENT	cross-domain
nested/asai-worldline-v48r3-source-restored/CANONICAL-CHRONOLOGY-V42R1.tsv	90-SOURCE-QUARANTINE/2026-08-29-FULL-V3/asai-worldline-20260828-v48r3-marine-gt-processed-handoff-v10.zip::asai-worldline-v48r3-source-restored/CANONICAL-CHRONOLOGY-V42R1.tsv	zip-member	machine-v48r3	MACHINE-CURRENT	cross-domain
nested/asai-worldline-v48r3-source-restored/CANONICAL-CHRONOLOGY-V43R1.jsonl	90-SOURCE-QUARANTINE/2026-08-29-FULL-V3/asai-worldline-20260828-v48r3-marine-gt-processed-handoff-v10.zip::asai-worldline-v48r3-source-restored/CANONICAL-CHRONOLOGY-V43R1.jsonl	zip-member	machine-v48r3	MACHINE-CURRENT	cross-domain
nested/asai-worldline-v48r3-source-restored/CANONICAL-CHRONOLOGY-V43R1.tsv	90-SOURCE-QUARANTINE/2026-08-29-FULL-V3/asai-worldline-20260828-v48r3-marine-gt-processed-handoff-v10.zip::asai-worldline-v48r3-source-restored/CANONICAL-CHRONOLOGY-V43R1.tsv	zip-member	machine-v48r3	MACHINE-CURRENT	cross-domain
nested/asai-worldline-v48r3-source-restored/CANONICAL-CHRONOLOGY-V44R1.jsonl	90-SOURCE-QUARANTINE/2026-08-29-FULL-V3/asai-worldline-20260828-v48r3-marine-gt-processed-handoff-v10.zip::asai-worldline-v48r3-source-restored/CANONICAL-CHRONOLOGY-V44R1.jsonl	zip-member	machine-v48r3	MACHINE-CURRENT	cross-domain
nested/asai-worldline-v48r3-source-restored/CANONICAL-CHRONOLOGY-V44R1.tsv	90-SOURCE-QUARANTINE/2026-08-29-FULL-V3/asai-worldline-20260828-v48r3-marine-gt-processed-handoff-v10.zip::asai-worldline-v48r3-source-restored/CANONICAL-CHRONOLOGY-V44R1.tsv	zip-member	machine-v48r3	MACHINE-CURRENT	cross-domain
nested/asai-worldline-v48r3-source-restored/CANONICAL-CHRONOLOGY-V45R1.jsonl	90-SOURCE-QUARANTINE/2026-08-29-FULL-V3/asai-worldline-20260828-v48r3-marine-gt-processed-handoff-v10.zip::asai-worldline-v48r3-source-restored/CANONICAL-CHRONOLOGY-V45R1.jsonl	zip-member	machine-v48r3	MACHINE-CURRENT	cross-domain
nested/asai-worldline-v48r3-source-restored/CANONICAL-CHRONOLOGY-V45R1.tsv	90-SOURCE-QUARANTINE/2026-08-29-FULL-V3/asai-worldline-20260828-v48r3-marine-gt-processed-handoff-v10.zip::asai-worldline-v48r3-source-restored/CANONICAL-CHRONOLOGY-V45R1.tsv	zip-member	machine-v48r3	MACHINE-CURRENT	cross-domain
nested/asai-worldline-v48r3-source-restored/CANONICAL-CHRONOLOGY-V46R1.jsonl	90-SOURCE-QUARANTINE/2026-08-29-FULL-V3/asai-worldline-20260828-v48r3-marine-gt-processed-handoff-v10.zip::asai-worldline-v48r3-source-restored/CANONICAL-CHRONOLOGY-V46R1.jsonl	zip-member	machine-v48r3	MACHINE-CURRENT	cross-domain
nested/asai-worldline-v48r3-source-restored/CANONICAL-CHRONOLOGY-V46R1.tsv	90-SOURCE-QUARANTINE/2026-08-29-FULL-V3/asai-worldline-20260828-v48r3-marine-gt-processed-handoff-v10.zip::asai-worldline-v48r3-source-restored/CANONICAL-CHRONOLOGY-V46R1.tsv	zip-member	machine-v48r3	MACHINE-CURRENT	cross-domain
nested/asai-worldline-v48r3-source-restored/CANONICAL-CHRONOLOGY-V48R3.jsonl	90-SOURCE-QUARANTINE/2026-08-29-FULL-V3/asai-worldline-20260828-v48r3-marine-gt-processed-handoff-v10.zip::asai-worldline-v48r3-source-restored/CANONICAL-CHRONOLOGY-V48R3.jsonl	zip-member	machine-v48r3	MACHINE-CURRENT	cross-domain
nested/asai-worldline-v48r3-source-restored/CANONICAL-CHRONOLOGY-V48R3.tsv	90-SOURCE-QUARANTINE/2026-08-29-FULL-V3/asai-worldline-20260828-v48r3-marine-gt-processed-handoff-v10.zip::asai-worldline-v48r3-source-restored/CANONICAL-CHRONOLOGY-V48R3.tsv	zip-member	machine-v48r3	MACHINE-CURRENT	cross-domain
nested/asai-worldline-v48r3-source-restored/CANONICAL-MAIN-INDEX-V22R1.tsv	90-SOURCE-QUARANTINE/2026-08-29-FULL-V3/asai-worldline-20260828-v48r3-marine-gt-processed-handoff-v10.zip::asai-worldline-v48r3-source-restored/CANONICAL-MAIN-INDEX-V22R1.tsv	zip-member	machine-v48r3	MACHINE-CURRENT	cross-domain
nested/asai-worldline-v48r3-source-restored/CANONICAL-MAIN-INDEX-V22R2.tsv	90-SOURCE-QUARANTINE/2026-08-29-FULL-V3/asai-worldline-20260828-v48r3-marine-gt-processed-handoff-v10.zip::asai-worldline-v48r3-source-restored/CANONICAL-MAIN-INDEX-V22R2.tsv	zip-member	machine-v48r3	MACHINE-CURRENT	cross-domain
nested/asai-worldline-v48r3-source-restored/CANONICAL-MAIN-INDEX-V22R3.tsv	90-SOURCE-QUARANTINE/2026-08-29-FULL-V3/asai-worldline-20260828-v48r3-marine-gt-processed-handoff-v10.zip::asai-worldline-v48r3-source-restored/CANONICAL-MAIN-INDEX-V22R3.tsv	zip-member	machine-v48r3	MACHINE-CURRENT	cross-domain
nested/asai-worldline-v48r3-source-restored/CANONICAL-MAIN-INDEX-V22R4.tsv	90-SOURCE-QUARANTINE/2026-08-29-FULL-V3/asai-worldline-20260828-v48r3-marine-gt-processed-handoff-v10.zip::asai-worldline-v48r3-source-restored/CANONICAL-MAIN-INDEX-V22R4.tsv	zip-member	machine-v48r3	MACHINE-CURRENT	cross-domain
nested/asai-worldline-v48r3-source-restored/CANONICAL-MAIN-INDEX-V23R1.tsv	90-SOURCE-QUARANTINE/2026-08-29-FULL-V3/asai-worldline-20260828-v48r3-marine-gt-processed-handoff-v10.zip::asai-worldline-v48r3-source-restored/CANONICAL-MAIN-INDEX-V23R1.tsv	zip-member	machine-v48r3	MACHINE-CURRENT	cross-domain
nested/asai-worldline-v48r3-source-restored/CANONICAL-MAIN-INDEX-V24R1.tsv	90-SOURCE-QUARANTINE/2026-08-29-FULL-V3/asai-worldline-20260828-v48r3-marine-gt-processed-handoff-v10.zip::asai-worldline-v48r3-source-restored/CANONICAL-MAIN-INDEX-V24R1.tsv	zip-member	machine-v48r3	MACHINE-CURRENT	cross-domain
nested/asai-worldline-v48r3-source-restored/CANONICAL-MAIN-INDEX-V24R2.tsv	90-SOURCE-QUARANTINE/2026-08-29-FULL-V3/asai-worldline-20260828-v48r3-marine-gt-processed-handoff-v10.zip::asai-worldline-v48r3-source-restored/CANONICAL-MAIN-INDEX-V24R2.tsv	zip-member	machine-v48r3	MACHINE-CURRENT	cross-domain
nested/asai-worldline-v48r3-source-restored/CANONICAL-MAIN-INDEX-V25R1.tsv	90-SOURCE-QUARANTINE/2026-08-29-FULL-V3/asai-worldline-20260828-v48r3-marine-gt-processed-handoff-v10.zip::asai-worldline-v48r3-source-restored/CANONICAL-MAIN-INDEX-V25R1.tsv	zip-member	machine-v48r3	MACHINE-CURRENT	cross-domain
nested/asai-worldline-v48r3-source-restored/CANONICAL-MAIN-INDEX-V26R1.tsv	90-SOURCE-QUARANTINE/2026-08-29-FULL-V3/asai-worldline-20260828-v48r3-marine-gt-processed-handoff-v10.zip::asai-worldline-v48r3-source-restored/CANONICAL-MAIN-INDEX-V26R1.tsv	zip-member	machine-v48r3	MACHINE-CURRENT	cross-domain
nested/asai-worldline-v48r3-source-restored/CANONICAL-MAIN-INDEX-V27R1.tsv	90-SOURCE-QUARANTINE/2026-08-29-FULL-V3/asai-worldline-20260828-v48r3-marine-gt-processed-handoff-v10.zip::asai-worldline-v48r3-source-restored/CANONICAL-MAIN-INDEX-V27R1.tsv	zip-member	machine-v48r3	MACHINE-CURRENT	cross-domain
nested/asai-worldline-v48r3-source-restored/CANONICAL-MAIN-INDEX-V28R1.tsv	90-SOURCE-QUARANTINE/2026-08-29-FULL-V3/asai-worldline-20260828-v48r3-marine-gt-processed-handoff-v10.zip::asai-worldline-v48r3-source-restored/CANONICAL-MAIN-INDEX-V28R1.tsv	zip-member	machine-v48r3	MACHINE-CURRENT	cross-domain
nested/asai-worldline-v48r3-source-restored/CANONICAL-MAIN-INDEX-V29R1.tsv	90-SOURCE-QUARANTINE/2026-08-29-FULL-V3/asai-worldline-20260828-v48r3-marine-gt-processed-handoff-v10.zip::asai-worldline-v48r3-source-restored/CANONICAL-MAIN-INDEX-V29R1.tsv	zip-member	machine-v48r3	MACHINE-CURRENT	cross-domain
nested/asai-worldline-v48r3-source-restored/CANONICAL-MAIN-INDEX-V30R1.tsv	90-SOURCE-QUARANTINE/2026-08-29-FULL-V3/asai-worldline-20260828-v48r3-marine-gt-processed-handoff-v10.zip::asai-worldline-v48r3-source-restored/CANONICAL-MAIN-INDEX-V30R1.tsv	zip-member	machine-v48r3	MACHINE-CURRENT	cross-domain
nested/asai-worldline-v48r3-source-restored/CANONICAL-MAIN-INDEX-V31R1.tsv	90-SOURCE-QUARANTINE/2026-08-29-FULL-V3/asai-worldline-20260828-v48r3-marine-gt-processed-handoff-v10.zip::asai-worldline-v48r3-source-restored/CANONICAL-MAIN-INDEX-V31R1.tsv	zip-member	machine-v48r3	MACHINE-CURRENT	cross-domain
nested/asai-worldline-v48r3-source-restored/CANONICAL-MAIN-INDEX-V32R1.tsv	90-SOURCE-QUARANTINE/2026-08-29-FULL-V3/asai-worldline-20260828-v48r3-marine-gt-processed-handoff-v10.zip::asai-worldline-v48r3-source-restored/CANONICAL-MAIN-INDEX-V32R1.tsv	zip-member	machine-v48r3	MACHINE-CURRENT	cross-domain
nested/asai-worldline-v48r3-source-restored/CANONICAL-MAIN-INDEX-V33R1.tsv	90-SOURCE-QUARANTINE/2026-08-29-FULL-V3/asai-worldline-20260828-v48r3-marine-gt-processed-handoff-v10.zip::asai-worldline-v48r3-source-restored/CANONICAL-MAIN-INDEX-V33R1.tsv	zip-member	machine-v48r3	MACHINE-CURRENT	cross-domain
nested/asai-worldline-v48r3-source-restored/CANONICAL-MAIN-INDEX-V34R1.tsv	90-SOURCE-QUARANTINE/2026-08-29-FULL-V3/asai-worldline-20260828-v48r3-marine-gt-processed-handoff-v10.zip::asai-worldline-v48r3-source-restored/CANONICAL-MAIN-INDEX-V34R1.tsv	zip-member	machine-v48r3	MACHINE-CURRENT	cross-domain
nested/asai-worldline-v48r3-source-restored/CANONICAL-MAIN-INDEX-V37R1.tsv	90-SOURCE-QUARANTINE/2026-08-29-FULL-V3/asai-worldline-20260828-v48r3-marine-gt-processed-handoff-v10.zip::asai-worldline-v48r3-source-restored/CANONICAL-MAIN-INDEX-V37R1.tsv	zip-member	machine-v48r3	MACHINE-CURRENT	cross-domain
nested/asai-worldline-v48r3-source-restored/CANONICAL-MAIN-INDEX-V38R1.tsv	90-SOURCE-QUARANTINE/2026-08-29-FULL-V3/asai-worldline-20260828-v48r3-marine-gt-processed-handoff-v10.zip::asai-worldline-v48r3-source-restored/CANONICAL-MAIN-INDEX-V38R1.tsv	zip-member	machine-v48r3	MACHINE-CURRENT	cross-domain
nested/asai-worldline-v48r3-source-restored/CANONICAL-MAIN-INDEX-V39R1.tsv	90-SOURCE-QUARANTINE/2026-08-29-FULL-V3/asai-worldline-20260828-v48r3-marine-gt-processed-handoff-v10.zip::asai-worldline-v48r3-source-restored/CANONICAL-MAIN-INDEX-V39R1.tsv	zip-member	machine-v48r3	MACHINE-CURRENT	cross-domain
nested/asai-worldline-v48r3-source-restored/CANONICAL-MAIN-INDEX-V40R1.tsv	90-SOURCE-QUARANTINE/2026-08-29-FULL-V3/asai-worldline-20260828-v48r3-marine-gt-processed-handoff-v10.zip::asai-worldline-v48r3-source-restored/CANONICAL-MAIN-INDEX-V40R1.tsv	zip-member	machine-v48r3	MACHINE-CURRENT	cross-domain
nested/asai-worldline-v48r3-source-restored/CANONICAL-MAIN-INDEX-V41R1.tsv	90-SOURCE-QUARANTINE/2026-08-29-FULL-V3/asai-worldline-20260828-v48r3-marine-gt-processed-handoff-v10.zip::asai-worldline-v48r3-source-restored/CANONICAL-MAIN-INDEX-V41R1.tsv	zip-member	machine-v48r3	MACHINE-CURRENT	cross-domain
nested/asai-worldline-v48r3-source-restored/CANONICAL-MAIN-INDEX-V42R1.tsv	90-SOURCE-QUARANTINE/2026-08-29-FULL-V3/asai-worldline-20260828-v48r3-marine-gt-processed-handoff-v10.zip::asai-worldline-v48r3-source-restored/CANONICAL-MAIN-INDEX-V42R1.tsv	zip-member	machine-v48r3	MACHINE-CURRENT	cross-domain
nested/asai-worldline-v48r3-source-restored/CANONICAL-MAIN-INDEX-V43R1.tsv	90-SOURCE-QUARANTINE/2026-08-29-FULL-V3/asai-worldline-20260828-v48r3-marine-gt-processed-handoff-v10.zip::asai-worldline-v48r3-source-restored/CANONICAL-MAIN-INDEX-V43R1.tsv	zip-member	machine-v48r3	MACHINE-CURRENT	cross-domain
nested/asai-worldline-v48r3-source-restored/CANONICAL-MAIN-INDEX-V44R1.tsv	90-SOURCE-QUARANTINE/2026-08-29-FULL-V3/asai-worldline-20260828-v48r3-marine-gt-processed-handoff-v10.zip::asai-worldline-v48r3-source-restored/CANONICAL-MAIN-INDEX-V44R1.tsv	zip-member	machine-v48r3	MACHINE-CURRENT	cross-domain
nested/asai-worldline-v48r3-source-restored/CANONICAL-MAIN-INDEX-V45R1.tsv	90-SOURCE-QUARANTINE/2026-08-29-FULL-V3/asai-worldline-20260828-v48r3-marine-gt-processed-handoff-v10.zip::asai-worldline-v48r3-source-restored/CANONICAL-MAIN-INDEX-V45R1.tsv	zip-member	machine-v48r3	MACHINE-CURRENT	cross-domain
nested/asai-worldline-v48r3-source-restored/CANONICAL-MAIN-INDEX-V46R1.tsv	90-SOURCE-QUARANTINE/2026-08-29-FULL-V3/asai-worldline-20260828-v48r3-marine-gt-processed-handoff-v10.zip::asai-worldline-v48r3-source-restored/CANONICAL-MAIN-INDEX-V46R1.tsv	zip-member	machine-v48r3	MACHINE-CURRENT	cross-domain
nested/asai-worldline-v48r3-source-restored/CANONICAL-MAIN-INDEX-V48R3.tsv	90-SOURCE-QUARANTINE/2026-08-29-FULL-V3/asai-worldline-20260828-v48r3-marine-gt-processed-handoff-v10.zip::asai-worldline-v48r3-source-restored/CANONICAL-MAIN-INDEX-V48R3.tsv	zip-member	machine-v48r3	MACHINE-CURRENT	cross-domain
nested/asai-worldline-v48r3-source-restored/CAPABILITY-TRIGGER-MATRIX-V22R2.tsv	90-SOURCE-QUARANTINE/2026-08-29-FULL-V3/asai-worldline-20260828-v48r3-marine-gt-processed-handoff-v10.zip::asai-worldline-v48r3-source-restored/CAPABILITY-TRIGGER-MATRIX-V22R2.tsv	zip-member	machine-v48r3	MACHINE-CURRENT	cross-domain
nested/asai-worldline-v48r3-source-restored/CAPABILITY-TRIGGER-MATRIX-V22R3.tsv	90-SOURCE-QUARANTINE/2026-08-29-FULL-V3/asai-worldline-20260828-v48r3-marine-gt-processed-handoff-v10.zip::asai-worldline-v48r3-source-restored/CAPABILITY-TRIGGER-MATRIX-V22R3.tsv	zip-member	machine-v48r3	MACHINE-CURRENT	cross-domain
nested/asai-worldline-v48r3-source-restored/CAPABILITY-TRIGGER-MATRIX-V22R4.tsv	90-SOURCE-QUARANTINE/2026-08-29-FULL-V3/asai-worldline-20260828-v48r3-marine-gt-processed-handoff-v10.zip::asai-worldline-v48r3-source-restored/CAPABILITY-TRIGGER-MATRIX-V22R4.tsv	zip-member	machine-v48r3	MACHINE-CURRENT	cross-domain
nested/asai-worldline-v48r3-source-restored/CAPABILITY-TRIGGER-MATRIX-V23R1.tsv	90-SOURCE-QUARANTINE/2026-08-29-FULL-V3/asai-worldline-20260828-v48r3-marine-gt-processed-handoff-v10.zip::asai-worldline-v48r3-source-restored/CAPABILITY-TRIGGER-MATRIX-V23R1.tsv	zip-member	machine-v48r3	MACHINE-CURRENT	cross-domain
nested/asai-worldline-v48r3-source-restored/CAPABILITY-TRIGGER-MATRIX-V24R1.tsv	90-SOURCE-QUARANTINE/2026-08-29-FULL-V3/asai-worldline-20260828-v48r3-marine-gt-processed-handoff-v10.zip::asai-worldline-v48r3-source-restored/CAPABILITY-TRIGGER-MATRIX-V24R1.tsv	zip-member	machine-v48r3	MACHINE-CURRENT	cross-domain
nested/asai-worldline-v48r3-source-restored/CAPABILITY-TRIGGER-MATRIX-V24R2.tsv	90-SOURCE-QUARANTINE/2026-08-29-FULL-V3/asai-worldline-20260828-v48r3-marine-gt-processed-handoff-v10.zip::asai-worldline-v48r3-source-restored/CAPABILITY-TRIGGER-MATRIX-V24R2.tsv	zip-member	machine-v48r3	MACHINE-CURRENT	cross-domain
nested/asai-worldline-v48r3-source-restored/CAPABILITY-TRIGGER-MATRIX-V25R1.tsv	90-SOURCE-QUARANTINE/2026-08-29-FULL-V3/asai-worldline-20260828-v48r3-marine-gt-processed-handoff-v10.zip::asai-worldline-v48r3-source-restored/CAPABILITY-TRIGGER-MATRIX-V25R1.tsv	zip-member	machine-v48r3	MACHINE-CURRENT	cross-domain
nested/asai-worldline-v48r3-source-restored/CAPABILITY-TRIGGER-MATRIX-V26R1.tsv	90-SOURCE-QUARANTINE/2026-08-29-FULL-V3/asai-worldline-20260828-v48r3-marine-gt-processed-handoff-v10.zip::asai-worldline-v48r3-source-restored/CAPABILITY-TRIGGER-MATRIX-V26R1.tsv	zip-member	machine-v48r3	MACHINE-CURRENT	cross-domain
nested/asai-worldline-v48r3-source-restored/CAPABILITY-TRIGGER-MATRIX-V27R1.tsv	90-SOURCE-QUARANTINE/2026-08-29-FULL-V3/asai-worldline-20260828-v48r3-marine-gt-processed-handoff-v10.zip::asai-worldline-v48r3-source-restored/CAPABILITY-TRIGGER-MATRIX-V27R1.tsv	zip-member	machine-v48r3	MACHINE-CURRENT	cross-domain
nested/asai-worldline-v48r3-source-restored/CAPABILITY-TRIGGER-MATRIX-V28R1.tsv	90-SOURCE-QUARANTINE/2026-08-29-FULL-V3/asai-worldline-20260828-v48r3-marine-gt-processed-handoff-v10.zip::asai-worldline-v48r3-source-restored/CAPABILITY-TRIGGER-MATRIX-V28R1.tsv	zip-member	machine-v48r3	MACHINE-CURRENT	cross-domain
nested/asai-worldline-v48r3-source-restored/CAPABILITY-TRIGGER-MATRIX-V29R1.tsv	90-SOURCE-QUARANTINE/2026-08-29-FULL-V3/asai-worldline-20260828-v48r3-marine-gt-processed-handoff-v10.zip::asai-worldline-v48r3-source-restored/CAPABILITY-TRIGGER-MATRIX-V29R1.tsv	zip-member	machine-v48r3	MACHINE-CURRENT	cross-domain
nested/asai-worldline-v48r3-source-restored/CAPABILITY-TRIGGER-MATRIX-V30R1.tsv	90-SOURCE-QUARANTINE/2026-08-29-FULL-V3/asai-worldline-20260828-v48r3-marine-gt-processed-handoff-v10.zip::asai-worldline-v48r3-source-restored/CAPABILITY-TRIGGER-MATRIX-V30R1.tsv	zip-member	machine-v48r3	MACHINE-CURRENT	cross-domain
nested/asai-worldline-v48r3-source-restored/CAPABILITY-TRIGGER-MATRIX-V31R1.tsv	90-SOURCE-QUARANTINE/2026-08-29-FULL-V3/asai-worldline-20260828-v48r3-marine-gt-processed-handoff-v10.zip::asai-worldline-v48r3-source-restored/CAPABILITY-TRIGGER-MATRIX-V31R1.tsv	zip-member	machine-v48r3	MACHINE-CURRENT	cross-domain
nested/asai-worldline-v48r3-source-restored/CAPABILITY-TRIGGER-MATRIX-V32R1.tsv	90-SOURCE-QUARANTINE/2026-08-29-FULL-V3/asai-worldline-20260828-v48r3-marine-gt-processed-handoff-v10.zip::asai-worldline-v48r3-source-restored/CAPABILITY-TRIGGER-MATRIX-V32R1.tsv	zip-member	machine-v48r3	MACHINE-CURRENT	cross-domain
nested/asai-worldline-v48r3-source-restored/CAPABILITY-TRIGGER-MATRIX-V33R1.tsv	90-SOURCE-QUARANTINE/2026-08-29-FULL-V3/asai-worldline-20260828-v48r3-marine-gt-processed-handoff-v10.zip::asai-worldline-v48r3-source-restored/CAPABILITY-TRIGGER-MATRIX-V33R1.tsv	zip-member	machine-v48r3	MACHINE-CURRENT	cross-domain
nested/asai-worldline-v48r3-source-restored/CAPABILITY-TRIGGER-MATRIX-V34R1.tsv	90-SOURCE-QUARANTINE/2026-08-29-FULL-V3/asai-worldline-20260828-v48r3-marine-gt-processed-handoff-v10.zip::asai-worldline-v48r3-source-restored/CAPABILITY-TRIGGER-MATRIX-V34R1.tsv	zip-member	machine-v48r3	MACHINE-CURRENT	cross-domain
nested/asai-worldline-v48r3-source-restored/CAPABILITY-TRIGGER-MATRIX-V37R1.tsv	90-SOURCE-QUARANTINE/2026-08-29-FULL-V3/asai-worldline-20260828-v48r3-marine-gt-processed-handoff-v10.zip::asai-worldline-v48r3-source-restored/CAPABILITY-TRIGGER-MATRIX-V37R1.tsv	zip-member	machine-v48r3	MACHINE-CURRENT	cross-domain
nested/asai-worldline-v48r3-source-restored/CAPABILITY-TRIGGER-MATRIX-V38R1.tsv	90-SOURCE-QUARANTINE/2026-08-29-FULL-V3/asai-worldline-20260828-v48r3-marine-gt-processed-handoff-v10.zip::asai-worldline-v48r3-source-restored/CAPABILITY-TRIGGER-MATRIX-V38R1.tsv	zip-member	machine-v48r3	MACHINE-CURRENT	cross-domain
nested/asai-worldline-v48r3-source-restored/CAPABILITY-TRIGGER-MATRIX-V39R1.tsv	90-SOURCE-QUARANTINE/2026-08-29-FULL-V3/asai-worldline-20260828-v48r3-marine-gt-processed-handoff-v10.zip::asai-worldline-v48r3-source-restored/CAPABILITY-TRIGGER-MATRIX-V39R1.tsv	zip-member	machine-v48r3	MACHINE-CURRENT	cross-domain
nested/asai-worldline-v48r3-source-restored/CAPABILITY-TRIGGER-MATRIX-V40R1.tsv	90-SOURCE-QUARANTINE/2026-08-29-FULL-V3/asai-worldline-20260828-v48r3-marine-gt-processed-handoff-v10.zip::asai-worldline-v48r3-source-restored/CAPABILITY-TRIGGER-MATRIX-V40R1.tsv	zip-member	machine-v48r3	MACHINE-CURRENT	cross-domain
nested/asai-worldline-v48r3-source-restored/CAPABILITY-TRIGGER-MATRIX-V41R1.tsv	90-SOURCE-QUARANTINE/2026-08-29-FULL-V3/asai-worldline-20260828-v48r3-marine-gt-processed-handoff-v10.zip::asai-worldline-v48r3-source-restored/CAPABILITY-TRIGGER-MATRIX-V41R1.tsv	zip-member	machine-v48r3	MACHINE-CURRENT	cross-domain
nested/asai-worldline-v48r3-source-restored/CAPABILITY-TRIGGER-MATRIX-V42R1.tsv	90-SOURCE-QUARANTINE/2026-08-29-FULL-V3/asai-worldline-20260828-v48r3-marine-gt-processed-handoff-v10.zip::asai-worldline-v48r3-source-restored/CAPABILITY-TRIGGER-MATRIX-V42R1.tsv	zip-member	machine-v48r3	MACHINE-CURRENT	cross-domain
nested/asai-worldline-v48r3-source-restored/CAPABILITY-TRIGGER-MATRIX-V43R1.tsv	90-SOURCE-QUARANTINE/2026-08-29-FULL-V3/asai-worldline-20260828-v48r3-marine-gt-processed-handoff-v10.zip::asai-worldline-v48r3-source-restored/CAPABILITY-TRIGGER-MATRIX-V43R1.tsv	zip-member	machine-v48r3	MACHINE-CURRENT	cross-domain
nested/asai-worldline-v48r3-source-restored/CAPABILITY-TRIGGER-MATRIX-V44R1.tsv	90-SOURCE-QUARANTINE/2026-08-29-FULL-V3/asai-worldline-20260828-v48r3-marine-gt-processed-handoff-v10.zip::asai-worldline-v48r3-source-restored/CAPABILITY-TRIGGER-MATRIX-V44R1.tsv	zip-member	machine-v48r3	MACHINE-CURRENT	cross-domain
nested/asai-worldline-v48r3-source-restored/CAPABILITY-TRIGGER-MATRIX-V45R1.tsv	90-SOURCE-QUARANTINE/2026-08-29-FULL-V3/asai-worldline-20260828-v48r3-marine-gt-processed-handoff-v10.zip::asai-worldline-v48r3-source-restored/CAPABILITY-TRIGGER-MATRIX-V45R1.tsv	zip-member	machine-v48r3	MACHINE-CURRENT	cross-domain
nested/asai-worldline-v48r3-source-restored/CAPABILITY-TRIGGER-MATRIX-V46R1.tsv	90-SOURCE-QUARANTINE/2026-08-29-FULL-V3/asai-worldline-20260828-v48r3-marine-gt-processed-handoff-v10.zip::asai-worldline-v48r3-source-restored/CAPABILITY-TRIGGER-MATRIX-V46R1.tsv	zip-member	machine-v48r3	MACHINE-CURRENT	cross-domain
nested/asai-worldline-v48r3-source-restored/CAPABILITY-TRIGGER-MATRIX-V48R3.tsv	90-SOURCE-QUARANTINE/2026-08-29-FULL-V3/asai-worldline-20260828-v48r3-marine-gt-processed-handoff-v10.zip::asai-worldline-v48r3-source-restored/CAPABILITY-TRIGGER-MATRIX-V48R3.tsv	zip-member	machine-v48r3	MACHINE-CURRENT	cross-domain
nested/asai-worldline-v48r3-source-restored/CHRONOLOGY-SCHEMA-V22R3.json	90-SOURCE-QUARANTINE/2026-08-29-FULL-V3/asai-worldline-20260828-v48r3-marine-gt-processed-handoff-v10.zip::asai-worldline-v48r3-source-restored/CHRONOLOGY-SCHEMA-V22R3.json	zip-member	machine-v48r3	MACHINE-CURRENT	cross-domain
nested/asai-worldline-v48r3-source-restored/CHRONOLOGY-SCHEMA-V22R4.json	90-SOURCE-QUARANTINE/2026-08-29-FULL-V3/asai-worldline-20260828-v48r3-marine-gt-processed-handoff-v10.zip::asai-worldline-v48r3-source-restored/CHRONOLOGY-SCHEMA-V22R4.json	zip-member	machine-v48r3	MACHINE-CURRENT	cross-domain
nested/asai-worldline-v48r3-source-restored/CHRONOLOGY-SCHEMA-V23R1.json	90-SOURCE-QUARANTINE/2026-08-29-FULL-V3/asai-worldline-20260828-v48r3-marine-gt-processed-handoff-v10.zip::asai-worldline-v48r3-source-restored/CHRONOLOGY-SCHEMA-V23R1.json	zip-member	machine-v48r3	MACHINE-CURRENT	cross-domain
nested/asai-worldline-v48r3-source-restored/CHRONOLOGY-SCHEMA-V24R1.json	90-SOURCE-QUARANTINE/2026-08-29-FULL-V3/asai-worldline-20260828-v48r3-marine-gt-processed-handoff-v10.zip::asai-worldline-v48r3-source-restored/CHRONOLOGY-SCHEMA-V24R1.json	zip-member	machine-v48r3	MACHINE-CURRENT	cross-domain
nested/asai-worldline-v48r3-source-restored/CHRONOLOGY-SCHEMA-V24R2.json	90-SOURCE-QUARANTINE/2026-08-29-FULL-V3/asai-worldline-20260828-v48r3-marine-gt-processed-handoff-v10.zip::asai-worldline-v48r3-source-restored/CHRONOLOGY-SCHEMA-V24R2.json	zip-member	machine-v48r3	MACHINE-CURRENT	cross-domain
nested/asai-worldline-v48r3-source-restored/CHRONOLOGY-SCHEMA-V25R1.json	90-SOURCE-QUARANTINE/2026-08-29-FULL-V3/asai-worldline-20260828-v48r3-marine-gt-processed-handoff-v10.zip::asai-worldline-v48r3-source-restored/CHRONOLOGY-SCHEMA-V25R1.json	zip-member	machine-v48r3	MACHINE-CURRENT	cross-domain
nested/asai-worldline-v48r3-source-restored/CHRONOLOGY-SCHEMA-V26R1.json	90-SOURCE-QUARANTINE/2026-08-29-FULL-V3/asai-worldline-20260828-v48r3-marine-gt-processed-handoff-v10.zip::asai-worldline-v48r3-source-restored/CHRONOLOGY-SCHEMA-V26R1.json	zip-member	machine-v48r3	MACHINE-CURRENT	cross-domain
nested/asai-worldline-v48r3-source-restored/CHRONOLOGY-SCHEMA-V27R1.json	90-SOURCE-QUARANTINE/2026-08-29-FULL-V3/asai-worldline-20260828-v48r3-marine-gt-processed-handoff-v10.zip::asai-worldline-v48r3-source-restored/CHRONOLOGY-SCHEMA-V27R1.json	zip-member	machine-v48r3	MACHINE-CURRENT	cross-domain
nested/asai-worldline-v48r3-source-restored/CHRONOLOGY-SCHEMA-V28R1.json	90-SOURCE-QUARANTINE/2026-08-29-FULL-V3/asai-worldline-20260828-v48r3-marine-gt-processed-handoff-v10.zip::asai-worldline-v48r3-source-restored/CHRONOLOGY-SCHEMA-V28R1.json	zip-member	machine-v48r3	MACHINE-CURRENT	cross-domain
nested/asai-worldline-v48r3-source-restored/CHRONOLOGY-SCHEMA-V29R1.json	90-SOURCE-QUARANTINE/2026-08-29-FULL-V3/asai-worldline-20260828-v48r3-marine-gt-processed-handoff-v10.zip::asai-worldline-v48r3-source-restored/CHRONOLOGY-SCHEMA-V29R1.json	zip-member	machine-v48r3	MACHINE-CURRENT	cross-domain
nested/asai-worldline-v48r3-source-restored/CHRONOLOGY-SCHEMA-V30R1.json	90-SOURCE-QUARANTINE/2026-08-29-FULL-V3/asai-worldline-20260828-v48r3-marine-gt-processed-handoff-v10.zip::asai-worldline-v48r3-source-restored/CHRONOLOGY-SCHEMA-V30R1.json	zip-member	machine-v48r3	MACHINE-CURRENT	cross-domain
nested/asai-worldline-v48r3-source-restored/CHRONOLOGY-SCHEMA-V31R1.json	90-SOURCE-QUARANTINE/2026-08-29-FULL-V3/asai-worldline-20260828-v48r3-marine-gt-processed-handoff-v10.zip::asai-worldline-v48r3-source-restored/CHRONOLOGY-SCHEMA-V31R1.json	zip-member	machine-v48r3	MACHINE-CURRENT	cross-domain
nested/asai-worldline-v48r3-source-restored/CHRONOLOGY-SCHEMA-V32R1.json	90-SOURCE-QUARANTINE/2026-08-29-FULL-V3/asai-worldline-20260828-v48r3-marine-gt-processed-handoff-v10.zip::asai-worldline-v48r3-source-restored/CHRONOLOGY-SCHEMA-V32R1.json	zip-member	machine-v48r3	MACHINE-CURRENT	cross-domain
nested/asai-worldline-v48r3-source-restored/CHRONOLOGY-SCHEMA-V33R1.json	90-SOURCE-QUARANTINE/2026-08-29-FULL-V3/asai-worldline-20260828-v48r3-marine-gt-processed-handoff-v10.zip::asai-worldline-v48r3-source-restored/CHRONOLOGY-SCHEMA-V33R1.json	zip-member	machine-v48r3	MACHINE-CURRENT	cross-domain
nested/asai-worldline-v48r3-source-restored/CHRONOLOGY-SCHEMA-V34R1.json	90-SOURCE-QUARANTINE/2026-08-29-FULL-V3/asai-worldline-20260828-v48r3-marine-gt-processed-handoff-v10.zip::asai-worldline-v48r3-source-restored/CHRONOLOGY-SCHEMA-V34R1.json	zip-member	machine-v48r3	MACHINE-CURRENT	cross-domain
nested/asai-worldline-v48r3-source-restored/CHRONOLOGY-SCHEMA-V37R1.json	90-SOURCE-QUARANTINE/2026-08-29-FULL-V3/asai-worldline-20260828-v48r3-marine-gt-processed-handoff-v10.zip::asai-worldline-v48r3-source-restored/CHRONOLOGY-SCHEMA-V37R1.json	zip-member	machine-v48r3	MACHINE-CURRENT	cross-domain
nested/asai-worldline-v48r3-source-restored/CHRONOLOGY-SCHEMA-V38R1.json	90-SOURCE-QUARANTINE/2026-08-29-FULL-V3/asai-worldline-20260828-v48r3-marine-gt-processed-handoff-v10.zip::asai-worldline-v48r3-source-restored/CHRONOLOGY-SCHEMA-V38R1.json	zip-member	machine-v48r3	MACHINE-CURRENT	cross-domain
nested/asai-worldline-v48r3-source-restored/CHRONOLOGY-SCHEMA-V39R1.json	90-SOURCE-QUARANTINE/2026-08-29-FULL-V3/asai-worldline-20260828-v48r3-marine-gt-processed-handoff-v10.zip::asai-worldline-v48r3-source-restored/CHRONOLOGY-SCHEMA-V39R1.json	zip-member	machine-v48r3	MACHINE-CURRENT	cross-domain
nested/asai-worldline-v48r3-source-restored/CHRONOLOGY-SCHEMA-V40R1.json	90-SOURCE-QUARANTINE/2026-08-29-FULL-V3/asai-worldline-20260828-v48r3-marine-gt-processed-handoff-v10.zip::asai-worldline-v48r3-source-restored/CHRONOLOGY-SCHEMA-V40R1.json	zip-member	machine-v48r3	MACHINE-CURRENT	cross-domain
nested/asai-worldline-v48r3-source-restored/CHRONOLOGY-SCHEMA-V41R1.json	90-SOURCE-QUARANTINE/2026-08-29-FULL-V3/asai-worldline-20260828-v48r3-marine-gt-processed-handoff-v10.zip::asai-worldline-v48r3-source-restored/CHRONOLOGY-SCHEMA-V41R1.json	zip-member	machine-v48r3	MACHINE-CURRENT	cross-domain
nested/asai-worldline-v48r3-source-restored/CHRONOLOGY-SCHEMA-V42R1.json	90-SOURCE-QUARANTINE/2026-08-29-FULL-V3/asai-worldline-20260828-v48r3-marine-gt-processed-handoff-v10.zip::asai-worldline-v48r3-source-restored/CHRONOLOGY-SCHEMA-V42R1.json	zip-member	machine-v48r3	MACHINE-CURRENT	cross-domain
nested/asai-worldline-v48r3-source-restored/CHRONOLOGY-SCHEMA-V43R1.json	90-SOURCE-QUARANTINE/2026-08-29-FULL-V3/asai-worldline-20260828-v48r3-marine-gt-processed-handoff-v10.zip::asai-worldline-v48r3-source-restored/CHRONOLOGY-SCHEMA-V43R1.json	zip-member	machine-v48r3	MACHINE-CURRENT	cross-domain
nested/asai-worldline-v48r3-source-restored/CHRONOLOGY-SCHEMA-V44R1.json	90-SOURCE-QUARANTINE/2026-08-29-FULL-V3/asai-worldline-20260828-v48r3-marine-gt-processed-handoff-v10.zip::asai-worldline-v48r3-source-restored/CHRONOLOGY-SCHEMA-V44R1.json	zip-member	machine-v48r3	MACHINE-CURRENT	cross-domain
nested/asai-worldline-v48r3-source-restored/CHRONOLOGY-SCHEMA-V45R1.json	90-SOURCE-QUARANTINE/2026-08-29-FULL-V3/asai-worldline-20260828-v48r3-marine-gt-processed-handoff-v10.zip::asai-worldline-v48r3-source-restored/CHRONOLOGY-SCHEMA-V45R1.json	zip-member	machine-v48r3	MACHINE-CURRENT	cross-domain
nested/asai-worldline-v48r3-source-restored/CHRONOLOGY-SCHEMA-V46R1.json	90-SOURCE-QUARANTINE/2026-08-29-FULL-V3/asai-worldline-20260828-v48r3-marine-gt-processed-handoff-v10.zip::asai-worldline-v48r3-source-restored/CHRONOLOGY-SCHEMA-V46R1.json	zip-member	machine-v48r3	MACHINE-CURRENT	cross-domain
nested/asai-worldline-v48r3-source-restored/CHRONOLOGY-SCHEMA-V48R3.json	90-SOURCE-QUARANTINE/2026-08-29-FULL-V3/asai-worldline-20260828-v48r3-marine-gt-processed-handoff-v10.zip::asai-worldline-v48r3-source-restored/CHRONOLOGY-SCHEMA-V48R3.json	zip-member	machine-v48r3	MACHINE-CURRENT	cross-domain
nested/asai-worldline-v48r3-source-restored/CROSS-DOMAIN-PREFLIGHT-V22R2.md	90-SOURCE-QUARANTINE/2026-08-29-FULL-V3/asai-worldline-20260828-v48r3-marine-gt-processed-handoff-v10.zip::asai-worldline-v48r3-source-restored/CROSS-DOMAIN-PREFLIGHT-V22R2.md	zip-member	machine-v48r3	MACHINE-CURRENT	cross-domain
nested/asai-worldline-v48r3-source-restored/CROSS-DOMAIN-PREFLIGHT-V22R3.md	90-SOURCE-QUARANTINE/2026-08-29-FULL-V3/asai-worldline-20260828-v48r3-marine-gt-processed-handoff-v10.zip::asai-worldline-v48r3-source-restored/CROSS-DOMAIN-PREFLIGHT-V22R3.md	zip-member	machine-v48r3	MACHINE-CURRENT	cross-domain
nested/asai-worldline-v48r3-source-restored/CROSS-DOMAIN-PREFLIGHT-V22R4.md	90-SOURCE-QUARANTINE/2026-08-29-FULL-V3/asai-worldline-20260828-v48r3-marine-gt-processed-handoff-v10.zip::asai-worldline-v48r3-source-restored/CROSS-DOMAIN-PREFLIGHT-V22R4.md	zip-member	machine-v48r3	MACHINE-CURRENT	cross-domain
nested/asai-worldline-v48r3-source-restored/CROSS-DOMAIN-PREFLIGHT-V23R1.md	90-SOURCE-QUARANTINE/2026-08-29-FULL-V3/asai-worldline-20260828-v48r3-marine-gt-processed-handoff-v10.zip::asai-worldline-v48r3-source-restored/CROSS-DOMAIN-PREFLIGHT-V23R1.md	zip-member	machine-v48r3	MACHINE-CURRENT	cross-domain
nested/asai-worldline-v48r3-source-restored/CROSS-DOMAIN-PREFLIGHT-V24R1.md	90-SOURCE-QUARANTINE/2026-08-29-FULL-V3/asai-worldline-20260828-v48r3-marine-gt-processed-handoff-v10.zip::asai-worldline-v48r3-source-restored/CROSS-DOMAIN-PREFLIGHT-V24R1.md	zip-member	machine-v48r3	MACHINE-CURRENT	cross-domain
nested/asai-worldline-v48r3-source-restored/CROSS-DOMAIN-PREFLIGHT-V24R2.md	90-SOURCE-QUARANTINE/2026-08-29-FULL-V3/asai-worldline-20260828-v48r3-marine-gt-processed-handoff-v10.zip::asai-worldline-v48r3-source-restored/CROSS-DOMAIN-PREFLIGHT-V24R2.md	zip-member	machine-v48r3	MACHINE-CURRENT	cross-domain
nested/asai-worldline-v48r3-source-restored/CROSS-DOMAIN-PREFLIGHT-V25R1.md	90-SOURCE-QUARANTINE/2026-08-29-FULL-V3/asai-worldline-20260828-v48r3-marine-gt-processed-handoff-v10.zip::asai-worldline-v48r3-source-restored/CROSS-DOMAIN-PREFLIGHT-V25R1.md	zip-member	machine-v48r3	MACHINE-CURRENT	cross-domain
nested/asai-worldline-v48r3-source-restored/CROSS-DOMAIN-PREFLIGHT-V26R1.md	90-SOURCE-QUARANTINE/2026-08-29-FULL-V3/asai-worldline-20260828-v48r3-marine-gt-processed-handoff-v10.zip::asai-worldline-v48r3-source-restored/CROSS-DOMAIN-PREFLIGHT-V26R1.md	zip-member	machine-v48r3	MACHINE-CURRENT	cross-domain
nested/asai-worldline-v48r3-source-restored/CROSS-DOMAIN-PREFLIGHT-V27R1.md	90-SOURCE-QUARANTINE/2026-08-29-FULL-V3/asai-worldline-20260828-v48r3-marine-gt-processed-handoff-v10.zip::asai-worldline-v48r3-source-restored/CROSS-DOMAIN-PREFLIGHT-V27R1.md	zip-member	machine-v48r3	MACHINE-CURRENT	cross-domain
nested/asai-worldline-v48r3-source-restored/CROSS-DOMAIN-PREFLIGHT-V28R1.md	90-SOURCE-QUARANTINE/2026-08-29-FULL-V3/asai-worldline-20260828-v48r3-marine-gt-processed-handoff-v10.zip::asai-worldline-v48r3-source-restored/CROSS-DOMAIN-PREFLIGHT-V28R1.md	zip-member	machine-v48r3	MACHINE-CURRENT	cross-domain
nested/asai-worldline-v48r3-source-restored/CROSS-DOMAIN-PREFLIGHT-V29R1.md	90-SOURCE-QUARANTINE/2026-08-29-FULL-V3/asai-worldline-20260828-v48r3-marine-gt-processed-handoff-v10.zip::asai-worldline-v48r3-source-restored/CROSS-DOMAIN-PREFLIGHT-V29R1.md	zip-member	machine-v48r3	MACHINE-CURRENT	cross-domain
nested/asai-worldline-v48r3-source-restored/CROSS-DOMAIN-PREFLIGHT-V30R1.md	90-SOURCE-QUARANTINE/2026-08-29-FULL-V3/asai-worldline-20260828-v48r3-marine-gt-processed-handoff-v10.zip::asai-worldline-v48r3-source-restored/CROSS-DOMAIN-PREFLIGHT-V30R1.md	zip-member	machine-v48r3	MACHINE-CURRENT	cross-domain
nested/asai-worldline-v48r3-source-restored/CROSS-DOMAIN-PREFLIGHT-V31R1.md	90-SOURCE-QUARANTINE/2026-08-29-FULL-V3/asai-worldline-20260828-v48r3-marine-gt-processed-handoff-v10.zip::asai-worldline-v48r3-source-restored/CROSS-DOMAIN-PREFLIGHT-V31R1.md	zip-member	machine-v48r3	MACHINE-CURRENT	cross-domain
nested/asai-worldline-v48r3-source-restored/CROSS-DOMAIN-PREFLIGHT-V32R1.md	90-SOURCE-QUARANTINE/2026-08-29-FULL-V3/asai-worldline-20260828-v48r3-marine-gt-processed-handoff-v10.zip::asai-worldline-v48r3-source-restored/CROSS-DOMAIN-PREFLIGHT-V32R1.md	zip-member	machine-v48r3	MACHINE-CURRENT	cross-domain
nested/asai-worldline-v48r3-source-restored/CROSS-DOMAIN-PREFLIGHT-V33R1.md	90-SOURCE-QUARANTINE/2026-08-29-FULL-V3/asai-worldline-20260828-v48r3-marine-gt-processed-handoff-v10.zip::asai-worldline-v48r3-source-restored/CROSS-DOMAIN-PREFLIGHT-V33R1.md	zip-member	machine-v48r3	MACHINE-CURRENT	cross-domain
nested/asai-worldline-v48r3-source-restored/CROSS-DOMAIN-PREFLIGHT-V34R1.md	90-SOURCE-QUARANTINE/2026-08-29-FULL-V3/asai-worldline-20260828-v48r3-marine-gt-processed-handoff-v10.zip::asai-worldline-v48r3-source-restored/CROSS-DOMAIN-PREFLIGHT-V34R1.md	zip-member	machine-v48r3	MACHINE-CURRENT	cross-domain
nested/asai-worldline-v48r3-source-restored/CROSS-DOMAIN-PREFLIGHT-V35R1.md	90-SOURCE-QUARANTINE/2026-08-29-FULL-V3/asai-worldline-20260828-v48r3-marine-gt-processed-handoff-v10.zip::asai-worldline-v48r3-source-restored/CROSS-DOMAIN-PREFLIGHT-V35R1.md	zip-member	machine-v48r3	MACHINE-CURRENT	cross-domain
nested/asai-worldline-v48r3-source-restored/CROSS-DOMAIN-PREFLIGHT-V36R1.md	90-SOURCE-QUARANTINE/2026-08-29-FULL-V3/asai-worldline-20260828-v48r3-marine-gt-processed-handoff-v10.zip::asai-worldline-v48r3-source-restored/CROSS-DOMAIN-PREFLIGHT-V36R1.md	zip-member	machine-v48r3	MACHINE-CURRENT	cross-domain
nested/asai-worldline-v48r3-source-restored/CROSS-DOMAIN-PREFLIGHT-V37R1.md	90-SOURCE-QUARANTINE/2026-08-29-FULL-V3/asai-worldline-20260828-v48r3-marine-gt-processed-handoff-v10.zip::asai-worldline-v48r3-source-restored/CROSS-DOMAIN-PREFLIGHT-V37R1.md	zip-member	machine-v48r3	MACHINE-CURRENT	cross-domain
nested/asai-worldline-v48r3-source-restored/CROSS-DOMAIN-PREFLIGHT-V38R1.md	90-SOURCE-QUARANTINE/2026-08-29-FULL-V3/asai-worldline-20260828-v48r3-marine-gt-processed-handoff-v10.zip::asai-worldline-v48r3-source-restored/CROSS-DOMAIN-PREFLIGHT-V38R1.md	zip-member	machine-v48r3	MACHINE-CURRENT	cross-domain
nested/asai-worldline-v48r3-source-restored/CROSS-DOMAIN-PREFLIGHT-V39R1.md	90-SOURCE-QUARANTINE/2026-08-29-FULL-V3/asai-worldline-20260828-v48r3-marine-gt-processed-handoff-v10.zip::asai-worldline-v48r3-source-restored/CROSS-DOMAIN-PREFLIGHT-V39R1.md	zip-member	machine-v48r3	MACHINE-CURRENT	cross-domain
nested/asai-worldline-v48r3-source-restored/CROSS-DOMAIN-PREFLIGHT-V40R1.md	90-SOURCE-QUARANTINE/2026-08-29-FULL-V3/asai-worldline-20260828-v48r3-marine-gt-processed-handoff-v10.zip::asai-worldline-v48r3-source-restored/CROSS-DOMAIN-PREFLIGHT-V40R1.md	zip-member	machine-v48r3	MACHINE-CURRENT	cross-domain
nested/asai-worldline-v48r3-source-restored/CROSS-DOMAIN-PREFLIGHT-V41R1.md	90-SOURCE-QUARANTINE/2026-08-29-FULL-V3/asai-worldline-20260828-v48r3-marine-gt-processed-handoff-v10.zip::asai-worldline-v48r3-source-restored/CROSS-DOMAIN-PREFLIGHT-V41R1.md	zip-member	machine-v48r3	MACHINE-CURRENT	cross-domain
nested/asai-worldline-v48r3-source-restored/CROSS-DOMAIN-PREFLIGHT-V42R1.md	90-SOURCE-QUARANTINE/2026-08-29-FULL-V3/asai-worldline-20260828-v48r3-marine-gt-processed-handoff-v10.zip::asai-worldline-v48r3-source-restored/CROSS-DOMAIN-PREFLIGHT-V42R1.md	zip-member	machine-v48r3	MACHINE-CURRENT	cross-domain
nested/asai-worldline-v48r3-source-restored/CROSS-DOMAIN-PREFLIGHT-V43R1.md	90-SOURCE-QUARANTINE/2026-08-29-FULL-V3/asai-worldline-20260828-v48r3-marine-gt-processed-handoff-v10.zip::asai-worldline-v48r3-source-restored/CROSS-DOMAIN-PREFLIGHT-V43R1.md	zip-member	machine-v48r3	MACHINE-CURRENT	cross-domain
nested/asai-worldline-v48r3-source-restored/CROSS-DOMAIN-PREFLIGHT-V44R1.md	90-SOURCE-QUARANTINE/2026-08-29-FULL-V3/asai-worldline-20260828-v48r3-marine-gt-processed-handoff-v10.zip::asai-worldline-v48r3-source-restored/CROSS-DOMAIN-PREFLIGHT-V44R1.md	zip-member	machine-v48r3	MACHINE-CURRENT	cross-domain
nested/asai-worldline-v48r3-source-restored/CROSS-DOMAIN-PREFLIGHT-V45R1.md	90-SOURCE-QUARANTINE/2026-08-29-FULL-V3/asai-worldline-20260828-v48r3-marine-gt-processed-handoff-v10.zip::asai-worldline-v48r3-source-restored/CROSS-DOMAIN-PREFLIGHT-V45R1.md	zip-member	machine-v48r3	MACHINE-CURRENT	cross-domain
nested/asai-worldline-v48r3-source-restored/CROSS-DOMAIN-PREFLIGHT-V46R1.md	90-SOURCE-QUARANTINE/2026-08-29-FULL-V3/asai-worldline-20260828-v48r3-marine-gt-processed-handoff-v10.zip::asai-worldline-v48r3-source-restored/CROSS-DOMAIN-PREFLIGHT-V46R1.md	zip-member	machine-v48r3	MACHINE-CURRENT	cross-domain
nested/asai-worldline-v48r3-source-restored/CROSS-DOMAIN-PREFLIGHT-V48R1.md	90-SOURCE-QUARANTINE/2026-08-29-FULL-V3/asai-worldline-20260828-v48r3-marine-gt-processed-handoff-v10.zip::asai-worldline-v48r3-source-restored/CROSS-DOMAIN-PREFLIGHT-V48R1.md	zip-member	machine-v48r3	MACHINE-CURRENT	cross-domain
nested/asai-worldline-v48r3-source-restored/CROSS-DOMAIN-PREFLIGHT-V48R3.md	90-SOURCE-QUARANTINE/2026-08-29-FULL-V3/asai-worldline-20260828-v48r3-marine-gt-processed-handoff-v10.zip::asai-worldline-v48r3-source-restored/CROSS-DOMAIN-PREFLIGHT-V48R3.md	zip-member	machine-v48r3	MACHINE-CURRENT	cross-domain
nested/asai-worldline-v48r3-source-restored/CURRENT-CANONICAL-STATE.md	90-SOURCE-QUARANTINE/2026-08-29-FULL-V3/asai-worldline-20260828-v48r3-marine-gt-processed-handoff-v10.zip::asai-worldline-v48r3-source-restored/CURRENT-CANONICAL-STATE.md	zip-member	machine-v48r3	MACHINE-CURRENT	cross-domain
nested/asai-worldline-v48r3-source-restored/DIRECT-PATCH-2026-08-15.diff	90-SOURCE-QUARANTINE/2026-08-29-FULL-V3/asai-worldline-20260828-v48r3-marine-gt-processed-handoff-v10.zip::asai-worldline-v48r3-source-restored/DIRECT-PATCH-2026-08-15.diff	zip-member	semantic-v48-support	BASE-SUPPORT	cross-domain
nested/asai-worldline-v48r3-source-restored/HANDOFF-TO-MAIN-2026-08-15.md	90-SOURCE-QUARANTINE/2026-08-29-FULL-V3/asai-worldline-20260828-v48r3-marine-gt-processed-handoff-v10.zip::asai-worldline-v48r3-source-restored/HANDOFF-TO-MAIN-2026-08-15.md	zip-member	semantic-v48-support	BASE-SUPPORT	company
nested/asai-worldline-v48r3-source-restored/HISTORY-CARRY-FORWARD-1941-20260815.md	90-SOURCE-QUARANTINE/2026-08-29-FULL-V3/asai-worldline-20260828-v48r3-marine-gt-processed-handoff-v10.zip::asai-worldline-v48r3-source-restored/HISTORY-CARRY-FORWARD-1941-20260815.md	zip-member	semantic-v48-support	BASE-SUPPORT	cross-domain
nested/asai-worldline-v48r3-source-restored/HISTORY-RESTART-1941-12-08-2026-08-16.md	90-SOURCE-QUARANTINE/2026-08-29-FULL-V3/asai-worldline-20260828-v48r3-marine-gt-processed-handoff-v10.zip::asai-worldline-v48r3-source-restored/HISTORY-RESTART-1941-12-08-2026-08-16.md	zip-member	semantic-v48-support	BASE-SUPPORT	cross-domain
nested/asai-worldline-v48r3-source-restored/MARINE-GT-PROCESSED-START-HERE-2026-08-27.md	90-SOURCE-QUARANTINE/2026-08-29-FULL-V3/asai-worldline-20260828-v48r3-marine-gt-processed-handoff-v10.zip::asai-worldline-v48r3-source-restored/MARINE-GT-PROCESSED-START-HERE-2026-08-27.md	zip-member	semantic-v48-support	BASE-SUPPORT	marine;gas-turbine
nested/asai-worldline-v48r3-source-restored/MARINE-GT-PROCESSED-START-HERE-2026-08-28.md	90-SOURCE-QUARANTINE/2026-08-29-FULL-V3/asai-worldline-20260828-v48r3-marine-gt-processed-handoff-v10.zip::asai-worldline-v48r3-source-restored/MARINE-GT-PROCESSED-START-HERE-2026-08-28.md	zip-member	semantic-v48-support	BASE-SUPPORT	marine;gas-turbine
nested/asai-worldline-v48r3-source-restored/MERGE-RECOMMENDATIONS-2026-08-15.md	90-SOURCE-QUARANTINE/2026-08-29-FULL-V3/asai-worldline-20260828-v48r3-marine-gt-processed-handoff-v10.zip::asai-worldline-v48r3-source-restored/MERGE-RECOMMENDATIONS-2026-08-15.md	zip-member	semantic-v48-support	BASE-SUPPORT	cross-domain
nested/asai-worldline-v48r3-source-restored/MIGRATION-NOTE-AIRCRAFT-REBASELINE-V5.md	90-SOURCE-QUARANTINE/2026-08-29-FULL-V3/asai-worldline-20260828-v48r3-marine-gt-processed-handoff-v10.zip::asai-worldline-v48r3-source-restored/MIGRATION-NOTE-AIRCRAFT-REBASELINE-V5.md	zip-member	semantic-v48-support	BASE-SUPPORT	aviation
nested/asai-worldline-v48r3-source-restored/MIGRATION-NOTE-COMPUTATION-INTEGRATED-V4.md	90-SOURCE-QUARANTINE/2026-08-29-FULL-V3/asai-worldline-20260828-v48r3-marine-gt-processed-handoff-v10.zip::asai-worldline-v48r3-source-restored/MIGRATION-NOTE-COMPUTATION-INTEGRATED-V4.md	zip-member	semantic-v48-support	BASE-SUPPORT	computation
nested/asai-worldline-v48r3-source-restored/MIGRATION-NOTE-CROSS-DOMAIN-V24.md	90-SOURCE-QUARANTINE/2026-08-29-FULL-V3/asai-worldline-20260828-v48r3-marine-gt-processed-handoff-v10.zip::asai-worldline-v48r3-source-restored/MIGRATION-NOTE-CROSS-DOMAIN-V24.md	zip-member	machine-v48r3	MACHINE-CURRENT	cross-domain
nested/asai-worldline-v48r3-source-restored/MIGRATION-NOTE-ENGINE-COMPETITION-V9.md	90-SOURCE-QUARANTINE/2026-08-29-FULL-V3/asai-worldline-20260828-v48r3-marine-gt-processed-handoff-v10.zip::asai-worldline-v48r3-source-restored/MIGRATION-NOTE-ENGINE-COMPETITION-V9.md	zip-member	semantic-v48-support	BASE-SUPPORT	cross-domain
nested/asai-worldline-v48r3-source-restored/MIGRATION-NOTE-ENGINE-COMPUTATION-EXTERNALIZATION-V7.md	90-SOURCE-QUARANTINE/2026-08-29-FULL-V3/asai-worldline-20260828-v48r3-marine-gt-processed-handoff-v10.zip::asai-worldline-v48r3-source-restored/MIGRATION-NOTE-ENGINE-COMPUTATION-EXTERNALIZATION-V7.md	zip-member	semantic-v48-support	BASE-SUPPORT	computation
nested/asai-worldline-v48r3-source-restored/MIGRATION-NOTE-ENGINE-COMPUTATION-MATURATION-V8.md	90-SOURCE-QUARANTINE/2026-08-29-FULL-V3/asai-worldline-20260828-v48r3-marine-gt-processed-handoff-v10.zip::asai-worldline-v48r3-source-restored/MIGRATION-NOTE-ENGINE-COMPUTATION-MATURATION-V8.md	zip-member	semantic-v48-support	BASE-SUPPORT	computation
nested/asai-worldline-v48r3-source-restored/MIGRATION-NOTE-ENGINE-COMPUTATION-REBASELINE-V6.md	90-SOURCE-QUARANTINE/2026-08-29-FULL-V3/asai-worldline-20260828-v48r3-marine-gt-processed-handoff-v10.zip::asai-worldline-v48r3-source-restored/MIGRATION-NOTE-ENGINE-COMPUTATION-REBASELINE-V6.md	zip-member	semantic-v48-support	BASE-SUPPORT	computation
nested/asai-worldline-v48r3-source-restored/MIGRATION-NOTE-FROM-COMPUTATION-V2.md	90-SOURCE-QUARANTINE/2026-08-29-FULL-V3/asai-worldline-20260828-v48r3-marine-gt-processed-handoff-v10.zip::asai-worldline-v48r3-source-restored/MIGRATION-NOTE-FROM-COMPUTATION-V2.md	zip-member	semantic-v48-support	BASE-SUPPORT	computation
nested/asai-worldline-v48r3-source-restored/MIGRATION-NOTE-SUBMARINE-AIRCRAFT-V18.md	90-SOURCE-QUARANTINE/2026-08-29-FULL-V3/asai-worldline-20260828-v48r3-marine-gt-processed-handoff-v10.zip::asai-worldline-v48r3-source-restored/MIGRATION-NOTE-SUBMARINE-AIRCRAFT-V18.md	zip-member	semantic-v48-support	BASE-SUPPORT	aviation;marine
nested/asai-worldline-v48r3-source-restored/MIGRATION-NOTE-SUBMARINE-MATURATION-V17.md	90-SOURCE-QUARANTINE/2026-08-29-FULL-V3/asai-worldline-20260828-v48r3-marine-gt-processed-handoff-v10.zip::asai-worldline-v48r3-source-restored/MIGRATION-NOTE-SUBMARINE-MATURATION-V17.md	zip-member	semantic-v48-support	BASE-SUPPORT	marine
nested/asai-worldline-v48r3-source-restored/MIGRATION-NOTE-SUBMARINE-NEXT-GENERATION-V23.md	90-SOURCE-QUARANTINE/2026-08-29-FULL-V3/asai-worldline-20260828-v48r3-marine-gt-processed-handoff-v10.zip::asai-worldline-v48r3-source-restored/MIGRATION-NOTE-SUBMARINE-NEXT-GENERATION-V23.md	zip-member	semantic-v48-support	BASE-SUPPORT	marine
nested/asai-worldline-v48r3-source-restored/MIGRATION-NOTE-SUBMARINE-PROPULSION-V20.md	90-SOURCE-QUARANTINE/2026-08-29-FULL-V3/asai-worldline-20260828-v48r3-marine-gt-processed-handoff-v10.zip::asai-worldline-v48r3-source-restored/MIGRATION-NOTE-SUBMARINE-PROPULSION-V20.md	zip-member	semantic-v48-support	BASE-SUPPORT	marine
nested/asai-worldline-v48r3-source-restored/MIGRATION-NOTE-SUBMARINE-REBASELINE-V16.md	90-SOURCE-QUARANTINE/2026-08-29-FULL-V3/asai-worldline-20260828-v48r3-marine-gt-processed-handoff-v10.zip::asai-worldline-v48r3-source-restored/MIGRATION-NOTE-SUBMARINE-REBASELINE-V16.md	zip-member	semantic-v48-support	BASE-SUPPORT	marine
nested/asai-worldline-v48r3-source-restored/MIGRATION-NOTE-SUBMARINE-SERIES-V19.md	90-SOURCE-QUARANTINE/2026-08-29-FULL-V3/asai-worldline-20260828-v48r3-marine-gt-processed-handoff-v10.zip::asai-worldline-v48r3-source-restored/MIGRATION-NOTE-SUBMARINE-SERIES-V19.md	zip-member	semantic-v48-support	BASE-SUPPORT	marine
nested/asai-worldline-v48r3-source-restored/MIGRATION-NOTE-SUBMARINE-UNDERWATER-RECONCILED-V22.md	90-SOURCE-QUARANTINE/2026-08-29-FULL-V3/asai-worldline-20260828-v48r3-marine-gt-processed-handoff-v10.zip::asai-worldline-v48r3-source-restored/MIGRATION-NOTE-SUBMARINE-UNDERWATER-RECONCILED-V22.md	zip-member	semantic-v48-support	BASE-SUPPORT	marine
nested/asai-worldline-v48r3-source-restored/MIGRATION-NOTE-SUBMARINE-UNDERWATER-V21.md	90-SOURCE-QUARANTINE/2026-08-29-FULL-V3/asai-worldline-20260828-v48r3-marine-gt-processed-handoff-v10.zip::asai-worldline-v48r3-source-restored/MIGRATION-NOTE-SUBMARINE-UNDERWATER-V21.md	zip-member	semantic-v48-support	BASE-SUPPORT	marine
nested/asai-worldline-v48r3-source-restored/MIGRATION-NOTE-TANK-CONDITIONAL-V25.md	90-SOURCE-QUARANTINE/2026-08-29-FULL-V3/asai-worldline-20260828-v48r3-marine-gt-processed-handoff-v10.zip::asai-worldline-v48r3-source-restored/MIGRATION-NOTE-TANK-CONDITIONAL-V25.md	zip-member	semantic-v48-support	BASE-SUPPORT	ground
nested/asai-worldline-v48r3-source-restored/MIGRATION-NOTE-ZERO-A6M2-MATURATION-V11.md	90-SOURCE-QUARANTINE/2026-08-29-FULL-V3/asai-worldline-20260828-v48r3-marine-gt-processed-handoff-v10.zip::asai-worldline-v48r3-source-restored/MIGRATION-NOTE-ZERO-A6M2-MATURATION-V11.md	zip-member	semantic-v48-support	BASE-SUPPORT	aviation
nested/asai-worldline-v48r3-source-restored/MIGRATION-NOTE-ZERO-A6M3-REBASELINE-V13.md	90-SOURCE-QUARANTINE/2026-08-29-FULL-V3/asai-worldline-20260828-v48r3-marine-gt-processed-handoff-v10.zip::asai-worldline-v48r3-source-restored/MIGRATION-NOTE-ZERO-A6M3-REBASELINE-V13.md	zip-member	semantic-v48-support	BASE-SUPPORT	aviation
nested/asai-worldline-v48r3-source-restored/MIGRATION-NOTE-ZERO-FUEL-HISTORY-V12.md	90-SOURCE-QUARANTINE/2026-08-29-FULL-V3/asai-worldline-20260828-v48r3-marine-gt-processed-handoff-v10.zip::asai-worldline-v48r3-source-restored/MIGRATION-NOTE-ZERO-FUEL-HISTORY-V12.md	zip-member	semantic-v48-support	BASE-SUPPORT	aviation
nested/asai-worldline-v48r3-source-restored/MIGRATION-NOTE-ZERO-OPERATIONAL-V14.md	90-SOURCE-QUARANTINE/2026-08-29-FULL-V3/asai-worldline-20260828-v48r3-marine-gt-processed-handoff-v10.zip::asai-worldline-v48r3-source-restored/MIGRATION-NOTE-ZERO-OPERATIONAL-V14.md	zip-member	semantic-v48-support	BASE-SUPPORT	aviation
nested/asai-worldline-v48r3-source-restored/MIGRATION-NOTE-ZERO-ZUISEI-REINTEGRATION-V10.md	90-SOURCE-QUARANTINE/2026-08-29-FULL-V3/asai-worldline-20260828-v48r3-marine-gt-processed-handoff-v10.zip::asai-worldline-v48r3-source-restored/MIGRATION-NOTE-ZERO-ZUISEI-REINTEGRATION-V10.md	zip-member	semantic-v48-support	BASE-SUPPORT	aviation
nested/asai-worldline-v48r3-source-restored/PROVENANCE-MERGE-NOTES-2026-08-15.md	90-SOURCE-QUARANTINE/2026-08-29-FULL-V3/asai-worldline-20260828-v48r3-marine-gt-processed-handoff-v10.zip::asai-worldline-v48r3-source-restored/PROVENANCE-MERGE-NOTES-2026-08-15.md	zip-member	semantic-v48-support	BASE-SUPPORT	cross-domain
nested/asai-worldline-v48r3-source-restored/PROVENANCE-REPAIR-README-2026-08-15.md	90-SOURCE-QUARANTINE/2026-08-29-FULL-V3/asai-worldline-20260828-v48r3-marine-gt-processed-handoff-v10.zip::asai-worldline-v48r3-source-restored/PROVENANCE-REPAIR-README-2026-08-15.md	zip-member	semantic-v48-support	BASE-SUPPORT	cross-domain
nested/asai-worldline-v48r3-source-restored/README-CLOSED-2026-08-16.md	90-SOURCE-QUARANTINE/2026-08-29-FULL-V3/asai-worldline-20260828-v48r3-marine-gt-processed-handoff-v10.zip::asai-worldline-v48r3-source-restored/README-CLOSED-2026-08-16.md	zip-member	semantic-v48-support	BASE-SUPPORT	cross-domain
nested/asai-worldline-v48r3-source-restored/README-CONTINUATION-2026-08-16.md	90-SOURCE-QUARANTINE/2026-08-29-FULL-V3/asai-worldline-20260828-v48r3-marine-gt-processed-handoff-v10.zip::asai-worldline-v48r3-source-restored/README-CONTINUATION-2026-08-16.md	zip-member	semantic-v48-support	BASE-SUPPORT	cross-domain
nested/asai-worldline-v48r3-source-restored/README-HANDOFF-2026-08-18.txt	90-SOURCE-QUARANTINE/2026-08-29-FULL-V3/asai-worldline-20260828-v48r3-marine-gt-processed-handoff-v10.zip::asai-worldline-v48r3-source-restored/README-HANDOFF-2026-08-18.txt	zip-member	semantic-v48-support	BASE-SUPPORT	company
nested/asai-worldline-v48r3-source-restored/README-HANDOFF-2026-08-20-PROVISIONAL.txt	90-SOURCE-QUARANTINE/2026-08-29-FULL-V3/asai-worldline-20260828-v48r3-marine-gt-processed-handoff-v10.zip::asai-worldline-v48r3-source-restored/README-HANDOFF-2026-08-20-PROVISIONAL.txt	zip-member	semantic-v48-support	BASE-SUPPORT	company
nested/asai-worldline-v48r3-source-restored/README-HANDOFF.txt	90-SOURCE-QUARANTINE/2026-08-29-FULL-V3/asai-worldline-20260828-v48r3-marine-gt-processed-handoff-v10.zip::asai-worldline-v48r3-source-restored/README-HANDOFF.txt	zip-member	semantic-v48-support	BASE-SUPPORT	company
nested/asai-worldline-v48r3-source-restored/RECOVERY-PROVENANCE-V48R3.json	90-SOURCE-QUARANTINE/2026-08-29-FULL-V3/asai-worldline-20260828-v48r3-marine-gt-processed-handoff-v10.zip::asai-worldline-v48r3-source-restored/RECOVERY-PROVENANCE-V48R3.json	zip-member	semantic-v48-support	BASE-SUPPORT	cross-domain
nested/asai-worldline-v48r3-source-restored/SESSION-20260816-AIRWAR-PREP/00-README-CURRENT.md	90-SOURCE-QUARANTINE/2026-08-29-FULL-V3/asai-worldline-20260828-v48r3-marine-gt-processed-handoff-v10.zip::asai-worldline-v48r3-source-restored/SESSION-20260816-AIRWAR-PREP/00-README-CURRENT.md	zip-member	scenario-session	REFERENCE-SCENARIO	aviation
nested/asai-worldline-v48r3-source-restored/SESSION-20260816-AIRWAR-PREP/01-CURRENT-CANON-AND-STATUS.md	90-SOURCE-QUARANTINE/2026-08-29-FULL-V3/asai-worldline-20260828-v48r3-marine-gt-processed-handoff-v10.zip::asai-worldline-v48r3-source-restored/SESSION-20260816-AIRWAR-PREP/01-CURRENT-CANON-AND-STATUS.md	zip-member	scenario-session	REFERENCE-SCENARIO	aviation
nested/asai-worldline-v48r3-source-restored/SESSION-20260816-AIRWAR-PREP/02-AIR-OOB-1941-12-08.md	90-SOURCE-QUARANTINE/2026-08-29-FULL-V3/asai-worldline-20260828-v48r3-marine-gt-processed-handoff-v10.zip::asai-worldline-v48r3-source-restored/SESSION-20260816-AIRWAR-PREP/02-AIR-OOB-1941-12-08.md	zip-member	scenario-session	REFERENCE-SCENARIO	aviation
nested/asai-worldline-v48r3-source-restored/SESSION-20260816-AIRWAR-PREP/03-ENEMY-FIGHTER-INTELLIGENCE-AND-PLANNING.md	90-SOURCE-QUARANTINE/2026-08-29-FULL-V3/asai-worldline-20260828-v48r3-marine-gt-processed-handoff-v10.zip::asai-worldline-v48r3-source-restored/SESSION-20260816-AIRWAR-PREP/03-ENEMY-FIGHTER-INTELLIGENCE-AND-PLANNING.md	zip-member	scenario-session	REFERENCE-SCENARIO	aviation
nested/asai-worldline-v48r3-source-restored/SESSION-20260816-AIRWAR-PREP/04-RANGE-AND-OPERATIONAL-MOBILITY.md	90-SOURCE-QUARANTINE/2026-08-29-FULL-V3/asai-worldline-20260828-v48r3-marine-gt-processed-handoff-v10.zip::asai-worldline-v48r3-source-restored/SESSION-20260816-AIRWAR-PREP/04-RANGE-AND-OPERATIONAL-MOBILITY.md	zip-member	scenario-session	REFERENCE-SCENARIO	aviation
nested/asai-worldline-v48r3-source-restored/SESSION-20260816-AIRWAR-PREP/05-DECKED-TRANSPORT-SHIPS.md	90-SOURCE-QUARANTINE/2026-08-29-FULL-V3/asai-worldline-20260828-v48r3-marine-gt-processed-handoff-v10.zip::asai-worldline-v48r3-source-restored/SESSION-20260816-AIRWAR-PREP/05-DECKED-TRANSPORT-SHIPS.md	zip-member	scenario-session	REFERENCE-SCENARIO	aviation;marine
nested/asai-worldline-v48r3-source-restored/SESSION-20260816-AIRWAR-PREP/06-KI45-SIDE-NOTE.md	90-SOURCE-QUARANTINE/2026-08-29-FULL-V3/asai-worldline-20260828-v48r3-marine-gt-processed-handoff-v10.zip::asai-worldline-v48r3-source-restored/SESSION-20260816-AIRWAR-PREP/06-KI45-SIDE-NOTE.md	zip-member	scenario-session	REFERENCE-SCENARIO	aviation
nested/asai-worldline-v48r3-source-restored/SESSION-20260816-AIRWAR-PREP/07-NEXT-AIR-COMBAT-MODEL.md	90-SOURCE-QUARANTINE/2026-08-29-FULL-V3/asai-worldline-20260828-v48r3-marine-gt-processed-handoff-v10.zip::asai-worldline-v48r3-source-restored/SESSION-20260816-AIRWAR-PREP/07-NEXT-AIR-COMBAT-MODEL.md	zip-member	scenario-session	REFERENCE-SCENARIO	aviation
nested/asai-worldline-v48r3-source-restored/SESSION-20260816-AIRWAR-PREP/08-SOURCE-NOTES.md	90-SOURCE-QUARANTINE/2026-08-29-FULL-V3/asai-worldline-20260828-v48r3-marine-gt-processed-handoff-v10.zip::asai-worldline-v48r3-source-restored/SESSION-20260816-AIRWAR-PREP/08-SOURCE-NOTES.md	zip-member	scenario-session	REFERENCE-SCENARIO	aviation
nested/asai-worldline-v48r3-source-restored/SESSION-20260816-AIRWAR-PREP/09-AIR-COMBAT-CLOSURE-1941.md	90-SOURCE-QUARANTINE/2026-08-29-FULL-V3/asai-worldline-20260828-v48r3-marine-gt-processed-handoff-v10.zip::asai-worldline-v48r3-source-restored/SESSION-20260816-AIRWAR-PREP/09-AIR-COMBAT-CLOSURE-1941.md	zip-member	scenario-session	REFERENCE-SCENARIO	aviation
nested/asai-worldline-v48r3-source-restored/SESSION-20260816-AIRWAR-PREP/10-PEARL-HARBOR-CANON-1941-12-07.md	90-SOURCE-QUARANTINE/2026-08-29-FULL-V3/asai-worldline-20260828-v48r3-marine-gt-processed-handoff-v10.zip::asai-worldline-v48r3-source-restored/SESSION-20260816-AIRWAR-PREP/10-PEARL-HARBOR-CANON-1941-12-07.md	zip-member	scenario-session	REFERENCE-SCENARIO	aviation
nested/asai-worldline-v48r3-source-restored/SESSION-20260816-AIRWAR-PREP/11-WAKE-CANON-1941-12-08-23.md	90-SOURCE-QUARANTINE/2026-08-29-FULL-V3/asai-worldline-20260828-v48r3-marine-gt-processed-handoff-v10.zip::asai-worldline-v48r3-source-restored/SESSION-20260816-AIRWAR-PREP/11-WAKE-CANON-1941-12-08-23.md	zip-member	scenario-session	REFERENCE-SCENARIO	aviation
nested/asai-worldline-v48r3-source-restored/SESSION-20260816-AIRWAR-PREP/12-NEXT-SOUTHERN-OPERATIONS.md	90-SOURCE-QUARANTINE/2026-08-29-FULL-V3/asai-worldline-20260828-v48r3-marine-gt-processed-handoff-v10.zip::asai-worldline-v48r3-source-restored/SESSION-20260816-AIRWAR-PREP/12-NEXT-SOUTHERN-OPERATIONS.md	zip-member	scenario-session	REFERENCE-SCENARIO	aviation
nested/asai-worldline-v48r3-source-restored/SESSION-20260816-AIRWAR-PREP/13-DATA-ISSUES-NOTE.md	90-SOURCE-QUARANTINE/2026-08-29-FULL-V3/asai-worldline-20260828-v48r3-marine-gt-processed-handoff-v10.zip::asai-worldline-v48r3-source-restored/SESSION-20260816-AIRWAR-PREP/13-DATA-ISSUES-NOTE.md	zip-member	scenario-session	REFERENCE-SCENARIO	aviation
nested/asai-worldline-v48r3-source-restored/SESSION-20260816-AIRWAR-PREP/14-PHILIPPINES-AIR-TRANSFER-CANON.md	90-SOURCE-QUARANTINE/2026-08-29-FULL-V3/asai-worldline-20260828-v48r3-marine-gt-processed-handoff-v10.zip::asai-worldline-v48r3-source-restored/SESSION-20260816-AIRWAR-PREP/14-PHILIPPINES-AIR-TRANSFER-CANON.md	zip-member	scenario-session	REFERENCE-SCENARIO	aviation
nested/asai-worldline-v48r3-source-restored/SESSION-20260816-AIRWAR-PREP/15-SOUTHERN-AIR-PREP-CANON-1941-12-25-1942-01-24.md	90-SOURCE-QUARANTINE/2026-08-29-FULL-V3/asai-worldline-20260828-v48r3-marine-gt-processed-handoff-v10.zip::asai-worldline-v48r3-source-restored/SESSION-20260816-AIRWAR-PREP/15-SOUTHERN-AIR-PREP-CANON-1941-12-25-1942-01-24.md	zip-member	scenario-session	REFERENCE-SCENARIO	aviation
nested/asai-worldline-v48r3-source-restored/SESSION-20260816-AIRWAR-PREP/16-SURFACE-GT-BOAT-CANON-1941-12-1942-01.md	90-SOURCE-QUARANTINE/2026-08-29-FULL-V3/asai-worldline-20260828-v48r3-marine-gt-processed-handoff-v10.zip::asai-worldline-v48r3-source-restored/SESSION-20260816-AIRWAR-PREP/16-SURFACE-GT-BOAT-CANON-1941-12-1942-01.md	zip-member	scenario-session	REFERENCE-SCENARIO	aviation;marine;gas-turbine
nested/asai-worldline-v48r3-source-restored/SESSION-20260816-AIRWAR-PREP/17-EASTERN-JAVA-SEA-CANON-1942-01-30-03-01.md	90-SOURCE-QUARANTINE/2026-08-29-FULL-V3/asai-worldline-20260828-v48r3-marine-gt-processed-handoff-v10.zip::asai-worldline-v48r3-source-restored/SESSION-20260816-AIRWAR-PREP/17-EASTERN-JAVA-SEA-CANON-1942-01-30-03-01.md	zip-member	scenario-session	REFERENCE-SCENARIO	aviation
nested/asai-worldline-v48r3-source-restored/SESSION-20260816-AIRWAR-PREP/18-LAE-SALAMAUA-CANON-1942-03-08-12.md	90-SOURCE-QUARANTINE/2026-08-29-FULL-V3/asai-worldline-20260828-v48r3-marine-gt-processed-handoff-v10.zip::asai-worldline-v48r3-source-restored/SESSION-20260816-AIRWAR-PREP/18-LAE-SALAMAUA-CANON-1942-03-08-12.md	zip-member	scenario-session	REFERENCE-SCENARIO	aviation
nested/asai-worldline-v48r3-source-restored/SESSION-20260816-AIRWAR-PREP/19-LOSS-REPLACEMENT-FLOW-NOTE.md	90-SOURCE-QUARANTINE/2026-08-29-FULL-V3/asai-worldline-20260828-v48r3-marine-gt-processed-handoff-v10.zip::asai-worldline-v48r3-source-restored/SESSION-20260816-AIRWAR-PREP/19-LOSS-REPLACEMENT-FLOW-NOTE.md	zip-member	scenario-session	REFERENCE-SCENARIO	aviation
nested/asai-worldline-v48r3-source-restored/SESSION-20260816-AIRWAR-PREP/20-EPOXY-APPLICATION-AND-PROTECTION-RETROCHECK.md	90-SOURCE-QUARANTINE/2026-08-29-FULL-V3/asai-worldline-20260828-v48r3-marine-gt-processed-handoff-v10.zip::asai-worldline-v48r3-source-restored/SESSION-20260816-AIRWAR-PREP/20-EPOXY-APPLICATION-AND-PROTECTION-RETROCHECK.md	zip-member	scenario-session	REFERENCE-SCENARIO	aviation;materials
nested/asai-worldline-v48r3-source-restored/SESSION-20260816-AIRWAR-PREP/21-MO-PRELUDE-SEARCH-CANON-1942-04-30-05-05.md	90-SOURCE-QUARANTINE/2026-08-29-FULL-V3/asai-worldline-20260828-v48r3-marine-gt-processed-handoff-v10.zip::asai-worldline-v48r3-source-restored/SESSION-20260816-AIRWAR-PREP/21-MO-PRELUDE-SEARCH-CANON-1942-04-30-05-05.md	zip-member	scenario-session	REFERENCE-SCENARIO	aviation
nested/asai-worldline-v48r3-source-restored/SESSION-20260816-AIRWAR-PREP/22-MO-EARLY-CARRIER-CONTACT-CANON-1942-05-05.md	90-SOURCE-QUARANTINE/2026-08-29-FULL-V3/asai-worldline-20260828-v48r3-marine-gt-processed-handoff-v10.zip::asai-worldline-v48r3-source-restored/SESSION-20260816-AIRWAR-PREP/22-MO-EARLY-CARRIER-CONTACT-CANON-1942-05-05.md	zip-member	scenario-session	REFERENCE-SCENARIO	aviation;marine
nested/asai-worldline-v48r3-source-restored/SESSION-20260816-AIRWAR-PREP/23-MO-FIRST-STRIKE-CANON-1942-05-05.md	90-SOURCE-QUARANTINE/2026-08-29-FULL-V3/asai-worldline-20260828-v48r3-marine-gt-processed-handoff-v10.zip::asai-worldline-v48r3-source-restored/SESSION-20260816-AIRWAR-PREP/23-MO-FIRST-STRIKE-CANON-1942-05-05.md	zip-member	scenario-session	REFERENCE-SCENARIO	aviation
nested/asai-worldline-v48r3-source-restored/SESSION-20260816-AIRWAR-PREP/24-MO-SECOND-CARRIER-DUEL-CANON-1942-05-06.md	90-SOURCE-QUARANTINE/2026-08-29-FULL-V3/asai-worldline-20260828-v48r3-marine-gt-processed-handoff-v10.zip::asai-worldline-v48r3-source-restored/SESSION-20260816-AIRWAR-PREP/24-MO-SECOND-CARRIER-DUEL-CANON-1942-05-06.md	zip-member	scenario-session	REFERENCE-SCENARIO	aviation;marine
nested/asai-worldline-v48r3-source-restored/SESSION-20260816-AIRWAR-PREP/25-MO-CRACE-JOMARD-CANON-1942-05-06-08.md	90-SOURCE-QUARANTINE/2026-08-29-FULL-V3/asai-worldline-20260828-v48r3-marine-gt-processed-handoff-v10.zip::asai-worldline-v48r3-source-restored/SESSION-20260816-AIRWAR-PREP/25-MO-CRACE-JOMARD-CANON-1942-05-06-08.md	zip-member	scenario-session	REFERENCE-SCENARIO	aviation
nested/asai-worldline-v48r3-source-restored/SESSION-20260816-AIRWAR-PREP/26-MO-PORT-MORESBY-LANDING-CANON-1942-05-09-12.md	90-SOURCE-QUARANTINE/2026-08-29-FULL-V3/asai-worldline-20260828-v48r3-marine-gt-processed-handoff-v10.zip::asai-worldline-v48r3-source-restored/SESSION-20260816-AIRWAR-PREP/26-MO-PORT-MORESBY-LANDING-CANON-1942-05-09-12.md	zip-member	scenario-session	REFERENCE-SCENARIO	aviation
nested/asai-worldline-v48r3-source-restored/SESSION-20260816-AIRWAR-PREP/27-PORT-MORESBY-BASING-ATTRITION-CANON-1942-05-12-06-30.md	90-SOURCE-QUARANTINE/2026-08-29-FULL-V3/asai-worldline-20260828-v48r3-marine-gt-processed-handoff-v10.zip::asai-worldline-v48r3-source-restored/SESSION-20260816-AIRWAR-PREP/27-PORT-MORESBY-BASING-ATTRITION-CANON-1942-05-12-06-30.md	zip-member	scenario-session	REFERENCE-SCENARIO	aviation
nested/asai-worldline-v48r3-source-restored/SESSION-20260816-AIRWAR-PREP/28-MORESBY-LOGISTICS-ESCORT-INTERDICTION-BASELINE-1942-05-12-08.md	90-SOURCE-QUARANTINE/2026-08-29-FULL-V3/asai-worldline-20260828-v48r3-marine-gt-processed-handoff-v10.zip::asai-worldline-v48r3-source-restored/SESSION-20260816-AIRWAR-PREP/28-MORESBY-LOGISTICS-ESCORT-INTERDICTION-BASELINE-1942-05-12-08.md	zip-member	scenario-session	REFERENCE-SCENARIO	aviation
nested/asai-worldline-v48r3-source-restored/SESSION-20260816-AIRWAR-PREP/29-MI-CANON-1942-06-09-12.md	90-SOURCE-QUARANTINE/2026-08-29-FULL-V3/asai-worldline-20260828-v48r3-marine-gt-processed-handoff-v10.zip::asai-worldline-v48r3-source-restored/SESSION-20260816-AIRWAR-PREP/29-MI-CANON-1942-06-09-12.md	zip-member	scenario-session	REFERENCE-SCENARIO	aviation
nested/asai-worldline-v48r3-source-restored/SESSION-20260816-AIRWAR-PREP/30-POST-MI-WORLD-STRATEGY-SICHUAN-1942-06-07.md	90-SOURCE-QUARANTINE/2026-08-29-FULL-V3/asai-worldline-20260828-v48r3-marine-gt-processed-handoff-v10.zip::asai-worldline-v48r3-source-restored/SESSION-20260816-AIRWAR-PREP/30-POST-MI-WORLD-STRATEGY-SICHUAN-1942-06-07.md	zip-member	scenario-session	REFERENCE-SCENARIO	aviation
nested/asai-worldline-v48r3-source-restored/SESSION-20260816-AIRWAR-PREP/31-JUL-AUG-PACIFIC-LOGISTICS-BASES-1942.md	90-SOURCE-QUARANTINE/2026-08-29-FULL-V3/asai-worldline-20260828-v48r3-marine-gt-processed-handoff-v10.zip::asai-worldline-v48r3-source-restored/SESSION-20260816-AIRWAR-PREP/31-JUL-AUG-PACIFIC-LOGISTICS-BASES-1942.md	zip-member	scenario-session	REFERENCE-SCENARIO	aviation
nested/asai-worldline-v48r3-source-restored/SESSION-20260816-AIRWAR-PREP/32-AIRLIFT-NAVAL-AIR-POLICY-1942.md	90-SOURCE-QUARANTINE/2026-08-29-FULL-V3/asai-worldline-20260828-v48r3-marine-gt-processed-handoff-v10.zip::asai-worldline-v48r3-source-restored/SESSION-20260816-AIRWAR-PREP/32-AIRLIFT-NAVAL-AIR-POLICY-1942.md	zip-member	scenario-session	REFERENCE-SCENARIO	aviation;marine
nested/asai-worldline-v48r3-source-restored/SESSION-20260816-AIRWAR-PREP/33-AIRCREW-STATUS-1942-08.md	90-SOURCE-QUARANTINE/2026-08-29-FULL-V3/asai-worldline-20260828-v48r3-marine-gt-processed-handoff-v10.zip::asai-worldline-v48r3-source-restored/SESSION-20260816-AIRWAR-PREP/33-AIRCREW-STATUS-1942-08.md	zip-member	scenario-session	REFERENCE-SCENARIO	aviation
nested/asai-worldline-v48r3-source-restored/SESSION-20260816-AIRWAR-PREP/34-BT-ADDU-CANON-1942-07-09.md	90-SOURCE-QUARANTINE/2026-08-29-FULL-V3/asai-worldline-20260828-v48r3-marine-gt-processed-handoff-v10.zip::asai-worldline-v48r3-source-restored/SESSION-20260816-AIRWAR-PREP/34-BT-ADDU-CANON-1942-07-09.md	zip-member	scenario-session	REFERENCE-SCENARIO	aviation
nested/asai-worldline-v48r3-source-restored/SESSION-20260816-AIRWAR-PREP/35-HANDOFF-NEXT-1942-09-01.md	90-SOURCE-QUARANTINE/2026-08-29-FULL-V3/asai-worldline-20260828-v48r3-marine-gt-processed-handoff-v10.zip::asai-worldline-v48r3-source-restored/SESSION-20260816-AIRWAR-PREP/35-HANDOFF-NEXT-1942-09-01.md	zip-member	scenario-session	REFERENCE-SCENARIO	aviation;company
nested/asai-worldline-v48r3-source-restored/SESSION-20260816-AIRWAR-PREP/next_combat_asai_inputs.csv	90-SOURCE-QUARANTINE/2026-08-29-FULL-V3/asai-worldline-20260828-v48r3-marine-gt-processed-handoff-v10.zip::asai-worldline-v48r3-source-restored/SESSION-20260816-AIRWAR-PREP/next_combat_asai_inputs.csv	zip-member	scenario-session	REFERENCE-SCENARIO	aviation
nested/asai-worldline-v48r3-source-restored/SESSION-20260816-AIRWAR-PREP/oob_1941-12-08.csv	90-SOURCE-QUARANTINE/2026-08-29-FULL-V3/asai-worldline-20260828-v48r3-marine-gt-processed-handoff-v10.zip::asai-worldline-v48r3-source-restored/SESSION-20260816-AIRWAR-PREP/oob_1941-12-08.csv	zip-member	scenario-session	REFERENCE-SCENARIO	aviation
nested/asai-worldline-v48r3-source-restored/SESSION-20260816-AIRWAR-PREP/production_1941_new_series.csv	90-SOURCE-QUARANTINE/2026-08-29-FULL-V3/asai-worldline-20260828-v48r3-marine-gt-processed-handoff-v10.zip::asai-worldline-v48r3-source-restored/SESSION-20260816-AIRWAR-PREP/production_1941_new_series.csv	zip-member	scenario-session	REFERENCE-SCENARIO	aviation
nested/asai-worldline-v48r3-source-restored/SHA256SUMS-AIRCRAFT-REBASELINE-V5.txt	90-SOURCE-QUARANTINE/2026-08-29-FULL-V3/asai-worldline-20260828-v48r3-marine-gt-processed-handoff-v10.zip::asai-worldline-v48r3-source-restored/SHA256SUMS-AIRCRAFT-REBASELINE-V5.txt	zip-member	semantic-v48-support	BASE-SUPPORT	aviation
nested/asai-worldline-v48r3-source-restored/SHA256SUMS-CONTINUATION-2026-08-18.txt	90-SOURCE-QUARANTINE/2026-08-29-FULL-V3/asai-worldline-20260828-v48r3-marine-gt-processed-handoff-v10.zip::asai-worldline-v48r3-source-restored/SHA256SUMS-CONTINUATION-2026-08-18.txt	zip-member	semantic-v48-support	BASE-SUPPORT	cross-domain
nested/asai-worldline-v48r3-source-restored/SHA256SUMS-ENGINE-COMPETITION-V9.txt	90-SOURCE-QUARANTINE/2026-08-29-FULL-V3/asai-worldline-20260828-v48r3-marine-gt-processed-handoff-v10.zip::asai-worldline-v48r3-source-restored/SHA256SUMS-ENGINE-COMPETITION-V9.txt	zip-member	semantic-v48-support	BASE-SUPPORT	cross-domain
nested/asai-worldline-v48r3-source-restored/SHA256SUMS-ENGINE-COMPUTATION-EXTERNALIZATION-V7.txt	90-SOURCE-QUARANTINE/2026-08-29-FULL-V3/asai-worldline-20260828-v48r3-marine-gt-processed-handoff-v10.zip::asai-worldline-v48r3-source-restored/SHA256SUMS-ENGINE-COMPUTATION-EXTERNALIZATION-V7.txt	zip-member	semantic-v48-support	BASE-SUPPORT	computation
nested/asai-worldline-v48r3-source-restored/SHA256SUMS-ENGINE-COMPUTATION-MATURATION-V8.txt	90-SOURCE-QUARANTINE/2026-08-29-FULL-V3/asai-worldline-20260828-v48r3-marine-gt-processed-handoff-v10.zip::asai-worldline-v48r3-source-restored/SHA256SUMS-ENGINE-COMPUTATION-MATURATION-V8.txt	zip-member	semantic-v48-support	BASE-SUPPORT	computation
nested/asai-worldline-v48r3-source-restored/SHA256SUMS-ENGINE-COMPUTATION-REBASELINE-V6.txt	90-SOURCE-QUARANTINE/2026-08-29-FULL-V3/asai-worldline-20260828-v48r3-marine-gt-processed-handoff-v10.zip::asai-worldline-v48r3-source-restored/SHA256SUMS-ENGINE-COMPUTATION-REBASELINE-V6.txt	zip-member	semantic-v48-support	BASE-SUPPORT	computation
nested/asai-worldline-v48r3-source-restored/SHA256SUMS-INTEGRATED-V4.txt	90-SOURCE-QUARANTINE/2026-08-29-FULL-V3/asai-worldline-20260828-v48r3-marine-gt-processed-handoff-v10.zip::asai-worldline-v48r3-source-restored/SHA256SUMS-INTEGRATED-V4.txt	zip-member	semantic-v48-support	BASE-SUPPORT	cross-domain
nested/asai-worldline-v48r3-source-restored/SHA256SUMS-PRODUCT-CHRONOLOGY-V15.txt	90-SOURCE-QUARANTINE/2026-08-29-FULL-V3/asai-worldline-20260828-v48r3-marine-gt-processed-handoff-v10.zip::asai-worldline-v48r3-source-restored/SHA256SUMS-PRODUCT-CHRONOLOGY-V15.txt	zip-member	semantic-v48-support	BASE-SUPPORT	cross-domain
nested/asai-worldline-v48r3-source-restored/SHA256SUMS-PROVISIONAL-2026-08-20.txt	90-SOURCE-QUARANTINE/2026-08-29-FULL-V3/asai-worldline-20260828-v48r3-marine-gt-processed-handoff-v10.zip::asai-worldline-v48r3-source-restored/SHA256SUMS-PROVISIONAL-2026-08-20.txt	zip-member	semantic-v48-support	BASE-SUPPORT	cross-domain
nested/asai-worldline-v48r3-source-restored/SHA256SUMS-SUBMARINE-AIRCRAFT-V18.txt	90-SOURCE-QUARANTINE/2026-08-29-FULL-V3/asai-worldline-20260828-v48r3-marine-gt-processed-handoff-v10.zip::asai-worldline-v48r3-source-restored/SHA256SUMS-SUBMARINE-AIRCRAFT-V18.txt	zip-member	semantic-v48-support	BASE-SUPPORT	aviation;marine
nested/asai-worldline-v48r3-source-restored/SHA256SUMS-SUBMARINE-MATURATION-V17.txt	90-SOURCE-QUARANTINE/2026-08-29-FULL-V3/asai-worldline-20260828-v48r3-marine-gt-processed-handoff-v10.zip::asai-worldline-v48r3-source-restored/SHA256SUMS-SUBMARINE-MATURATION-V17.txt	zip-member	semantic-v48-support	BASE-SUPPORT	marine
nested/asai-worldline-v48r3-source-restored/SHA256SUMS-SUBMARINE-REBASELINE-V16.txt	90-SOURCE-QUARANTINE/2026-08-29-FULL-V3/asai-worldline-20260828-v48r3-marine-gt-processed-handoff-v10.zip::asai-worldline-v48r3-source-restored/SHA256SUMS-SUBMARINE-REBASELINE-V16.txt	zip-member	semantic-v48-support	BASE-SUPPORT	marine
nested/asai-worldline-v48r3-source-restored/SHA256SUMS-ZERO-A6M2-MATURATION-V11.txt	90-SOURCE-QUARANTINE/2026-08-29-FULL-V3/asai-worldline-20260828-v48r3-marine-gt-processed-handoff-v10.zip::asai-worldline-v48r3-source-restored/SHA256SUMS-ZERO-A6M2-MATURATION-V11.txt	zip-member	semantic-v48-support	BASE-SUPPORT	aviation
nested/asai-worldline-v48r3-source-restored/SHA256SUMS-ZERO-A6M3-REBASELINE-V13.txt	90-SOURCE-QUARANTINE/2026-08-29-FULL-V3/asai-worldline-20260828-v48r3-marine-gt-processed-handoff-v10.zip::asai-worldline-v48r3-source-restored/SHA256SUMS-ZERO-A6M3-REBASELINE-V13.txt	zip-member	semantic-v48-support	BASE-SUPPORT	aviation
nested/asai-worldline-v48r3-source-restored/SHA256SUMS-ZERO-FUEL-HISTORY-V12.txt	90-SOURCE-QUARANTINE/2026-08-29-FULL-V3/asai-worldline-20260828-v48r3-marine-gt-processed-handoff-v10.zip::asai-worldline-v48r3-source-restored/SHA256SUMS-ZERO-FUEL-HISTORY-V12.txt	zip-member	semantic-v48-support	BASE-SUPPORT	aviation
nested/asai-worldline-v48r3-source-restored/SHA256SUMS-ZERO-OPERATIONAL-V14.txt	90-SOURCE-QUARANTINE/2026-08-29-FULL-V3/asai-worldline-20260828-v48r3-marine-gt-processed-handoff-v10.zip::asai-worldline-v48r3-source-restored/SHA256SUMS-ZERO-OPERATIONAL-V14.txt	zip-member	semantic-v48-support	BASE-SUPPORT	aviation
nested/asai-worldline-v48r3-source-restored/SHA256SUMS-ZERO-ZUISEI-REINTEGRATION-V10.txt	90-SOURCE-QUARANTINE/2026-08-29-FULL-V3/asai-worldline-20260828-v48r3-marine-gt-processed-handoff-v10.zip::asai-worldline-v48r3-source-restored/SHA256SUMS-ZERO-ZUISEI-REINTEGRATION-V10.txt	zip-member	semantic-v48-support	BASE-SUPPORT	aviation
nested/asai-worldline-v48r3-source-restored/SHA256SUMS.txt	90-SOURCE-QUARANTINE/2026-08-29-FULL-V3/asai-worldline-20260828-v48r3-marine-gt-processed-handoff-v10.zip::asai-worldline-v48r3-source-restored/SHA256SUMS.txt	zip-member	semantic-v48-support	BASE-SUPPORT	cross-domain
nested/asai-worldline-v48r3-source-restored/TECHNICAL-ADDENDUM-2026-08-16.md	90-SOURCE-QUARANTINE/2026-08-29-FULL-V3/asai-worldline-20260828-v48r3-marine-gt-processed-handoff-v10.zip::asai-worldline-v48r3-source-restored/TECHNICAL-ADDENDUM-2026-08-16.md	zip-member	semantic-v48-support	BASE-SUPPORT	cross-domain
nested/asai-worldline-v48r3-source-restored/TECHNICAL-SHALLOW-AUDIT-1941-20260815-v2.md	90-SOURCE-QUARANTINE/2026-08-29-FULL-V3/asai-worldline-20260828-v48r3-marine-gt-processed-handoff-v10.zip::asai-worldline-v48r3-source-restored/TECHNICAL-SHALLOW-AUDIT-1941-20260815-v2.md	zip-member	semantic-v48-support	BASE-SUPPORT	cross-domain
nested/asai-worldline-v48r3-source-restored/UPDATE-2026-08-16-PEARL-WAKE.md	90-SOURCE-QUARANTINE/2026-08-29-FULL-V3/asai-worldline-20260828-v48r3-marine-gt-processed-handoff-v10.zip::asai-worldline-v48r3-source-restored/UPDATE-2026-08-16-PEARL-WAKE.md	zip-member	semantic-v48-support	BASE-SUPPORT	cross-domain
nested/asai-worldline-v48r3-source-restored/UPDATE-2026-08-18-MORESBY-LOGISTICS-ESCORT.md	90-SOURCE-QUARANTINE/2026-08-29-FULL-V3/asai-worldline-20260828-v48r3-marine-gt-processed-handoff-v10.zip::asai-worldline-v48r3-source-restored/UPDATE-2026-08-18-MORESBY-LOGISTICS-ESCORT.md	zip-member	semantic-v48-support	BASE-SUPPORT	cross-domain
nested/asai-worldline-v48r3-source-restored/UPDATE-2026-08-18-POST-MI-JUL-AUG-ADDU.md	90-SOURCE-QUARANTINE/2026-08-29-FULL-V3/asai-worldline-20260828-v48r3-marine-gt-processed-handoff-v10.zip::asai-worldline-v48r3-source-restored/UPDATE-2026-08-18-POST-MI-JUL-AUG-ADDU.md	zip-member	semantic-v48-support	BASE-SUPPORT	cross-domain
nested/asai-worldline-v48r3-source-restored/UPDATE-2026-08-18-TYPE1-CHE-INTERPRETATION.md	90-SOURCE-QUARANTINE/2026-08-29-FULL-V3/asai-worldline-20260828-v48r3-marine-gt-processed-handoff-v10.zip::asai-worldline-v48r3-source-restored/UPDATE-2026-08-18-TYPE1-CHE-INTERPRETATION.md	zip-member	semantic-v48-support	BASE-SUPPORT	cross-domain
nested/asai-worldline-v48r3-source-restored/archive/aviation-pre-v48/LEGACY-PATH-REMAP.tsv	90-SOURCE-QUARANTINE/2026-08-29-FULL-V3/asai-worldline-20260828-v48r3-marine-gt-processed-handoff-v10.zip::asai-worldline-v48r3-source-restored/archive/aviation-pre-v48/LEGACY-PATH-REMAP.tsv	zip-member	base-archive	ARCHIVE	aviation
nested/asai-worldline-v48r3-source-restored/archive/aviation-pre-v48/README.md	90-SOURCE-QUARANTINE/2026-08-29-FULL-V3/asai-worldline-20260828-v48r3-marine-gt-processed-handoff-v10.zip::asai-worldline-v48r3-source-restored/archive/aviation-pre-v48/README.md	zip-member	base-archive	ARCHIVE	aviation
nested/asai-worldline-v48r3-source-restored/archive/aviation-pre-v48/v46-main/MANIFEST.tsv	90-SOURCE-QUARANTINE/2026-08-29-FULL-V3/asai-worldline-20260828-v48r3-marine-gt-processed-handoff-v10.zip::asai-worldline-v48r3-source-restored/archive/aviation-pre-v48/v46-main/MANIFEST.tsv	zip-member	base-archive	ARCHIVE	aviation
nested/asai-worldline-v48r3-source-restored/archive/aviation-pre-v48/v46-main/asai-works-a6m1-12shi-1939.md	90-SOURCE-QUARANTINE/2026-08-29-FULL-V3/asai-worldline-20260828-v48r3-marine-gt-processed-handoff-v10.zip::asai-worldline-v48r3-source-restored/archive/aviation-pre-v48/v46-main/asai-works-a6m1-12shi-1939.md	zip-member	base-archive	ARCHIVE	aviation
nested/asai-worldline-v48r3-source-restored/archive/aviation-pre-v48/v46-main/asai-works-a6m2-maturation-1939-40.md	90-SOURCE-QUARANTINE/2026-08-29-FULL-V3/asai-worldline-20260828-v48r3-marine-gt-processed-handoff-v10.zip::asai-worldline-v48r3-source-restored/archive/aviation-pre-v48/v46-main/asai-works-a6m2-maturation-1939-40.md	zip-member	base-archive	ARCHIVE	aviation
nested/asai-worldline-v48r3-source-restored/archive/aviation-pre-v48/v46-main/asai-works-aircraft-computation-closure-1937-46.md	90-SOURCE-QUARANTINE/2026-08-29-FULL-V3/asai-worldline-20260828-v48r3-marine-gt-processed-handoff-v10.zip::asai-worldline-v48r3-source-restored/archive/aviation-pre-v48/v46-main/asai-works-aircraft-computation-closure-1937-46.md	zip-member	base-archive	ARCHIVE	aviation;computation
nested/asai-worldline-v48r3-source-restored/archive/aviation-pre-v48/v46-main/asai-works-aircraft-naming-canonical.md	90-SOURCE-QUARANTINE/2026-08-29-FULL-V3/asai-worldline-20260828-v48r3-marine-gt-processed-handoff-v10.zip::asai-worldline-v48r3-source-restored/archive/aviation-pre-v48/v46-main/asai-works-aircraft-naming-canonical.md	zip-member	base-archive	ARCHIVE	aviation
nested/asai-worldline-v48r3-source-restored/archive/aviation-pre-v48/v46-main/asai-works-army-fighter-rebaseline-1937-42.md	90-SOURCE-QUARANTINE/2026-08-29-FULL-V3/asai-worldline-20260828-v48r3-marine-gt-processed-handoff-v10.zip::asai-worldline-v48r3-source-restored/archive/aviation-pre-v48/v46-main/asai-works-army-fighter-rebaseline-1937-42.md	zip-member	base-archive	ARCHIVE	aviation
nested/asai-worldline-v48r3-source-restored/archive/aviation-pre-v48/v46-main/asai-works-attack-bomber-rebaseline-1937-46.md	90-SOURCE-QUARANTINE/2026-08-29-FULL-V3/asai-worldline-20260828-v48r3-marine-gt-processed-handoff-v10.zip::asai-worldline-v48r3-source-restored/archive/aviation-pre-v48/v46-main/asai-works-attack-bomber-rebaseline-1937-46.md	zip-member	base-archive	ARCHIVE	aviation
nested/asai-worldline-v48r3-source-restored/archive/aviation-pre-v48/v46-main/asai-works-autogyro-ka-go.md	90-SOURCE-QUARANTINE/2026-08-29-FULL-V3/asai-worldline-20260828-v48r3-marine-gt-processed-handoff-v10.zip::asai-worldline-v48r3-source-restored/archive/aviation-pre-v48/v46-main/asai-works-autogyro-ka-go.md	zip-member	base-archive	ARCHIVE	aviation
nested/asai-worldline-v48r3-source-restored/archive/aviation-pre-v48/v46-main/asai-works-aviation-airframes.md	90-SOURCE-QUARANTINE/2026-08-29-FULL-V3/asai-worldline-20260828-v48r3-marine-gt-processed-handoff-v10.zip::asai-worldline-v48r3-source-restored/archive/aviation-pre-v48/v46-main/asai-works-aviation-airframes.md	zip-member	base-archive	ARCHIVE	aviation
nested/asai-worldline-v48r3-source-restored/archive/aviation-pre-v48/v46-main/asai-works-aviation-forms.md	90-SOURCE-QUARANTINE/2026-08-29-FULL-V3/asai-worldline-20260828-v48r3-marine-gt-processed-handoff-v10.zip::asai-worldline-v48r3-source-restored/archive/aviation-pre-v48/v46-main/asai-works-aviation-forms.md	zip-member	base-archive	ARCHIVE	aviation
nested/asai-worldline-v48r3-source-restored/archive/aviation-pre-v48/v46-main/asai-works-aviation-lineup.md	90-SOURCE-QUARANTINE/2026-08-29-FULL-V3/asai-worldline-20260828-v48r3-marine-gt-processed-handoff-v10.zip::asai-worldline-v48r3-source-restored/archive/aviation-pre-v48/v46-main/asai-works-aviation-lineup.md	zip-member	base-archive	ARCHIVE	aviation
nested/asai-worldline-v48r3-source-restored/archive/aviation-pre-v48/v46-main/asai-works-aviation-rework.md	90-SOURCE-QUARANTINE/2026-08-29-FULL-V3/asai-worldline-20260828-v48r3-marine-gt-processed-handoff-v10.zip::asai-worldline-v48r3-source-restored/archive/aviation-pre-v48/v46-main/asai-works-aviation-rework.md	zip-member	base-archive	ARCHIVE	aviation
nested/asai-worldline-v48r3-source-restored/archive/aviation-pre-v48/v46-main/asai-works-aviation-timeline.md	90-SOURCE-QUARANTINE/2026-08-29-FULL-V3/asai-worldline-20260828-v48r3-marine-gt-processed-handoff-v10.zip::asai-worldline-v48r3-source-restored/archive/aviation-pre-v48/v46-main/asai-works-aviation-timeline.md	zip-member	base-archive	ARCHIVE	aviation;company
nested/asai-worldline-v48r3-source-restored/archive/aviation-pre-v48/v46-main/asai-works-aviation-variants.md	90-SOURCE-QUARANTINE/2026-08-29-FULL-V3/asai-worldline-20260828-v48r3-marine-gt-processed-handoff-v10.zip::asai-worldline-v48r3-source-restored/archive/aviation-pre-v48/v46-main/asai-works-aviation-variants.md	zip-member	base-archive	ARCHIVE	aviation
nested/asai-worldline-v48r3-source-restored/archive/aviation-pre-v48/v46-main/asai-works-carrier-buildup-1942.md	90-SOURCE-QUARANTINE/2026-08-29-FULL-V3/asai-worldline-20260828-v48r3-marine-gt-processed-handoff-v10.zip::asai-worldline-v48r3-source-restored/archive/aviation-pre-v48/v46-main/asai-works-carrier-buildup-1942.md	zip-member	base-archive	ARCHIVE	aviation;marine
nested/asai-worldline-v48r3-source-restored/archive/aviation-pre-v48/v46-main/asai-works-carrier-fighter-niche-1940-41.md	90-SOURCE-QUARANTINE/2026-08-29-FULL-V3/asai-worldline-20260828-v48r3-marine-gt-processed-handoff-v10.zip::asai-worldline-v48r3-source-restored/archive/aviation-pre-v48/v46-main/asai-works-carrier-fighter-niche-1940-41.md	zip-member	base-archive	ARCHIVE	aviation;marine
nested/asai-worldline-v48r3-source-restored/archive/aviation-pre-v48/v46-main/asai-works-cfrp-fighter.md	90-SOURCE-QUARANTINE/2026-08-29-FULL-V3/asai-worldline-20260828-v48r3-marine-gt-processed-handoff-v10.zip::asai-worldline-v48r3-source-restored/archive/aviation-pre-v48/v46-main/asai-works-cfrp-fighter.md	zip-member	base-archive	ARCHIVE	aviation;materials
nested/asai-worldline-v48r3-source-restored/archive/aviation-pre-v48/v46-main/asai-works-e6-s-aircraft-h-to-a-rebaseline-1938-42.md	90-SOURCE-QUARANTINE/2026-08-29-FULL-V3/asai-worldline-20260828-v48r3-marine-gt-processed-handoff-v10.zip::asai-worldline-v48r3-source-restored/archive/aviation-pre-v48/v46-main/asai-works-e6-s-aircraft-h-to-a-rebaseline-1938-42.md	zip-member	base-archive	ARCHIVE	aviation;gas-turbine
nested/asai-worldline-v48r3-source-restored/archive/aviation-pre-v48/v46-main/asai-works-f4f-rebaseline.md	90-SOURCE-QUARANTINE/2026-08-29-FULL-V3/asai-worldline-20260828-v48r3-marine-gt-processed-handoff-v10.zip::asai-worldline-v48r3-source-restored/archive/aviation-pre-v48/v46-main/asai-works-f4f-rebaseline.md	zip-member	base-archive	ARCHIVE	aviation
nested/asai-worldline-v48r3-source-restored/archive/aviation-pre-v48/v46-main/asai-works-fighter-composition.md	90-SOURCE-QUARANTINE/2026-08-29-FULL-V3/asai-worldline-20260828-v48r3-marine-gt-processed-handoff-v10.zip::asai-worldline-v48r3-source-restored/archive/aviation-pre-v48/v46-main/asai-works-fighter-composition.md	zip-member	base-archive	ARCHIVE	aviation
nested/asai-worldline-v48r3-source-restored/archive/aviation-pre-v48/v46-main/asai-works-fighter-ki64.md	90-SOURCE-QUARANTINE/2026-08-29-FULL-V3/asai-worldline-20260828-v48r3-marine-gt-processed-handoff-v10.zip::asai-worldline-v48r3-source-restored/archive/aviation-pre-v48/v46-main/asai-works-fighter-ki64.md	zip-member	base-archive	ARCHIVE	aviation
nested/asai-worldline-v48r3-source-restored/archive/aviation-pre-v48/v46-main/asai-works-fighter-mix.md	90-SOURCE-QUARANTINE/2026-08-29-FULL-V3/asai-worldline-20260828-v48r3-marine-gt-processed-handoff-v10.zip::asai-worldline-v48r3-source-restored/archive/aviation-pre-v48/v46-main/asai-works-fighter-mix.md	zip-member	base-archive	ARCHIVE	aviation
nested/asai-worldline-v48r3-source-restored/archive/aviation-pre-v48/v46-main/asai-works-fugaku-technical-shadow-1942-46.md	90-SOURCE-QUARANTINE/2026-08-29-FULL-V3/asai-worldline-20260828-v48r3-marine-gt-processed-handoff-v10.zip::asai-worldline-v48r3-source-restored/archive/aviation-pre-v48/v46-main/asai-works-fugaku-technical-shadow-1942-46.md	zip-member	base-archive	ARCHIVE	aviation
nested/asai-worldline-v48r3-source-restored/archive/aviation-pre-v48/v46-main/asai-works-heavy-transport-at3-ki92-1939-44.md	90-SOURCE-QUARANTINE/2026-08-29-FULL-V3/asai-worldline-20260828-v48r3-marine-gt-processed-handoff-v10.zip::asai-worldline-v48r3-source-restored/archive/aviation-pre-v48/v46-main/asai-works-heavy-transport-at3-ki92-1939-44.md	zip-member	base-archive	ARCHIVE	aviation
nested/asai-worldline-v48r3-source-restored/archive/aviation-pre-v48/v46-main/asai-works-historical-aircraft-rebaseline.md	90-SOURCE-QUARANTINE/2026-08-29-FULL-V3/asai-worldline-20260828-v48r3-marine-gt-processed-handoff-v10.zip::asai-worldline-v48r3-source-restored/archive/aviation-pre-v48/v46-main/asai-works-historical-aircraft-rebaseline.md	zip-member	base-archive	ARCHIVE	aviation
nested/asai-worldline-v48r3-source-restored/archive/aviation-pre-v48/v46-main/asai-works-jet-carrier-creative.md	90-SOURCE-QUARANTINE/2026-08-29-FULL-V3/asai-worldline-20260828-v48r3-marine-gt-processed-handoff-v10.zip::asai-worldline-v48r3-source-restored/archive/aviation-pre-v48/v46-main/asai-works-jet-carrier-creative.md	zip-member	base-archive	ARCHIVE	aviation;marine
nested/asai-worldline-v48r3-source-restored/archive/aviation-pre-v48/v46-main/asai-works-jet-carrier-sakufu.md	90-SOURCE-QUARANTINE/2026-08-29-FULL-V3/asai-worldline-20260828-v48r3-marine-gt-processed-handoff-v10.zip::asai-worldline-v48r3-source-restored/archive/aviation-pre-v48/v46-main/asai-works-jet-carrier-sakufu.md	zip-member	base-archive	ARCHIVE	aviation;marine;company
nested/asai-worldline-v48r3-source-restored/archive/aviation-pre-v48/v46-main/asai-works-jet-carrier.md	90-SOURCE-QUARANTINE/2026-08-29-FULL-V3/asai-worldline-20260828-v48r3-marine-gt-processed-handoff-v10.zip::asai-worldline-v48r3-source-restored/archive/aviation-pre-v48/v46-main/asai-works-jet-carrier.md	zip-member	base-archive	ARCHIVE	aviation;marine
nested/asai-worldline-v48r3-source-restored/archive/aviation-pre-v48/v46-main/asai-works-jet-catalog.md	90-SOURCE-QUARANTINE/2026-08-29-FULL-V3/asai-worldline-20260828-v48r3-marine-gt-processed-handoff-v10.zip::asai-worldline-v48r3-source-restored/archive/aviation-pre-v48/v46-main/asai-works-jet-catalog.md	zip-member	base-archive	ARCHIVE	aviation
nested/asai-worldline-v48r3-source-restored/archive/aviation-pre-v48/v46-main/asai-works-jet-hekireki-21.md	90-SOURCE-QUARANTINE/2026-08-29-FULL-V3/asai-worldline-20260828-v48r3-marine-gt-processed-handoff-v10.zip::asai-worldline-v48r3-source-restored/archive/aviation-pre-v48/v46-main/asai-works-jet-hekireki-21.md	zip-member	base-archive	ARCHIVE	aviation
nested/asai-worldline-v48r3-source-restored/archive/aviation-pre-v48/v46-main/asai-works-jet-hekireki-kai.md	90-SOURCE-QUARANTINE/2026-08-29-FULL-V3/asai-worldline-20260828-v48r3-marine-gt-processed-handoff-v10.zip::asai-worldline-v48r3-source-restored/archive/aviation-pre-v48/v46-main/asai-works-jet-hekireki-kai.md	zip-member	base-archive	ARCHIVE	aviation
nested/asai-worldline-v48r3-source-restored/archive/aviation-pre-v48/v46-main/asai-works-jet-interceptor-airframe.md	90-SOURCE-QUARANTINE/2026-08-29-FULL-V3/asai-worldline-20260828-v48r3-marine-gt-processed-handoff-v10.zip::asai-worldline-v48r3-source-restored/archive/aviation-pre-v48/v46-main/asai-works-jet-interceptor-airframe.md	zip-member	base-archive	ARCHIVE	aviation
nested/asai-worldline-v48r3-source-restored/archive/aviation-pre-v48/v46-main/asai-works-jet-interceptor-program.md	90-SOURCE-QUARANTINE/2026-08-29-FULL-V3/asai-worldline-20260828-v48r3-marine-gt-processed-handoff-v10.zip::asai-worldline-v48r3-source-restored/archive/aviation-pre-v48/v46-main/asai-works-jet-interceptor-program.md	zip-member	base-archive	ARCHIVE	aviation
nested/asai-worldline-v48r3-source-restored/archive/aviation-pre-v48/v46-main/asai-works-jet-interceptor.md	90-SOURCE-QUARANTINE/2026-08-29-FULL-V3/asai-worldline-20260828-v48r3-marine-gt-processed-handoff-v10.zip::asai-worldline-v48r3-source-restored/archive/aviation-pre-v48/v46-main/asai-works-jet-interceptor.md	zip-member	base-archive	ARCHIVE	aviation
nested/asai-worldline-v48r3-source-restored/archive/aviation-pre-v48/v46-main/asai-works-jet-physics.md	90-SOURCE-QUARANTINE/2026-08-29-FULL-V3/asai-worldline-20260828-v48r3-marine-gt-processed-handoff-v10.zip::asai-worldline-v48r3-source-restored/archive/aviation-pre-v48/v46-main/asai-works-jet-physics.md	zip-member	base-archive	ARCHIVE	aviation
nested/asai-worldline-v48r3-source-restored/archive/aviation-pre-v48/v46-main/asai-works-jet-production.md	90-SOURCE-QUARANTINE/2026-08-29-FULL-V3/asai-worldline-20260828-v48r3-marine-gt-processed-handoff-v10.zip::asai-worldline-v48r3-source-restored/archive/aviation-pre-v48/v46-main/asai-works-jet-production.md	zip-member	base-archive	ARCHIVE	aviation
nested/asai-worldline-v48r3-source-restored/archive/aviation-pre-v48/v46-main/asai-works-jet-sakufu-prototype.md	90-SOURCE-QUARANTINE/2026-08-29-FULL-V3/asai-worldline-20260828-v48r3-marine-gt-processed-handoff-v10.zip::asai-worldline-v48r3-source-restored/archive/aviation-pre-v48/v46-main/asai-works-jet-sakufu-prototype.md	zip-member	base-archive	ARCHIVE	aviation;company
nested/asai-worldline-v48r3-source-restored/archive/aviation-pre-v48/v46-main/asai-works-jet-strike-rebaseline-1941-46.md	90-SOURCE-QUARANTINE/2026-08-29-FULL-V3/asai-worldline-20260828-v48r3-marine-gt-processed-handoff-v10.zip::asai-worldline-v48r3-source-restored/archive/aviation-pre-v48/v46-main/asai-works-jet-strike-rebaseline-1941-46.md	zip-member	base-archive	ARCHIVE	aviation
nested/asai-worldline-v48r3-source-restored/archive/aviation-pre-v48/v46-main/asai-works-jet-trainer.md	90-SOURCE-QUARANTINE/2026-08-29-FULL-V3/asai-worldline-20260828-v48r3-marine-gt-processed-handoff-v10.zip::asai-worldline-v48r3-source-restored/archive/aviation-pre-v48/v46-main/asai-works-jet-trainer.md	zip-member	base-archive	ARCHIVE	aviation
nested/asai-worldline-v48r3-source-restored/archive/aviation-pre-v48/v46-main/asai-works-kaifu-11-i0-feasibility.md	90-SOURCE-QUARANTINE/2026-08-29-FULL-V3/asai-worldline-20260828-v48r3-marine-gt-processed-handoff-v10.zip::asai-worldline-v48r3-source-restored/archive/aviation-pre-v48/v46-main/asai-works-kaifu-11-i0-feasibility.md	zip-member	base-archive	ARCHIVE	aviation
nested/asai-worldline-v48r3-source-restored/archive/aviation-pre-v48/v46-main/asai-works-kaifu-11-requirement-reaudit.md	90-SOURCE-QUARANTINE/2026-08-29-FULL-V3/asai-worldline-20260828-v48r3-marine-gt-processed-handoff-v10.zip::asai-worldline-v48r3-source-restored/archive/aviation-pre-v48/v46-main/asai-works-kaifu-11-requirement-reaudit.md	zip-member	base-archive	ARCHIVE	aviation
nested/asai-worldline-v48r3-source-restored/archive/aviation-pre-v48/v46-main/asai-works-late-war-historical-aircraft.md	90-SOURCE-QUARANTINE/2026-08-29-FULL-V3/asai-worldline-20260828-v48r3-marine-gt-processed-handoff-v10.zip::asai-worldline-v48r3-source-restored/archive/aviation-pre-v48/v46-main/asai-works-late-war-historical-aircraft.md	zip-member	base-archive	ARCHIVE	aviation
nested/asai-worldline-v48r3-source-restored/archive/aviation-pre-v48/v46-main/asai-works-maritime-patrol.md	90-SOURCE-QUARANTINE/2026-08-29-FULL-V3/asai-worldline-20260828-v48r3-marine-gt-processed-handoff-v10.zip::asai-worldline-v48r3-source-restored/archive/aviation-pre-v48/v46-main/asai-works-maritime-patrol.md	zip-member	base-archive	ARCHIVE	aviation
nested/asai-worldline-v48r3-source-restored/archive/aviation-pre-v48/v46-main/asai-works-range-audit.md	90-SOURCE-QUARANTINE/2026-08-29-FULL-V3/asai-worldline-20260828-v48r3-marine-gt-processed-handoff-v10.zip::asai-worldline-v48r3-source-restored/archive/aviation-pre-v48/v46-main/asai-works-range-audit.md	zip-member	base-archive	ARCHIVE	aviation
nested/asai-worldline-v48r3-source-restored/archive/aviation-pre-v48/v46-main/asai-works-rotorcraft-1942-plus-rebaseline-1942-55.md	90-SOURCE-QUARANTINE/2026-08-29-FULL-V3/asai-worldline-20260828-v48r3-marine-gt-processed-handoff-v10.zip::asai-worldline-v48r3-source-restored/archive/aviation-pre-v48/v46-main/asai-works-rotorcraft-1942-plus-rebaseline-1942-55.md	zip-member	base-archive	ARCHIVE	aviation
nested/asai-worldline-v48r3-source-restored/archive/aviation-pre-v48/v46-main/asai-works-rotorcraft.md	90-SOURCE-QUARANTINE/2026-08-29-FULL-V3/asai-worldline-20260828-v48r3-marine-gt-processed-handoff-v10.zip::asai-worldline-v48r3-source-restored/archive/aviation-pre-v48/v46-main/asai-works-rotorcraft.md	zip-member	base-archive	ARCHIVE	aviation
nested/asai-worldline-v48r3-source-restored/archive/aviation-pre-v48/v46-main/asai-works-seaplane-flyingboat-rebaseline-1940-44.md	90-SOURCE-QUARANTINE/2026-08-29-FULL-V3/asai-worldline-20260828-v48r3-marine-gt-processed-handoff-v10.zip::asai-worldline-v48r3-source-restored/archive/aviation-pre-v48/v46-main/asai-works-seaplane-flyingboat-rebaseline-1940-44.md	zip-member	base-archive	ARCHIVE	aviation;marine
nested/asai-worldline-v48r3-source-restored/archive/aviation-pre-v48/v46-main/asai-works-seiran-i400-tp-integration-1942-44.md	90-SOURCE-QUARANTINE/2026-08-29-FULL-V3/asai-worldline-20260828-v48r3-marine-gt-processed-handoff-v10.zip::asai-worldline-v48r3-source-restored/archive/aviation-pre-v48/v46-main/asai-works-seiran-i400-tp-integration-1942-44.md	zip-member	base-archive	ARCHIVE	aviation
nested/asai-worldline-v48r3-source-restored/archive/aviation-pre-v48/v46-main/asai-works-stol-poweredlift.md	90-SOURCE-QUARANTINE/2026-08-29-FULL-V3/asai-worldline-20260828-v48r3-marine-gt-processed-handoff-v10.zip::asai-worldline-v48r3-source-restored/archive/aviation-pre-v48/v46-main/asai-works-stol-poweredlift.md	zip-member	base-archive	ARCHIVE	aviation
nested/asai-worldline-v48r3-source-restored/archive/aviation-pre-v48/v46-main/asai-works-stol-proposal.md	90-SOURCE-QUARANTINE/2026-08-29-FULL-V3/asai-worldline-20260828-v48r3-marine-gt-processed-handoff-v10.zip::asai-worldline-v48r3-source-restored/archive/aviation-pre-v48/v46-main/asai-works-stol-proposal.md	zip-member	base-archive	ARCHIVE	aviation
nested/asai-worldline-v48r3-source-restored/archive/aviation-pre-v48/v46-main/asai-works-stol-spec.md	90-SOURCE-QUARANTINE/2026-08-29-FULL-V3/asai-worldline-20260828-v48r3-marine-gt-processed-handoff-v10.zip::asai-worldline-v48r3-source-restored/archive/aviation-pre-v48/v46-main/asai-works-stol-spec.md	zip-member	base-archive	ARCHIVE	aviation
nested/asai-worldline-v48r3-source-restored/archive/aviation-pre-v48/v46-main/asai-works-torpedo-air-attack-rebaseline-1938-44.md	90-SOURCE-QUARANTINE/2026-08-29-FULL-V3/asai-worldline-20260828-v48r3-marine-gt-processed-handoff-v10.zip::asai-worldline-v48r3-source-restored/archive/aviation-pre-v48/v46-main/asai-works-torpedo-air-attack-rebaseline-1938-44.md	zip-member	base-archive	ARCHIVE	aviation;weapons-systems
nested/asai-worldline-v48r3-source-restored/archive/aviation-pre-v48/v46-main/asai-works-transport-l5si.md	90-SOURCE-QUARANTINE/2026-08-29-FULL-V3/asai-worldline-20260828-v48r3-marine-gt-processed-handoff-v10.zip::asai-worldline-v48r3-source-restored/archive/aviation-pre-v48/v46-main/asai-works-transport-l5si.md	zip-member	base-archive	ARCHIVE	aviation
nested/asai-worldline-v48r3-source-restored/archive/aviation-pre-v48/v46-main/asai-works-turbojet-demonstrator-saiko.md	90-SOURCE-QUARANTINE/2026-08-29-FULL-V3/asai-worldline-20260828-v48r3-marine-gt-processed-handoff-v10.zip::asai-worldline-v48r3-source-restored/archive/aviation-pre-v48/v46-main/asai-works-turbojet-demonstrator-saiko.md	zip-member	base-archive	ARCHIVE	aviation;turbo-boost
nested/asai-worldline-v48r3-source-restored/archive/aviation-pre-v48/v46-main/asai-works-turboprop-altitude-installation-ledger.md	90-SOURCE-QUARANTINE/2026-08-29-FULL-V3/asai-worldline-20260828-v48r3-marine-gt-processed-handoff-v10.zip::asai-worldline-v48r3-source-restored/archive/aviation-pre-v48/v46-main/asai-works-turboprop-altitude-installation-ledger.md	zip-member	base-archive	ARCHIVE	aviation;turbo-boost
nested/asai-worldline-v48r3-source-restored/archive/aviation-pre-v48/v46-main/asai-works-turboprop-catalog.md	90-SOURCE-QUARANTINE/2026-08-29-FULL-V3/asai-worldline-20260828-v48r3-marine-gt-processed-handoff-v10.zip::asai-worldline-v48r3-source-restored/archive/aviation-pre-v48/v46-main/asai-works-turboprop-catalog.md	zip-member	base-archive	ARCHIVE	aviation;turbo-boost
nested/asai-worldline-v48r3-source-restored/archive/aviation-pre-v48/v46-main/asai-works-turboprop-exhaust.md	90-SOURCE-QUARANTINE/2026-08-29-FULL-V3/asai-worldline-20260828-v48r3-marine-gt-processed-handoff-v10.zip::asai-worldline-v48r3-source-restored/archive/aviation-pre-v48/v46-main/asai-works-turboprop-exhaust.md	zip-member	base-archive	ARCHIVE	aviation;turbo-boost
nested/asai-worldline-v48r3-source-restored/archive/aviation-pre-v48/v46-main/asai-works-turboprop-fighter.md	90-SOURCE-QUARANTINE/2026-08-29-FULL-V3/asai-worldline-20260828-v48r3-marine-gt-processed-handoff-v10.zip::asai-worldline-v48r3-source-restored/archive/aviation-pre-v48/v46-main/asai-works-turboprop-fighter.md	zip-member	base-archive	ARCHIVE	aviation;turbo-boost
nested/asai-worldline-v48r3-source-restored/archive/aviation-pre-v48/v46-main/asai-works-turboprop-first.md	90-SOURCE-QUARANTINE/2026-08-29-FULL-V3/asai-worldline-20260828-v48r3-marine-gt-processed-handoff-v10.zip::asai-worldline-v48r3-source-restored/archive/aviation-pre-v48/v46-main/asai-works-turboprop-first.md	zip-member	base-archive	ARCHIVE	aviation;turbo-boost
nested/asai-worldline-v48r3-source-restored/archive/aviation-pre-v48/v46-main/asai-works-turboprop-ki40.md	90-SOURCE-QUARANTINE/2026-08-29-FULL-V3/asai-worldline-20260828-v48r3-marine-gt-processed-handoff-v10.zip::asai-worldline-v48r3-source-restored/archive/aviation-pre-v48/v46-main/asai-works-turboprop-ki40.md	zip-member	base-archive	ARCHIVE	aviation;turbo-boost
nested/asai-worldline-v48r3-source-restored/archive/aviation-pre-v48/v46-main/asai-works-turboprop-part-load-long-range.md	90-SOURCE-QUARANTINE/2026-08-29-FULL-V3/asai-worldline-20260828-v48r3-marine-gt-processed-handoff-v10.zip::asai-worldline-v48r3-source-restored/archive/aviation-pre-v48/v46-main/asai-works-turboprop-part-load-long-range.md	zip-member	base-archive	ARCHIVE	aviation;turbo-boost
nested/asai-worldline-v48r3-source-restored/archive/aviation-pre-v48/v46-main/asai-works-turboprop-program.md	90-SOURCE-QUARANTINE/2026-08-29-FULL-V3/asai-worldline-20260828-v48r3-marine-gt-processed-handoff-v10.zip::asai-worldline-v48r3-source-restored/archive/aviation-pre-v48/v46-main/asai-works-turboprop-program.md	zip-member	base-archive	ARCHIVE	aviation;turbo-boost
nested/asai-worldline-v48r3-source-restored/archive/aviation-pre-v48/v46-main/asai-works-turboprop-second.md	90-SOURCE-QUARANTINE/2026-08-29-FULL-V3/asai-worldline-20260828-v48r3-marine-gt-processed-handoff-v10.zip::asai-worldline-v48r3-source-restored/archive/aviation-pre-v48/v46-main/asai-works-turboprop-second.md	zip-member	base-archive	ARCHIVE	aviation;turbo-boost
nested/asai-worldline-v48r3-source-restored/archive/aviation-pre-v48/v46-main/asai-works-turboprop-shinzan-renzan.md	90-SOURCE-QUARANTINE/2026-08-29-FULL-V3/asai-worldline-20260828-v48r3-marine-gt-processed-handoff-v10.zip::asai-worldline-v48r3-source-restored/archive/aviation-pre-v48/v46-main/asai-works-turboprop-shinzan-renzan.md	zip-member	base-archive	ARCHIVE	aviation;turbo-boost
nested/asai-worldline-v48r3-source-restored/archive/aviation-pre-v48/v46-main/asai-works-turboprop-tenzan.md	90-SOURCE-QUARANTINE/2026-08-29-FULL-V3/asai-worldline-20260828-v48r3-marine-gt-processed-handoff-v10.zip::asai-worldline-v48r3-source-restored/archive/aviation-pre-v48/v46-main/asai-works-turboprop-tenzan.md	zip-member	base-archive	ARCHIVE	aviation;turbo-boost
nested/asai-worldline-v48r3-source-restored/archive/aviation-pre-v48/v46-main/asai-works-turboprop-uses.md	90-SOURCE-QUARANTINE/2026-08-29-FULL-V3/asai-worldline-20260828-v48r3-marine-gt-processed-handoff-v10.zip::asai-worldline-v48r3-source-restored/archive/aviation-pre-v48/v46-main/asai-works-turboprop-uses.md	zip-member	base-archive	ARCHIVE	aviation;turbo-boost
nested/asai-worldline-v48r3-source-restored/archive/aviation-pre-v48/v46-main/asai-works-zero-a6m3-engine-structure-1941.md	90-SOURCE-QUARANTINE/2026-08-29-FULL-V3/asai-worldline-20260828-v48r3-marine-gt-processed-handoff-v10.zip::asai-worldline-v48r3-source-restored/archive/aviation-pre-v48/v46-main/asai-works-zero-a6m3-engine-structure-1941.md	zip-member	base-archive	ARCHIVE	aviation
nested/asai-worldline-v48r3-source-restored/archive/aviation-pre-v48/v46-main/asai-works-zero-early-evolution-uncertainty.md	90-SOURCE-QUARANTINE/2026-08-29-FULL-V3/asai-worldline-20260828-v48r3-marine-gt-processed-handoff-v10.zip::asai-worldline-v48r3-source-restored/archive/aviation-pre-v48/v46-main/asai-works-zero-early-evolution-uncertainty.md	zip-member	base-archive	ARCHIVE	aviation
nested/asai-worldline-v48r3-source-restored/archive/aviation-pre-v48/v46-main/asai-works-zero-engine-fuel-thermal-1939-40.md	90-SOURCE-QUARANTINE/2026-08-29-FULL-V3/asai-worldline-20260828-v48r3-marine-gt-processed-handoff-v10.zip::asai-worldline-v48r3-source-restored/archive/aviation-pre-v48/v46-main/asai-works-zero-engine-fuel-thermal-1939-40.md	zip-member	base-archive	ARCHIVE	aviation
nested/asai-worldline-v48r3-source-restored/archive/aviation-pre-v48/v46-main/asai-works-zero-operational-1941-42.md	90-SOURCE-QUARANTINE/2026-08-29-FULL-V3/asai-worldline-20260828-v48r3-marine-gt-processed-handoff-v10.zip::asai-worldline-v48r3-source-restored/archive/aviation-pre-v48/v46-main/asai-works-zero-operational-1941-42.md	zip-member	base-archive	ARCHIVE	aviation
nested/asai-worldline-v48r3-source-restored/archive/aviation-pre-v48/v46-main/asai-works-zero-rebaseline.md	90-SOURCE-QUARANTINE/2026-08-29-FULL-V3/asai-worldline-20260828-v48r3-marine-gt-processed-handoff-v10.zip::asai-worldline-v48r3-source-restored/archive/aviation-pre-v48/v46-main/asai-works-zero-rebaseline.md	zip-member	base-archive	ARCHIVE	aviation
nested/asai-worldline-v48r3-source-restored/archive/aviation-pre-v48/v46-main/asai-works-zero-zuisei-a0-1939.md	90-SOURCE-QUARANTINE/2026-08-29-FULL-V3/asai-worldline-20260828-v48r3-marine-gt-processed-handoff-v10.zip::asai-worldline-v48r3-source-restored/archive/aviation-pre-v48/v46-main/asai-works-zero-zuisei-a0-1939.md	zip-member	base-archive	ARCHIVE	aviation
nested/asai-worldline-v48r3-source-restored/archive/aviation-pre-v48/v47-working/README-MISSING-SOURCE.md	90-SOURCE-QUARANTINE/2026-08-29-FULL-V3/asai-worldline-20260828-v48r3-marine-gt-processed-handoff-v10.zip::asai-worldline-v48r3-source-restored/archive/aviation-pre-v48/v47-working/README-MISSING-SOURCE.md	zip-member	base-archive	ARCHIVE	aviation
nested/asai-worldline-v48r3-source-restored/archive/core-pre-v48/asai-works-gt-core-generations-v46.md	90-SOURCE-QUARANTINE/2026-08-29-FULL-V3/asai-worldline-20260828-v48r3-marine-gt-processed-handoff-v10.zip::asai-worldline-v48r3-source-restored/archive/core-pre-v48/asai-works-gt-core-generations-v46.md	zip-member	base-archive	ARCHIVE	gas-turbine
nested/asai-worldline-v48r3-source-restored/asai-supplemental-reverse-index-20260815-v2.md	90-SOURCE-QUARANTINE/2026-08-29-FULL-V3/asai-worldline-20260828-v48r3-marine-gt-processed-handoff-v10.zip::asai-worldline-v48r3-source-restored/asai-supplemental-reverse-index-20260815-v2.md	zip-member	semantic-v48-support	BASE-SUPPORT	cross-domain
nested/asai-worldline-v48r3-source-restored/computation-2026-08-22/00-README.md	90-SOURCE-QUARANTINE/2026-08-29-FULL-V3/asai-worldline-20260828-v48r3-marine-gt-processed-handoff-v10.zip::asai-worldline-v48r3-source-restored/computation-2026-08-22/00-README.md	zip-member	machine-computation-support	SUPPORT	computation
nested/asai-worldline-v48r3-source-restored/computation-2026-08-22/01-origin-business-and-product-lines.md	90-SOURCE-QUARANTINE/2026-08-29-FULL-V3/asai-worldline-20260828-v48r3-marine-gt-processed-handoff-v10.zip::asai-worldline-v48r3-source-restored/computation-2026-08-22/01-origin-business-and-product-lines.md	zip-member	machine-computation-support	SUPPORT	computation;company
nested/asai-worldline-v48r3-source-restored/computation-2026-08-22/02-ferrite-cipher-magnetic-memory.md	90-SOURCE-QUARANTINE/2026-08-29-FULL-V3/asai-worldline-20260828-v48r3-marine-gt-processed-handoff-v10.zip::asai-worldline-v48r3-source-restored/computation-2026-08-22/02-ferrite-cipher-magnetic-memory.md	zip-member	machine-computation-support	SUPPORT	computation
nested/asai-worldline-v48r3-source-restored/computation-2026-08-22/03-machines-1923-1945-and-center-ecology.md	90-SOURCE-QUARANTINE/2026-08-29-FULL-V3/asai-worldline-20260828-v48r3-marine-gt-processed-handoff-v10.zip::asai-worldline-v48r3-source-restored/computation-2026-08-22/03-machines-1923-1945-and-center-ecology.md	zip-member	machine-computation-support	SUPPORT	computation
nested/asai-worldline-v48r3-source-restored/computation-2026-08-22/04-aircraft-computation-bridge.md	90-SOURCE-QUARANTINE/2026-08-29-FULL-V3/asai-worldline-20260828-v48r3-marine-gt-processed-handoff-v10.zip::asai-worldline-v48r3-source-restored/computation-2026-08-22/04-aircraft-computation-bridge.md	zip-member	machine-computation-support	SUPPORT	aviation;computation
nested/asai-worldline-v48r3-source-restored/computation-2026-08-22/E4-E5-INSTALLED-CYCLE-V40.tsv	90-SOURCE-QUARANTINE/2026-08-29-FULL-V3/asai-worldline-20260828-v48r3-marine-gt-processed-handoff-v10.zip::asai-worldline-v48r3-source-restored/computation-2026-08-22/E4-E5-INSTALLED-CYCLE-V40.tsv	zip-member	machine-computation-support	SUPPORT	gas-turbine;computation
nested/asai-worldline-v48r3-source-restored/computation-2026-08-22/E4-E5-PRODUCT-RESIZE-P1.tsv	90-SOURCE-QUARANTINE/2026-08-29-FULL-V3/asai-worldline-20260828-v48r3-marine-gt-processed-handoff-v10.zip::asai-worldline-v48r3-source-restored/computation-2026-08-22/E4-E5-PRODUCT-RESIZE-P1.tsv	zip-member	machine-computation-support	SUPPORT	gas-turbine;computation
nested/asai-worldline-v48r3-source-restored/computation-2026-08-22/E4-REGENERATION-INSTALLED-V42.tsv	90-SOURCE-QUARANTINE/2026-08-29-FULL-V3/asai-worldline-20260828-v48r3-marine-gt-processed-handoff-v10.zip::asai-worldline-v48r3-source-restored/computation-2026-08-22/E4-REGENERATION-INSTALLED-V42.tsv	zip-member	machine-computation-support	SUPPORT	gas-turbine;computation
nested/asai-worldline-v48r3-source-restored/computation-2026-08-22/E5-E6-COMPRESSOR-OPERABILITY-V43.tsv	90-SOURCE-QUARANTINE/2026-08-29-FULL-V3/asai-worldline-20260828-v48r3-marine-gt-processed-handoff-v10.zip::asai-worldline-v48r3-source-restored/computation-2026-08-22/E5-E6-COMPRESSOR-OPERABILITY-V43.tsv	zip-member	machine-computation-support	SUPPORT	gas-turbine;computation
nested/asai-worldline-v48r3-source-restored/computation-2026-08-22/E6-INSTALLED-CYCLE-PRODUCT-POWER-V44.tsv	90-SOURCE-QUARANTINE/2026-08-29-FULL-V3/asai-worldline-20260828-v48r3-marine-gt-processed-handoff-v10.zip::asai-worldline-v48r3-source-restored/computation-2026-08-22/E6-INSTALLED-CYCLE-PRODUCT-POWER-V44.tsv	zip-member	machine-computation-support	SUPPORT	gas-turbine;computation
nested/asai-worldline-v48r3-source-restored/computation-2026-08-22/E6-M-J-JF-INSTALLED-THRUST-V46.tsv	90-SOURCE-QUARANTINE/2026-08-29-FULL-V3/asai-worldline-20260828-v48r3-marine-gt-processed-handoff-v10.zip::asai-worldline-v48r3-source-restored/computation-2026-08-22/E6-M-J-JF-INSTALLED-THRUST-V46.tsv	zip-member	machine-computation-support	SUPPORT	gas-turbine;computation
nested/asai-worldline-v48r3-source-restored/computation-2026-08-22/E6-M-JF-FAN-SIZE-V46.tsv	90-SOURCE-QUARANTINE/2026-08-29-FULL-V3/asai-worldline-20260828-v48r3-marine-gt-processed-handoff-v10.zip::asai-worldline-v48r3-source-restored/computation-2026-08-22/E6-M-JF-FAN-SIZE-V46.tsv	zip-member	machine-computation-support	SUPPORT	gas-turbine;computation
nested/asai-worldline-v48r3-source-restored/computation-2026-08-22/E6-PRODUCT-POWER-V44.tsv	90-SOURCE-QUARANTINE/2026-08-29-FULL-V3/asai-worldline-20260828-v48r3-marine-gt-processed-handoff-v10.zip::asai-worldline-v48r3-source-restored/computation-2026-08-22/E6-PRODUCT-POWER-V44.tsv	zip-member	machine-computation-support	SUPPORT	gas-turbine;computation
nested/asai-worldline-v48r3-source-restored/computation-2026-08-22/E6-S-AIRCRAFT-RANGE-SHADOW-V45.tsv	90-SOURCE-QUARANTINE/2026-08-29-FULL-V3/asai-worldline-20260828-v48r3-marine-gt-processed-handoff-v10.zip::asai-worldline-v48r3-source-restored/computation-2026-08-22/E6-S-AIRCRAFT-RANGE-SHADOW-V45.tsv	zip-member	machine-computation-support	SUPPORT	aviation;gas-turbine;computation
nested/asai-worldline-v48r3-source-restored/computation-2026-08-22/E6-S-AIRCRAFT-SPEED-SCALING-V45.tsv	90-SOURCE-QUARANTINE/2026-08-29-FULL-V3/asai-worldline-20260828-v48r3-marine-gt-processed-handoff-v10.zip::asai-worldline-v48r3-source-restored/computation-2026-08-22/E6-S-AIRCRAFT-SPEED-SCALING-V45.tsv	zip-member	machine-computation-support	SUPPORT	aviation;gas-turbine;computation
nested/asai-worldline-v48r3-source-restored/computation-2026-08-22/E6-S-ALTITUDE-POWER-SHADOW-V45.tsv	90-SOURCE-QUARANTINE/2026-08-29-FULL-V3/asai-worldline-20260828-v48r3-marine-gt-processed-handoff-v10.zip::asai-worldline-v48r3-source-restored/computation-2026-08-22/E6-S-ALTITUDE-POWER-SHADOW-V45.tsv	zip-member	machine-computation-support	SUPPORT	gas-turbine;computation
nested/asai-worldline-v48r3-source-restored/computation-2026-08-22/__pycache__/e4_e5_installed_cycle_v40.cpython-313.pyc	90-SOURCE-QUARANTINE/2026-08-29-FULL-V3/asai-worldline-20260828-v48r3-marine-gt-processed-handoff-v10.zip::asai-worldline-v48r3-source-restored/computation-2026-08-22/__pycache__/e4_e5_installed_cycle_v40.cpython-313.pyc	zip-member	machine-computation-support	SUPPORT	gas-turbine;computation
nested/asai-worldline-v48r3-source-restored/computation-2026-08-22/__pycache__/e6_installed_cycle_product_power_v44.cpython-313.pyc	90-SOURCE-QUARANTINE/2026-08-29-FULL-V3/asai-worldline-20260828-v48r3-marine-gt-processed-handoff-v10.zip::asai-worldline-v48r3-source-restored/computation-2026-08-22/__pycache__/e6_installed_cycle_product_power_v44.cpython-313.pyc	zip-member	machine-computation-support	SUPPORT	gas-turbine;computation
nested/asai-worldline-v48r3-source-restored/computation-2026-08-22/e4_e5_installed_cycle_v40.py	90-SOURCE-QUARANTINE/2026-08-29-FULL-V3/asai-worldline-20260828-v48r3-marine-gt-processed-handoff-v10.zip::asai-worldline-v48r3-source-restored/computation-2026-08-22/e4_e5_installed_cycle_v40.py	zip-member	machine-computation-support	SUPPORT	gas-turbine;computation
nested/asai-worldline-v48r3-source-restored/computation-2026-08-22/e4_e5_product_resize_p1.py	90-SOURCE-QUARANTINE/2026-08-29-FULL-V3/asai-worldline-20260828-v48r3-marine-gt-processed-handoff-v10.zip::asai-worldline-v48r3-source-restored/computation-2026-08-22/e4_e5_product_resize_p1.py	zip-member	machine-computation-support	SUPPORT	gas-turbine;computation
nested/asai-worldline-v48r3-source-restored/computation-2026-08-22/e4_regeneration_installed_v42.py	90-SOURCE-QUARANTINE/2026-08-29-FULL-V3/asai-worldline-20260828-v48r3-marine-gt-processed-handoff-v10.zip::asai-worldline-v48r3-source-restored/computation-2026-08-22/e4_regeneration_installed_v42.py	zip-member	machine-computation-support	SUPPORT	gas-turbine;computation
nested/asai-worldline-v48r3-source-restored/computation-2026-08-22/e5_e6_compressor_operability_v43.py	90-SOURCE-QUARANTINE/2026-08-29-FULL-V3/asai-worldline-20260828-v48r3-marine-gt-processed-handoff-v10.zip::asai-worldline-v48r3-source-restored/computation-2026-08-22/e5_e6_compressor_operability_v43.py	zip-member	machine-computation-support	SUPPORT	gas-turbine;computation
nested/asai-worldline-v48r3-source-restored/computation-2026-08-22/e6_installed_cycle_product_power_v44.py	90-SOURCE-QUARANTINE/2026-08-29-FULL-V3/asai-worldline-20260828-v48r3-marine-gt-processed-handoff-v10.zip::asai-worldline-v48r3-source-restored/computation-2026-08-22/e6_installed_cycle_product_power_v44.py	zip-member	machine-computation-support	SUPPORT	gas-turbine;computation
nested/asai-worldline-v48r3-source-restored/computation-2026-08-22/e6_m_jf_installed_thrust_v46.py	90-SOURCE-QUARANTINE/2026-08-29-FULL-V3/asai-worldline-20260828-v48r3-marine-gt-processed-handoff-v10.zip::asai-worldline-v48r3-source-restored/computation-2026-08-22/e6_m_jf_installed_thrust_v46.py	zip-member	machine-computation-support	SUPPORT	gas-turbine;computation
nested/asai-worldline-v48r3-source-restored/computation-2026-08-22/e6_s_aircraft_ha_v45.py	90-SOURCE-QUARANTINE/2026-08-29-FULL-V3/asai-worldline-20260828-v48r3-marine-gt-processed-handoff-v10.zip::asai-worldline-v48r3-source-restored/computation-2026-08-22/e6_s_aircraft_ha_v45.py	zip-member	machine-computation-support	SUPPORT	aviation;gas-turbine;computation
nested/asai-worldline-v48r3-source-restored/computation-2026-08-22/prior-v2/00_computation_overview.md	90-SOURCE-QUARANTINE/2026-08-29-FULL-V3/asai-worldline-20260828-v48r3-marine-gt-processed-handoff-v10.zip::asai-worldline-v48r3-source-restored/computation-2026-08-22/prior-v2/00_computation_overview.md	zip-member	machine-computation-support	SUPPORT	computation
nested/asai-worldline-v48r3-source-restored/computation-2026-08-22/prior-v2/01_dividend_ledgers.md	90-SOURCE-QUARANTINE/2026-08-29-FULL-V3/asai-worldline-20260828-v48r3-marine-gt-processed-handoff-v10.zip::asai-worldline-v48r3-source-restored/computation-2026-08-22/prior-v2/01_dividend_ledgers.md	zip-member	machine-computation-support	SUPPORT	computation
nested/asai-worldline-v48r3-source-restored/computation-2026-08-22/prior-v2/02_fire_control.md	90-SOURCE-QUARANTINE/2026-08-29-FULL-V3/asai-worldline-20260828-v48r3-marine-gt-processed-handoff-v10.zip::asai-worldline-v48r3-source-restored/computation-2026-08-22/prior-v2/02_fire_control.md	zip-member	machine-computation-support	SUPPORT	computation
nested/asai-worldline-v48r3-source-restored/computation-2026-08-22/prior-v2/03_aa_fire_control.md	90-SOURCE-QUARANTINE/2026-08-29-FULL-V3/asai-worldline-20260828-v48r3-marine-gt-processed-handoff-v10.zip::asai-worldline-v48r3-source-restored/computation-2026-08-22/prior-v2/03_aa_fire_control.md	zip-member	machine-computation-support	SUPPORT	computation
nested/asai-worldline-v48r3-source-restored/computation-2026-08-22/prior-v2/04_carrier_operations.md	90-SOURCE-QUARANTINE/2026-08-29-FULL-V3/asai-worldline-20260828-v48r3-marine-gt-processed-handoff-v10.zip::asai-worldline-v48r3-source-restored/computation-2026-08-22/prior-v2/04_carrier_operations.md	zip-member	machine-computation-support	SUPPORT	marine;computation
nested/asai-worldline-v48r3-source-restored/computation-2026-08-22/prior-v2/05_civil_computation.md	90-SOURCE-QUARANTINE/2026-08-29-FULL-V3/asai-worldline-20260828-v48r3-marine-gt-processed-handoff-v10.zip::asai-worldline-v48r3-source-restored/computation-2026-08-22/prior-v2/05_civil_computation.md	zip-member	machine-computation-support	SUPPORT	computation
nested/asai-worldline-v48r3-source-restored/computation-2026-08-22/prior-v2/06_design_play_combat_audit.md	90-SOURCE-QUARANTINE/2026-08-29-FULL-V3/asai-worldline-20260828-v48r3-marine-gt-processed-handoff-v10.zip::asai-worldline-v48r3-source-restored/computation-2026-08-22/prior-v2/06_design_play_combat_audit.md	zip-member	machine-computation-support	SUPPORT	computation
nested/asai-worldline-v48r3-source-restored/computation-2026-08-22/prior-v2/computation_state.json	90-SOURCE-QUARANTINE/2026-08-29-FULL-V3/asai-worldline-20260828-v48r3-marine-gt-processed-handoff-v10.zip::asai-worldline-v48r3-source-restored/computation-2026-08-22/prior-v2/computation_state.json	zip-member	machine-computation-support	SUPPORT	computation
nested/asai-worldline-v48r3-source-restored/computation-2026-08-28-v5/E5-CENTER-SHAFT-SIZING-V5.tsv	90-SOURCE-QUARANTINE/2026-08-29-FULL-V3/asai-worldline-20260828-v48r3-marine-gt-processed-handoff-v10.zip::asai-worldline-v48r3-source-restored/computation-2026-08-28-v5/E5-CENTER-SHAFT-SIZING-V5.tsv	zip-member	machine-computation-support	SUPPORT	gas-turbine;computation
nested/asai-worldline-v48r3-source-restored/computation-2026-08-28-v5/E5-INTAKE-GEOMETRY-V5.tsv	90-SOURCE-QUARANTINE/2026-08-29-FULL-V3/asai-worldline-20260828-v48r3-marine-gt-processed-handoff-v10.zip::asai-worldline-v48r3-source-restored/computation-2026-08-28-v5/E5-INTAKE-GEOMETRY-V5.tsv	zip-member	machine-computation-support	SUPPORT	gas-turbine;computation
nested/asai-worldline-v48r3-source-restored/computation-2026-08-28-v9/E6M-MARINE-BOOST-ACCOUNTING-V9.tsv	90-SOURCE-QUARANTINE/2026-08-29-FULL-V3/asai-worldline-20260828-v48r3-marine-gt-processed-handoff-v10.zip::asai-worldline-v48r3-source-restored/computation-2026-08-28-v9/E6M-MARINE-BOOST-ACCOUNTING-V9.tsv	zip-member	machine-computation-support	SUPPORT	marine;gas-turbine;turbo-boost;computation
nested/asai-worldline-v48r3-source-restored/computation-2026-08-28-v9/LL20-R2-V9.tsv	90-SOURCE-QUARANTINE/2026-08-29-FULL-V3/asai-worldline-20260828-v48r3-marine-gt-processed-handoff-v10.zip::asai-worldline-v48r3-source-restored/computation-2026-08-28-v9/LL20-R2-V9.tsv	zip-member	machine-computation-support	SUPPORT	computation
nested/asai-worldline-v48r3-source-restored/computation-2026-08-28-v9/TAIYO-COMMON-INTERFACE-V9.tsv	90-SOURCE-QUARANTINE/2026-08-29-FULL-V3/asai-worldline-20260828-v48r3-marine-gt-processed-handoff-v10.zip::asai-worldline-v48r3-source-restored/computation-2026-08-28-v9/TAIYO-COMMON-INTERFACE-V9.tsv	zip-member	machine-computation-support	SUPPORT	computation
nested/asai-worldline-v48r3-source-restored/computation-2026-08-28-v9/marine_gt_v9_recalc.py	90-SOURCE-QUARANTINE/2026-08-29-FULL-V3/asai-worldline-20260828-v48r3-marine-gt-processed-handoff-v10.zip::asai-worldline-v48r3-source-restored/computation-2026-08-28-v9/marine_gt_v9_recalc.py	zip-member	machine-computation-support	SUPPORT	marine;computation
nested/asai-worldline-v48r3-source-restored/main/asai-works-additions-benchmark-2026-08.md	90-SOURCE-QUARANTINE/2026-08-29-FULL-V3/asai-worldline-20260828-v48r3-marine-gt-processed-handoff-v10.zip::asai-worldline-v48r3-source-restored/main/asai-works-additions-benchmark-2026-08.md	zip-member	semantic-v48-main	BASE-CURRENT	cross-domain
nested/asai-worldline-v48r3-source-restored/main/asai-works-aero-turbosupercharger.md	90-SOURCE-QUARANTINE/2026-08-29-FULL-V3/asai-worldline-20260828-v48r3-marine-gt-processed-handoff-v10.zip::asai-worldline-v48r3-source-restored/main/asai-works-aero-turbosupercharger.md	zip-member	semantic-v48-main	BASE-CURRENT	turbo-boost
nested/asai-worldline-v48r3-source-restored/main/asai-works-aircraft-designation-policy.md	90-SOURCE-QUARANTINE/2026-08-29-FULL-V3/asai-worldline-20260828-v48r3-marine-gt-processed-handoff-v10.zip::asai-worldline-v48r3-source-restored/main/asai-works-aircraft-designation-policy.md	zip-member	semantic-v48-main	BASE-CURRENT	aviation
nested/asai-worldline-v48r3-source-restored/main/asai-works-aircrew-rescue.md	90-SOURCE-QUARANTINE/2026-08-29-FULL-V3/asai-worldline-20260828-v48r3-marine-gt-processed-handoff-v10.zip::asai-worldline-v48r3-source-restored/main/asai-works-aircrew-rescue.md	zip-member	semantic-v48-main	BASE-CURRENT	cross-domain
nested/asai-worldline-v48r3-source-restored/main/asai-works-akitsu-maru-ops.md	90-SOURCE-QUARANTINE/2026-08-29-FULL-V3/asai-worldline-20260828-v48r3-marine-gt-processed-handoff-v10.zip::asai-worldline-v48r3-source-restored/main/asai-works-akitsu-maru-ops.md	zip-member	semantic-v48-main	BASE-CURRENT	cross-domain
nested/asai-worldline-v48r3-source-restored/main/asai-works-amphibious-landing-system-1938-44.md	90-SOURCE-QUARANTINE/2026-08-29-FULL-V3/asai-worldline-20260828-v48r3-marine-gt-processed-handoff-v10.zip::asai-worldline-v48r3-source-restored/main/asai-works-amphibious-landing-system-1938-44.md	zip-member	semantic-v48-main	BASE-CURRENT	ground
nested/asai-worldline-v48r3-source-restored/main/asai-works-asw-effect.md	90-SOURCE-QUARANTINE/2026-08-29-FULL-V3/asai-worldline-20260828-v48r3-marine-gt-processed-handoff-v10.zip::asai-worldline-v48r3-source-restored/main/asai-works-asw-effect.md	zip-member	semantic-v48-main	BASE-CURRENT	cross-domain
nested/asai-worldline-v48r3-source-restored/main/asai-works-aviation-controls-gate.md	90-SOURCE-QUARANTINE/2026-08-29-FULL-V3/asai-worldline-20260828-v48r3-marine-gt-processed-handoff-v10.zip::asai-worldline-v48r3-source-restored/main/asai-works-aviation-controls-gate.md	zip-member	semantic-v48-main	BASE-CURRENT	aviation
nested/asai-worldline-v48r3-source-restored/main/asai-works-aviation-reconstruction-framework-v48.md	90-SOURCE-QUARANTINE/2026-08-29-FULL-V3/asai-worldline-20260828-v48r3-marine-gt-processed-handoff-v10.zip::asai-worldline-v48r3-source-restored/main/asai-works-aviation-reconstruction-framework-v48.md	zip-member	semantic-v48-main	BASE-CURRENT	aviation
nested/asai-worldline-v48r3-source-restored/main/asai-works-business-origin-diversification-1903-30.md	90-SOURCE-QUARANTINE/2026-08-29-FULL-V3/asai-worldline-20260828-v48r3-marine-gt-processed-handoff-v10.zip::asai-worldline-v48r3-source-restored/main/asai-works-business-origin-diversification-1903-30.md	zip-member	semantic-v48-main	BASE-CURRENT	company
nested/asai-worldline-v48r3-source-restored/main/asai-works-cabin-pressurization.md	90-SOURCE-QUARANTINE/2026-08-29-FULL-V3/asai-worldline-20260828-v48r3-marine-gt-processed-handoff-v10.zip::asai-worldline-v48r3-source-restored/main/asai-works-cabin-pressurization.md	zip-member	semantic-v48-main	BASE-CURRENT	cross-domain
nested/asai-worldline-v48r3-source-restored/main/asai-works-capability-convergence-framework-1903-45.md	90-SOURCE-QUARANTINE/2026-08-29-FULL-V3/asai-worldline-20260828-v48r3-marine-gt-processed-handoff-v10.zip::asai-worldline-v48r3-source-restored/main/asai-works-capability-convergence-framework-1903-45.md	zip-member	semantic-v48-main	BASE-CURRENT	cross-domain
nested/asai-worldline-v48r3-source-restored/main/asai-works-carrier-attrition.md	90-SOURCE-QUARANTINE/2026-08-29-FULL-V3/asai-worldline-20260828-v48r3-marine-gt-processed-handoff-v10.zip::asai-worldline-v48r3-source-restored/main/asai-works-carrier-attrition.md	zip-member	semantic-v48-main	BASE-CURRENT	marine
nested/asai-worldline-v48r3-source-restored/main/asai-works-carrier-construction-1945.md	90-SOURCE-QUARANTINE/2026-08-29-FULL-V3/asai-worldline-20260828-v48r3-marine-gt-processed-handoff-v10.zip::asai-worldline-v48r3-source-restored/main/asai-works-carrier-construction-1945.md	zip-member	semantic-v48-main	BASE-CURRENT	marine
nested/asai-worldline-v48r3-source-restored/main/asai-works-carrier-pilots.md	90-SOURCE-QUARANTINE/2026-08-29-FULL-V3/asai-worldline-20260828-v48r3-marine-gt-processed-handoff-v10.zip::asai-worldline-v48r3-source-restored/main/asai-works-carrier-pilots.md	zip-member	semantic-v48-main	BASE-CURRENT	marine
nested/asai-worldline-v48r3-source-restored/main/asai-works-carrier-training-ships.md	90-SOURCE-QUARANTINE/2026-08-29-FULL-V3/asai-worldline-20260828-v48r3-marine-gt-processed-handoff-v10.zip::asai-worldline-v48r3-source-restored/main/asai-works-carrier-training-ships.md	zip-member	semantic-v48-main	BASE-CURRENT	marine
nested/asai-worldline-v48r3-source-restored/main/asai-works-cfrp-program.md	90-SOURCE-QUARANTINE/2026-08-29-FULL-V3/asai-worldline-20260828-v48r3-marine-gt-processed-handoff-v10.zip::asai-worldline-v48r3-source-restored/main/asai-works-cfrp-program.md	zip-member	semantic-v48-main	BASE-CURRENT	materials
nested/asai-worldline-v48r3-source-restored/main/asai-works-cfrp-wing.md	90-SOURCE-QUARANTINE/2026-08-29-FULL-V3/asai-worldline-20260828-v48r3-marine-gt-processed-handoff-v10.zip::asai-worldline-v48r3-source-restored/main/asai-works-cfrp-wing.md	zip-member	semantic-v48-main	BASE-CURRENT	materials
nested/asai-worldline-v48r3-source-restored/main/asai-works-china-war-1937-1941.md	90-SOURCE-QUARANTINE/2026-08-29-FULL-V3/asai-worldline-20260828-v48r3-marine-gt-processed-handoff-v10.zip::asai-worldline-v48r3-source-restored/main/asai-works-china-war-1937-1941.md	zip-member	semantic-v48-main	BASE-CURRENT	cross-domain
nested/asai-worldline-v48r3-source-restored/main/asai-works-company-structure.md	90-SOURCE-QUARANTINE/2026-08-29-FULL-V3/asai-worldline-20260828-v48r3-marine-gt-processed-handoff-v10.zip::asai-worldline-v48r3-source-restored/main/asai-works-company-structure.md	zip-member	semantic-v48-main	BASE-CURRENT	company
nested/asai-worldline-v48r3-source-restored/main/asai-works-computation-aviation-bridge.md	90-SOURCE-QUARANTINE/2026-08-29-FULL-V3/asai-worldline-20260828-v48r3-marine-gt-processed-handoff-v10.zip::asai-worldline-v48r3-source-restored/main/asai-works-computation-aviation-bridge.md	zip-member	semantic-v48-main	BASE-CURRENT	aviation;computation
nested/asai-worldline-v48r3-source-restored/main/asai-works-computation-ferrite-cipher-memory.md	90-SOURCE-QUARANTINE/2026-08-29-FULL-V3/asai-worldline-20260828-v48r3-marine-gt-processed-handoff-v10.zip::asai-worldline-v48r3-source-restored/main/asai-works-computation-ferrite-cipher-memory.md	zip-member	semantic-v48-main	BASE-CURRENT	computation
nested/asai-worldline-v48r3-source-restored/main/asai-works-computation-machines-centers.md	90-SOURCE-QUARANTINE/2026-08-29-FULL-V3/asai-worldline-20260828-v48r3-marine-gt-processed-handoff-v10.zip::asai-worldline-v48r3-source-restored/main/asai-works-computation-machines-centers.md	zip-member	semantic-v48-main	BASE-CURRENT	computation
nested/asai-worldline-v48r3-source-restored/main/asai-works-computation-origin-business.md	90-SOURCE-QUARANTINE/2026-08-29-FULL-V3/asai-worldline-20260828-v48r3-marine-gt-processed-handoff-v10.zip::asai-worldline-v48r3-source-restored/main/asai-works-computation-origin-business.md	zip-member	semantic-v48-main	BASE-CURRENT	computation;company
nested/asai-worldline-v48r3-source-restored/main/asai-works-computation-repropagation-engine-aviation-1923-45.md	90-SOURCE-QUARANTINE/2026-08-29-FULL-V3/asai-worldline-20260828-v48r3-marine-gt-processed-handoff-v10.zip::asai-worldline-v48r3-source-restored/main/asai-works-computation-repropagation-engine-aviation-1923-45.md	zip-member	semantic-v48-main	BASE-CURRENT	aviation;computation
nested/asai-worldline-v48r3-source-restored/main/asai-works-core-elements.md	90-SOURCE-QUARANTINE/2026-08-29-FULL-V3/asai-worldline-20260828-v48r3-marine-gt-processed-handoff-v10.zip::asai-worldline-v48r3-source-restored/main/asai-works-core-elements.md	zip-member	semantic-v48-main	BASE-CURRENT	gas-turbine
nested/asai-worldline-v48r3-source-restored/main/asai-works-core-hierarchy.md	90-SOURCE-QUARANTINE/2026-08-29-FULL-V3/asai-worldline-20260828-v48r3-marine-gt-processed-handoff-v10.zip::asai-worldline-v48r3-source-restored/main/asai-works-core-hierarchy.md	zip-member	semantic-v48-main	BASE-CURRENT	gas-turbine
nested/asai-worldline-v48r3-source-restored/main/asai-works-core-rebaseline-history-v38-v48.md	90-SOURCE-QUARANTINE/2026-08-29-FULL-V3/asai-worldline-20260828-v48r3-marine-gt-processed-handoff-v10.zip::asai-worldline-v48r3-source-restored/main/asai-works-core-rebaseline-history-v38-v48.md	zip-member	semantic-v48-main	BASE-CURRENT	gas-turbine
nested/asai-worldline-v48r3-source-restored/main/asai-works-cross-domain-computation-fire-optics.md	90-SOURCE-QUARANTINE/2026-08-29-FULL-V3/asai-worldline-20260828-v48r3-marine-gt-processed-handoff-v10.zip::asai-worldline-v48r3-source-restored/main/asai-works-cross-domain-computation-fire-optics.md	zip-member	semantic-v48-main	BASE-CURRENT	computation;weapons-systems
nested/asai-worldline-v48r3-source-restored/main/asai-works-diesel-turbo-1930s.md	90-SOURCE-QUARANTINE/2026-08-29-FULL-V3/asai-worldline-20260828-v48r3-marine-gt-processed-handoff-v10.zip::asai-worldline-v48r3-source-restored/main/asai-works-diesel-turbo-1930s.md	zip-member	semantic-v48-main	BASE-CURRENT	turbo-boost
nested/asai-worldline-v48r3-source-restored/main/asai-works-e4-e5-hot-section-component-life-rebaseline-1931-37.md	90-SOURCE-QUARANTINE/2026-08-29-FULL-V3/asai-worldline-20260828-v48r3-marine-gt-processed-handoff-v10.zip::asai-worldline-v48r3-source-restored/main/asai-works-e4-e5-hot-section-component-life-rebaseline-1931-37.md	zip-member	semantic-v48-main	BASE-CURRENT	gas-turbine
nested/asai-worldline-v48r3-source-restored/main/asai-works-e4-e5-installed-cycle-rebaseline-1931-37.md	90-SOURCE-QUARANTINE/2026-08-29-FULL-V3/asai-worldline-20260828-v48r3-marine-gt-processed-handoff-v10.zip::asai-worldline-v48r3-source-restored/main/asai-works-e4-e5-installed-cycle-rebaseline-1931-37.md	zip-member	semantic-v48-main	BASE-CURRENT	gas-turbine
nested/asai-worldline-v48r3-source-restored/main/asai-works-e4-e5-product-massflow-size-rebaseline-1931-37.md	90-SOURCE-QUARANTINE/2026-08-29-FULL-V3/asai-worldline-20260828-v48r3-marine-gt-processed-handoff-v10.zip::asai-worldline-v48r3-source-restored/main/asai-works-e4-e5-product-massflow-size-rebaseline-1931-37.md	zip-member	semantic-v48-main	BASE-CURRENT	gas-turbine
nested/asai-worldline-v48r3-source-restored/main/asai-works-e4-regeneration-installed-rebaseline-1931-33.md	90-SOURCE-QUARANTINE/2026-08-29-FULL-V3/asai-worldline-20260828-v48r3-marine-gt-processed-handoff-v10.zip::asai-worldline-v48r3-source-restored/main/asai-works-e4-regeneration-installed-rebaseline-1931-33.md	zip-member	semantic-v48-main	BASE-CURRENT	gas-turbine
nested/asai-worldline-v48r3-source-restored/main/asai-works-e5-e6-compressor-operability-rebaseline-1934-41.md	90-SOURCE-QUARANTINE/2026-08-29-FULL-V3/asai-worldline-20260828-v48r3-marine-gt-processed-handoff-v10.zip::asai-worldline-v48r3-source-restored/main/asai-works-e5-e6-compressor-operability-rebaseline-1934-41.md	zip-member	semantic-v48-main	BASE-CURRENT	gas-turbine
nested/asai-worldline-v48r3-source-restored/main/asai-works-e6-installed-cycle-product-power-rebaseline-1938-41.md	90-SOURCE-QUARANTINE/2026-08-29-FULL-V3/asai-worldline-20260828-v48r3-marine-gt-processed-handoff-v10.zip::asai-worldline-v48r3-source-restored/main/asai-works-e6-installed-cycle-product-power-rebaseline-1938-41.md	zip-member	semantic-v48-main	BASE-CURRENT	gas-turbine
nested/asai-worldline-v48r3-source-restored/main/asai-works-e6-m-jf-installed-thrust-rebaseline-1938-43.md	90-SOURCE-QUARANTINE/2026-08-29-FULL-V3/asai-worldline-20260828-v48r3-marine-gt-processed-handoff-v10.zip::asai-worldline-v48r3-source-restored/main/asai-works-e6-m-jf-installed-thrust-rebaseline-1938-43.md	zip-member	semantic-v48-main	BASE-CURRENT	gas-turbine
nested/asai-worldline-v48r3-source-restored/main/asai-works-e8-e9-later-war-propulsion-rebaseline-1942-47.md	90-SOURCE-QUARANTINE/2026-08-29-FULL-V3/asai-worldline-20260828-v48r3-marine-gt-processed-handoff-v10.zip::asai-worldline-v48r3-source-restored/main/asai-works-e8-e9-later-war-propulsion-rebaseline-1942-47.md	zip-member	semantic-v48-main	BASE-CURRENT	cross-domain
nested/asai-worldline-v48r3-source-restored/main/asai-works-engine-capability-core-e1-e9.md	90-SOURCE-QUARANTINE/2026-08-29-FULL-V3/asai-worldline-20260828-v48r3-marine-gt-processed-handoff-v10.zip::asai-worldline-v48r3-source-restored/main/asai-works-engine-capability-core-e1-e9.md	zip-member	semantic-v48-main	BASE-CURRENT	gas-turbine
nested/asai-worldline-v48r3-source-restored/main/asai-works-engine-competition-zuisei-sakae-1937-41.md	90-SOURCE-QUARANTINE/2026-08-29-FULL-V3/asai-worldline-20260828-v48r3-marine-gt-processed-handoff-v10.zip::asai-worldline-v48r3-source-restored/main/asai-works-engine-competition-zuisei-sakae-1937-41.md	zip-member	semantic-v48-main	BASE-CURRENT	cross-domain
nested/asai-worldline-v48r3-source-restored/main/asai-works-engine-computation-externalization-1928-34.md	90-SOURCE-QUARANTINE/2026-08-29-FULL-V3/asai-worldline-20260828-v48r3-marine-gt-processed-handoff-v10.zip::asai-worldline-v48r3-source-restored/main/asai-works-engine-computation-externalization-1928-34.md	zip-member	semantic-v48-main	BASE-CURRENT	computation
nested/asai-worldline-v48r3-source-restored/main/asai-works-engine-computation-internal-1923-28.md	90-SOURCE-QUARANTINE/2026-08-29-FULL-V3/asai-worldline-20260828-v48r3-marine-gt-processed-handoff-v10.zip::asai-worldline-v48r3-source-restored/main/asai-works-engine-computation-internal-1923-28.md	zip-member	semantic-v48-main	BASE-CURRENT	computation
nested/asai-worldline-v48r3-source-restored/main/asai-works-engine-computation-maturation-1934-37.md	90-SOURCE-QUARANTINE/2026-08-29-FULL-V3/asai-worldline-20260828-v48r3-marine-gt-processed-handoff-v10.zip::asai-worldline-v48r3-source-restored/main/asai-works-engine-computation-maturation-1934-37.md	zip-member	semantic-v48-main	BASE-CURRENT	computation
nested/asai-worldline-v48r3-source-restored/main/asai-works-engine-h-to-a-ledger.md	90-SOURCE-QUARANTINE/2026-08-29-FULL-V3/asai-worldline-20260828-v48r3-marine-gt-processed-handoff-v10.zip::asai-worldline-v48r3-source-restored/main/asai-works-engine-h-to-a-ledger.md	zip-member	semantic-v48-main	BASE-CURRENT	cross-domain
nested/asai-worldline-v48r3-source-restored/main/asai-works-fix-queue.md	90-SOURCE-QUARANTINE/2026-08-29-FULL-V3/asai-worldline-20260828-v48r3-marine-gt-processed-handoff-v10.zip::asai-worldline-v48r3-source-restored/main/asai-works-fix-queue.md	zip-member	semantic-v48-main	BASE-CURRENT	cross-domain
nested/asai-worldline-v48r3-source-restored/main/asai-works-frp-manufacturing.md	90-SOURCE-QUARANTINE/2026-08-29-FULL-V3/asai-worldline-20260828-v48r3-marine-gt-processed-handoff-v10.zip::asai-worldline-v48r3-source-restored/main/asai-works-frp-manufacturing.md	zip-member	semantic-v48-main	BASE-CURRENT	materials
nested/asai-worldline-v48r3-source-restored/main/asai-works-fuel-control.md	90-SOURCE-QUARANTINE/2026-08-29-FULL-V3/asai-worldline-20260828-v48r3-marine-gt-processed-handoff-v10.zip::asai-worldline-v48r3-source-restored/main/asai-works-fuel-control.md	zip-member	semantic-v48-main	BASE-CURRENT	cross-domain
nested/asai-worldline-v48r3-source-restored/main/asai-works-gfrp-small-craft-hull-rebaseline-1940-46.md	90-SOURCE-QUARANTINE/2026-08-29-FULL-V3/asai-worldline-20260828-v48r3-marine-gt-processed-handoff-v10.zip::asai-worldline-v48r3-source-restored/main/asai-works-gfrp-small-craft-hull-rebaseline-1940-46.md	zip-member	semantic-v48-main	BASE-CURRENT	materials
nested/asai-worldline-v48r3-source-restored/main/asai-works-gt-apu.md	90-SOURCE-QUARANTINE/2026-08-29-FULL-V3/asai-worldline-20260828-v48r3-marine-gt-processed-handoff-v10.zip::asai-worldline-v48r3-source-restored/main/asai-works-gt-apu.md	zip-member	semantic-v48-main	BASE-CURRENT	gas-turbine
nested/asai-worldline-v48r3-source-restored/main/asai-works-gt-carrier-conversion.md	90-SOURCE-QUARANTINE/2026-08-29-FULL-V3/asai-worldline-20260828-v48r3-marine-gt-processed-handoff-v10.zip::asai-worldline-v48r3-source-restored/main/asai-works-gt-carrier-conversion.md	zip-member	semantic-v48-main	BASE-CURRENT	marine;gas-turbine
nested/asai-worldline-v48r3-source-restored/main/asai-works-gt-carrier-physics.md	90-SOURCE-QUARANTINE/2026-08-29-FULL-V3/asai-worldline-20260828-v48r3-marine-gt-processed-handoff-v10.zip::asai-worldline-v48r3-source-restored/main/asai-works-gt-carrier-physics.md	zip-member	semantic-v48-main	BASE-CURRENT	marine;gas-turbine
nested/asai-worldline-v48r3-source-restored/main/asai-works-gt-carrier-range.md	90-SOURCE-QUARANTINE/2026-08-29-FULL-V3/asai-worldline-20260828-v48r3-marine-gt-processed-handoff-v10.zip::asai-worldline-v48r3-source-restored/main/asai-works-gt-carrier-range.md	zip-member	semantic-v48-main	BASE-CURRENT	marine;gas-turbine
nested/asai-worldline-v48r3-source-restored/main/asai-works-gt-carrier-taiyo.md	90-SOURCE-QUARANTINE/2026-08-29-FULL-V3/asai-worldline-20260828-v48r3-marine-gt-processed-handoff-v10.zip::asai-worldline-v48r3-source-restored/main/asai-works-gt-carrier-taiyo.md	zip-member	semantic-v48-main	BASE-CURRENT	marine;gas-turbine
nested/asai-worldline-v48r3-source-restored/main/asai-works-gt-carrier-tasan.md	90-SOURCE-QUARANTINE/2026-08-29-FULL-V3/asai-worldline-20260828-v48r3-marine-gt-processed-handoff-v10.zip::asai-worldline-v48r3-source-restored/main/asai-works-gt-carrier-tasan.md	zip-member	semantic-v48-main	BASE-CURRENT	marine;gas-turbine
nested/asai-worldline-v48r3-source-restored/main/asai-works-gt-carrier-turbine.md	90-SOURCE-QUARANTINE/2026-08-29-FULL-V3/asai-worldline-20260828-v48r3-marine-gt-processed-handoff-v10.zip::asai-worldline-v48r3-source-restored/main/asai-works-gt-carrier-turbine.md	zip-member	semantic-v48-main	BASE-CURRENT	marine;gas-turbine
nested/asai-worldline-v48r3-source-restored/main/asai-works-gt-catapult.md	90-SOURCE-QUARANTINE/2026-08-29-FULL-V3/asai-worldline-20260828-v48r3-marine-gt-processed-handoff-v10.zip::asai-worldline-v48r3-source-restored/main/asai-works-gt-catapult.md	zip-member	semantic-v48-main	BASE-CURRENT	gas-turbine
nested/asai-worldline-v48r3-source-restored/main/asai-works-gt-core-generations.md	90-SOURCE-QUARANTINE/2026-08-29-FULL-V3/asai-worldline-20260828-v48r3-marine-gt-processed-handoff-v10.zip::asai-worldline-v48r3-source-restored/main/asai-works-gt-core-generations.md	zip-member	semantic-v48-main	BASE-CURRENT	gas-turbine
nested/asai-worldline-v48r3-source-restored/main/asai-works-gt-diesel-1929.md	90-SOURCE-QUARANTINE/2026-08-29-FULL-V3/asai-worldline-20260828-v48r3-marine-gt-processed-handoff-v10.zip::asai-worldline-v48r3-source-restored/main/asai-works-gt-diesel-1929.md	zip-member	semantic-v48-main	BASE-CURRENT	gas-turbine
nested/asai-worldline-v48r3-source-restored/main/asai-works-gt-efficiency-regen.md	90-SOURCE-QUARANTINE/2026-08-29-FULL-V3/asai-worldline-20260828-v48r3-marine-gt-processed-handoff-v10.zip::asai-worldline-v48r3-source-restored/main/asai-works-gt-efficiency-regen.md	zip-member	semantic-v48-main	BASE-CURRENT	gas-turbine
nested/asai-worldline-v48r3-source-restored/main/asai-works-gt-first-customers.md	90-SOURCE-QUARANTINE/2026-08-29-FULL-V3/asai-worldline-20260828-v48r3-marine-gt-processed-handoff-v10.zip::asai-worldline-v48r3-source-restored/main/asai-works-gt-first-customers.md	zip-member	semantic-v48-main	BASE-CURRENT	gas-turbine
nested/asai-worldline-v48r3-source-restored/main/asai-works-gt-fuel.md	90-SOURCE-QUARANTINE/2026-08-29-FULL-V3/asai-worldline-20260828-v48r3-marine-gt-processed-handoff-v10.zip::asai-worldline-v48r3-source-restored/main/asai-works-gt-fuel.md	zip-member	semantic-v48-main	BASE-CURRENT	gas-turbine
nested/asai-worldline-v48r3-source-restored/main/asai-works-gt-gyorai-yobi.md	90-SOURCE-QUARANTINE/2026-08-29-FULL-V3/asai-worldline-20260828-v48r3-marine-gt-processed-handoff-v10.zip::asai-worldline-v48r3-source-restored/main/asai-works-gt-gyorai-yobi.md	zip-member	semantic-v48-main	BASE-CURRENT	gas-turbine
nested/asai-worldline-v48r3-source-restored/main/asai-works-gt-kansei.md	90-SOURCE-QUARANTINE/2026-08-29-FULL-V3/asai-worldline-20260828-v48r3-marine-gt-processed-handoff-v10.zip::asai-worldline-v48r3-source-restored/main/asai-works-gt-kansei.md	zip-member	semantic-v48-main	BASE-CURRENT	gas-turbine
nested/asai-worldline-v48r3-source-restored/main/asai-works-gt-kubo-taiiki.md	90-SOURCE-QUARANTINE/2026-08-29-FULL-V3/asai-worldline-20260828-v48r3-marine-gt-processed-handoff-v10.zip::asai-worldline-v48r3-source-restored/main/asai-works-gt-kubo-taiiki.md	zip-member	semantic-v48-main	BASE-CURRENT	gas-turbine
nested/asai-worldline-v48r3-source-restored/main/asai-works-gt-kubo.md	90-SOURCE-QUARANTINE/2026-08-29-FULL-V3/asai-worldline-20260828-v48r3-marine-gt-processed-handoff-v10.zip::asai-worldline-v48r3-source-restored/main/asai-works-gt-kubo.md	zip-member	semantic-v48-main	BASE-CURRENT	gas-turbine
nested/asai-worldline-v48r3-source-restored/main/asai-works-gt-marine-program.md	90-SOURCE-QUARANTINE/2026-08-29-FULL-V3/asai-worldline-20260828-v48r3-marine-gt-processed-handoff-v10.zip::asai-worldline-v48r3-source-restored/main/asai-works-gt-marine-program.md	zip-member	semantic-v48-main	BASE-CURRENT	marine;gas-turbine
nested/asai-worldline-v48r3-source-restored/main/asai-works-gt-marine-rework.md	90-SOURCE-QUARANTINE/2026-08-29-FULL-V3/asai-worldline-20260828-v48r3-marine-gt-processed-handoff-v10.zip::asai-worldline-v48r3-source-restored/main/asai-works-gt-marine-rework.md	zip-member	semantic-v48-main	BASE-CURRENT	marine;gas-turbine
nested/asai-worldline-v48r3-source-restored/main/asai-works-gt-senpaku.md	90-SOURCE-QUARANTINE/2026-08-29-FULL-V3/asai-worldline-20260828-v48r3-marine-gt-processed-handoff-v10.zip::asai-worldline-v48r3-source-restored/main/asai-works-gt-senpaku.md	zip-member	semantic-v48-main	BASE-CURRENT	gas-turbine
nested/asai-worldline-v48r3-source-restored/main/asai-works-gt-shogouki.md	90-SOURCE-QUARANTINE/2026-08-29-FULL-V3/asai-worldline-20260828-v48r3-marine-gt-processed-handoff-v10.zip::asai-worldline-v48r3-source-restored/main/asai-works-gt-shogouki.md	zip-member	semantic-v48-main	BASE-CURRENT	gas-turbine
nested/asai-worldline-v48r3-source-restored/main/asai-works-gt-shouhinka.md	90-SOURCE-QUARANTINE/2026-08-29-FULL-V3/asai-worldline-20260828-v48r3-marine-gt-processed-handoff-v10.zip::asai-worldline-v48r3-source-restored/main/asai-works-gt-shouhinka.md	zip-member	semantic-v48-main	BASE-CURRENT	gas-turbine
nested/asai-worldline-v48r3-source-restored/main/asai-works-handoff.md	90-SOURCE-QUARANTINE/2026-08-29-FULL-V3/asai-worldline-20260828-v48r3-marine-gt-processed-handoff-v10.zip::asai-worldline-v48r3-source-restored/main/asai-works-handoff.md	zip-member	semantic-v48-main	BASE-CURRENT	company
nested/asai-worldline-v48r3-source-restored/main/asai-works-hot-section-materials-long-clock-1919-38.md	90-SOURCE-QUARANTINE/2026-08-29-FULL-V3/asai-worldline-20260828-v48r3-marine-gt-processed-handoff-v10.zip::asai-worldline-v48r3-source-restored/main/asai-works-hot-section-materials-long-clock-1919-38.md	zip-member	semantic-v48-main	BASE-CURRENT	materials
nested/asai-worldline-v48r3-source-restored/main/asai-works-industrial-turbomachinery.md	90-SOURCE-QUARANTINE/2026-08-29-FULL-V3/asai-worldline-20260828-v48r3-marine-gt-processed-handoff-v10.zip::asai-worldline-v48r3-source-restored/main/asai-works-industrial-turbomachinery.md	zip-member	semantic-v48-main	BASE-CURRENT	ground;turbo-boost
nested/asai-worldline-v48r3-source-restored/main/asai-works-integrity-audit-2026-07.md	90-SOURCE-QUARANTINE/2026-08-29-FULL-V3/asai-worldline-20260828-v48r3-marine-gt-processed-handoff-v10.zip::asai-worldline-v48r3-source-restored/main/asai-works-integrity-audit-2026-07.md	zip-member	semantic-v48-main	BASE-CURRENT	cross-domain
nested/asai-worldline-v48r3-source-restored/main/asai-works-jet-armament-review-2026-07.md	90-SOURCE-QUARANTINE/2026-08-29-FULL-V3/asai-worldline-20260828-v48r3-marine-gt-processed-handoff-v10.zip::asai-worldline-v48r3-source-restored/main/asai-works-jet-armament-review-2026-07.md	zip-member	semantic-v48-main	BASE-CURRENT	aviation
nested/asai-worldline-v48r3-source-restored/main/asai-works-kaiboukan-gt.md	90-SOURCE-QUARANTINE/2026-08-29-FULL-V3/asai-worldline-20260828-v48r3-marine-gt-processed-handoff-v10.zip::asai-worldline-v48r3-source-restored/main/asai-works-kaiboukan-gt.md	zip-member	semantic-v48-main	BASE-CURRENT	cross-domain
nested/asai-worldline-v48r3-source-restored/main/asai-works-marine-gt-small-craft-design-closure-1938-43.md	90-SOURCE-QUARANTINE/2026-08-29-FULL-V3/asai-worldline-20260828-v48r3-marine-gt-processed-handoff-v10.zip::asai-worldline-v48r3-source-restored/main/asai-works-marine-gt-small-craft-design-closure-1938-43.md	zip-member	semantic-v48-main	BASE-CURRENT	marine;gas-turbine
nested/asai-worldline-v48r3-source-restored/main/asai-works-marine-gt-small-craft-rebaseline-1934-43.md	90-SOURCE-QUARANTINE/2026-08-29-FULL-V3/asai-worldline-20260828-v48r3-marine-gt-processed-handoff-v10.zip::asai-worldline-v48r3-source-restored/main/asai-works-marine-gt-small-craft-rebaseline-1934-43.md	zip-member	semantic-v48-main	BASE-CURRENT	marine;gas-turbine
nested/asai-worldline-v48r3-source-restored/main/asai-works-materials-fleet-application.md	90-SOURCE-QUARANTINE/2026-08-29-FULL-V3/asai-worldline-20260828-v48r3-marine-gt-processed-handoff-v10.zip::asai-worldline-v48r3-source-restored/main/asai-works-materials-fleet-application.md	zip-member	semantic-v48-main	BASE-CURRENT	marine;materials
nested/asai-worldline-v48r3-source-restored/main/asai-works-materials-resin.md	90-SOURCE-QUARANTINE/2026-08-29-FULL-V3/asai-worldline-20260828-v48r3-marine-gt-processed-handoff-v10.zip::asai-worldline-v48r3-source-restored/main/asai-works-materials-resin.md	zip-member	semantic-v48-main	BASE-CURRENT	materials
nested/asai-worldline-v48r3-source-restored/main/asai-works-military-diesel-vehicles.md	90-SOURCE-QUARANTINE/2026-08-29-FULL-V3/asai-worldline-20260828-v48r3-marine-gt-processed-handoff-v10.zip::asai-worldline-v48r3-source-restored/main/asai-works-military-diesel-vehicles.md	zip-member	semantic-v48-main	BASE-CURRENT	ground
nested/asai-worldline-v48r3-source-restored/main/asai-works-mine-countermeasures-rebaseline-1939-45.md	90-SOURCE-QUARANTINE/2026-08-29-FULL-V3/asai-worldline-20260828-v48r3-marine-gt-processed-handoff-v10.zip::asai-worldline-v48r3-source-restored/main/asai-works-mine-countermeasures-rebaseline-1939-45.md	zip-member	semantic-v48-main	BASE-CURRENT	cross-domain
nested/asai-worldline-v48r3-source-restored/main/asai-works-naval-buildup.md	90-SOURCE-QUARANTINE/2026-08-29-FULL-V3/asai-worldline-20260828-v48r3-marine-gt-processed-handoff-v10.zip::asai-worldline-v48r3-source-restored/main/asai-works-naval-buildup.md	zip-member	semantic-v48-main	BASE-CURRENT	marine
nested/asai-worldline-v48r3-source-restored/main/asai-works-orbat-1941.md	90-SOURCE-QUARANTINE/2026-08-29-FULL-V3/asai-worldline-20260828-v48r3-marine-gt-processed-handoff-v10.zip::asai-worldline-v48r3-source-restored/main/asai-works-orbat-1941.md	zip-member	semantic-v48-main	BASE-CURRENT	cross-domain
nested/asai-worldline-v48r3-source-restored/main/asai-works-piston-installation-shadow-ledger.md	90-SOURCE-QUARANTINE/2026-08-29-FULL-V3/asai-worldline-20260828-v48r3-marine-gt-processed-handoff-v10.zip::asai-worldline-v48r3-source-restored/main/asai-works-piston-installation-shadow-ledger.md	zip-member	semantic-v48-main	BASE-CURRENT	cross-domain
nested/asai-worldline-v48r3-source-restored/main/asai-works-piston-package-1941-application.md	90-SOURCE-QUARANTINE/2026-08-29-FULL-V3/asai-worldline-20260828-v48r3-marine-gt-processed-handoff-v10.zip::asai-worldline-v48r3-source-restored/main/asai-works-piston-package-1941-application.md	zip-member	semantic-v48-main	BASE-CURRENT	cross-domain
nested/asai-worldline-v48r3-source-restored/main/asai-works-piston-rework.md	90-SOURCE-QUARANTINE/2026-08-29-FULL-V3/asai-worldline-20260828-v48r3-marine-gt-processed-handoff-v10.zip::asai-worldline-v48r3-source-restored/main/asai-works-piston-rework.md	zip-member	semantic-v48-main	BASE-CURRENT	cross-domain
nested/asai-worldline-v48r3-source-restored/main/asai-works-plant-fiber-composites.md	90-SOURCE-QUARANTINE/2026-08-29-FULL-V3/asai-worldline-20260828-v48r3-marine-gt-processed-handoff-v10.zip::asai-worldline-v48r3-source-restored/main/asai-works-plant-fiber-composites.md	zip-member	semantic-v48-main	BASE-CURRENT	materials
nested/asai-worldline-v48r3-source-restored/main/asai-works-product-availability-ledger-1903-41.md	90-SOURCE-QUARANTINE/2026-08-29-FULL-V3/asai-worldline-20260828-v48r3-marine-gt-processed-handoff-v10.zip::asai-worldline-v48r3-source-restored/main/asai-works-product-availability-ledger-1903-41.md	zip-member	semantic-v48-main	BASE-CURRENT	company
nested/asai-worldline-v48r3-source-restored/main/asai-works-propeller-control.md	90-SOURCE-QUARANTINE/2026-08-29-FULL-V3/asai-worldline-20260828-v48r3-marine-gt-processed-handoff-v10.zip::asai-worldline-v48r3-source-restored/main/asai-works-propeller-control.md	zip-member	semantic-v48-main	BASE-CURRENT	cross-domain
nested/asai-worldline-v48r3-source-restored/main/asai-works-propulsion-roadmap.md	90-SOURCE-QUARANTINE/2026-08-29-FULL-V3/asai-worldline-20260828-v48r3-marine-gt-processed-handoff-v10.zip::asai-worldline-v48r3-source-restored/main/asai-works-propulsion-roadmap.md	zip-member	semantic-v48-main	BASE-CURRENT	cross-domain
nested/asai-worldline-v48r3-source-restored/main/asai-works-radio-radar-reliability-rebaseline-1935-45.md	90-SOURCE-QUARANTINE/2026-08-29-FULL-V3/asai-worldline-20260828-v48r3-marine-gt-processed-handoff-v10.zip::asai-worldline-v48r3-source-restored/main/asai-works-radio-radar-reliability-rebaseline-1935-45.md	zip-member	semantic-v48-main	BASE-CURRENT	weapons-systems
nested/asai-worldline-v48r3-source-restored/main/asai-works-reverify-audit.md	90-SOURCE-QUARANTINE/2026-08-29-FULL-V3/asai-worldline-20260828-v48r3-marine-gt-processed-handoff-v10.zip::asai-worldline-v48r3-source-restored/main/asai-works-reverify-audit.md	zip-member	semantic-v48-main	BASE-CURRENT	cross-domain
nested/asai-worldline-v48r3-source-restored/main/asai-works-saiyo-kijo.md	90-SOURCE-QUARANTINE/2026-08-29-FULL-V3/asai-worldline-20260828-v48r3-marine-gt-processed-handoff-v10.zip::asai-worldline-v48r3-source-restored/main/asai-works-saiyo-kijo.md	zip-member	semantic-v48-main	BASE-CURRENT	cross-domain
nested/asai-worldline-v48r3-source-restored/main/asai-works-structural-composites.md	90-SOURCE-QUARANTINE/2026-08-29-FULL-V3/asai-worldline-20260828-v48r3-marine-gt-processed-handoff-v10.zip::asai-worldline-v48r3-source-restored/main/asai-works-structural-composites.md	zip-member	semantic-v48-main	BASE-CURRENT	materials
nested/asai-worldline-v48r3-source-restored/main/asai-works-structural-testbeds.md	90-SOURCE-QUARANTINE/2026-08-29-FULL-V3/asai-worldline-20260828-v48r3-marine-gt-processed-handoff-v10.zip::asai-worldline-v48r3-source-restored/main/asai-works-structural-testbeds.md	zip-member	semantic-v48-main	BASE-CURRENT	cross-domain
nested/asai-worldline-v48r3-source-restored/main/asai-works-submarine-aircraft-1929-41.md	90-SOURCE-QUARANTINE/2026-08-29-FULL-V3/asai-worldline-20260828-v48r3-marine-gt-processed-handoff-v10.zip::asai-worldline-v48r3-source-restored/main/asai-works-submarine-aircraft-1929-41.md	zip-member	semantic-v48-main	BASE-CURRENT	aviation;marine
nested/asai-worldline-v48r3-source-restored/main/asai-works-submarine-battery-motor-yard-rebaseline-1938-44.md	90-SOURCE-QUARANTINE/2026-08-29-FULL-V3/asai-worldline-20260828-v48r3-marine-gt-processed-handoff-v10.zip::asai-worldline-v48r3-source-restored/main/asai-works-submarine-battery-motor-yard-rebaseline-1938-44.md	zip-member	semantic-v48-main	BASE-CURRENT	marine
nested/asai-worldline-v48r3-source-restored/main/asai-works-submarine-h-to-a-ledger.md	90-SOURCE-QUARANTINE/2026-08-29-FULL-V3/asai-worldline-20260828-v48r3-marine-gt-processed-handoff-v10.zip::asai-worldline-v48r3-source-restored/main/asai-works-submarine-h-to-a-ledger.md	zip-member	semantic-v48-main	BASE-CURRENT	marine
nested/asai-worldline-v48r3-source-restored/main/asai-works-submarine-maturation-1934-37.md	90-SOURCE-QUARANTINE/2026-08-29-FULL-V3/asai-worldline-20260828-v48r3-marine-gt-processed-handoff-v10.zip::asai-worldline-v48r3-source-restored/main/asai-works-submarine-maturation-1934-37.md	zip-member	semantic-v48-main	BASE-CURRENT	marine
nested/asai-worldline-v48r3-source-restored/main/asai-works-submarine-next-gen-2cycle-prime-mover-gate-1941-45.md	90-SOURCE-QUARANTINE/2026-08-29-FULL-V3/asai-worldline-20260828-v48r3-marine-gt-processed-handoff-v10.zip::asai-worldline-v48r3-source-restored/main/asai-works-submarine-next-gen-2cycle-prime-mover-gate-1941-45.md	zip-member	semantic-v48-main	BASE-CURRENT	marine
nested/asai-worldline-v48r3-source-restored/main/asai-works-submarine-next-generation-1941-44.md	90-SOURCE-QUARANTINE/2026-08-29-FULL-V3/asai-worldline-20260828-v48r3-marine-gt-processed-handoff-v10.zip::asai-worldline-v48r3-source-restored/main/asai-works-submarine-next-generation-1941-44.md	zip-member	semantic-v48-main	BASE-CURRENT	marine
nested/asai-worldline-v48r3-source-restored/main/asai-works-submarine-propulsion-1940-43.md	90-SOURCE-QUARANTINE/2026-08-29-FULL-V3/asai-worldline-20260828-v48r3-marine-gt-processed-handoff-v10.zip::asai-worldline-v48r3-source-restored/main/asai-works-submarine-propulsion-1940-43.md	zip-member	semantic-v48-main	BASE-CURRENT	marine
nested/asai-worldline-v48r3-source-restored/main/asai-works-submarine-rebaseline-1927-33.md	90-SOURCE-QUARANTINE/2026-08-29-FULL-V3/asai-worldline-20260828-v48r3-marine-gt-processed-handoff-v10.zip::asai-worldline-v48r3-source-restored/main/asai-works-submarine-rebaseline-1927-33.md	zip-member	semantic-v48-main	BASE-CURRENT	marine
nested/asai-worldline-v48r3-source-restored/main/asai-works-submarine-series-1938-41.md	90-SOURCE-QUARANTINE/2026-08-29-FULL-V3/asai-worldline-20260828-v48r3-marine-gt-processed-handoff-v10.zip::asai-worldline-v48r3-source-restored/main/asai-works-submarine-series-1938-41.md	zip-member	semantic-v48-main	BASE-CURRENT	marine
nested/asai-worldline-v48r3-source-restored/main/asai-works-submarine-underwater-1938-43.md	90-SOURCE-QUARANTINE/2026-08-29-FULL-V3/asai-worldline-20260828-v48r3-marine-gt-processed-handoff-v10.zip::asai-worldline-v48r3-source-restored/main/asai-works-submarine-underwater-1938-43.md	zip-member	semantic-v48-main	BASE-CURRENT	marine
nested/asai-worldline-v48r3-source-restored/main/asai-works-surface-ship-large-marine-rebaseline-1934-41.md	90-SOURCE-QUARANTINE/2026-08-29-FULL-V3/asai-worldline-20260828-v48r3-marine-gt-processed-handoff-v10.zip::asai-worldline-v48r3-source-restored/main/asai-works-surface-ship-large-marine-rebaseline-1934-41.md	zip-member	semantic-v48-main	BASE-CURRENT	marine
nested/asai-worldline-v48r3-source-restored/main/asai-works-survey-artillery-meteorology-rebaseline-1935-45.md	90-SOURCE-QUARANTINE/2026-08-29-FULL-V3/asai-worldline-20260828-v48r3-marine-gt-processed-handoff-v10.zip::asai-worldline-v48r3-source-restored/main/asai-works-survey-artillery-meteorology-rebaseline-1935-45.md	zip-member	semantic-v48-main	BASE-CURRENT	cross-domain
nested/asai-worldline-v48r3-source-restored/main/asai-works-tank-computation-rebaseline-1938-41.md	90-SOURCE-QUARANTINE/2026-08-29-FULL-V3/asai-worldline-20260828-v48r3-marine-gt-processed-handoff-v10.zip::asai-worldline-v48r3-source-restored/main/asai-works-tank-computation-rebaseline-1938-41.md	zip-member	semantic-v48-main	BASE-CURRENT	ground;computation
nested/asai-worldline-v48r3-source-restored/main/asai-works-tank-diesel-turbo.md	90-SOURCE-QUARANTINE/2026-08-29-FULL-V3/asai-worldline-20260828-v48r3-marine-gt-processed-handoff-v10.zip::asai-worldline-v48r3-source-restored/main/asai-works-tank-diesel-turbo.md	zip-member	semantic-v48-main	BASE-CURRENT	ground;turbo-boost
nested/asai-worldline-v48r3-source-restored/main/asai-works-tank-early-computation-materials-rebaseline-1928-41.md	90-SOURCE-QUARANTINE/2026-08-29-FULL-V3/asai-worldline-20260828-v48r3-marine-gt-processed-handoff-v10.zip::asai-worldline-v48r3-source-restored/main/asai-works-tank-early-computation-materials-rebaseline-1928-41.md	zip-member	semantic-v48-main	BASE-CURRENT	ground;materials;computation
nested/asai-worldline-v48r3-source-restored/main/asai-works-tank-engine.md	90-SOURCE-QUARANTINE/2026-08-29-FULL-V3/asai-worldline-20260828-v48r3-marine-gt-processed-handoff-v10.zip::asai-worldline-v48r3-source-restored/main/asai-works-tank-engine.md	zip-member	semantic-v48-main	BASE-CURRENT	ground
nested/asai-worldline-v48r3-source-restored/main/asai-works-tank-gen3-medium.md	90-SOURCE-QUARANTINE/2026-08-29-FULL-V3/asai-worldline-20260828-v48r3-marine-gt-processed-handoff-v10.zip::asai-worldline-v48r3-source-restored/main/asai-works-tank-gen3-medium.md	zip-member	semantic-v48-main	BASE-CURRENT	ground
nested/asai-worldline-v48r3-source-restored/main/asai-works-tank-gt-hybrid.md	90-SOURCE-QUARANTINE/2026-08-29-FULL-V3/asai-worldline-20260828-v48r3-marine-gt-processed-handoff-v10.zip::asai-worldline-v48r3-source-restored/main/asai-works-tank-gt-hybrid.md	zip-member	semantic-v48-main	BASE-CURRENT	ground;gas-turbine
nested/asai-worldline-v48r3-source-restored/main/asai-works-tank-lineup.md	90-SOURCE-QUARANTINE/2026-08-29-FULL-V3/asai-worldline-20260828-v48r3-marine-gt-processed-handoff-v10.zip::asai-worldline-v48r3-source-restored/main/asai-works-tank-lineup.md	zip-member	semantic-v48-main	BASE-CURRENT	ground
nested/asai-worldline-v48r3-source-restored/main/asai-works-tank-next-generation-conditional-1939-45.md	90-SOURCE-QUARANTINE/2026-08-29-FULL-V3/asai-worldline-20260828-v48r3-marine-gt-processed-handoff-v10.zip::asai-worldline-v48r3-source-restored/main/asai-works-tank-next-generation-conditional-1939-45.md	zip-member	semantic-v48-main	BASE-CURRENT	ground
nested/asai-worldline-v48r3-source-restored/main/asai-works-tank-regen.md	90-SOURCE-QUARANTINE/2026-08-29-FULL-V3/asai-worldline-20260828-v48r3-marine-gt-processed-handoff-v10.zip::asai-worldline-v48r3-source-restored/main/asai-works-tank-regen.md	zip-member	semantic-v48-main	BASE-CURRENT	ground
nested/asai-worldline-v48r3-source-restored/main/asai-works-tank-rework-2026-08.md	90-SOURCE-QUARANTINE/2026-08-29-FULL-V3/asai-worldline-20260828-v48r3-marine-gt-processed-handoff-v10.zip::asai-worldline-v48r3-source-restored/main/asai-works-tank-rework-2026-08.md	zip-member	semantic-v48-main	BASE-CURRENT	ground
nested/asai-worldline-v48r3-source-restored/main/asai-works-tank-specs-turbo.md	90-SOURCE-QUARANTINE/2026-08-29-FULL-V3/asai-worldline-20260828-v48r3-marine-gt-processed-handoff-v10.zip::asai-worldline-v48r3-source-restored/main/asai-works-tank-specs-turbo.md	zip-member	semantic-v48-main	BASE-CURRENT	ground;turbo-boost
nested/asai-worldline-v48r3-source-restored/main/asai-works-tank-spg75.md	90-SOURCE-QUARANTINE/2026-08-29-FULL-V3/asai-worldline-20260828-v48r3-marine-gt-processed-handoff-v10.zip::asai-worldline-v48r3-source-restored/main/asai-works-tank-spg75.md	zip-member	semantic-v48-main	BASE-CURRENT	ground
nested/asai-worldline-v48r3-source-restored/main/asai-works-technical-delta-2026-08-14.md	90-SOURCE-QUARANTINE/2026-08-29-FULL-V3/asai-worldline-20260828-v48r3-marine-gt-processed-handoff-v10.zip::asai-worldline-v48r3-source-restored/main/asai-works-technical-delta-2026-08-14.md	zip-member	semantic-v48-main	BASE-CURRENT	cross-domain
nested/asai-worldline-v48r3-source-restored/main/asai-works-timeline-1920s.md	90-SOURCE-QUARANTINE/2026-08-29-FULL-V3/asai-worldline-20260828-v48r3-marine-gt-processed-handoff-v10.zip::asai-worldline-v48r3-source-restored/main/asai-works-timeline-1920s.md	zip-member	semantic-v48-main	BASE-CURRENT	company
nested/asai-worldline-v48r3-source-restored/main/asai-works-timeline-1930s.md	90-SOURCE-QUARANTINE/2026-08-29-FULL-V3/asai-worldline-20260828-v48r3-marine-gt-processed-handoff-v10.zip::asai-worldline-v48r3-source-restored/main/asai-works-timeline-1930s.md	zip-member	semantic-v48-main	BASE-CURRENT	company
nested/asai-worldline-v48r3-source-restored/main/asai-works-timeline-1940s.md	90-SOURCE-QUARANTINE/2026-08-29-FULL-V3/asai-worldline-20260828-v48r3-marine-gt-processed-handoff-v10.zip::asai-worldline-v48r3-source-restored/main/asai-works-timeline-1940s.md	zip-member	semantic-v48-main	BASE-CURRENT	company
nested/asai-worldline-v48r3-source-restored/main/asai-works-timeline-additions-2026-08.md	90-SOURCE-QUARANTINE/2026-08-29-FULL-V3/asai-worldline-20260828-v48r3-marine-gt-processed-handoff-v10.zip::asai-worldline-v48r3-source-restored/main/asai-works-timeline-additions-2026-08.md	zip-member	semantic-v48-main	BASE-CURRENT	company
nested/asai-worldline-v48r3-source-restored/main/asai-works-timeline-fuel.md	90-SOURCE-QUARANTINE/2026-08-29-FULL-V3/asai-worldline-20260828-v48r3-marine-gt-processed-handoff-v10.zip::asai-worldline-v48r3-source-restored/main/asai-works-timeline-fuel.md	zip-member	semantic-v48-main	BASE-CURRENT	company
nested/asai-worldline-v48r3-source-restored/main/asai-works-timeline-marine.md	90-SOURCE-QUARANTINE/2026-08-29-FULL-V3/asai-worldline-20260828-v48r3-marine-gt-processed-handoff-v10.zip::asai-worldline-v48r3-source-restored/main/asai-works-timeline-marine.md	zip-member	semantic-v48-main	BASE-CURRENT	marine;company
nested/asai-worldline-v48r3-source-restored/main/asai-works-timeline-master.md	90-SOURCE-QUARANTINE/2026-08-29-FULL-V3/asai-worldline-20260828-v48r3-marine-gt-processed-handoff-v10.zip::asai-worldline-v48r3-source-restored/main/asai-works-timeline-master.md	zip-member	semantic-v48-main	BASE-CURRENT	company
nested/asai-worldline-v48r3-source-restored/main/asai-works-timeline-tank.md	90-SOURCE-QUARANTINE/2026-08-29-FULL-V3/asai-worldline-20260828-v48r3-marine-gt-processed-handoff-v10.zip::asai-worldline-v48r3-source-restored/main/asai-works-timeline-tank.md	zip-member	semantic-v48-main	BASE-CURRENT	ground;company
nested/asai-worldline-v48r3-source-restored/main/asai-works-uranium-ap.md	90-SOURCE-QUARANTINE/2026-08-29-FULL-V3/asai-worldline-20260828-v48r3-marine-gt-processed-handoff-v10.zip::asai-worldline-v48r3-source-restored/main/asai-works-uranium-ap.md	zip-member	semantic-v48-main	BASE-CURRENT	cross-domain
nested/asai-worldline-v48r3-source-restored/main/asai-works-uranium.md	90-SOURCE-QUARANTINE/2026-08-29-FULL-V3/asai-worldline-20260828-v48r3-marine-gt-processed-handoff-v10.zip::asai-worldline-v48r3-source-restored/main/asai-works-uranium.md	zip-member	semantic-v48-main	BASE-CURRENT	cross-domain
nested/asai-worldline-v48r3-source-restored/main/asai-works-validated-derivations-2026-08-15.md	90-SOURCE-QUARANTINE/2026-08-29-FULL-V3/asai-worldline-20260828-v48r3-marine-gt-processed-handoff-v10.zip::asai-worldline-v48r3-source-restored/main/asai-works-validated-derivations-2026-08-15.md	zip-member	semantic-v48-main	BASE-CURRENT	cross-domain
nested/asai-worldline-v48r3-source-restored/main/asai-works-worldline-flow.md	90-SOURCE-QUARANTINE/2026-08-29-FULL-V3/asai-worldline-20260828-v48r3-marine-gt-processed-handoff-v10.zip::asai-worldline-v48r3-source-restored/main/asai-works-worldline-flow.md	zip-member	semantic-v48-main	BASE-CURRENT	cross-domain
nested/asai-worldline-v48r3-source-restored/main/tensei-engineer-kufu-shu.md	90-SOURCE-QUARANTINE/2026-08-29-FULL-V3/asai-worldline-20260828-v48r3-marine-gt-processed-handoff-v10.zip::asai-worldline-v48r3-source-restored/main/tensei-engineer-kufu-shu.md	zip-member	semantic-v48-main	BASE-CURRENT	company
nested/asai-worldline-v48r3-source-restored/provisional-2026-08-20/00-README-PROVISIONAL.md	90-SOURCE-QUARANTINE/2026-08-29-FULL-V3/asai-worldline-20260828-v48r3-marine-gt-processed-handoff-v10.zip::asai-worldline-v48r3-source-restored/provisional-2026-08-20/00-README-PROVISIONAL.md	zip-member	base-provisional	PROVISIONAL	cross-domain
nested/asai-worldline-v48r3-source-restored/provisional-2026-08-20/01-asai-works-computation-development-provisional.md	90-SOURCE-QUARANTINE/2026-08-29-FULL-V3/asai-worldline-20260828-v48r3-marine-gt-processed-handoff-v10.zip::asai-worldline-v48r3-source-restored/provisional-2026-08-20/01-asai-works-computation-development-provisional.md	zip-member	base-provisional	PROVISIONAL	computation
nested/asai-worldline-v48r3-source-restored/provisional-2026-08-20/02-asai-works-computation-marginal-effects-provisional.md	90-SOURCE-QUARANTINE/2026-08-29-FULL-V3/asai-worldline-20260828-v48r3-marine-gt-processed-handoff-v10.zip::asai-worldline-v48r3-source-restored/provisional-2026-08-20/02-asai-works-computation-marginal-effects-provisional.md	zip-member	base-provisional	PROVISIONAL	computation
nested/asai-worldline-v48r3-source-restored/provisional-2026-08-20/03-asai-works-rnd-philosophy-provisional.md	90-SOURCE-QUARANTINE/2026-08-29-FULL-V3/asai-worldline-20260828-v48r3-marine-gt-processed-handoff-v10.zip::asai-worldline-v48r3-source-restored/provisional-2026-08-20/03-asai-works-rnd-philosophy-provisional.md	zip-member	base-provisional	PROVISIONAL	cross-domain
nested/asai-worldline-v48r3-source-restored/provisional-2026-08-20/04-asai-works-heavy-transport-gen1-provisional.md	90-SOURCE-QUARANTINE/2026-08-29-FULL-V3/asai-worldline-20260828-v48r3-marine-gt-processed-handoff-v10.zip::asai-worldline-v48r3-source-restored/provisional-2026-08-20/04-asai-works-heavy-transport-gen1-provisional.md	zip-member	base-provisional	PROVISIONAL	cross-domain
nested/asai-worldline-v48r3-source-restored/provisional-2026-08-20/05-asai-works-heavy-transport-derivatives-provisional.md	90-SOURCE-QUARANTINE/2026-08-29-FULL-V3/asai-worldline-20260828-v48r3-marine-gt-processed-handoff-v10.zip::asai-worldline-v48r3-source-restored/provisional-2026-08-20/05-asai-works-heavy-transport-derivatives-provisional.md	zip-member	base-provisional	PROVISIONAL	cross-domain
nested/asai-worldline-v48r3-source-restored/provisional-2026-08-20/06-asai-works-aerial-refueling-europe-link-provisional.md	90-SOURCE-QUARANTINE/2026-08-29-FULL-V3/asai-worldline-20260828-v48r3-marine-gt-processed-handoff-v10.zip::asai-worldline-v48r3-source-restored/provisional-2026-08-20/06-asai-works-aerial-refueling-europe-link-provisional.md	zip-member	base-provisional	PROVISIONAL	cross-domain
nested/asai-worldline-v48r3-source-restored/provisional-2026-08-20/07-asai-works-computation-commercial-diffusion-provisional.md	90-SOURCE-QUARANTINE/2026-08-29-FULL-V3/asai-worldline-20260828-v48r3-marine-gt-processed-handoff-v10.zip::asai-worldline-v48r3-source-restored/provisional-2026-08-20/07-asai-works-computation-commercial-diffusion-provisional.md	zip-member	base-provisional	PROVISIONAL	computation
nested/asai-worldline-v48r3-source-restored/provisional-2026-08-20/08-asai-works-gt-secondary-applications-provisional.md	90-SOURCE-QUARANTINE/2026-08-29-FULL-V3/asai-worldline-20260828-v48r3-marine-gt-processed-handoff-v10.zip::asai-worldline-v48r3-source-restored/provisional-2026-08-20/08-asai-works-gt-secondary-applications-provisional.md	zip-member	base-provisional	PROVISIONAL	gas-turbine
nested/asai-worldline-v48r3-source-restored/provisional-2026-08-20/09-asai-works-computation-materials-aviation-gt-provisional.md	90-SOURCE-QUARANTINE/2026-08-29-FULL-V3/asai-worldline-20260828-v48r3-marine-gt-processed-handoff-v10.zip::asai-worldline-v48r3-source-restored/provisional-2026-08-20/09-asai-works-computation-materials-aviation-gt-provisional.md	zip-member	base-provisional	PROVISIONAL	aviation;gas-turbine;materials;computation
nested/asai-worldline-v48r3-source-restored/provisional-2026-08-20/10-asai-works-naval-computation-entry-provisional.md	90-SOURCE-QUARANTINE/2026-08-29-FULL-V3/asai-worldline-20260828-v48r3-marine-gt-processed-handoff-v10.zip::asai-worldline-v48r3-source-restored/provisional-2026-08-20/10-asai-works-naval-computation-entry-provisional.md	zip-member	base-provisional	PROVISIONAL	marine;computation
nested/asai-worldline-v48r3-source-restored/provisional-2026-08-20/11-HANDOFF-NEXT-NAVAL-COMPUTATION.md	90-SOURCE-QUARANTINE/2026-08-29-FULL-V3/asai-worldline-20260828-v48r3-marine-gt-processed-handoff-v10.zip::asai-worldline-v48r3-source-restored/provisional-2026-08-20/11-HANDOFF-NEXT-NAVAL-COMPUTATION.md	zip-member	base-provisional	PROVISIONAL	marine;computation;company
nested/asai-worldline-v48r3-source-restored/tools/build_v46_machine.py	90-SOURCE-QUARANTINE/2026-08-29-FULL-V3/asai-worldline-20260828-v48r3-marine-gt-processed-handoff-v10.zip::asai-worldline-v48r3-source-restored/tools/build_v46_machine.py	zip-member	tools	TOOL	cross-domain
nested/asai-worldline-v48r3-source-restored/tools/build_v48r3_machine.py	90-SOURCE-QUARANTINE/2026-08-29-FULL-V3/asai-worldline-20260828-v48r3-marine-gt-processed-handoff-v10.zip::asai-worldline-v48r3-source-restored/tools/build_v48r3_machine.py	zip-member	tools	TOOL	cross-domain
nested/asai-worldline-v48r3-source-restored/tools/validate_machine_layer.py	90-SOURCE-QUARANTINE/2026-08-29-FULL-V3/asai-worldline-20260828-v48r3-marine-gt-processed-handoff-v10.zip::asai-worldline-v48r3-source-restored/tools/validate_machine_layer.py	zip-member	tools	TOOL	cross-domain
nested/asai-worldline-v48r3-source-restored/tools/validate_v48r3.py	90-SOURCE-QUARANTINE/2026-08-29-FULL-V3/asai-worldline-20260828-v48r3-marine-gt-processed-handoff-v10.zip::asai-worldline-v48r3-source-restored/tools/validate_v48r3.py	zip-member	tools	TOOL	cross-domain
overlays/GROUND-DIESEL-FAMILY-D-A-D-D-V1.tsv	90-SOURCE-QUARANTINE/2026-08-29-FULL-V3/overlays/GROUND-DIESEL-FAMILY-D-A-D-D-V1.tsv	file	late-2026-08-29-overlay	CURRENT-OVERLAY	ground
overlays/GROUND-DUST-CLOSURE-DELTA-2026-08-29.tsv	90-SOURCE-QUARANTINE/2026-08-29-FULL-V3/overlays/GROUND-DUST-CLOSURE-DELTA-2026-08-29.tsv	file	late-2026-08-29-overlay	CURRENT-OVERLAY	ground
overlays/GROUND-DUST-COMPARISON-INPUTS-V1.tsv	90-SOURCE-QUARANTINE/2026-08-29-FULL-V3/overlays/GROUND-DUST-COMPARISON-INPUTS-V1.tsv	file	late-2026-08-29-overlay	CURRENT-OVERLAY	ground
overlays/GROUND-DUST-INSTALLATION-D-A-D-D-V1.tsv	90-SOURCE-QUARANTINE/2026-08-29-FULL-V3/overlays/GROUND-DUST-INSTALLATION-D-A-D-D-V1.tsv	file	late-2026-08-29-overlay	CURRENT-OVERLAY	ground
overlays/GROUND-DUST-INSTALLATION-NOTE-V1.md	90-SOURCE-QUARANTINE/2026-08-29-FULL-V3/overlays/GROUND-DUST-INSTALLATION-NOTE-V1.md	file	late-2026-08-29-overlay	CURRENT-OVERLAY	ground
overlays/MERCHANT-CARRIER-REGISTER-2026-08-29-V1.tsv	90-SOURCE-QUARANTINE/2026-08-29-FULL-V3/overlays/MERCHANT-CARRIER-REGISTER-2026-08-29-V1.tsv	file	late-2026-08-29-overlay	CURRENT-OVERLAY	marine
overlays/NAVAL-COMMERCIAL-INTEGRATION-OVERLAY-V1.md	90-SOURCE-QUARANTINE/2026-08-29-FULL-V3/overlays/NAVAL-COMMERCIAL-INTEGRATION-OVERLAY-V1.md	file	late-2026-08-29-overlay	CURRENT-OVERLAY	marine
reference/ASAI-AIRCRAFT-DESIGNATION-POLICY-V48-SOURCE.md	90-SOURCE-QUARANTINE/2026-08-29-FULL-V3/reference/ASAI-AIRCRAFT-DESIGNATION-POLICY-V48-SOURCE.md	file	reference	REFERENCE	aviation
reference/asai-works-seaplane-flyingboat-rebaseline-1940-44.md	90-SOURCE-QUARANTINE/2026-08-29-FULL-V3/reference/asai-works-seaplane-flyingboat-rebaseline-1940-44.md	file	reference	REFERENCE	marine
working/03-CARRIER-WORKING-CALCULATIONS.md	90-SOURCE-QUARANTINE/2026-08-29-FULL-V3/working/03-CARRIER-WORKING-CALCULATIONS.md	file	current-working	WORKING	marine;computation
working/07-asai-works-computation-commercial-diffusion-provisional.md	90-SOURCE-QUARANTINE/2026-08-29-FULL-V3/working/07-asai-works-computation-commercial-diffusion-provisional.md	file	current-working	WORKING	computation
working/19-CARRIER-BOOST-COMPARISON-V1.csv	90-SOURCE-QUARANTINE/2026-08-29-FULL-V3/working/19-CARRIER-BOOST-COMPARISON-V1.csv	file	current-working	WORKING	marine;turbo-boost
working/20-CARRIER-DECISION-PASS1.md	90-SOURCE-QUARANTINE/2026-08-29-FULL-V3/working/20-CARRIER-DECISION-PASS1.md	file	current-working	WORKING	marine
working/MARINE-SURFACE-WORKING-NOTES.md	90-SOURCE-QUARANTINE/2026-08-29-FULL-V3/working/MARINE-SURFACE-WORKING-NOTES.md	file	current-working	WORKING	marine
working/NAVAL-COMPUTATION-WORKING-NOTES.md	90-SOURCE-QUARANTINE/2026-08-29-FULL-V3/working/NAVAL-COMPUTATION-WORKING-NOTES.md	file	current-working	WORKING	marine;computation
working/PROPULSION-WORKING-NOTES.md	90-SOURCE-QUARANTINE/2026-08-29-FULL-V3/working/PROPULSION-WORKING-NOTES.md	file	current-working	WORKING	cross-domain
working/asai-works-gt-carrier-conversion.md	90-SOURCE-QUARANTINE/2026-08-29-FULL-V3/working/asai-works-gt-carrier-conversion.md	file	current-working	WORKING	marine;gas-turbine
working/asai-works-gt-carrier-physics.md	90-SOURCE-QUARANTINE/2026-08-29-FULL-V3/working/asai-works-gt-carrier-physics.md	file	current-working	WORKING	marine;gas-turbine
working/asai-works-gt-carrier-range.md	90-SOURCE-QUARANTINE/2026-08-29-FULL-V3/working/asai-works-gt-carrier-range.md	file	current-working	WORKING	marine;gas-turbine
working/asai-works-gt-carrier-taiyo.md	90-SOURCE-QUARANTINE/2026-08-29-FULL-V3/working/asai-works-gt-carrier-taiyo.md	file	current-working	WORKING	marine;gas-turbine
working/asai-works-surface-ship-large-marine-rebaseline-1934-41.md	90-SOURCE-QUARANTINE/2026-08-29-FULL-V3/working/asai-works-surface-ship-large-marine-rebaseline-1934-41.md	file	current-working	WORKING	marine
