path	size_bytes	sha256
00-START-HERE-2026-09-01-FULL-V7.md	3636	bf6415ce25c1f854d3d8abc5f3e7bbddce5ef40434059fe6925a6724a1903c43
00-START-HERE-2026-09-02-FULL-V8.md	2203	3fc7e8b2a87260a472467d0fa1bbe9fdc2b128ee803e82b05bdda0323473edf2
00-START-HERE-2026-09-03-FULL-V8.md	7281	adfdb14c3840adcb4e3b92ff1d65e62b8ba73d22f546eb5443256275a3bea552
00-START-HERE-2026-09-04-FULL-V8.md	2736	1cd123b44dc9995873cdd979238b5e0f5d7153f7e06c07f44c9ec86fcca29197
00-START-HERE-2026-09-05-FULL-V8-REPLAY3-AUG20RESERVE1.md	4762	f9c626c46682ac4ba342206f2b919d66f4f7b0d6fadc1ce8886f469d93ba13ca
00-START-HERE-2026-09-05-FULL-V8-REPLAY3-FIREOPTICS1.md	5473	07948fd0e8bca351fb59fbabf0beade931de1fb20af91a25ec7ef4333638b53a
00-START-HERE-2026-09-05-FULL-V8.md	4762	f9c626c46682ac4ba342206f2b919d66f4f7b0d6fadc1ce8886f469d93ba13ca
00-START-HERE-2026-09-07-FULL-V10.md	10957	444d6db537f82476455fce8e25b2a5684460d470d8075c67a91b486e1d814a7f
00-START-HERE-2026-09-08-FULL-V11.md	6338	6de27e42688bcdd41513c8ec692c0fbc83b333ba1219955b9f131d95bca18613
00-START-HERE-2026-09-08-FULL-V12.md	3731	fb593edd4664248b226e580780da2decb3e17fbea7dd9c103f5f5ddcc779107b
00-START-HERE-CURRENT.md	3239	e5103887d9a259d2f850b6a35e8a5b0f2f1fcb2514596f71c13e1e09813dec8a
01-BASE-V6/00-START-HERE-2026-08-31-FULL-V6.md	2177	68da117d588ee300689381ee21a7a025f324a662dc11939def93fd5c537a1941
01-BASE-V6/01-BASE-V5/00-START-HERE-2026-08-30-FULL-V5.md	4910	e66eab3ab385eaaea7f8cd336e03ea0642cfbaec55c8ecd58fc9379178019cb8
01-BASE-V6/01-BASE-V5/01-BASE-V4/00-START-HERE-2026-08-30-FULL-V4.md	2610	35dc15aba5c1cd73da8601ba22f37897bf4beee2b0363130995b76ac08260bd3
01-BASE-V6/01-BASE-V5/01-BASE-V4/01-CURRENT-BRANCH/00-START-HERE.md	6644	4772dfbd63db5800b86e2a41e60ed7122f9a7a1d128444a01f848b24f64ae1f5
01-BASE-V6/01-BASE-V5/01-BASE-V4/01-CURRENT-BRANCH/01-GLOBAL-RAW-SOURCE-INDEX.tsv	161035	45a802f40620bb499a8f8534db351c826498e1866ff67c8e2bf6d7caacd284ef
01-BASE-V6/01-BASE-V5/01-BASE-V4/01-CURRENT-BRANCH/02-TOPIC-SOURCE-MAP.md	3772	3c026654ab517c051709f3e66c1e5e50541445313d289a0e8302b46877d1bb6c
01-BASE-V6/01-BASE-V5/01-BASE-V4/01-CURRENT-BRANCH/03-CURRENT-BRANCH-INDEX.tsv	57798	63ae2dc2ed97104d811937e5ca38067ccb875b4a883af8cae4248478a33fa86d
01-BASE-V6/01-BASE-V5/01-BASE-V4/01-CURRENT-BRANCH/04-CURRENT-BRANCH-HISTORY-1903-1937-SUMMER.md	38240	430c6a7c2c143c9757752daae6daefb48de0d8f811f5a67e64d788b2e736ccb4
01-BASE-V6/01-BASE-V5/01-BASE-V4/01-CURRENT-BRANCH/05-CURRENT-CLOSED-PRODUCT-WEAPON-LEDGER.tsv	3615	936e26752ebf91f48ec5c699644a2d5f16af0f1b745a52b698d52f4879c2a0fb
01-BASE-V6/01-BASE-V5/01-BASE-V4/01-CURRENT-BRANCH/06-CONFLICT-AND-REVIEW-QUEUE.tsv	12800	356ccbd44d0b59aca7ed4006cbec104f300d481ee6a5e980c72334070bbc2b51
01-BASE-V6/01-BASE-V5/01-BASE-V4/01-CURRENT-BRANCH/07-SESSION-DELTA-2026-08-30.md	22307	2edb2c537244361657afeffb3530ddd7a036d3250be29b56147b701df7a268f6
01-BASE-V6/01-BASE-V5/01-BASE-V4/01-CURRENT-BRANCH/08-MILITARY-DELIVERY-LEDGER-1937-SUMMER.md	7551	b24f3e95e1a20ea36fa6b784d977d316f43195dfab8fa54552a3808c20e15f03
01-BASE-V6/01-BASE-V5/01-BASE-V4/01-CURRENT-BRANCH/09-MILITARY-DELIVERY-LEDGER-1937-SUMMER.tsv	2195	5629750658d01ee0fb405a53af7c8e96247831aa6b070ebf7143c946cd9a114b
01-BASE-V6/01-BASE-V5/01-BASE-V4/01-CURRENT-BRANCH/10-WEAPON-IMPACT-LEDGER-1937-SUMMER.md	15822	e5767f73dcaf002e4ba17a0ecc1fcebe422175198623e5fc008f70e2578558ef
01-BASE-V6/01-BASE-V5/01-BASE-V4/01-CURRENT-BRANCH/10-WEAPON-IMPACT-LEDGER-1937-SUMMER.tsv	16389	20698cb51a900409b71a92e22a55986b781ea74535ad8fd26361b43c8d1c53f6
01-BASE-V6/01-BASE-V5/01-BASE-V4/01-CURRENT-BRANCH/11-MATERIAL-TOOL-WEAPON-IMPACT-AUDIT-1937-SUMMER.md	6415	ef5e77e6f61cab20f4c4039b58f5a671ee1a7e4e925728dc5ba2dafab00be3ba
01-BASE-V6/01-BASE-V5/01-BASE-V4/01-CURRENT-BRANCH/11-MATERIAL-TOOL-WEAPON-IMPACT-AUDIT-1937-SUMMER.tsv	1022	6f9c6baeafa9d795877af634772cc56bca795a34f728a482cc7b4d85eda658cb
01-BASE-V6/01-BASE-V5/01-BASE-V4/01-CURRENT-BRANCH/12-MACHINE-INTEGRITY-AUDIT.json	1236	af5e3366c31752e6ae263578111f7a3a5b502ff102e2cbe6437d9286cd8cb8da
01-BASE-V6/01-BASE-V5/01-BASE-V4/01-CURRENT-BRANCH/12-MACHINE-INTEGRITY-AUDIT.md	668	c10e4244394dc3c2912f79811247299afaa3da78c4fefb28f32878d39dabac2c
01-BASE-V6/01-BASE-V5/01-BASE-V4/01-CURRENT-BRANCH/13-FILE-MANIFEST-SHA256.tsv	7221	db7c2ca8a5ebe377d60d256bbba62046c54ad22d4979fc7c0ca64050de323511
01-BASE-V6/01-BASE-V5/01-BASE-V4/01-CURRENT-BRANCH/14-URANIUM-ROUTE-ECONOMIC-AUDIT-1937.md	8569	b58c5d2d8d0aa5fce2ddd9a278c1b49e7a91b7e09decd34fe62d6f3c3ddf5dbb
01-BASE-V6/01-BASE-V5/01-BASE-V4/01-CURRENT-BRANCH/14-URANIUM-ROUTE-ECONOMIC-AUDIT-1937.tsv	1005	0e44154e39e635e53aa1fc0e107c0b87d1b885340c9cba774c80b487e8dd0a3a
01-BASE-V6/01-BASE-V5/01-BASE-V4/01-CURRENT-BRANCH/15-URANIUM-TUNGSTEN-DENSE-MATERIALS-AUDIT-1937.md	10332	253f30ad229e6064d23f94a87c70b2213637e378cf0e8427729b0fb0eb06bc44
01-BASE-V6/01-BASE-V5/01-BASE-V4/01-CURRENT-BRANCH/15-URANIUM-TUNGSTEN-DENSE-MATERIALS-AUDIT-1937.tsv	1155	c55f1f2fdef2d37da6cab39ae6fc95810c8a70f257c57d59fa56b3a593ca6f84
01-BASE-V6/01-BASE-V5/01-BASE-V4/01-CURRENT-BRANCH/16-DENSE-CORE-AMMUNITION-MILITARY-IMPACT-1937.md	4619	c77462c298516cb48ea338d394ce98ca403f7d0ef2f341d0650e0d9a9a0d12dd
01-BASE-V6/01-BASE-V5/01-BASE-V4/01-CURRENT-BRANCH/16-DENSE-CORE-AMMUNITION-MILITARY-IMPACT-1937.tsv	1690	9673369492b5c4e13c99a521c3a0d88fb1bfce54a18f166bbd90290b6c12d4a7
01-BASE-V6/01-BASE-V5/01-BASE-V4/01-CURRENT-BRANCH/17-DENSE-MATERIAL-AMMUNITION-SUPPLY-AUDIT-1937.md	8761	0fd6c0d7a23aed8fc669c085feea42ee7704c8f4abb89b48d50c4fe84666185c
01-BASE-V6/01-BASE-V5/01-BASE-V4/01-CURRENT-BRANCH/17-DENSE-MATERIAL-AMMUNITION-SUPPLY-AUDIT-1937.tsv	1468	95db5d15de871a163eb35d27b320df9732ddf7cf6889ff1081bf825507c043e5
01-BASE-V6/01-BASE-V5/01-BASE-V4/01-CURRENT-BRANCH/18-1937-07-07-EVENT-GATE.md	4824	2d1db1f66477e2f31ed2716d0b67bdaa7c74db99af1224b0f5996efee654e07e
01-BASE-V6/01-BASE-V5/01-BASE-V4/01-CURRENT-BRANCH/18-1937-07-07-EVENT-GATE.tsv	1215	36085f8bcb02acb4a8c2887f2a9f657374c5d7124313f44776bb1c3af3fc8d5c
01-BASE-V6/01-BASE-V5/01-BASE-V4/01-CURRENT-BRANCH/19-1937-07-07-08-INITIAL-RESPONSE-GATE.md	5485	4b8484337e5d9f88db4702f287ffb8c87dfda52aa0aec084f396f07d5e2fc80d
01-BASE-V6/01-BASE-V5/01-BASE-V4/01-CURRENT-BRANCH/19-1937-07-07-08-INITIAL-RESPONSE-GATE.tsv	1198	3507978ee4e52b515c3a9cfa590c51a9c7ad64a54bffac38d3264a2e8b2f5362
01-BASE-V6/01-BASE-V5/01-BASE-V4/01-CURRENT-BRANCH/20-1937-07-08-FIRST-COMBAT-GATE-0530-0600.md	5202	061aa445243af95971454175b891cc2c847344fb7296f84a36557ae97ee0f6c2
01-BASE-V6/01-BASE-V5/01-BASE-V4/01-CURRENT-BRANCH/20-1937-07-08-FIRST-COMBAT-GATE-0530-0600.tsv	742	906bec26191dae5818cfa675615f4f140928cd1bc78e4abc72f448823024c6cb
01-BASE-V6/01-BASE-V5/01-BASE-V4/01-CURRENT-BRANCH/21-1937-07-08-MORNING-GATE-0600-1200.md	7073	1a723bb5e6a92c00da214b2c0eb27882f616cca2fabb68c0b7e9e905a392cd37
01-BASE-V6/01-BASE-V5/01-BASE-V4/01-CURRENT-BRANCH/21-1937-07-08-MORNING-GATE-0600-1200.tsv	1566	3c8d7b9581823c7b92f1b8abd531178a4733fa804b037569ea91dda478404431
01-BASE-V6/01-BASE-V5/01-BASE-V4/01-CURRENT-BRANCH/22-1937-07-08-AFTERNOON-GATE-1200-1830.md	7881	052aae171f4e4cd35e78301a28c72b1dd981dda58269542f3fe875e04cfb1e7a
01-BASE-V6/01-BASE-V5/01-BASE-V4/01-CURRENT-BRANCH/22-1937-07-08-AFTERNOON-GATE-1200-1830.tsv	1432	b72357a77a420cd9e0477cbe64df9d9a356c2fe13b564807864e2dc1d684592c
01-BASE-V6/01-BASE-V5/01-BASE-V4/01-CURRENT-BRANCH/23-1937-07-08-09-EVENING-OVERNIGHT-GATE-1830-0210.md	7989	0478f548634bd1efff23d38a6b605b340a80b2b57125d82b290d53bc32266e84
01-BASE-V6/01-BASE-V5/01-BASE-V4/01-CURRENT-BRANCH/23-1937-07-08-09-EVENING-OVERNIGHT-GATE-1830-0210.tsv	1875	e1b73a16e0a5d13d616fe15b88fd4275f5768bc5491ccea351219fb4a8789cea
01-BASE-V6/01-BASE-V5/01-BASE-V4/01-CURRENT-BRANCH/24-1937-07-09-WITHDRAWAL-COMMS-FAILURE-GATE-0210-0710.md	6820	c1924d0d9eb8fc34734037ea3d6da40f6a61a30003144deda96db230c645f8b7
01-BASE-V6/01-BASE-V5/01-BASE-V4/01-CURRENT-BRANCH/24-1937-07-09-WITHDRAWAL-COMMS-FAILURE-GATE-0210-0710.tsv	1575	2bac82b7bdc239fa10bceef5ce5bf17938fc6ec1cd0fe72999f30a06265acc21
01-BASE-V6/01-BASE-V5/01-BASE-V4/01-CURRENT-BRANCH/25-1937-07-09-WITHDRAWAL-SECURITY-FORCE-GATE-0710-1600.md	7745	e59e5d6ba32170de0ad77ae90516c612fb99236bffa554cb46c3361a88225ce4
01-BASE-V6/01-BASE-V5/01-BASE-V4/01-CURRENT-BRANCH/25-1937-07-09-WITHDRAWAL-SECURITY-FORCE-GATE-0710-1600.tsv	2233	61a3e20b34f02db6158e0f96e70dc27889a39a57fd9001b01e7252b47f13a694
01-BASE-V6/01-BASE-V5/01-BASE-V4/01-CURRENT-BRANCH/26-1937-07-09-10-DEESCALATION-PREPARATION-GATE-1600-1600.md	8631	c49c032f011beab4e83b0ba596d0ece0ce3eb9cf7928301a3cc9f5cd801d2117
01-BASE-V6/01-BASE-V5/01-BASE-V4/01-CURRENT-BRANCH/26-1937-07-09-10-DEESCALATION-PREPARATION-GATE-1600-1600.tsv	2654	9e4c67c86dfbbd3740bbe95725fa92adaeaf3b038befc823bf367315c8576f8a
01-BASE-V6/01-BASE-V5/01-BASE-V4/01-CURRENT-BRANCH/27-1937-07-10-LONGWANGMIAO-SECOND-BATTLE-GATE-1600-2115.md	9264	c1337d51b195584a86ca427acb539221e4bb0b5673858b6fc72bba8abcffe2d7
01-BASE-V6/01-BASE-V5/01-BASE-V4/01-CURRENT-BRANCH/27-1937-07-10-LONGWANGMIAO-SECOND-BATTLE-GATE-1600-2115.tsv	3174	67953ebbf9e69646061f739a438b3bc26d9a55e796fc23941b7184eb4fee4710
01-BASE-V6/01-BASE-V5/01-BASE-V4/01-CURRENT-BRANCH/28-1937-07-11-LOCAL-SETTLEMENT-CENTRAL-DISPATCH-GATE-0500-2000.md	8159	797ccf127b0d1c8a7173ffa4de43d4b2507f12196b0b3c5607a8f8a89c96992e
01-BASE-V6/01-BASE-V5/01-BASE-V4/01-CURRENT-BRANCH/28-1937-07-11-LOCAL-SETTLEMENT-CENTRAL-DISPATCH-GATE-0500-2000.tsv	2710	135cccc665b035e176fa7e9b68d471d038bc52067edb08af0075bca775ca5bd3
01-BASE-V6/01-BASE-V5/01-BASE-V4/01-CURRENT-BRANCH/29-1937-07-11-13-SETTLEMENT-MOBILIZATION-GATE-2000-2000.md	9901	7134c18610665129ca48f33ade5a78d4b05ba7b7cb8688f4b5a1aad2d6e4d149
01-BASE-V6/01-BASE-V5/01-BASE-V4/01-CURRENT-BRANCH/29-1937-07-11-13-SETTLEMENT-MOBILIZATION-GATE-2000-2000.tsv	2761	078defd73efcaa4e5fe361525a83ef8648fd00204a7ee573abb65b147260b877
01-BASE-V6/01-BASE-V5/01-BASE-V4/01-CURRENT-BRANCH/30-1937-07-13-17-REINFORCEMENT-LOCAL-CLASH-LUSHAN-GATE-2000-1800.md	10116	3fafc82e915b2e7271273702007242708e5bcc250de509d75bce5ba6d93a524c
01-BASE-V6/01-BASE-V5/01-BASE-V4/01-CURRENT-BRANCH/30-1937-07-13-17-REINFORCEMENT-LOCAL-CLASH-LUSHAN-GATE-2000-1800.tsv	3506	12ab69c04a75315f7f168e1e9a7d6100e0a23fc32bbcc74dbfba1417ec81418a
01-BASE-V6/01-BASE-V5/01-BASE-V4/01-CURRENT-BRANCH/31-1937-07-17-20-LOCAL-COMPLIANCE-RENEWED-FIGHTING-GATE-1800-2100.md	8051	d30ed325a2b48f90a013a6cb759780f7771f91cf6f807d55ae239db0082adb50
01-BASE-V6/01-BASE-V5/01-BASE-V4/01-CURRENT-BRANCH/31-1937-07-17-20-LOCAL-COMPLIANCE-RENEWED-FIGHTING-GATE-1800-2100.tsv	3856	6432e1ed9eada48cb4ffa848b7a7a25e9701a60054d0dafff13f9a10e891961c
01-BASE-V6/01-BASE-V5/01-BASE-V4/01-CURRENT-BRANCH/32-1937-07-21-22-WITHDRAWAL-RAIL-TRANSPORT-GATE.md	5097	9550203df0885287fbc76432a8597b13dc6c6da6a6852d8b41249cd5fc40f3c9
01-BASE-V6/01-BASE-V5/01-BASE-V4/01-CURRENT-BRANCH/32-1937-07-21-22-WITHDRAWAL-RAIL-TRANSPORT-GATE.tsv	2678	1ef42b69b0c3da8df1f42ac9444e2e311eb2fb57c4d4375acf80a14736fb21fd
01-BASE-V6/01-BASE-V5/01-BASE-V4/01-CURRENT-BRANCH/33-1937-07-23-24-COMPLIANCE-SEMANTIC-BREAKDOWN-GATE.md	5934	6e9adf40fdbb7b1f82907884355dee68363de3094b3198e074eb88982440a45c
01-BASE-V6/01-BASE-V5/01-BASE-V4/01-CURRENT-BRANCH/33-1937-07-23-24-COMPLIANCE-SEMANTIC-BREAKDOWN-GATE.tsv	2271	276f702dffa8bcb0eb34c318cf84ebdfd6bb5f9f2083b78ddc3f852cf43908f7
01-BASE-V6/01-BASE-V5/01-BASE-V4/01-CURRENT-BRANCH/34-1937-07-25-26-LANGFANG-COMMS-LINE-INCIDENT-GATE.md	8731	fc87f06bab3211b810be9e58f1f8956793159941ebde49ea67b1603f50fef486
01-BASE-V6/01-BASE-V5/01-BASE-V4/01-CURRENT-BRANCH/34-1937-07-25-26-LANGFANG-COMMS-LINE-INCIDENT-GATE.tsv	2495	a556daedcfcb66562138693c114fd51ffa064f2de1e522d54f584bb2adc94f9f
01-BASE-V6/01-BASE-V5/01-BASE-V4/01-CURRENT-BRANCH/35-1937-07-26-27-GUANGANMEN-CONVOY-DELAY-GATE.md	9303	6b0c78d4f5ba82a93450e0eca5c6651a37aa6ddda4c4a829690a07fd104eb676
01-BASE-V6/01-BASE-V5/01-BASE-V4/01-CURRENT-BRANCH/35-1937-07-26-27-GUANGANMEN-CONVOY-DELAY-GATE.tsv	2958	367c8ca1a0c64703cb87fb36c8573a2b014740fb428a1097ba4b9588d64f7689
01-BASE-V6/01-BASE-V5/01-BASE-V4/01-CURRENT-BRANCH/99-NEXT-CHAT-HANDOFF.md	6209	391ad77a6f29b69103b5e473493bf1be19aa5599c15c9d66b6401e162dbd5101
01-BASE-V6/01-BASE-V5/01-BASE-V4/90-SOURCE-QUARANTINE/00-QUARANTINE-POLICY.md	1049	45c0263177a813df2551668c8bf7229a0ead1167dd8920cff389004ded1d25f8
01-BASE-V6/01-BASE-V5/01-BASE-V4/90-SOURCE-QUARANTINE/2026-08-29-FULL-V3/00-START-HERE-2026-08-29-FULL-V3.md	1008	77cf353293b9b093a9e9544e3e0aacbc339cfb2a4775c441bbd81114ceba7041
01-BASE-V6/01-BASE-V5/01-BASE-V4/90-SOURCE-QUARANTINE/2026-08-29-FULL-V3/ASAI-E3-E4-JET-FLIGHT-ORIGIN-V12.md	10080	4d0a2e56f3fcceee7beca5916d581688fb357cbf2d526acc48b6f6a2f9994d49
01-BASE-V6/01-BASE-V5/01-BASE-V4/90-SOURCE-QUARANTINE/2026-08-29-FULL-V3/ASAI-EPOXY-FRP-CAPABILITY-LEDGER-V1.xlsx	26296	0498c7209f91e7ac144fb924f723613e0f34b1981b3134cdbc9218da74d9396a
01-BASE-V6/01-BASE-V5/01-BASE-V4/90-SOURCE-QUARANTINE/2026-08-29-FULL-V3/ASAI-EPOXY-FRP-CAPABILITY-LEDGER-V2-COST.xlsx	33240	a15f24a075af6897ea5f0e2484d89e27eb525a8c9a762bca0cb07f76291ed8ee
01-BASE-V6/01-BASE-V5/01-BASE-V4/90-SOURCE-QUARANTINE/2026-08-29-FULL-V3/ASAI-GT-FRONT-SCALE-RATING-PRODUCTS-V14-COST.xlsx	46505	dfb310f3f420befe0b2e422ed5d828b555fe762e62fea97ca6dffcf40955c3ed
01-BASE-V6/01-BASE-V5/01-BASE-V4/90-SOURCE-QUARANTINE/2026-08-29-FULL-V3/ASAI-SINGLE-REAR-JET-SIZING-V11.md	8161	f0a565d942ea0646c270525556a7d66cda0d3d0c4a58824f605a3ba361f79c88
01-BASE-V6/01-BASE-V5/01-BASE-V4/90-SOURCE-QUARANTINE/2026-08-29-FULL-V3/CURRENT-HANDOFF-NOTES-2026-08-29-FULL-V3.md	9710	a5fcd33e8837b4c244a001f90a61b2cf01b7cad3b1464bf4c5296d4e23e3a6bf
01-BASE-V6/01-BASE-V5/01-BASE-V4/90-SOURCE-QUARANTINE/2026-08-29-FULL-V3/CURRENT-PRECEDENCE-2026-08-29-FULL-V3.tsv	1429	645ee7da0343b201becbdf2665d723dde97c1a0f5d67f3157d995ce712da8a7a
01-BASE-V6/01-BASE-V5/01-BASE-V4/90-SOURCE-QUARANTINE/2026-08-29-FULL-V3/CURRENT-STATE-2026-08-29-FULL-V3.json	1242	1fb9bb2f6dc4ced65cbb258f43bef985bbb4315172e274241831bdd2c2c2a07b
01-BASE-V6/01-BASE-V5/01-BASE-V4/90-SOURCE-QUARANTINE/2026-08-29-FULL-V3/OPEN-QUEUE-2026-08-29-FULL-V3.md	1270	757a6a242b039c295b2714dcafaea9005bbcb6d9828189b9c30f1df7485bf7c3
01-BASE-V6/01-BASE-V5/01-BASE-V4/90-SOURCE-QUARANTINE/2026-08-29-FULL-V3/PACKAGE-INVENTORY-2026-08-29-FULL-V3.tsv	1932	b328bd61397a197a7d7f7a5890ed9b8212aa82b2e71c1a19a43f66900ce837e6
01-BASE-V6/01-BASE-V5/01-BASE-V4/90-SOURCE-QUARANTINE/2026-08-29-FULL-V3/SHA256SUMS-2026-08-29-FULL-V3.txt	4283	5f815643239049fe4dd21583fe243254478d72d8ed44c90cea7e6702618d674f
01-BASE-V6/01-BASE-V5/01-BASE-V4/90-SOURCE-QUARANTINE/2026-08-29-FULL-V3/archive-previous-overlay/CURRENT-HANDOFF-NOTES-2026-08-29-pre-naval-integration.md	3710	bbbb9f740e0207d5b6c4ec0128452586bdc64262e237ee53a571c7e7683514d5
01-BASE-V6/01-BASE-V5/01-BASE-V4/90-SOURCE-QUARANTINE/2026-08-29-FULL-V3/archive-previous-overlay/CURRENT-PRECEDENCE-2026-08-29.tsv	2298	42179e52f25fc1be4df76dbb71c701c31eb0273dca0b48b1a3f381d3811971ae
01-BASE-V6/01-BASE-V5/01-BASE-V4/90-SOURCE-QUARANTINE/2026-08-29-FULL-V3/archive-previous-overlay/CURRENT-STATE-2026-08-29.json	2492	12c0027a1b3737a8469e925ec8a253adc8183f946038988582771bca8f3a9004
01-BASE-V6/01-BASE-V5/01-BASE-V4/90-SOURCE-QUARANTINE/2026-08-29-FULL-V3/archive-previous-overlay/DATA-ISSUE-REGISTER-2026-08-29.tsv	2067	f358bfe0523e5d0dab60f4a32127fae34b525d63878dcaa3a9144a14dd389828
01-BASE-V6/01-BASE-V5/01-BASE-V4/90-SOURCE-QUARANTINE/2026-08-29-FULL-V3/asai-worldline-20260828-v48r3-marine-gt-processed-handoff-v10.zip	7354483	cb70a4324b6a635135548643835e4eede7e23abccfceba899cb9c212d053fefd
01-BASE-V6/01-BASE-V5/01-BASE-V4/90-SOURCE-QUARANTINE/2026-08-29-FULL-V3/overlays/GROUND-DIESEL-FAMILY-D-A-D-D-V1.tsv	1636	eb26f68b4d0dd74169a75e77184384b1572ea9d38c28bc726068dcf41530ad22
01-BASE-V6/01-BASE-V5/01-BASE-V4/90-SOURCE-QUARANTINE/2026-08-29-FULL-V3/overlays/GROUND-DUST-CLOSURE-DELTA-2026-08-29.tsv	1322	45cc19bb5d73ab01815ffdc57ec7126b2d682751bd5970ab8a558f15e5b491b7
01-BASE-V6/01-BASE-V5/01-BASE-V4/90-SOURCE-QUARANTINE/2026-08-29-FULL-V3/overlays/GROUND-DUST-COMPARISON-INPUTS-V1.tsv	2875	8004d437f4fe70f5a5ae5600acca3af45d6e370306eb49ca76da4c5ec43f1c0e
01-BASE-V6/01-BASE-V5/01-BASE-V4/90-SOURCE-QUARANTINE/2026-08-29-FULL-V3/overlays/GROUND-DUST-INSTALLATION-D-A-D-D-V1.tsv	2600	b1f9c95abe01ce6f792ce5f5e9832de467d5ea8ab185bd308531845e093d6008
01-BASE-V6/01-BASE-V5/01-BASE-V4/90-SOURCE-QUARANTINE/2026-08-29-FULL-V3/overlays/GROUND-DUST-INSTALLATION-NOTE-V1.md	3885	3a70d2a10683d35753b6f0c690ba3c03dc37719a4b3317bbadfda14d1df8569b
01-BASE-V6/01-BASE-V5/01-BASE-V4/90-SOURCE-QUARANTINE/2026-08-29-FULL-V3/overlays/MERCHANT-CARRIER-REGISTER-2026-08-29-V1.tsv	1297	f9f8326c07504c213b4c46f1908997dc1b4cdb18dbece158cc7f5026bc7f54fc
01-BASE-V6/01-BASE-V5/01-BASE-V4/90-SOURCE-QUARANTINE/2026-08-29-FULL-V3/overlays/NAVAL-COMMERCIAL-INTEGRATION-OVERLAY-V1.md	1419	e974009fcae5f4280f81981cb85816849a9a3ff835ecc2f3cb2963a45e429a26
01-BASE-V6/01-BASE-V5/01-BASE-V4/90-SOURCE-QUARANTINE/2026-08-29-FULL-V3/reference/ASAI-AIRCRAFT-DESIGNATION-POLICY-V48-SOURCE.md	3482	cee45725c392d82b84b092e485b90c8eb573641a061647a49da697f1718e3179
01-BASE-V6/01-BASE-V5/01-BASE-V4/90-SOURCE-QUARANTINE/2026-08-29-FULL-V3/reference/asai-works-seaplane-flyingboat-rebaseline-1940-44.md	7269	5e29db0aaa618198b364426e0d62e170b25c8d32579141b97c821f652a411ee6
01-BASE-V6/01-BASE-V5/01-BASE-V4/90-SOURCE-QUARANTINE/2026-08-29-FULL-V3/working/03-CARRIER-WORKING-CALCULATIONS.md	4913	ea3ad70e3d972229e80011fb915ccf3fccbf6ed0d31662cd2458dba24d05c95b
01-BASE-V6/01-BASE-V5/01-BASE-V4/90-SOURCE-QUARANTINE/2026-08-29-FULL-V3/working/07-asai-works-computation-commercial-diffusion-provisional.md	5779	3afb0dc167536d6ff8a39da2c11124061d4c42c2e9d13bf6f77cb84a4b6711d5
01-BASE-V6/01-BASE-V5/01-BASE-V4/90-SOURCE-QUARANTINE/2026-08-29-FULL-V3/working/19-CARRIER-BOOST-COMPARISON-V1.csv	5815	4684b3f8bdd78034501f1a3ab8131b8607f4df72a5fdf3970de734cad4e31b29
01-BASE-V6/01-BASE-V5/01-BASE-V4/90-SOURCE-QUARANTINE/2026-08-29-FULL-V3/working/20-CARRIER-DECISION-PASS1.md	6448	7f2194ac5d2f9169012df4c772cb406151633da1066697bbaaad4e2228050540
01-BASE-V6/01-BASE-V5/01-BASE-V4/90-SOURCE-QUARANTINE/2026-08-29-FULL-V3/working/MARINE-SURFACE-WORKING-NOTES.md	15827	1b84b68e32b64297c27b6b8d574b25bced3793aa4927ab553ed25b6e530571bf
01-BASE-V6/01-BASE-V5/01-BASE-V4/90-SOURCE-QUARANTINE/2026-08-29-FULL-V3/working/NAVAL-COMPUTATION-WORKING-NOTES.md	5928	09996549860e39faeda4a11746429719c6a5ca74d23a527911f2068ab64d418c
01-BASE-V6/01-BASE-V5/01-BASE-V4/90-SOURCE-QUARANTINE/2026-08-29-FULL-V3/working/PROPULSION-WORKING-NOTES.md	8048	0146b267df1d98644abf4fcb771219405a8657f5c96bff1dee7c8761563dc574
01-BASE-V6/01-BASE-V5/01-BASE-V4/90-SOURCE-QUARANTINE/2026-08-29-FULL-V3/working/asai-works-gt-carrier-conversion.md	7711	309847ba3578ffde3781a26bf4dbdd0eb0c755ac8131464a97134d60ff348861
01-BASE-V6/01-BASE-V5/01-BASE-V4/90-SOURCE-QUARANTINE/2026-08-29-FULL-V3/working/asai-works-gt-carrier-physics.md	8166	24fc745084695e551e6e14e08773ae1eec95ebee8da1326ca7d056e4d0fe0976
01-BASE-V6/01-BASE-V5/01-BASE-V4/90-SOURCE-QUARANTINE/2026-08-29-FULL-V3/working/asai-works-gt-carrier-range.md	7474	f25d55d0055ff5521073e0382301f0a5289c2050a3b6ffd517e52a4d7f160bb8
01-BASE-V6/01-BASE-V5/01-BASE-V4/90-SOURCE-QUARANTINE/2026-08-29-FULL-V3/working/asai-works-gt-carrier-taiyo.md	16683	48e227a865827ba63cd2f8dba122cec751ae936cea581a4f529d0d95284a1004
01-BASE-V6/01-BASE-V5/01-BASE-V4/90-SOURCE-QUARANTINE/2026-08-29-FULL-V3/working/asai-works-surface-ship-large-marine-rebaseline-1934-41.md	15827	1b84b68e32b64297c27b6b8d574b25bced3793aa4927ab553ed25b6e530571bf
01-BASE-V6/01-BASE-V5/01-BASE-V4/98-INPUT-PROVENANCE/INPUT-ARCHIVE-HASHES.tsv	416	275b78264a07613cba5a342c4f5b5b33802437643b7a5278c0f2871dd5e31f05
01-BASE-V6/01-BASE-V5/01-BASE-V4/CURRENT-STATE-2026-08-30-FULL-V4.json	1125	27db5c4947a32e53555bbb7b25e2b64b804bbce62ae16e6c25b6064d9ec68d51
01-BASE-V6/01-BASE-V5/01-BASE-V4/FULL-PACKAGE-MANIFEST-SHA256.tsv	15535	55b26ede9563557018a6e4895177accef5904d2c30974e2b4fd1e2570434dede
01-BASE-V6/01-BASE-V5/01-BASE-V4/MACHINE-INTEGRITY-AUDIT-2026-08-30-FULL-V4.json	1236	af5e3366c31752e6ae263578111f7a3a5b502ff102e2cbe6437d9286cd8cb8da
01-BASE-V6/01-BASE-V5/01-BASE-V4/MACHINE-INTEGRITY-AUDIT-2026-08-30-FULL-V4.md	668	c10e4244394dc3c2912f79811247299afaa3da78c4fefb28f32878d39dabac2c
01-BASE-V6/01-BASE-V5/01-BASE-V4/PRECEDENCE-2026-08-30-FULL-V4.tsv	1089	6a2767e652506a4bdc7b9c27ffce059db1ed8984864d2ce817876a44b1fabe16
01-BASE-V6/01-BASE-V5/01-BASE-V4/REPAIR-LOG-2026-08-30-FULL-V4.md	1415	c98e912116f3dfdb02f2831d6158e3e5125a4f6831f364766cf310fac335f9e9
01-BASE-V6/01-BASE-V5/01-BASE-V4/SOURCE-RESOLUTION-MAP-2026-08-30-FULL-V4.tsv	290281	f4f71300ca6695df986286675cb2eaad85c5b4a872a3a486dca0044d3e7cd999
01-BASE-V6/01-BASE-V5/01-BASE-V4/TERMINOLOGY-AND-SUPERSESSION-GUARD.tsv	9264	d6dbfec482bad943515d6b2c3e2952d699a17064edad0dd1b064ed9a8ac7a51c
01-BASE-V6/01-BASE-V5/10-CURRENT-SESSION-GATES/asai_gate58_oct19_26/58-1937-10-19-26-DACHANG-NIANGZIGUAN-ATTRITION-GATE.md	4033	3d74cf298346ef4618e6f6799705842e3a19302bf09afb48c2b235e42b910850
01-BASE-V6/01-BASE-V5/10-CURRENT-SESSION-GATES/asai_gate58_oct19_26/58-1937-10-19-26-EVENT-LEDGER.tsv	1271	1910f8fbc1cc1a8af8cc3aff812482f79b01891ada3b32df3d333e72cc67b80f
01-BASE-V6/01-BASE-V5/10-CURRENT-SESSION-GATES/asai_gate58_oct19_26/58-1937-10-26-UNIT-READINESS-AUDIT.tsv	1698	9d060d5bea455557a7dde4d15e49223ce7460f1f241364671d84de6b380c211c
01-BASE-V6/01-BASE-V5/10-CURRENT-SESSION-GATES/asai_gate59_oct27_31/59-1937-10-27-31-EVENT-LEDGER.tsv	1380	bea376e73d8a09acd001fea332e8f8aaba50e34babe9176ed9b4132c3ff76c0a
01-BASE-V6/01-BASE-V5/10-CURRENT-SESSION-GATES/asai_gate59_oct27_31/59-1937-10-27-31-SIHANG-SOOCHOW-PINGTING-GATE.md	3477	d7737cb616b62d49683a70104d16efa79c20808b5761c6b8d8c004c1c5cdc045
01-BASE-V6/01-BASE-V5/10-CURRENT-SESSION-GATES/asai_gate59_oct27_31/59-1937-10-31-UNIT-READINESS-AUDIT.tsv	1094	11f29f61ae42d3fb2e68795431c540e85669727d68aef2e8008bdf3ef394dd5f
01-BASE-V6/01-BASE-V5/10-CURRENT-SESSION-GATES/asai_gate60_nov1_5/60-1937-11-01-05-EVENT-LEDGER.tsv	1245	7e04e5fb94ad263de49a992d376441504590cd98cdbed3d65c7813068d33dcaa
01-BASE-V6/01-BASE-V5/10-CURRENT-SESSION-GATES/asai_gate60_nov1_5/60-1937-11-01-05-XINKOU-RETREAT-HANGZHOU-BAY-LANDING-GATE.md	4288	6244e578b7e9f409f9d8a50a01d7fa75736af139c50195451a0ec36df5241d17
01-BASE-V6/01-BASE-V5/10-CURRENT-SESSION-GATES/asai_gate60_nov1_5/60-1937-11-05-UNIT-READINESS-AUDIT.tsv	1669	b4340491d8c2d4de7a8066c3cfcbface357e8a1244638667b3cd6c78a5f48a3c
01-BASE-V6/01-BASE-V5/10-CURRENT-SESSION-GATES/asai_gate61_nov6_9/61-1937-11-06-09-EVENT-LEDGER.tsv	1319	dcb33a3e9dd764c46b5bc3d2625b8930cb248c9e18ac864da85febbfed6ac82a
01-BASE-V6/01-BASE-V5/10-CURRENT-SESSION-GATES/asai_gate61_nov6_9/61-1937-11-06-09-SHANGHAI-WITHDRAWAL-TAIYUAN-GATE.md	4756	7b4bcf9151048ce8ff700b556be234423699b113c1e88082089446c31ddd6cc3
01-BASE-V6/01-BASE-V5/10-CURRENT-SESSION-GATES/asai_gate61_nov6_9/61-1937-11-08-SHANGHAI-RETREAT-TRIGGER-AUDIT.tsv	1107	f09edf57a6a814607fecc8c88420ba6b32947436f65e6f40803025c47eac7757
01-BASE-V6/01-BASE-V5/10-CURRENT-SESSION-GATES/asai_gate62_nov10_12/62-1937-11-10-12-EVENT-LEDGER.tsv	876	f3f511ec647d5545d80b45f7c993cadaf7183c9e3fc5a0c9d3603b72e0c48482
01-BASE-V6/01-BASE-V5/10-CURRENT-SESSION-GATES/asai_gate62_nov10_12/62-1937-11-10-12-SHANGHAI-CLEARANCE-PURSUIT-FEEDBACK-GATE.md	3581	e88ad575702d54184b172aeaa5daaf4370494fcfe08ebfc91c1654b582bb4bdb
01-BASE-V6/01-BASE-V5/10-CURRENT-SESSION-GATES/asai_gate62_nov10_12/62-1937-11-12-DIVERGENCE-FEEDBACK-AUDIT.tsv	718	314e3ebe8aefc3c05ccf920fb47b4a30dd5d577104e89f55566db620e937b7c9
01-BASE-V6/01-BASE-V5/10-CURRENT-SESSION-GATES/asai_gate68_yearend1937/68-1937-11-13-12-31-YEAREND-GATE.md	7630	5f242485ff16200612e3571c83b503e1a2f8fdb92fa80de896266cfe663ac1b9
01-BASE-V6/01-BASE-V5/10-CURRENT-SESSION-GATES/asai_gate68_yearend1937/68-1937-YEAREND-AVIATION-STATE.tsv	2050	b1f87f8dfa8b9a186ac3129eda3fd88d92e1731cb256a2050c06b594e84b3d6e
01-BASE-V6/01-BASE-V5/10-CURRENT-SESSION-GATES/asai_gate68_yearend1937/68-1937-YEAREND-BATTLE-EVENT-LEDGER.tsv	1815	002b629edb83ca6e556c05113592436ed2f2e3002f4a224548b99cfd5605d125
01-BASE-V6/01-BASE-V5/10-CURRENT-SESSION-GATES/asai_gate68_yearend1937/68-1937-YEAREND-NUMERICAL-DELTA.tsv	958	8e8e69d8b7d79389aba41b6885456d0c9a3a27b686840d40b625c17ff0087b30
01-BASE-V6/01-BASE-V5/10-CURRENT-SESSION-GATES/asai_gate68_yearend1937/68-1937-YEAREND-PROCUREMENT-LEDGER.tsv	1559	c47f3c8466a97ffc2add08dd76e43fdf58c75d6ddd67e5ebd4e12357dbf2e3cb
01-BASE-V6/01-BASE-V5/10-CURRENT-SESSION-GATES/asai_gate69_1938_jan_mar14/69-1938-01-01-03-14-EVENT-LEDGER.tsv	1960	07957d42956cb7ae9b23b09e1931cceb0704a0a14924f710c03b6f57d2bb088f
01-BASE-V6/01-BASE-V5/10-CURRENT-SESSION-GATES/asai_gate69_1938_jan_mar14/69-1938-01-01-03-14-PERCEPTION-MOBILIZATION-XUZHOU-PRELUDE-GATE.md	8001	598607d809deb6779d197b2c405a2aaba6fe9a6d35c23619b34e6e443a3d7a41
01-BASE-V6/01-BASE-V5/10-CURRENT-SESSION-GATES/asai_gate69_1938_jan_mar14/69-1938-03-14-ASAI-PRODUCTION-PROCUREMENT.tsv	883	6e7bcaced8fa56edce2d4c20e632c12b872fbd3dd338a8566f52e6ff41cc5574
01-BASE-V6/01-BASE-V5/10-CURRENT-SESSION-GATES/asai_gate69_1938_jan_mar14/69-1938-03-14-AVIATION-STATE.tsv	1786	12df780b9ea482b625653d27aa94a79332bab39627466a65578f2808954be015
01-BASE-V6/01-BASE-V5/10-CURRENT-SESSION-GATES/asai_gate69_1938_jan_mar14/69-1938-03-14-NUMERICAL-DELTA.tsv	916	810f6c1714fae94dbecd569609e45670c947db656f4a71baec2e63511b6e823c
01-BASE-V6/01-BASE-V5/10-CURRENT-SESSION-GATES/asai_gate69_1938_jan_mar14/69-1938-EARLY-WAR-PERCEPTION-LEDGER.tsv	1314	0b72201071b42c01553d06b7420256c386703a15a3d7c2229bcc7ca2dfbace2d
01-BASE-V6/01-BASE-V5/10-CURRENT-SESSION-GATES/asai_gate72_taierzhuang/72-1938-03-14-04-09-EVENT-LEDGER.tsv	2330	62b57199f14badcabf31688fe0f9260b6c4c58c203f8dd531de4174d11c98bfa
01-BASE-V6/01-BASE-V5/10-CURRENT-SESSION-GATES/asai_gate72_taierzhuang/72-1938-03-14-04-09-TAIERZHUANG-GATE.md	6370	5dac1bbbc272fc18db5e9d3e8f3f9e8fc81cdc6a120bf6ffdc029873949e407f
01-BASE-V6/01-BASE-V5/10-CURRENT-SESSION-GATES/asai_gate72_taierzhuang/72-1938-04-09-NUMERICAL-DELTA.tsv	1202	40d4c9b4e6f994f3e816b0c34e51f6d0504eb93c6b4390d1e6171a96ec9533e7
01-BASE-V6/01-BASE-V5/10-CURRENT-SESSION-GATES/asai_gate72_taierzhuang/72-1938-04-09-READINESS.tsv	718	0ee068bb36e59c87b295436794c0082052d5e701aea5fc315baaa41045120568
01-BASE-V6/01-BASE-V5/10-CURRENT-SESSION-GATES/asai_gate72_taierzhuang/72-TAIERZHUANG-ASAI-EFFECT-BALANCE.tsv	1266	2645e166bddebcf0d7c979a58c8c19243f38dc5e0561b0eb654bc18e0e42856e
01-BASE-V6/01-BASE-V5/10-CURRENT-SESSION-GATES/asai_gate73_xuzhou/73-1938-04-10-05-21-EVENT-LEDGER.tsv	2667	69fb386ee89a618aff342d6c77b8997f9668fe79c544062e088a166c8005e1ba
01-BASE-V6/01-BASE-V5/10-CURRENT-SESSION-GATES/asai_gate73_xuzhou/73-1938-04-10-05-21-XUZHOU-GATE.md	8466	eb61560cd21938f00e07d9dc16088b3aa944215fef95604c9e86de5f1a4e7a37
01-BASE-V6/01-BASE-V5/10-CURRENT-SESSION-GATES/asai_gate73_xuzhou/73-1938-05-21-NUMERICAL-DELTA.tsv	1218	badf4772623cdff4f3d95c15728d95dc292a497a0a559fa28add3808d2ed421d
01-BASE-V6/01-BASE-V5/10-CURRENT-SESSION-GATES/asai_gate73_xuzhou/73-1938-05-21-READINESS.tsv	934	8f5526ee81951e87c26a12cfc9d8641f1e72aedd2c80d2150bbd5bed3e71d7c5
01-BASE-V6/01-BASE-V5/10-CURRENT-SESSION-GATES/asai_gate73_xuzhou/73-CHINESE-VICTORY-COST-LEDGER.tsv	1526	3db4f48ea740dba789e766181f2a773dea020d99bffcc21e0ffee291e5a8a22b
01-BASE-V6/01-BASE-V5/10-CURRENT-SESSION-GATES/asai_gate73_xuzhou/73-XUZHOU-ASAI-EFFECT-BALANCE.tsv	1175	195cbdfa036717352fd18eb297aef9801f725db2d4a565f7a09be36584d19794
01-BASE-V6/01-BASE-V5/10-CURRENT-SESSION-GATES/asai_gate74_huayuankou/74-1938-05-22-06-30-EVENT-LEDGER.tsv	2539	f9f72893ce255b842d24b284770c80088447fa0594590c389e3b3a56bacf5f04
01-BASE-V6/01-BASE-V5/10-CURRENT-SESSION-GATES/asai_gate74_huayuankou/74-1938-05-22-06-30-LANFENG-HUAYUANKOU-GATE.md	7630	47cb4adb3f438d2e94c6eec046ba87c7397cff85f392549dbea407cda1ba31fc
01-BASE-V6/01-BASE-V5/10-CURRENT-SESSION-GATES/asai_gate74_huayuankou/74-1938-06-30-NUMERICAL-DELTA.tsv	1375	d76c48724b11dc14f84ccaa328d86f7376a85e13b326bcceb2f12f797d2a6abd
01-BASE-V6/01-BASE-V5/10-CURRENT-SESSION-GATES/asai_gate74_huayuankou/74-1938-06-30-READINESS.tsv	835	60fc609f503996ef82588c87988813082b6a83f67d59770aa5c8ce92844066f2
01-BASE-V6/01-BASE-V5/10-CURRENT-SESSION-GATES/asai_gate74_huayuankou/74-HUAYUANKOU-ASAI-EFFECT-BALANCE.tsv	1343	12dacb1802051c7f493eb8ce6829ed87413ca5d20dbca2536bf95cac507cf56b
01-BASE-V6/01-BASE-V5/10-CURRENT-SESSION-GATES/asai_gate74_huayuankou/74-HUAYUANKOU-CIVILIAN-STATE-COST.tsv	1215	5d07e6ff230c935d2b528ca0513eb656bb175ba29aa56bcfc81be557d0919eb0
01-BASE-V6/01-BASE-V5/10-CURRENT-SESSION-GATES/asai_gate75_general_effect_audit/75-1938-06-30-ASAI-ENTERPRISE-CAPABILITY.tsv	5189	b63d70c42f53de5c45e66fd87e61cd88dbb9d30c25171d114f7d979c4b0a4aab
01-BASE-V6/01-BASE-V5/10-CURRENT-SESSION-GATES/asai_gate75_general_effect_audit/75-1938-06-30-ASAI-GENERAL-EFFECT-AUDIT.md	8227	2c8dfbe8da0db15fead8d930d69e7bed32a5a9ea2a8b648af8ce53d16468c820
01-BASE-V6/01-BASE-V5/10-CURRENT-SESSION-GATES/asai_gate75_general_effect_audit/75-1938-06-30-HIGH-ASAI-EFFECT-MASTER.tsv	6898	cbee8bee4f09c5b954678ac0e21b8984fe516d5baa7dd45f86a4181f64eff819
01-BASE-V6/01-BASE-V5/10-CURRENT-SESSION-GATES/asai_gate75_general_effect_audit/75-1938-H1-CONTINUATION-PATCH.tsv	5101	57b5f175bed963d0b8381e5f32671b0c7c7bedac9363ee61631b5cfd79d6fda3
01-BASE-V6/01-BASE-V5/10-CURRENT-SESSION-GATES/asai_gate75_general_effect_audit/75-EFFECT-ACCOUNTING-MAP.tsv	1398	42a7e814da7773a2e5149b20aaf6da5df665e41f2e6cf2c5d4ee650c7fa2b881
01-BASE-V6/01-BASE-V5/10-CURRENT-SESSION-GATES/asai_gate75_general_effect_audit/75-REMAINING-GAPS.tsv	2045	394d6fbaab97c62966a83f575507a112f9bb9343c68c11ddef883e197029d192
01-BASE-V6/01-BASE-V5/10-CURRENT-SESSION-GATES/asai_gate76_june_restart/76-1938-06-30-RESTART-BASELINE.md	5012	4b00a45b5d3f54e0487f67754174368b8be197fb048af183217983dc8935d0b8
01-BASE-V6/01-BASE-V5/10-CURRENT-SESSION-GATES/asai_gate76_june_restart/76-1938-06-30-RESTART-BASELINE.xlsx	17652	5acde0909f851f262ea7b3d737fd528880af8d991045353d794545dd5a264fd2
01-BASE-V6/01-BASE-V5/10-CURRENT-SESSION-GATES/asai_gate76_june_restart/76-ASAI-1938-H1-CORPORATE.tsv	890	8a9b35519bcc99a1bbec875e64287be99587f260544936016835d60681569b06
01-BASE-V6/01-BASE-V5/10-CURRENT-SESSION-GATES/asai_gate76_june_restart/76-AVIATION-CLOSURE.tsv	1363	0906501039e89f43f28bdaae084884d558aa964c0739c4149947c00ab0510829
01-BASE-V6/01-BASE-V5/10-CURRENT-SESSION-GATES/asai_gate76_june_restart/76-FLOOD-SUPPORT.tsv	535	67ac2540b928b75bbdf77cd9857f4382c685b6e42fa178605992fd85c5caf7ac
01-BASE-V6/01-BASE-V5/10-CURRENT-SESSION-GATES/asai_gate76_june_restart/76-MANCHURIA-H1.tsv	490	835fa3ca6effcc3c634b34855868dd86d0a8f7866573aef8e77d14b4c2bc0ff6
01-BASE-V6/01-BASE-V5/10-CURRENT-SESSION-GATES/asai_gate76_june_restart/76-NONBLOCKING-DETAILS.tsv	677	35ee9a7d989641519e001455770bd62a2c290eef75130fc51ff61131b1de09ce
01-BASE-V6/01-BASE-V5/10-CURRENT-SESSION-GATES/asai_gate76_june_restart/76-RESTART-NUMERICAL-STATE.tsv	1248	186c24e8a5244dce4363dbf14767856009d7fa699adc6fd1eff660a4d509b165
01-BASE-V6/01-BASE-V5/10-CURRENT-SESSION-GATES/asai_gate76_june_restart/76-SECOND-TURBINE-WORKS.tsv	678	6673b65b97e59ff45e4f5e8da2d11ae52e0a39832ad4ed897ad2930161d60628
01-BASE-V6/01-BASE-V5/10-CURRENT-SESSION-GATES/asai_gate76_june_restart/76-WEAPON-CLOSURE.tsv	2207	04a86a4ba4abb6c91e1929cd9085ffd795be31d2476d7219c643badd4c512d0f
01-BASE-V6/01-BASE-V5/10-CURRENT-SESSION-GATES/asai_midcourse_nov12/63-1937-11-12-ASAI-HISTORY-ADOPTION-REBASE.md	1899	dfef37147ca3b7bf082fe506a200354635103d6caa4271737be639031fcfddf3
01-BASE-V6/01-BASE-V5/10-CURRENT-SESSION-GATES/asai_midcourse_nov12/63-1937-11-12-BATTLEFIELD-NUMERICAL-DELTA.tsv	1790	7da1d42fcc783a4e958988a3e9050b3fd0c5a008f7058a788eb0f2f3b361d8b8
01-BASE-V6/01-BASE-V5/10-CURRENT-SESSION-GATES/asai_midcourse_nov12/63-1937-11-12-MIDCOURSE-AUDIT.md	2603	9cbccc9d985b03d05af1762b874579768d4e433efbb4be94fae6d21cc65bbc76
01-BASE-V6/01-BASE-V5/10-CURRENT-SESSION-GATES/asai_midcourse_nov12/63-1937-11-12-MILITARY-PRODUCT-ADOPTION-LEDGER.tsv	4956	a707b9f8982c1c93a9ef0b61e7d9091bb63094b0620eeaa45981d5f9ab87f293
01-BASE-V6/01-BASE-V5/10-CURRENT-SESSION-GATES/asai_midcourse_nov12/63-1937-11-12-OPEN-QUEUE-PROGRESSION.tsv	1788	ff1e8b663cf2a03c9c8e1cbff40cc38ac95c710ba4e99c6c9847a6f2378b1306
01-BASE-V6/01-BASE-V5/10-CURRENT-SESSION-GATES/asai_midcourse_nov12/63-ADOPTION-STAGE-DEFINITIONS.tsv	337	ffc040f6c08fc265e94d1be91f4f7bc5c45e27b50b334c4fc13ac01fd4cd4f00
01-BASE-V6/01-BASE-V5/10-CURRENT-SESSION-GATES/asai_q035_resume/36-1937-07-27-28-FINAL-ULTIMATUM-ATTACK-OPENING-GATE.md	8204	acbe81c04564b60f4ead7a93411da6ebbb7b97ea57906178bd5a2d1e990dac72
01-BASE-V6/01-BASE-V5/10-CURRENT-SESSION-GATES/asai_q035_resume/36-1937-07-27-28-FINAL-ULTIMATUM-ATTACK-OPENING-GATE.tsv	2989	ed192cc901c6f704fed1a3c8ce7db41003dc8a6f9557f0a187b8c67e790cc003
01-BASE-V6/01-BASE-V5/10-CURRENT-SESSION-GATES/asai_q036_resume/37-1937-07-28-NANYUAN-BATTLE-PEIPING-WITHDRAWAL-GATE.md	6827	0c966e49fc738ece71dc1889e9df6beb63b022b03e0ae9cd28dc599d6285ae57
01-BASE-V6/01-BASE-V5/10-CURRENT-SESSION-GATES/asai_q036_resume/37-1937-07-28-NANYUAN-BATTLE-PEIPING-WITHDRAWAL-GATE.tsv	2405	15a3467d970b7f06a2793d6e96304c59270523b221d0fb59427b25310702fce1
01-BASE-V6/01-BASE-V5/10-CURRENT-SESSION-GATES/asai_q037_resume/38-1937-07-28-29-TIENTSIN-TONGZHOU-PEIPING-TRANSITION-GATE.md	11071	5f9535964caea8fdc177c86c7f2cd939b080b3486aa18b228a78e91094e5e0a4
01-BASE-V6/01-BASE-V5/10-CURRENT-SESSION-GATES/asai_q037_resume/38-1937-07-28-29-TIENTSIN-TONGZHOU-PEIPING-TRANSITION-GATE.tsv	2498	115261f25f53e9a8d551616109e5ee2e62cbea7ab8aa648841946f6c747061bd
01-BASE-V6/01-BASE-V5/10-CURRENT-SESSION-GATES/asai_q038_q039_resume/39-1937-07-29-31-TIENTSIN-TANGKU-TONGZHOU-CLOSEOUT-GATE.md	5249	d9c9bbfda897d119087d78fd9249d3bb82c263d592d89acf10c330c798dcbe5e
01-BASE-V6/01-BASE-V5/10-CURRENT-SESSION-GATES/asai_q038_q039_resume/39-1937-07-29-31-TIENTSIN-TANGKU-TONGZHOU-CLOSEOUT-GATE.tsv	1183	a09207b6c03ab629e81020e69f7a50e120a09a9155d18cbb55e0ac5ba64ec5fb
01-BASE-V6/01-BASE-V5/10-CURRENT-SESSION-GATES/asai_q038_q039_resume/40-1937-07-31-08-02-OCCUPATION-WIDER-WAR-TRANSITION-GATE.md	7595	9a1fd446c1b09327aeba06df083d76910c3d805a92462f35bc25a16199d246d6
01-BASE-V6/01-BASE-V5/10-CURRENT-SESSION-GATES/asai_q038_q039_resume/40-1937-07-31-08-02-OCCUPATION-WIDER-WAR-TRANSITION-GATE.tsv	1420	aed3bdcf61b4a1ecbaa697258f7d23970fc2d20176a8135c5a22b8f276645847
01-BASE-V6/01-BASE-V5/10-CURRENT-SESSION-GATES/asai_q040_q041_resume/41-1937-08-03-09-NORTH-CHINA-CONSOLIDATION-HONGQIAO-GATE.md	7024	d3fad340b8b1eba18e6a479fd721368fd29c32573d0496c0b81071ee79e3e860
01-BASE-V6/01-BASE-V5/10-CURRENT-SESSION-GATES/asai_q040_q041_resume/41-1937-08-03-09-NORTH-CHINA-CONSOLIDATION-HONGQIAO-GATE.tsv	1434	22cf6309236d0c0bd80c84268818d794e2d6f9d3d3cddb766b85d89a13630718
01-BASE-V6/01-BASE-V5/10-CURRENT-SESSION-GATES/asai_q040_q041_resume/42-1937-08-10-13-SHANGHAI-ESCALATION-HOSTILITIES-OPENING-GATE.md	9815	9f3a758a12acf1cfb774b24b08abde6d74d68b5db8d61921e072f97e6c8605e5
01-BASE-V6/01-BASE-V5/10-CURRENT-SESSION-GATES/asai_q040_q041_resume/42-1937-08-10-13-SHANGHAI-ESCALATION-HOSTILITIES-OPENING-GATE.tsv	1682	9cd6f8be08ece995f176784c2f51aad99d8aa6be1775b6869743f4dcb1b0c37a
01-BASE-V6/01-BASE-V5/10-CURRENT-SESSION-GATES/asai_q040_q041_resume/43-1937-08-13-18-SHANGHAI-LANDING-FORCE-SURVIVAL-GATE.md	11215	ca033285f51f817e719055272b3b1401abf42a3d4642651da5dbb55fb7491f9f
01-BASE-V6/01-BASE-V5/10-CURRENT-SESSION-GATES/asai_q040_q041_resume/43-1937-08-13-18-SHANGHAI-LANDING-FORCE-SURVIVAL-GATE.tsv	1696	125189f1c788155ee353346fbaf4002b962e12a389e7b831f8b35c1be3033f1c
01-BASE-V6/01-BASE-V5/10-CURRENT-SESSION-GATES/asai_q042_q043_resume/43-1937-08-13-18-SHANGHAI-LANDING-FORCE-SURVIVAL-GATE-V2.md	13991	02868c5ff2cdc2129f09bd3bc1cd9debbdcc0215e302138da62e3883ec1efb9b
01-BASE-V6/01-BASE-V5/10-CURRENT-SESSION-GATES/asai_q042_q043_resume/43-1937-08-13-18-SHANGHAI-LANDING-FORCE-SURVIVAL-GATE-V2.tsv	2140	fc027d998c60e7b3d9a1b48c3f7682f17b64faaedc0d43ede6d11da546e3e15c
01-BASE-V6/01-BASE-V5/10-CURRENT-SESSION-GATES/asai_q042_q043_resume/44-1937-08-19-23-SHANGHAI-ARMY-LANDING-BEACHHEAD-GATE.md	10366	52f159fb9e7857fbdcb67fa0fb3fd210c64f10aa54b3c413582f5cb833616e12
01-BASE-V6/01-BASE-V5/10-CURRENT-SESSION-GATES/asai_q042_q043_resume/44-1937-08-19-23-SHANGHAI-ARMY-LANDING-BEACHHEAD-GATE.tsv	1987	ed00363b289fdf3a89cecb807acb31402d2768b00337b9f066da151f015a1fa0
01-BASE-V6/01-BASE-V5/10-CURRENT-SESSION-GATES/asai_q042_q043_resume/45-1937-08-24-29-WOOSUNG-LUODIAN-MOMENTUM-GATE.md	9357	b298cf848aa5ebbadcb7ebf3af224a48b0767a45f0f76a6918d01cbd203e1878
01-BASE-V6/01-BASE-V5/10-CURRENT-SESSION-GATES/asai_q042_q043_resume/45-1937-08-24-29-WOOSUNG-LUODIAN-MOMENTUM-GATE.tsv	1937	b8851cdd9066bbc3ef5c592239468248ef778a47a4b289ebcfc4fc3e6385c549
01-BASE-V6/01-BASE-V5/10-CURRENT-SESSION-GATES/asai_q045_q047_resume/46-1937-08-08-29-NANKOU-CHAHAR-CLOSEOUT-GATE.md	2937	82c86265143b835bc0a97709f19eb2f102d6a3bb02ef653b4be3d719801f19da
01-BASE-V6/01-BASE-V5/10-CURRENT-SESSION-GATES/asai_q045_q047_resume/46-1937-08-08-29-NANKOU-CHAHAR-CLOSEOUT-GATE.tsv	773	1bcd92ace06906088004156999f8f5b9fc405235ae6d41781eab79547051f901
01-BASE-V6/01-BASE-V5/10-CURRENT-SESSION-GATES/asai_q045_q047_resume/47-1937-08-29-DUAL-FRONT-COMBAT-BALANCE-AUDIT.md	9279	7cfaeec54a6dfc6024e77ab02f7c53a3e3b88d9ab7fc2dcbe47664c035ae4376
01-BASE-V6/01-BASE-V5/10-CURRENT-SESSION-GATES/asai_q045_q047_resume/47-1937-08-29-DUAL-FRONT-COMBAT-BALANCE-AUDIT.tsv	2176	dd743a99ec853709a579b4e8c1c5c306feaf59a093f360db9bf710f321160346
01-BASE-V6/01-BASE-V5/10-CURRENT-SESSION-GATES/asai_q045_q047_resume/48-1937-08-30-09-04-DUAL-FRONT-BUILDUP-GATE.md	3134	e5b7f1ede77e03e40101d2908d23b3f02af67f1d2ac6db1a78aa28c404a20b92
01-BASE-V6/01-BASE-V5/10-CURRENT-SESSION-GATES/asai_q045_q047_resume/48-1937-08-30-09-04-DUAL-FRONT-BUILDUP-GATE.tsv	848	39bc2daf07b59d36dc212e53720b8eb9aa295c369845d2db1d93d55207b6c0ab
01-BASE-V6/01-BASE-V5/10-CURRENT-SESSION-GATES/asai_q047_q049_resume/49-1937-09-05-13-SHANGHAI-ASSAULT-NORTH-CHINA-CONCENTRATION-GATE.md	2303	3829f87c0cf05651b4df3e9c40f1936530a55d081ad98c68e47ea547db363b73
01-BASE-V6/01-BASE-V5/10-CURRENT-SESSION-GATES/asai_q047_q049_resume/49-1937-09-05-13-SHANGHAI-ASSAULT-NORTH-CHINA-CONCENTRATION-GATE.tsv	719	83722b82c652ca3a6b0272df0dd4287b7efdf041be9fe9e0cd3d0e2e8ee151c9
01-BASE-V6/01-BASE-V5/10-CURRENT-SESSION-GATES/asai_q047_q049_resume/50-1937-09-14-20-DUAL-FRONT-OFFENSIVE-GATE.md	2973	629254d6891355d7806dbfafa04fd89875f7f79c012b7d875d901e019c7bee17
01-BASE-V6/01-BASE-V5/10-CURRENT-SESSION-GATES/asai_q047_q049_resume/50-1937-09-14-20-DUAL-FRONT-OFFENSIVE-GATE.tsv	921	2adeab3ae2a8a0ef75f7222a945ac12c9dd4e4c63c2d0ca77559c6af8369509f
01-BASE-V6/01-BASE-V5/10-CURRENT-SESSION-GATES/asai_q047_q049_resume/51-1937-09-21-24-BAODING-CANGZHOU-101DIV-ARRIVAL-GATE.md	3892	4b8157ef2ebcc3d9c609ad8b0fc58dd06bc63bbd48c58d82b83142e3e0c8896e
01-BASE-V6/01-BASE-V5/10-CURRENT-SESSION-GATES/asai_q047_q049_resume/51-1937-09-21-24-BAODING-CANGZHOU-101DIV-ARRIVAL-GATE.tsv	1110	8eeb17e3a5920d080e644a3af5dbfbb44811c437c3abacc0a0718d95bf86dfea
01-BASE-V6/01-BASE-V5/10-CURRENT-SESSION-GATES/asai_q050_q051_resume/52-1937-09-25-30-PINGXINGGUAN-SHANGHAI-REINFORCEMENT-GATE.md	2502	9854c29b197860302d6dc51014d7d36a3d3a54fe6260ff76392906ab176e280c
01-BASE-V6/01-BASE-V5/10-CURRENT-SESSION-GATES/asai_q050_q051_resume/52-1937-09-25-30-PINGXINGGUAN-SHANGHAI-REINFORCEMENT-GATE.tsv	889	45c61a24c4bc7d35bd09263b867d5f3100397ee5721be19a332838bcd3f46d75
01-BASE-V6/01-BASE-V5/10-CURRENT-SESSION-GATES/asai_q050_q051_resume/53-1937-10-01-04-LIUHANG-SHIJIAZHUANG-CONCENTRATION-GATE.md	3713	e3946fb551a1e4bff538b5a92719a016e145d62619a639ee858d0d55bdeb24cd
01-BASE-V6/01-BASE-V5/10-CURRENT-SESSION-GATES/asai_q050_q051_resume/53-1937-10-01-04-LIUHANG-SHIJIAZHUANG-CONCENTRATION-GATE.tsv	911	919ea2e69f2d19b099d2ce38b8f644966e1a0378a040c2cbaa9c2429ae1f1a11
01-BASE-V6/01-BASE-V5/10-CURRENT-SESSION-GATES/asai_q050_q051_resume/54-1937-10-04-DUAL-FRONT-BALANCE-AUDIT.tsv	446	e1ae782578a231f2cf4af2a2fbd010d2c79d832af6f94aada4c2296ce6a024f9
01-BASE-V6/01-BASE-V5/10-CURRENT-SESSION-GATES/asai_q052_resume/55-1937-10-05-10-ZHENGDING-SHIJIAZHUANG-WENZAOBIN-GATE.md	3529	9b2d252345eba0033ec7c28b192a7e22bced7ca91ed448610af314c3e11f9f44
01-BASE-V6/01-BASE-V5/10-CURRENT-SESSION-GATES/asai_q052_resume/55-1937-10-05-10-ZHENGDING-SHIJIAZHUANG-WENZAOBIN-GATE.tsv	1247	a53b52aa33f628e319e995ffdb20c57271be1af5628bed0799bc7d9b5f9b1431
01-BASE-V6/01-BASE-V5/10-CURRENT-SESSION-GATES/asai_rebase_oct10/56-1937-10-10-ATTRITION-READINESS-WORKING-V1.tsv	2537	7bbfbbd85a265618564cb20b39eb6570c9d71b4a7d15fa5f648e7c84c1a4bf1c
01-BASE-V6/01-BASE-V5/10-CURRENT-SESSION-GATES/asai_rebase_oct10/56-1937-10-10-REBASE-AUDIT-V1.md	8104	9dbc841920bbf48a8cceb552b34f2ebd2e6460ca90c7590b731dbaa7f99bacac
01-BASE-V6/01-BASE-V5/10-CURRENT-SESSION-GATES/asai_rebase_oct10/56-1937-10-10-SUPERSESSION-CROSSWALK.tsv	832	7442891c54c8d3dce2627e3209c08a9420fd99a381ea2c6cd9a26768adf42b99
01-BASE-V6/01-BASE-V5/10-CURRENT-SESSION-GATES/asai_rebase_oct10/57-1937-10-11-18-ATTRITION-TRANSFER-HANDAN-CHINGHSING-GATE.md	5864	1cc39dd78ae3be5d70c90d69c08a1994be9fc2d5654892805709b21b1e8f9f4b
01-BASE-V6/01-BASE-V5/10-CURRENT-SESSION-GATES/asai_rebase_oct10/57-1937-10-11-18-ATTRITION-TRANSFER-HANDAN-CHINGHSING-GATE.tsv	1670	5aa9dfbac966ae292b414080a2fc1163b1dcf8b2bcbb204842c956991b6fd380
01-BASE-V6/01-BASE-V5/20-CORPORATE-MANCHURIA/asai_1937_audit_v1/ASAI-1937-AUDIT-REPORT-V1.md	14720	35383ba673a31bd0c39f2ab459140f5c2e45bab0f74ea0cbe1b0669e388fa1c0
01-BASE-V6/01-BASE-V5/20-CORPORATE-MANCHURIA/asai_1937_audit_v1/ASAI-1937-CUSTOMER-ADOPTION-LEDGER-V1.tsv	7688	df56a335f43777f46428ca2199d3489090a74c761df3cfd44d5022a728329537
01-BASE-V6/01-BASE-V5/20-CORPORATE-MANCHURIA/asai_1937_audit_v1/ASAI-1937-MANCHURIA-MACRO-AUDIT-V1.tsv	1558	72242660a724c2f26c8c8a46ea8809dae96f8c8926db96ac011d749c3bbebef3
01-BASE-V6/01-BASE-V5/20-CORPORATE-MANCHURIA/asai_1937_audit_v1/ASAI-1937-PRODUCTION-DEMAND-AUDIT-V1.tsv	2103	e20244f98b4d92d69c18bd6b151ae228fb2a8ae09fccc7a3e1e27e8e71f878f5
01-BASE-V6/01-BASE-V5/20-CORPORATE-MANCHURIA/asai_1937_corporate_closeout_v3/ASAI-1937-CORPORATE-CLOSEOUT-V3.md	8710	50ec4110f3423ef30f8aa8597ef89ff08051c097ee73a94d7f61b3f00bd71199
01-BASE-V6/01-BASE-V5/20-CORPORATE-MANCHURIA/asai_1937_corporate_closeout_v3/ASAI-1937-CORPORATE-PNL-V1.tsv	2622	f9c42ea7f862c1a44d069c87aca511679f2c9460ba1e15c49582ad1e6391bd7e
01-BASE-V6/01-BASE-V5/20-CORPORATE-MANCHURIA/asai_1937_corporate_closeout_v3/ASAI-1937-HEADCOUNT-BY-FUNCTION-V1.tsv	1159	dc993d42ec0aa58898c3af83c94d78a08cd69c620e19d8aaa670c1fa4712ca70
01-BASE-V6/01-BASE-V5/20-CORPORATE-MANCHURIA/asai_1937_corporate_closeout_v3/ASAI-1937-HEADCOUNT-CAPITAL-V1.tsv	2192	11f58a88a57e6cd68a98445c68eeb59416522353674e7b60eca90f0d941132cb
01-BASE-V6/01-BASE-V5/20-CORPORATE-MANCHURIA/asai_1937_corporate_closeout_v3/ASAI-1937-MANCHURIA-BRANCH-PNL-V1.tsv	2042	e90dab6f18c70ccd4d2dfec2f668bcc376dd6288a15cd3c90d9524eaf6830662
01-BASE-V6/01-BASE-V5/20-CORPORATE-MANCHURIA/asai_1937_manchuria_city_v2/ASAI-1937-MANCHURIA-SITE-ADOPTION-LEDGER-V2.tsv	2707	5aa02c6b17465a206a822a55116780e48b37f83a499616ff972c7b8abf8fe76a
01-BASE-V6/01-BASE-V5/20-CORPORATE-MANCHURIA/asai_1937_manchuria_city_v2/ASAI-1937-MANCHURIA-SITE-AUDIT-V2.md	5030	cdc02c91d9f8f4588a7db16bcaa1212f5c33bc141fb657ece40a82d6dc476e18
01-BASE-V6/01-BASE-V5/20-CORPORATE-MANCHURIA/asai_1937_manchuria_city_v2/ASAI-1937-MANCHURIA-TERRITORIAL-MACRO-CORRECTION-V2.tsv	1712	f22497aa0da078e7dc96da35afa11a133de8f5503baca9d831721bc9d3c7d5d0
01-BASE-V6/01-BASE-V5/20-CORPORATE-MANCHURIA/asai_1937_manchuria_city_v2/ASAI-1937-NORTH-CHINA-TRANSFERABLE-ASSETS-V1.tsv	1399	b03912087bc5d781b754ddc9f11ff82b04121920e727a3a8fdb8438ed6a7000a
01-BASE-V6/01-BASE-V5/30-AVIATION-CURRENT/asai_aviation_canon_summary/67-1937-11-12-CURRENT-AVIATION-CANON-SUMMARY.md	4675	9e549df2ead04030425ca47ce78ca5634bdc10fa5b1b8b0dde78f1a09357c6cf
01-BASE-V6/01-BASE-V5/30-AVIATION-CURRENT/asai_aviation_canon_summary/67-1937-11-12-CURRENT-AVIATION-CANON-SUMMARY.tsv	1683	af3512eadc2ba487eeb5bd9551f68b92e300cc7c8496c1e05b3831f82d2f0e3d
01-BASE-V6/01-BASE-V5/30-AVIATION-CURRENT/asai_aviation_current_only/65-CURRENT-ONLY-AVIATION-BRANCH-CLEANUP.md	5222	bc926c092c84e97d4bf78b937bbb2bae1ca94c0131bdddddc6c76dea97ad762e
01-BASE-V6/01-BASE-V5/30-AVIATION-CURRENT/asai_aviation_current_only/65-CURRENT-ONLY-AVIATION-BRANCH-LEDGER.tsv	3083	711d28215d2820591cad53880fbb0fcb40564c1a8a3723f42c2dbca9ad99fbe6
01-BASE-V6/01-BASE-V5/30-AVIATION-CURRENT/asai_aviation_hardware_progress/66-1937-11-12-AVIATION-HARDWARE-PROGRESS-AUDIT.md	6261	9a05e77f3c424e519f4b3d87b6dd9e913255290d88c45152d02bbff23268701a
01-BASE-V6/01-BASE-V5/30-AVIATION-CURRENT/asai_aviation_hardware_progress/66-1937-11-12-AVIATION-PHYSICAL-INVENTORY.tsv	2181	633916490476f71c61676d69841fe1432fa656f29511a25d711a866181819180
01-BASE-V6/01-BASE-V5/30-AVIATION-CURRENT/asai_aviation_hardware_progress/66-1937-11-12-AVIATION-RD-CAPACITY-WORKING.tsv	655	ec8172559686454183d3e3384e01d204d3c5e6cca5086dbfad6272fee827fef8
01-BASE-V6/01-BASE-V5/30-AVIATION-CURRENT/asai_aviation_hardware_progress/66-1937-11-12-AVIATION-RESEARCH-PROGRESS.tsv	3355	97ef62b2f26ca708404929d8c2129c18cf60c23ed61d0840561d71fb98316e36
01-BASE-V6/01-BASE-V5/30-AVIATION-CURRENT/asai_twin_aircraft_canon/64-1937-11-12-TWIN-ENGINE-AIRCRAFT-CANON-PATCH.md	8364	267ae488e4ec3d5cc4abd5b37b390e07abeef04d98fade9beff8adc1947875b6
01-BASE-V6/01-BASE-V5/30-AVIATION-CURRENT/asai_twin_aircraft_canon/64-1937-11-12-TWIN-ENGINE-AIRCRAFT-CLAIM-LEDGER.tsv	1194	da7a53bfb1e5a354c0a309a81f7cbf2ba0768f3425ad5f38d5c848d039052c43
01-BASE-V6/01-BASE-V5/40-MANPOWER-ATTRITION/asai_chinese_retreat_balance_19380314/71-1938-03-14-CHINESE-MANPOWER-DELTA.tsv	1430	7be948c117542b192282d6cb490db26396f09d1467363e3150378ace2f7fe5db
01-BASE-V6/01-BASE-V5/40-MANPOWER-ATTRITION/asai_chinese_retreat_balance_19380314/71-1938-03-14-CHINESE-RETREAT-ASSET-BALANCE.md	5640	b73436639b9b528387cbc9c63e34f5facb796e87389bc9b1a834ebb2b695e279
01-BASE-V6/01-BASE-V5/40-MANPOWER-ATTRITION/asai_chinese_retreat_balance_19380314/71-SHANGHAI-EARLY-WITHDRAWAL-ASSET-BALANCE.tsv	2372	cdb703a08a4801550bef7321292e784be0f18b483fd0a57c2d422a5c077c4104
01-BASE-V6/01-BASE-V5/40-MANPOWER-ATTRITION/asai_manpower_stockflow_19380314/70-1938-03-14-JAPANESE-MANPOWER-STOCKFLOW-AUDIT.md	3192	1a290d3fee077792aef776d0e5fe859e9dc9e9a46e538b63f18a32fc25ed92fc
01-BASE-V6/01-BASE-V5/40-MANPOWER-ATTRITION/asai_manpower_stockflow_19380314/70-1938-03-14-JAPANESE-MANPOWER-STOCKFLOW.tsv	2131	c291487aedaf7d5321e9a6da8792a6d6c1de4a7c8347c5e547c4a4159d6a645c
01-BASE-V6/01-BASE-V5/40-MANPOWER-ATTRITION/asai_manpower_stockflow_19380314/70-1938-03-14-REINFORCEMENT-ABSORPTION.tsv	1165	f6925f15fd893c1248de00c6defe3fc97c32de3c73ca7eef41cf66ab78499f64
01-BASE-V6/01-BASE-V5/90-SUPPORT-REFERENCE/asai_current_extract/02-TOPIC-SOURCE-MAP.md	3772	3c026654ab517c051709f3e66c1e5e50541445313d289a0e8302b46877d1bb6c
01-BASE-V6/01-BASE-V5/90-SUPPORT-REFERENCE/asai_current_extract/04-CURRENT-BRANCH-HISTORY-1903-1937-SUMMER.md	38240	430c6a7c2c143c9757752daae6daefb48de0d8f811f5a67e64d788b2e736ccb4
01-BASE-V6/01-BASE-V5/90-SUPPORT-REFERENCE/asai_current_extract/07-SESSION-DELTA-2026-08-30.md	22307	2edb2c537244361657afeffb3530ddd7a036d3250be29b56147b701df7a268f6
01-BASE-V6/01-BASE-V5/90-SUPPORT-REFERENCE/asai_twin_research/05-AIRCRAFT-SHADOW-AUDIT-2026-08-22.md	9045	ca4cd8f1e576b753545c8b8588247de17eba6d43c5968bf954faf0563a2876e2
01-BASE-V6/01-BASE-V5/90-SUPPORT-REFERENCE/asai_twin_research/06-AIRCRAFT-REBASELINE-P0-2026-08-22.md	6857	b25a681b1fbec41a7d551dbb21e94686afe8a7f166af57a50581bef56b0a9a3c
01-BASE-V6/01-BASE-V5/90-SUPPORT-REFERENCE/asai_twin_research/42-POST-AIRCRAFT-OPEN-AUDIT-V26R1-2026-08-25.md	3111	77943c66d6ef47a039d8d82dc1250d7028588c15974c59234c4c3aa824014706
01-BASE-V6/01-BASE-V5/90-SUPPORT-REFERENCE/asai_twin_research/asai-works-aircraft-naming-canonical.md	19400	b050e7e4106d42bd5a5c5c88fa5673daa8427795397b0c77d5abaef8a74a36d9
01-BASE-V6/01-BASE-V5/90-SUPPORT-REFERENCE/asai_twin_research/asai-works-aviation-rework.md	14873	bdf4c692ca126ce45bd7eaaca7fcddf0a608d7cfcf2ea29c4a4806788e916c66
01-BASE-V6/01-BASE-V5/90-SUPPORT-REFERENCE/asai_twin_research/asai-works-structural-testbeds.md	13080	faadfd824e1c96b8952a532ef36e320018411bbe6ebceeed2c76f5bb4a2b9cee
01-BASE-V6/01-BASE-V5/90-SUPPORT-REFERENCE/asai_twin_research/asai-works-turboprop-uses.md	6357	d5bdc90ea0246497cc0405827b3003c70645a76cb1f0563593ef0841e7c746e0
01-BASE-V6/01-BASE-V5/90-SUPPORT-REFERENCE/asai_v48_selected/asai-works-aero-turbosupercharger.md	16467	1c888f593081cab5a98771fdc017015c7e1071e7295eeff83406cad07b9e26e9
01-BASE-V6/01-BASE-V5/90-SUPPORT-REFERENCE/asai_v48_selected/asai-works-engine-capability-core-e1-e9.md	12068	5c539fac4c3e9e43fe2c98802fbc40b62538d3f3b74574e2178c15d13e4b615c
01-BASE-V6/01-BASE-V5/90-SUPPORT-REFERENCE/asai_v48_selected/asai-works-engine-h-to-a-ledger.md	5334	2345ba89f62df30ef2856684cf71bb8d7a215f8d6b6aea5220f1c27170be99fe
01-BASE-V6/01-BASE-V5/90-SUPPORT-REFERENCE/asai_v48_selected/asai-works-gt-first-customers.md	15682	5137319681b113956bda2cf67ffbbbbe6170b39a40a8206c6c759d044dde16fd
01-BASE-V6/01-BASE-V5/90-SUPPORT-REFERENCE/asai_v48_selected/asai-works-marine-gt-small-craft-rebaseline-1934-43.md	7435	aec47b6d46a7d38ff6e3a1fe3ec3e2a0da9d0ab81d934c8546c0081b1dd52960
01-BASE-V6/01-BASE-V5/90-SUPPORT-REFERENCE/asai_v48_selected/asai-works-plant-fiber-composites.md	10979	95da3f418984efc14df1e71954a4fc3d24ea04b9c39fca47e17ef90de2fa395b
01-BASE-V6/01-BASE-V5/90-SUPPORT-REFERENCE/asai_v48_selected/asai-works-product-availability-ledger-1903-41.md	12784	b14bd348c8cd23331d69a9bc9585fc15a0620d316906384e61ec53ede7ce306b
01-BASE-V6/01-BASE-V5/90-SUPPORT-REFERENCE/asai_v48_selected/asai-works-submarine-maturation-1934-37.md	19389	04268666435b2e565818c43bfddb79e4c557759bd1ea7480e5ff4f88222adf53
01-BASE-V6/01-BASE-V5/90-SUPPORT-REFERENCE/asai_v48_selected/asai-works-tank-diesel-turbo.md	2352	56a7fd51a834440eda4f350e0b5314a7985190f444403c2d0cf6102ec35034a0
01-BASE-V6/01-BASE-V5/90-SUPPORT-REFERENCE/asai_v48_selected/asai-works-tank-lineup.md	1683	a82313c188298699f9c3b0fe3e39e80c9e5cc55d21c39c8738da5db8d4bff608
01-BASE-V6/01-BASE-V5/90-SUPPORT-REFERENCE/asai_v48_selected/asai-works-timeline-tank.md	9097	758429da33e8f5062b13ccac4a529a08a2375c2249fbb1fb21fce7306b5778a6
01-BASE-V6/01-BASE-V5/CURRENT-MASTER-FILE-INDEX-V5.tsv	40119	cb10905da7a41b2fc1ec925caa6c8f95835a3b2478481b99b5916498126a4524
01-BASE-V6/01-BASE-V5/FULL-PACKAGE-MANIFEST-SHA256.tsv	42557	d97efdb9deb80b7e8a45607fd381dd281d5ac698392bb1c1c9354366ee387495
01-BASE-V6/01-BASE-V5/MACHINE-INTEGRITY-AUDIT-2026-08-30-FULL-V5.json	2521	4e270852647365f3f31d854053e4020248fd5c8c94e180eca305da02592f3099
01-BASE-V6/01-BASE-V5/MACHINE-INTEGRITY-AUDIT-2026-08-30-FULL-V5.md	997	a680fceefc93d6f9597be120d1cdfda5c1c0ae6baf5e75061cb9c4cd3a4b75cd
01-BASE-V6/01-BASE-V5/MECHANICAL-FIXES-V5-MECHFIX1.md	1117	cfcc0071d568787e0e2473064bb69b1c129288297d77841f32e9a0bf690e9546
01-BASE-V6/01-BASE-V5/PACKAGE-INVENTORY-V5.tsv	25414	a17e4b6dc1ba95db36da667226cb52f2a020746f21e42f72fb63eca93039a9bd
01-BASE-V6/01-BASE-V5/PACKAGE-STATE-V5.tsv	553	7bc6f8baa52d195d88b268f40b66a261c3bd13d5ce275d3ae13a51a6eeeaeb09
01-BASE-V6/01-BASE-V5/PRECEDENCE-2026-08-30-FULL-V5.tsv	1408	500aba8c2bfc41ddaa37b8f66c9c37274cd6edffe5e558274d0392d55b7f8f50
01-BASE-V6/01-BASE-V5/SHA256SUMS-V5.txt	43220	27ba2973243a511461fb54d22d92831821bcc4d56071d0c29def784ad80f7ead
01-BASE-V6/01-BASE-V5/TERMINOLOGY-AND-SUPERSESSION-GUARD-V5.tsv	3052	8a2a5941a34d17abceee0c1c9c200b351fb9f498f50a8935d95166113ca27325
01-BASE-V6/10-CURRENT-1938-1939/00-1939-09-01-RESTART-BASELINE-V6.md	3943	b6d2e47f1aab542ca54bd88b05345a3eaa8a94cabf898b922bebedd300269c51
01-BASE-V6/10-CURRENT-1938-1939/20-NOMONHAN-1939/ASAI-1939-06-30-NOMONHAN-SUPPORT-VEHICLE-CLOSURE-V1.md	8220	2f68f5cd8e8ddfeab8a2a387a80be6d78eb158b51992f77bb82b522aea18dcb8
01-BASE-V6/10-CURRENT-1938-1939/20-NOMONHAN-1939/ASAI-1939-07-01-NOMONHAN-AIR-RECON-CLOSURE-V1.md	6077	ef7ac5b823fdbca60ef7a89a3c2bf4e797000d4dbe4e4d0b376f480f62a6c072
01-BASE-V6/10-CURRENT-1938-1939/20-NOMONHAN-1939/ASAI-1939-07-03-NOMONHAN-GATE87-WEATHER-COMBINED-ARMS-V1.md	12932	6c23585ff9528186a8fe0102534942d475ab8bbbb265b194f8c5c12814ab2036
01-BASE-V6/10-CURRENT-1938-1939/20-NOMONHAN-1939/ASAI-1939-07-09-NOMONHAN-GATE88-RECOVERY-COUNTERATTACK-CLOSURE-V1.md	10569	6ed98e79da2ee287c54f5837ddeba171070d6c63dd4d9f8246434fb697afb477
01-BASE-V6/10-CURRENT-1938-1939/20-NOMONHAN-1939/ASAI-1939-07-25-NOMONHAN-GATE89-90-ARTILLERY-CLOSURE-V1.md	14016	a886beb575403826f73743a8fb2770a7e0530b50b2a1c1aba58e19e3856d0885
01-BASE-V6/10-CURRENT-1938-1939/20-NOMONHAN-1939/ASAI-1939-07-25-NOMONHAN-TURBO-GT-EVALUATION-V1.md	4779	46726004f752c4d2dcff4e3c4925ed7574dd846223d1185af346a3b49ac4bb83
01-BASE-V6/10-CURRENT-1938-1939/20-NOMONHAN-1939/ASAI-1939-08-22-NOMONHAN-GATE91-92-INTEL-SOVIET-OFFENSIVE-V1.1.md	9313	c7dc001c64b9c0963264ef0693dd6cbd48bd571a4cc39715b66740d2f538a481
01-BASE-V6/10-CURRENT-1938-1939/20-NOMONHAN-1939/ASAI-1939-08-31-NOMONHAN-GATE93-94-ENCIRCLEMENT-BREAKOUT-V1.md	10151	85161087308169911e48bc912299dfae2cc2aa8f53bdb68177d6bb5ab0d8ddd7
01-BASE-V6/10-CURRENT-1938-1939/20-NOMONHAN-1939/ASAI-1939-09-NOMONHAN-EXCHANGE-SOVIET-REACTION-STAFF-WARGAME-V1.md	9823	fdc2be20b77ff0def8ccf18552f0808f61e8f1954c7b64f654817b23b60e2bae
01-BASE-V6/10-CURRENT-1938-1939/30-INDUSTRY-WEAPONS/ASAI-1936-1941-TURBINE-FACILITY-EXPANSION-REBASELINE-V1.md	10197	908c6ceeb5542af57fe6f9a630850fe37f524b1d0f5b93717b7913cc8beea2fe
01-BASE-V6/10-CURRENT-1938-1939/30-INDUSTRY-WEAPONS/ASAI-1936-1941-TURBINE-FACILITY-EXPANSION-SCHEDULE-V1.tsv	856	49d80d9cb6e64b6a304f535dd7d15737ca8a608cdea45d8124b69fb9750e3211
01-BASE-V6/10-CURRENT-1938-1939/30-INDUSTRY-WEAPONS/ASAI-1939-09-01-WEAPON-SYSTEM-AUDIT-V1.md	14247	76d99c707fc4edc913f2c793756c599a40179aa782d97930d44fc64945012f39
01-BASE-V6/10-CURRENT-1938-1939/30-INDUSTRY-WEAPONS/ASAI-1939-09-01-WEAPON-SYSTEM-LEDGER-V1.tsv	3761	1c700e7b0386aa4b8aa384df5b4e0e574b4826fd2c76c8309f978a8745456d59
01-BASE-V6/20-AVIATION-CURRENT-REBASELINE/ASAI-1931-1938-TWIN-MILITARY-REQUIREMENT-LINEAGE-CORRECTION-V1.md	11079	45b2bbe16853a931b56b4966832e634ef021ae43892fea2717f13310f2830358
01-BASE-V6/20-AVIATION-CURRENT-REBASELINE/ASAI-1931-1939-TWIN-AIRCRAFT-CANON-REBASELINE-V1.md	17939	3e110d6c2f9fd2251ce85143a3cba4de520661efb5cbbf3a3752e5efa3db4f56
01-BASE-V6/20-AVIATION-CURRENT-REBASELINE/ASAI-1931-1939-TWIN-AIRCRAFT-VERSION-LEDGER-V1.tsv	2620	c2b8a43c7ef7248b4d911857ec47a8df762d1ee70a938275fbcad6ac6b4d48fc
01-BASE-V6/20-AVIATION-CURRENT-REBASELINE/ASAI-1939-09-01-ASAI-AVIATION-CURRENT-ROSTER-V3.md	5172	484986bdf154843c97cd5b967723a6dedc369c4e945b4944372356d06fc1286b
01-BASE-V6/20-AVIATION-CURRENT-REBASELINE/ASAI-1939-09-01-AVIATION-SYSTEM-AUDIT-V1.md	21708	b85d28bdc8ebd5ff9464488d560ca90eab4b8d40797aeb6880da8b113cea67e4
01-BASE-V6/20-AVIATION-CURRENT-REBASELINE/ASAI-1939-Q1-AIRCRAFT-CLOSURE-LEDGER-V3.tsv	6066	c6e2aee8c41cd382ed938f83947837c9b1bcf34a2ad1ae059795d935b728a618
01-BASE-V6/20-AVIATION-CURRENT-REBASELINE/ASAI-1939-Q1-AVIATION-CLOSURE-PATCH-V3.md	13960	22c59dbafc427f42d0755553d5ae7ec5642a4a5393fcafcd5bc8d18e97acf381
01-BASE-V6/20-AVIATION-CURRENT-REBASELINE/ASAI-1939-Q1-AVIATION-RESIDUAL-OPEN-V3.md	889	08d022c32f0954434f9160eb62c05d0f95da8c1ccfcc5e3084ecbc253add1fde
01-BASE-V6/20-AVIATION-CURRENT-REBASELINE/ASAI-1939-Q1-AVIATION-SYSTEM-CLOSURE-LEDGER-V3.tsv	2623	ffab4ed6262f24b13dd031cb9f01d3f239f2a5ff8780d4a4df54e130f1b488ab
01-BASE-V6/20-AVIATION-CURRENT-REBASELINE/ASAI-AVIATION-DECISION-INTENT-GUARD-V1.md	5557	9d48d60d5be063889b2cc01e930ff463682bb06f3dccae39c502ed277eef2a5e
01-BASE-V6/20-AVIATION-CURRENT-REBASELINE/ASAI-AVIATION-INTENT-LINEAGE-PRODUCTIZATION-REBASELINE-1931-1939-V1.md	25676	9ba72457732e721c7b57eae6738c3c6b87fd96e5374e80640e34ec04bb62ebe6
01-BASE-V6/30-ASAI-CURRENT-AUDITS/ASAI-1939-09-01-ASAI-ONLY-RD-PRODUCT-LEDGER-V1.tsv	5790	b882d358be157efc240cd91b05e1c4dd40a31f8458ff58359baeaf6eddc96f0a
01-BASE-V6/30-ASAI-CURRENT-AUDITS/ASAI-1939-09-01-ASAI-ONLY-STATE-AUDIT-V1.md	27992	242aa1aba6aa9f8968bf6cb13286544145e80510374dcaad4b4a15b364c07d6e
01-BASE-V6/30-ASAI-CURRENT-AUDITS/ASAI-EPOXY-FRP-CAPABILITY-LEDGER-V2-COST.xlsx	33240	a15f24a075af6897ea5f0e2484d89e27eb525a8c9a762bca0cb07f76291ed8ee
01-BASE-V6/90-SUPERSEDED-SESSION-DRAFTS/ASAI-1938-1939-E5-E6-AIRCRAFT-TIMELINE-CORRECTION-V1.md	9359	2b58215802675ed7eeb4fce22f7462411e9e5eecb9862462b38758b495aeb2a0
01-BASE-V6/90-SUPERSEDED-SESSION-DRAFTS/ASAI-1939-08-22-NOMONHAN-GATE91-92-INTEL-SOVIET-OFFENSIVE-V1.md	7839	0202315a14633dbbb27e446ec9e27f1eedd3908fba23a737ab9d8d70a3aa0318
01-BASE-V6/90-SUPERSEDED-SESSION-DRAFTS/ASAI-1939-09-01-ASAI-AIRCRAFT-CORE-ROSTER-V1.md	9024	ddb98fff66367fe5be796d4ea8b5e1fe84cb9f1c91835f425fb7aeaa68738cc4
01-BASE-V6/90-SUPERSEDED-SESSION-DRAFTS/ASAI-1939-09-01-ASAI-AIRCRAFT-CORE-ROSTER-V2.md	1809	89665a7f115124d156a50813930464850fad1ae52d04ad409e229ec098879725
01-BASE-V6/90-SUPERSEDED-SESSION-DRAFTS/ASAI-1939-09-01-SALES-RESEARCH-AIRCRAFT-LEDGER-V1.tsv	1509	d39926f5a1c1b92b91f6bfb2e116df9fdd2eac77702a4b9cf8525b437727b5af
01-BASE-V6/90-SUPERSEDED-SESSION-DRAFTS/ASAI-1939-09-01-SALES-RESEARCH-AIRCRAFT-REBASELINE-V1.md	12677	e404e3ae9a1c556fc1e32ccd09e39cfe010be170d4696468e6e987942cb57c0b
01-BASE-V6/90-SUPERSEDED-SESSION-DRAFTS/README-SUPERSEDED.md	947	1c2fe8b6a8b58d06c84f3d6342fc30f571b60644d8f9f45340e1060b4cf14a68
01-BASE-V6/CURRENT-MASTER-FILE-INDEX-V6.tsv	1569	084b3809d65e109614f23f5e45507eda03ab4b89e3f75628afea79ad24cd2910
01-BASE-V6/DECISION-INTENT-INDEX-V6.tsv	1399	1c9fe5053afb22d7c42ddc3a66a04762b52a03c57560b2962cb9fee666c7338f
01-BASE-V6/FULL-PACKAGE-MANIFEST-SHA256-V6.tsv	53784	da9ca6365bed85337f2b66a037d25bb941fb7197c9fc7a45617b8746763333a8
01-BASE-V6/MACHINE-INTEGRITY-AUDIT-V6.json	242	18afc5febb3d140deee7653649a0f264fac6f73f40384cd89e9d016011a84fbc
01-BASE-V6/MACHINE-INTEGRITY-AUDIT-V6.md	337	cb5b4bffd3ee94e7a1c2f090e707cf4d8bb94367ae0cbe1912763269e1bc2292
01-BASE-V6/PACKAGE-INVENTORY-V6.tsv	32353	d11e833e4a0100bdf21d06f516d67068c8d6c84bec96b163d5a1c6e0e0601f06
01-BASE-V6/PACKAGE-STATE-V6.tsv	459	9784a02d6df3dde9d31ab15cdd072588bbfa96fb5ef7410a30eb77252c73cb44
01-BASE-V6/PRECEDENCE-2026-08-31-FULL-V6.tsv	1227	f7eed92486e29a71216c2c4df3bb9586c4044bb2762c30aa16296038a87d85c9
01-BASE-V6/SHA256SUMS-V6.txt	52198	f9d6ac176ea2feb432c62949113fef68ceade9c746e80c65a766b8691766a9cf
01-BASE-V6/TERMINOLOGY-AND-SUPERSESSION-GUARD-V6.tsv	2006	3a2af949dcf4c5914d98619f2afd2ba816467c9213ef26369c59a9fb614ca44f
01-BASE-V6/V6-CHANGELOG-AIRREBASE1.md	1087	cf14b87208746b1d8c5a766b19ecd692d5a85406fafa220bb864072e395e199c
02-ORIGINAL-V6-ARCHIVE/ASAI-WORLDLINE-HANDOFF-2026-08-31-FULL-V6-AIRREBASE1.zip	8371289	25ee7f78611ed4d63f90ff18de189c4f744facefeca9824c40e293c3f7652e2a
10-CURRENT-1937-1938/00-1938-01-17-RESTART-BASELINE-V7.md	4180	9a68271d75e24d3d434c453ecb7f724882a1040be50099413775a1d9b5a69136
10-CURRENT-1937-1938/01-METHOD-AND-CAUSAL-GUARD-V7.md	3053	e00db85a83b0457a09718e0321e87acfaf26c75d4dba06a4e9073c29948ffad0
10-CURRENT-1937-1938/10-1937-CHINA-WAR-REBASE-CANON-V7.md	21112	90630e94aa498beb1445c8b80d1c637c5bfe9576c6cc68f93879842e536ed6df
10-CURRENT-1937-1938/11-1937-CAMPAIGN-DELTA-LEDGER-V7.tsv	4421	25c865265b4d0cfcdd6b481f1d49fe8052ef4c8c5138b1718c641d21ac345e94
10-CURRENT-1937-1938/12-FORCE-EQUIPMENT-STOCKFLOW-AND-RECOVERY-V7.md	6468	072ecbd7215f3d618221aaa98a669e82ada7cfdc742b2f78081a7fb595c64e86
10-CURRENT-1937-1938/13-PANAY-AND-NANKING-CLOSEOUT-V7.md	1511	8014e6f26e9d5363aae5ac6a3bd6d93ed1012b6e6649031f0d01f7140bfaf06b
10-CURRENT-1937-1938/14-DOWNSTREAM-REPLAY-HOLD-V7.md	1546	d44e989070cdbc67014587d3ba75588c501ae923022125db7da7ae2cc4f9f252
20-AVIATION-1931-1938-REBASE/00-AVIATION-REBASE-CANON-1931-1938-V7.md	6301	670b90a83c44f0c6c0b398f3403616c0a7e73b904758713a1ec2c2a10a94976a
20-AVIATION-1931-1938-REBASE/01-AIRCRAFT-AND-PROCUREMENT-LEDGER-V7.tsv	1369	2ca052dfb74e78163d1d42b443b5e8781bcf829be626af586ae3a736f6a60e46
20-AVIATION-1931-1938-REBASE/02-PHOTO-RECON-RADIO-AIRGROUND-CANON-V7.md	3834	aade2821bd5c8bec05f04ea0c389ad495667cb55d35ab8f3d2c691210b832b86
20-AVIATION-1931-1938-REBASE/03-GT-PRODUCTION-FACILITY-REBASE-V7.md	3451	1a635c5215773ece486daa5cb3d20a0793f2d3735fe9916033b2d1de5c77f463
30-ASAI-1937-CLOSEOUT/00-ASAI-1937-11-19-STATE-AND-YEAREND-CARRYOVER-V7.md	4378	53c31867a2865316145392096502ad620912bb0ba0eda3141532c4a3687e6d99
30-ASAI-1937-CLOSEOUT/01-JAPANESE-INDUSTRIAL-EQUIPMENT-DELTA-V7.tsv	1519	9ae3dc82944f6b8e3cce2a1760b49f4ef9f25e6cb3bc16c7498a24359f0d3466
30-ASAI-1937-CLOSEOUT/02-PHOTO-INDUSTRY-DIVISION-OF-LABOR-V7.md	1176	4a895a0c72079e8f6c8253803a383bf0ea16d47763226d17584121eee901bf14
40-RESEARCH-AND-OPEN-ISSUES/00-HARD-OPEN-RETREAT-AIR-INTERDICTION-V7.md	4410	2bc26117cd93ff13f738198550a3ac10f564353f1fa479e0542d3d30d76ec8e4
40-RESEARCH-AND-OPEN-ISSUES/01-PHOTO-METADATA-HISTORICAL-PLAUSIBILITY-NOTE-V7.md	2746	dbe03dd8ccaada7be96403a2c928cb3b886acdefffe3880700e724e0baccf829
40-RESEARCH-AND-OPEN-ISSUES/02-SOURCE-LEADS-FROM-REPLAY-V7.md	1128	411f710aeb3a2e29e2b4f4e08fda12e680cb0c5d4bbe90cecac3d6ef8083c480
50-CURRENT-1939-1941-AIRPOWER-AUDIT/00-1939-04-20-RESTART-BASELINE-V8.md	6051	0f75edcdecc070c5d3c1e2e463b1c1e25598b9f963b5446b278f1f4c0b891fba
50-CURRENT-1939-1941-AIRPOWER-AUDIT/00A-MANDATORY-CHEAT-CAPABILITY-PREFLIGHT-CANON-V8.md	7959	a44ac70bca2557e3b22db73bbd1097397dc383ec3dd15ab50d9833824846d967
50-CURRENT-1939-1941-AIRPOWER-AUDIT/01-ENGINE-REQUIREMENT-TEAM-RELEASE-CANON-V8.md	6802	97a7c725463ad48891152c62ca468f4a4ea11cc306529cf356a8a906541b5663
50-CURRENT-1939-1941-AIRPOWER-AUDIT/02-GT-E6-E7-CORE-FAMILY-PRODUCTION-CANON-V8.md	5516	3d1829775172b4b178a0b452df384f90b5954e0ca53d522d47bbc7df741f222f
50-CURRENT-1939-1941-AIRPOWER-AUDIT/03-WATER-AIRCRAFT-FLYING-BOAT-LINEAGE-CANON-V8.md	6564	53946df077086e193486b7187cd21bdd7d01303c76ffb7c4602ebbaaa8dce198
50-CURRENT-1939-1941-AIRPOWER-AUDIT/04-OPEN-SHIDEN-AUTO-COMBAT-FLAP-ASAI-AUTOMATION-V8.md	5887	ec6858088bab58c60d7797ce75e1cd6e8bcf680f67273c72828e3da9cf3f4257
50-CURRENT-1939-1941-AIRPOWER-AUDIT/05-SESSION-DELTA-2026-09-02-V8.md	2744	24bf1b1b362e192b397d1173c15f515aeae7f93b14fbd8eab6133722aa4d22d6
50-CURRENT-1939-1941-AIRPOWER-AUDIT/06-ASAI-HIGH-ALTITUDE-GASOLINE-ENGINE-TECH-TRANSFER-CANON-V8.md	11552	0929dd1ff8bbcccd8bce6d1910ac029b8fce2a381fb7e826ab7533583c488e1e
50-CURRENT-1939-1941-AIRPOWER-AUDIT/07-HOMARE-DEVELOPMENT-SERVICE-PERFORMANCE-AUDIT-V8.md	12437	0c37ce3c24cf5778500adf247fa1bf5e4d42f50f943f2a4015a0612dbcc2b751
50-CURRENT-1939-1941-AIRPOWER-AUDIT/08-FIGHTER-POWERPLANT-MATERIAL-INTEGRATION-WORKING-V8.md	10114	c1753a73823cc2a6f9bba179def85704f95d971b954db7f83921ae9196ac31be
50-CURRENT-1939-1941-AIRPOWER-AUDIT/09-SESSION-DELTA-2026-09-03-V8.md	7142	d10532ab183e0e0339d0cd8c2709e9382370baa2aeb6d9a7ed625e3d7d60190d
50-CURRENT-1939-1941-AIRPOWER-AUDIT/10-HANDOFF-STATE-MACHINE-CANON-V8.md	5158	3eb2a2d3f132e9de2159322f3cdf8fca855559da92ba65a8026e47eddb26ab50
50-CURRENT-1939-1941-AIRPOWER-AUDIT/11-HOMARE-QUARTERLY-DEVELOPMENT-QUALIFICATION-CANON-V8.md	31992	a5c4844895287ff0616f46ea14b472f6a1bd491062407e3f3391965188898439
50-CURRENT-1939-1941-AIRPOWER-AUDIT/12-HOMARE-QUARTERLY-STATE-LEDGER-V8.tsv	4670	286dd2996fc0b6b592887efb1bc3505edbb7870c26c899f35109d58407fa0eed
50-CURRENT-1939-1941-AIRPOWER-AUDIT/13-HA43-PREBRANCH-DEVELOPMENT-AUDIT-V8.md	11442	877155c882dbf3aafe28b3ab953dddc19a7ad61828ab6f75eb37ec5c7c7e74f7
50-CURRENT-1939-1941-AIRPOWER-AUDIT/14-PISTON-ENGINE-PREBRANCH-ROLLUP-V8.md	3131	e2a3575b63f51ee9978e41a070f3e418f3c14e219d07afea2eaf846dad5b0f13
50-CURRENT-1939-1941-AIRPOWER-AUDIT/15-HIGH-POWER-PROPELLER-COOLING-INTEGRATION-CANON-V8.md	14821	a3488489cda2ca11a7316945d27d171b4d7b421f02a1f97fbce9c86a9bf8beb7
50-CURRENT-1939-1941-AIRPOWER-AUDIT/16-PREBRANCH-HOMARE-HA43-AIRFRAME-INTEGRATION-CANON-V8.md	14005	f90dbe6fa41ea1e55852b4a8bd68d3ef5d3f47f7d3ce468a90711b10f43e2530
50-CURRENT-1939-1941-AIRPOWER-AUDIT/17-PREBRANCH-AIRFRAME-INTEGRATION-STATE-LEDGER-V8.tsv	3503	8fcfe7c5d58c47118d722012f3f7b833b5d5f609b4ad6e1de4e6e7c63c404d42
50-CURRENT-1939-1941-AIRPOWER-AUDIT/18-1943Q1-PISTON-AIRFRAME-TECHNICAL-SNAPSHOT-V8.md	3196	a05a3e10b48a1172da6b5d899746ddb4a7858c908eee735ddefadb1da366fd06
50-CURRENT-1939-1941-AIRPOWER-AUDIT/19-1942-REQUIREMENT-PROCUREMENT-REPLAY-GATE-V8.md	6507	dc447e36a5bdde2cf8b8ee9aab3ce91eb7926bc49a3e79c6ac29c4d62c2ba587
50-CURRENT-1939-1941-AIRPOWER-AUDIT/20-GT-E6S-JF-E7-E9-REBASE-CANON-V8.md	10210	a29421e6ef3479f1d347b650823b7c7023f950d0b9d1169b6f7c9a89da3c7c32
50-CURRENT-1939-1941-AIRPOWER-AUDIT/21-GT-LIFE-RATING-SEMANTICS-CANON-V8.md	7888	0d69ad86a56cd8ff436758f965a07067042cd1bf5c1c562db55314d10e9d58b2
50-CURRENT-1939-1941-AIRPOWER-AUDIT/22-GT-ADVANCED-BRANCH-1939-STATE-CANON-V8.md	11133	1a5f519aaa1dc8255235d7a323c31db9454cd23b152cc6733d14a89e38f93afd
50-CURRENT-1939-1941-AIRPOWER-AUDIT/22A-GT-ADVANCED-BRANCH-1939-STATE-LEDGER-V8.tsv	2080	9e7bdfb93275af3d361174c74b23bbde51138dce72d16b574df1d233facd5ded
50-CURRENT-1939-1941-AIRPOWER-AUDIT/23-GT-E5-J-JF-INSTALLED-PRODUCT-CANON-V8.md	10403	dea804ab6502ae408487897e515be05a40868e0b1d5e4d15e54ab374fcc8b178
50-CURRENT-1939-1941-AIRPOWER-AUDIT/23A-GT-E5-J-JF-PRODUCT-LEDGER-V8.tsv	2429	cecdd266493e92231dcd4b1fe7797b071baebf7005497d7da29d664126352a98
50-CURRENT-1939-1941-AIRPOWER-AUDIT/24-E5-E6-AIRCRAFT-PROPULSION-REVERSE-AUDIT-V8.md	13349	4028f4d64a36d7fd4fe2c3f78f0adb7094e2fec4896dec644c1848c2ada782ee
50-CURRENT-1939-1941-AIRPOWER-AUDIT/24A-E5-E6-AIRCRAFT-PROPULSION-STATE-LEDGER-V8.tsv	3026	a053c01b7842ba67a8d0df388bab23d44c0caeac4e607a643e6b507984d47e87
50-CURRENT-1939-1941-AIRPOWER-AUDIT/25-GT-E6S-J-INSTALLED-PACKAGE-CANON-V8.md	8087	b420c5b42a5e04a956cd5fd269237aac33ab4dcaf99e8ba73c79fc62c2a9b410
50-CURRENT-1939-1941-AIRPOWER-AUDIT/25A-GT-E6S-J-PRODUCT-LEDGER-V8.tsv	1353	c7c5ccba547797b839f15acd10bcf72a6792570f1ed6a44495828eb17db978ae
50-CURRENT-1939-1941-AIRPOWER-AUDIT/26-GT-E6M-J-JF-RATING-PACKAGE-CANON-V8.md	5982	77dbedec6dd3322bc1e9967d0b948eec1d4671bf014dd7a9af0fc35bbc867cb2
50-CURRENT-1939-1941-AIRPOWER-AUDIT/26A-GT-E6M-J-JF-RATING-LEDGER-V8.tsv	1285	50fd27d29e86babad5224c7d5f8acd54e8565951d1accf5d796bbaaba0ce2e62
50-CURRENT-1939-1941-AIRPOWER-AUDIT/27-GT-E6M-REHEAT-VARIABLE-NOZZLE-CANON-V8.md	5614	7126a6c13a490d74737f6b4cfd8645ca985166e21887cec19ecf58f24134c69a
50-CURRENT-1939-1941-AIRPOWER-AUDIT/27A-GT-E6M-REHEAT-LEDGER-V8.tsv	1053	18bd082d3402719d772bffbe28d954459964ac6c9fd6ba5cd7a971e60f5b0abf
50-CURRENT-1939-1941-AIRPOWER-AUDIT/28-E6-AIRCRAFT-BACKEND-REVERSE-AUDIT-V8.md	3006	8cffb9d0f32d8cae31ec512369d1fa8519e878afe94304f2a7568cd7a6d6d72f
50-CURRENT-1939-1941-AIRPOWER-AUDIT/29-1939-04-20-ASAI-AIRCRAFT-PRODUCT-EXPERIMENTAL-ROSTER-CANON-V8.md	7869	ca329f8b0d855b2d41996ade02215a9233a99f4f4175b0ee6c960be3d6dd6362
50-CURRENT-1939-1941-AIRPOWER-AUDIT/29A-1939-04-20-ASAI-AIRCRAFT-ROSTER-LEDGER-V8.tsv	1762	0982fe2c744ccdbd88f73bc5ad5fc7d126db0c46cdf9d3c197af380265c4411b
50-CURRENT-1939-1941-AIRPOWER-AUDIT/30-P2-STOL-PRODUCT-CLOSURE-V8.md	3719	048f3be228a114652628db8fbe807e07b216f81bd5cf072a5893c944fb372a4e
50-CURRENT-1939-1941-AIRPOWER-AUDIT/30A-P2-STOL-PRODUCT-LEDGER-V8.tsv	1045	90c96688cb3870dc805aa18ba88910a1e5b7e0160186dcfdcf3b29df240963c1
50-CURRENT-1939-1941-AIRPOWER-AUDIT/31-MATERIAL-NO2-1939-STATE-CANON-V8.md	4100	41e74a68270d4ad8c7b37ff489f621cc581e4e06986ded007f3ce5b474a40aaa
50-CURRENT-1939-1941-AIRPOWER-AUDIT/31A-MATERIAL-NO2-Q-RELEASE-LEDGER-V8.tsv	745	720c5e987ec6c88b18280c1942f741acbca917a64ab62fdbbbf59e41d010d7a7
50-CURRENT-1939-1941-AIRPOWER-AUDIT/32-E6-AIRFRAME-BUILD-STATE-1939-04-20-CANON-V8.md	1926	4f221d7dd587d79b82267d6c263ddc3e6911f54761d5758db3b675525c859edc
50-CURRENT-1939-1941-AIRPOWER-AUDIT/33-SMALL-HELICOPTER-1939-04-20-STATE-CANON-V8.md	2135	07e82b85ae44bd675e472f618dc19b13acbe7ae0e2fb4819b954a7e1bf43fb5d
50-CURRENT-1939-1941-AIRPOWER-AUDIT/34-CFRP-I-IV-REBASE-CANON-V8.md	10007	ac09fd3dd37ade78be1711259bf1b9099634fc39d2d9521c71b97853c5fee9ec
50-CURRENT-1939-1941-AIRPOWER-AUDIT/34A-CFRP-I-IV-STATE-LEDGER-V8.tsv	1072	65834780f69f8f788e3723410c554c8d0b82ac2b6fc22ff611507e1a8ec764e5
50-CURRENT-1939-1941-AIRPOWER-AUDIT/35-HS-CFRP-CONVERGENCE-RESEARCH-VEHICLE-CANON-V8.md	4561	64577d6099d7429975bb83488a5bdec34070d9814865a2aa11c0930597448ba7
50-CURRENT-1939-1941-AIRPOWER-AUDIT/35A-HS-CFRP-CONVERGENCE-STATE-LEDGER-V8.tsv	822	dfbc35ae181726e0dc2099f7b2df99335405529efd43f8385a96fca8e4e10181
50-CURRENT-1939-1941-AIRPOWER-AUDIT/36-CFRP-1939-04-20-PHYSICAL-STATE-CANON-V8.md	1298	d31c3178afe6694f62e4944b4a175a02a687fb2038c781841186e3f068b1a08b
50-CURRENT-1939-1941-AIRPOWER-AUDIT/37-MATERIAL-NO3-HEAVY-TRANSPORT-ORIGIN-CANON-V8.md	7006	3326a33552d4715cb31c96f4879f088bb54ad6760860185992518fc5cf928fe7
50-CURRENT-1939-1941-AIRPOWER-AUDIT/37A-MATERIAL-NO3-ORIGIN-STATE-LEDGER-V8.tsv	822	6f9d998ee9b6ecf2f56e281443e9d1c87130b4b9a1d95ee777eff38074f7fabf
50-CURRENT-1939-1941-AIRPOWER-AUDIT/38-MATERIAL-NO3-AT3-TECHNICAL-ENVELOPE-V8.md	4701	13dce2c5df349481fa1f22d10964e0100f7e8eb16629d670232743dd2f403229
50-CURRENT-1939-1941-AIRPOWER-AUDIT/38A-MATERIAL-NO3-AT3-TECHNICAL-LEDGER-V8.tsv	1190	6f5dc264c12c0c3ebb1397ca819446b458c487fac9ccb8d50feefe202adaadcd
50-CURRENT-1939-1941-AIRPOWER-AUDIT/39-1939-04-20-ASAI-COMPANY-MASTER-ROSTER-CANON-V8.md	10340	06a9975a6c2ff581f36a9c75ff5fcccfd35996f5f0b26f8f57df2180e673fa5c
50-CURRENT-1939-1941-AIRPOWER-AUDIT/39A-1939-04-20-ASAI-COMPANY-MASTER-ROSTER-LEDGER-V8.tsv	3917	1756e88b315927907a164244fb3a67c6e2e963cf6eaff7da71e3c2c8de4935dd
50-CURRENT-1939-1941-AIRPOWER-AUDIT/40-SMALL-HELICOPTER-ROTOR-TOPOLOGY-CLOSURE-V8.md	1924	74d085cb91c920e1fa080b4e2f09555b8a8c04bcc52cb6af7eae880f66e296c0
50-CURRENT-1939-1941-AIRPOWER-AUDIT/41-DENSE-MATERIALS-1939-04-20-STATE-CANON-V8.md	2848	78531444439652e79d9bcc20de597c5de4faa85ca25eede5b9a812ced7cdc2ba
50-CURRENT-1939-1941-AIRPOWER-AUDIT/42-MARINE-GT-1939-04-20-STATE-CANON-V8.md	2830	9ea67ba452d39767ff063c9e12e548f1e148ac76637f2ac3d92696def29e7a74
50-CURRENT-1939-1941-AIRPOWER-AUDIT/43-CONTROLS-DATA-ORGANIZATION-1939-04-20-CANON-V8.md	3005	dad7a50ae01439540af02f66a588c07a983a2c79edc497ac62978707010208f1
50-CURRENT-1939-1941-AIRPOWER-AUDIT/44-GROUND-MOBILE-POWER-VEHICLE-1939-04-20-CANON-V8.md	2918	f6c0779ff1e840db3a51f84637b1d49a806cfde34eef651de11ba7037e39d471
50-CURRENT-1939-1941-AIRPOWER-AUDIT/45-FLEXIBLE-SPALL-LINER-1939-04-20-STATE-CANON-V8.md	3564	721e5cbd0c2a3db0bf13e087c3f5b334ed2beda885d0a8a609576f9a3cc5961c
50-CURRENT-1939-1941-AIRPOWER-AUDIT/46-1939-04-20-REPLAY-READINESS-CLOSURE-V8.md	3556	eb767b05b936191a3bbd48cb1ded79c48813fe7120cd5a342d2538fc14be8301
50-CURRENT-1939-1941-AIRPOWER-AUDIT/47-1939-04-20-HISTORICAL-VEHICLE-DELTA-CANON-V8.md	6461	53e47cb35d54a0ca0a343cb2c36428f3ea2d0f2097309c77fb4b9648973d1022
50-CURRENT-1939-1941-AIRPOWER-AUDIT/47A-1939-04-20-HISTORICAL-VEHICLE-DELTA-LEDGER-V8.tsv	1705	eed2f5f0bd0a12937abfdd4322d8e5c8da712187d22c94d020b346820955ce57
50-CURRENT-1939-1941-AIRPOWER-AUDIT/48-1939-04-20-COMBAT-REPLAY-LAUNCH-CARD-V8.md	4012	689557ea7acf976f63d14b80dfc6226fa01c6047a2c78d15e5abbb922a3b3ea2
50-CURRENT-1939-1941-AIRPOWER-AUDIT/48A-1939-04-20-REPLAY-GATE-QUEUE-V8.tsv	716	21226eff585871baaee06313697952cf942d6d6b3907e99064234bfd515e04ed
50-CURRENT-1939-1941-AIRPOWER-AUDIT/49-PISTON-EXHAUST-ENERGY-RECOVERY-CANON-V8.md	17068	5ed99b0ba38e0c330d331c8b82f4c4410b070dbadfabf3e8af7e2e31ca526fa3
50-CURRENT-1939-1941-AIRPOWER-AUDIT/49A-PISTON-EXHAUST-APPLICATION-LEDGER-V8.tsv	5907	7fcd2d68ffd3eb989fddd5fc2f1365a291b470e696e0d67f6206753453b0fe0a
50-CURRENT-1939-1941-AIRPOWER-AUDIT/50-HISTORICAL-DESIGNATION-NOT-IDENTICAL-HARDWARE-GUARD-V8.md	20816	7ef9ef3f019a46a6cf93fa2a515bd401c9f4ad32a3aec91108f5b20c56c37c86
50-CURRENT-1939-1941-AIRPOWER-AUDIT/50-SESSION-DELTA-2026-09-05-EXHAUST1-V8.md	1683	3a057d10e54ecaac4b24ad543425b83f4724292008360f6970d76e3374081e58
50-CURRENT-1939-1941-AIRPOWER-AUDIT/50A-HISTORICAL-DESIGNATION-DIFFERENCE-LEDGER-V8.tsv	18552	d84638bd97bafe57ac0e3bfb4df2f4d5381d6155cb26b7980e694d0e0717abab
50-CURRENT-1939-1941-AIRPOWER-AUDIT/51-FIRE-CONTROL-SIGHTING-BOMBING-INTEGRATION-CANON-V8.md	12864	b498052ef8d54d5836d9f2a22db95dca14bbfd615ec662627cfda15f840ca1d1
50-CURRENT-1939-1941-AIRPOWER-AUDIT/51A-FIRE-CONTROL-SIGHTING-APPLICATION-LEDGER-V8.tsv	6259	eb0f2dec71e0f0905f6d07ed49248d9d533d46e1293c746c0f614f104b549ffc
50-CURRENT-1939-1941-AIRPOWER-AUDIT/52-RELATIVE-MOBILITY-GEOMETRY-TIMING-CANON-V8.md	3493	90df2596cca98227ebf388d06f05a4f78d8a0a7432d9e69319c44524787002de
50-CURRENT-1939-1941-AIRPOWER-AUDIT/52-SESSION-DELTA-2026-09-05-FIREOPTICS1-V8.md	1504	62767f8933f8c593dcfba2e0efe6b26fd377914cf2105f9ade0dc28d76e46a47
50-CURRENT-1939-1941-AIRPOWER-AUDIT/52A-RELATIVE-MOBILITY-GEOMETRY-TIMING-LEDGER-V8.tsv	856	ea90554f70f8accf9c4594e6c6202777c7183ae60dc9b601f6649e5acb3839e7
50-CURRENT-1939-1941-AIRPOWER-AUDIT/53-AERIAL-PHOTO-RECON-DEEP-FIRE-INTEGRATION-CANON-V8.md	4025	34d432d8b730e784f2966b4cab937a74e2409eef786481037166a0cad649ae93
50-CURRENT-1939-1941-AIRPOWER-AUDIT/53A-AERIAL-PHOTO-RECON-DEEP-FIRE-LEDGER-V8.tsv	865	3f32d5e205170856857f1c928360f6c55ca0c192def499d5121f8fde7e51cc5c
50-CURRENT-1939-1941-AIRPOWER-AUDIT/54-NOMONHAN-REINFORCEMENT-HOT-RESERVE-CANON-V8.md	4749	d454d901edb99946dbfd47232bcc42b656c460ac5d0a1f333b4ab2521e739be4
50-CURRENT-1939-1941-AIRPOWER-AUDIT/54A-NOMONHAN-REINFORCEMENT-HOT-RESERVE-LEDGER-V8.tsv	1110	f04c3909feed4a80d7bfc2709fbf5a5273b6e96ad92323ade0b77cdb2db4cfc2
50-CURRENT-1939-1941-AIRPOWER-AUDIT/99-SUPPORT-CURRENT/1939-COMPANY-STATE-SELECTED/124-E5-QUALIFICATION-CRAFT-TECHNICAL-DOSSIER-V10.tsv	4820	da83474f83a804ba93e14236d1eaaa32d4c0e60fb74a4855dd58b614d0f76cc2
50-CURRENT-1939-1941-AIRPOWER-AUDIT/99-SUPPORT-CURRENT/1939-COMPANY-STATE-SELECTED/127-TEST-PLATFORM-MARGINAL-VALUE-AND-ACTIVATION-GATES-V10.tsv	2604	cdc96cc48bc40141a745b304cf67afb33f6ecbda71c75d06d4cb4af62f9e24d6
50-CURRENT-1939-1941-AIRPOWER-AUDIT/99-SUPPORT-CURRENT/1939-COMPANY-STATE-SELECTED/15-URANIUM-TUNGSTEN-DENSE-MATERIALS-AUDIT-1937.md	10332	253f30ad229e6064d23f94a87c70b2213637e378cf0e8427729b0fb0eb06bc44
50-CURRENT-1939-1941-AIRPOWER-AUDIT/99-SUPPORT-CURRENT/1939-COMPANY-STATE-SELECTED/17-DENSE-MATERIAL-AMMUNITION-SUPPLY-AUDIT-1937.md	8761	0fd6c0d7a23aed8fc669c085feea42ee7704c8f4abb89b48d50c4fe84666185c
50-CURRENT-1939-1941-AIRPOWER-AUDIT/99-SUPPORT-CURRENT/1939-COMPANY-STATE-SELECTED/75-1938-06-30-ASAI-GENERAL-EFFECT-AUDIT.md	8227	2c8dfbe8da0db15fead8d930d69e7bed32a5a9ea2a8b648af8ce53d16468c820
50-CURRENT-1939-1941-AIRPOWER-AUDIT/99-SUPPORT-CURRENT/1939-COMPANY-STATE-SELECTED/ASAI-1937-CORPORATE-CLOSEOUT-V3.md	8710	50ec4110f3423ef30f8aa8597ef89ff08051c097ee73a94d7f61b3f00bd71199
50-CURRENT-1939-1941-AIRPOWER-AUDIT/99-SUPPORT-CURRENT/1939-COMPANY-STATE-SELECTED/ASAI-1939-06-30-NOMONHAN-SUPPORT-VEHICLE-CLOSURE-V1-FUTURE-COMPARATOR.md	8220	2f68f5cd8e8ddfeab8a2a387a80be6d78eb158b51992f77bb82b522aea18dcb8
50-CURRENT-1939-1941-AIRPOWER-AUDIT/99-SUPPORT-CURRENT/1939-COMPANY-STATE-SELECTED/ASAI-1939-09-01-ASAI-ONLY-STATE-AUDIT-V1-FUTURE-COMPARATOR.md	27992	242aa1aba6aa9f8968bf6cb13286544145e80510374dcaad4b4a15b364c07d6e
50-CURRENT-1939-1941-AIRPOWER-AUDIT/99-SUPPORT-CURRENT/1939-COMPANY-STATE-SELECTED/README-V8.md	416	a8844705c998a262f0fdd7fb05f640eccd173e182050c548cab94ee33ba221e8
50-CURRENT-1939-1941-AIRPOWER-AUDIT/99-SUPPORT-CURRENT/1939-COMPANY-STATE-SELECTED/asai-works-company-structure.md	17616	5242489e8e0e06164b380861ac160ecb23d9b10e595b763beaa89e233e22c4b7
50-CURRENT-1939-1941-AIRPOWER-AUDIT/99-SUPPORT-CURRENT/1939-COMPANY-STATE-SELECTED/asai-works-computation-machines-centers.md	5641	bb9d2df90a48c27b0ece7463795831f21412556173b63f622a1dbaeeef0b9267
50-CURRENT-1939-1941-AIRPOWER-AUDIT/99-SUPPORT-CURRENT/1939-COMPANY-STATE-SELECTED/asai-works-computation-origin-business.md	8215	2231ac6a26505250973cd75e8d255e885db21c932bb2b7270930bc8db347473b
50-CURRENT-1939-1941-AIRPOWER-AUDIT/99-SUPPORT-CURRENT/1939-COMPANY-STATE-SELECTED/asai-works-marine-gt-small-craft-design-closure-1938-43.md	16198	bded4a9c49b00db648ec3bd2e86d1a7dbedcbb0dbca5555b60bcff2a2ecf245e
50-CURRENT-1939-1941-AIRPOWER-AUDIT/99-SUPPORT-CURRENT/1939-COMPANY-STATE-SELECTED/asai-works-rotorcraft-v46.md	26113	3a20a26ebf281c68e25d851877b7d49d03f8f146bfb7b27c6039340a4178232d
50-CURRENT-1939-1941-AIRPOWER-AUDIT/99-SUPPORT-CURRENT/1939-COMPANY-STATE-SELECTED/asai-works-surface-ship-large-marine-rebaseline-1934-41.md	15827	1b84b68e32b64297c27b6b8d574b25bced3793aa4927ab553ed25b6e530571bf
50-CURRENT-1939-1941-AIRPOWER-AUDIT/99-SUPPORT-CURRENT/ASAI-MATERIAL-LEDGER-2026-09-03.xlsx	33240	a15f24a075af6897ea5f0e2484d89e27eb525a8c9a762bca0cb07f76291ed8ee
50-CURRENT-1939-1941-AIRPOWER-AUDIT/99-SUPPORT-CURRENT/CFRP-REBASE-SOURCE-SELECTED/README-V8.md	870	ae49cedfeccd658803d09ee73fa1fae8fdc7bb898746878c963429139f55847f
50-CURRENT-1939-1941-AIRPOWER-AUDIT/99-SUPPORT-CURRENT/CFRP-REBASE-SOURCE-SELECTED/asai-works-cfrp-program.md	20200	774ee84dc732b6764ee34bf034440be78bf1e51ec97b876caacaa0c99f8fed64
50-CURRENT-1939-1941-AIRPOWER-AUDIT/99-SUPPORT-CURRENT/CFRP-REBASE-SOURCE-SELECTED/asai-works-cfrp-wing.md	14117	6d06466f206c06b9040dfa9f11d558235e20716f28bd3128f5d8a73ea0ad2b40
50-CURRENT-1939-1941-AIRPOWER-AUDIT/99-SUPPORT-CURRENT/CFRP-REBASE-SOURCE-SELECTED/asai-works-frp-manufacturing.md	26399	3471a661a5013d63a5b68582e88774083f154b894a46b71c2b853b5e9369b166
50-CURRENT-1939-1941-AIRPOWER-AUDIT/99-SUPPORT-CURRENT/CFRP-REBASE-SOURCE-SELECTED/asai-works-materials-resin.md	35793	7f18b17795a8085dd35f29544640d2d2e46f75c1db1889a73f1c2bea04ea0a0c
50-CURRENT-1939-1941-AIRPOWER-AUDIT/99-SUPPORT-CURRENT/GT-REBASE-COMPUTATION/E5-J-JF-INSTALLED-V8.log	3715	98433f0f57f5a7619fc19bbe7f511ab2985ccf3ca655937f78af244ff7d3627d
50-CURRENT-1939-1941-AIRPOWER-AUDIT/99-SUPPORT-CURRENT/GT-REBASE-COMPUTATION/E5-J-JF-INSTALLED-V8.tsv	1354	51de125e2c2a8391c524c1c8f37856a811cc8cd8abe62ba84d7c2e1796ad09a6
50-CURRENT-1939-1941-AIRPOWER-AUDIT/99-SUPPORT-CURRENT/GT-REBASE-COMPUTATION/E5-JF-FAN-GEOMETRY-V8.tsv	502	309fb67898b0f4cecf1437b2b8d7962f101b14b90ed333bf2d5de1b00b9a4073
50-CURRENT-1939-1941-AIRPOWER-AUDIT/99-SUPPORT-CURRENT/GT-REBASE-COMPUTATION/E6-M-BACKEND-RATING-V8.log	4307	6701d77f8d1f4ff5f12fa2b7365c9f5a43835b7fe7ffccd70b2f8c06b19b7dce
50-CURRENT-1939-1941-AIRPOWER-AUDIT/99-SUPPORT-CURRENT/GT-REBASE-COMPUTATION/E6-M-J-REHEAT-V8.tsv	1107	b357b8228e9f6add89ad2d26b806b3cbd7435da1c240d950be094efb5a6469bf
50-CURRENT-1939-1941-AIRPOWER-AUDIT/99-SUPPORT-CURRENT/GT-REBASE-COMPUTATION/E6-M-JF-RATING-LADDER-V8.tsv	1088	97e3fddadbb78e107485f1450c90d648394605b475dd9f48dbf754ed158d40a9
50-CURRENT-1939-1941-AIRPOWER-AUDIT/99-SUPPORT-CURRENT/GT-REBASE-COMPUTATION/E6-S-J-INSTALLED-V8.log	3983	827af86e4b90dc16fc74e0bbb52a03f5a84fc1c52fa43d2782db71d5ef62ee55
50-CURRENT-1939-1941-AIRPOWER-AUDIT/99-SUPPORT-CURRENT/GT-REBASE-COMPUTATION/E6-S-J-INSTALLED-V8.tsv	1595	ddf4e376f51993e053ecc341012ae9873967171fb284dcc349f0253476571c17
50-CURRENT-1939-1941-AIRPOWER-AUDIT/99-SUPPORT-CURRENT/GT-REBASE-COMPUTATION/E6-S-J-PACKAGE-ENVELOPE-V8.tsv	611	7c74616d22e20ea8162143b2a0b85b5413212ddd29d3aea86e0befda67a35437
50-CURRENT-1939-1941-AIRPOWER-AUDIT/99-SUPPORT-CURRENT/GT-REBASE-COMPUTATION/e5_j_jf_installed_v8.py	5644	42790104ed43d8dae3a05bed9f01f9edd2d5d4a91cbfca9508cdac469086b430
50-CURRENT-1939-1941-AIRPOWER-AUDIT/99-SUPPORT-CURRENT/GT-REBASE-COMPUTATION/e6_m_backend_rating_v8.py	3329	1647bd88b6721dd268cdd4fbf5a4ff3a39fe4c8bb628ac894237d249752e0d2a
50-CURRENT-1939-1941-AIRPOWER-AUDIT/99-SUPPORT-CURRENT/GT-REBASE-COMPUTATION/e6_s_j_installed_v8.py	3655	c864182706bfc12408033d5216f5ecc8b9156aa564d25489b8354bb8e5c0136e
50-CURRENT-1939-1941-AIRPOWER-AUDIT/99-SUPPORT-CURRENT/GT-REBASE-SOURCE-SELECTED/E6-M-JF-TIT-RATING-SHADOW-V8.tsv	370	6d26f6e0437a4fcddd93c8621b709444ea0c085db12a61a5366c2d7ff1b40a1d
50-CURRENT-1939-1941-AIRPOWER-AUDIT/99-SUPPORT-CURRENT/GT-REBASE-SOURCE-SELECTED/E6-S-J-PREAUDIT-SHADOW-V8.tsv	779	98b835bc15c2034ef9e27434f640dde68d7e070d17dc4dd88cac9805d3be1d83
50-CURRENT-1939-1941-AIRPOWER-AUDIT/99-SUPPORT-CURRENT/GT-REBASE-SOURCE-SELECTED/README-V8-GTCORE1.md	784	d1142154fcfb8667c429cae66a1aca3aa72d133ef080e33b6aa95e7ba240c949
50-CURRENT-1939-1941-AIRPOWER-AUDIT/99-SUPPORT-CURRENT/GT-REBASE-SOURCE-SELECTED/asai-works-capability-convergence-framework-1903-45.md	3615	7bcf3310e01f5760b9dc00bd19efe70dda233eac09df2824907714108a4e0f2f
50-CURRENT-1939-1941-AIRPOWER-AUDIT/99-SUPPORT-CURRENT/GT-REBASE-SOURCE-SELECTED/asai-works-core-elements.md	21159	e20c42c061e8f951481a7b34c3824c6f644ce9a2a139aae6279418ea50495587
50-CURRENT-1939-1941-AIRPOWER-AUDIT/99-SUPPORT-CURRENT/GT-REBASE-SOURCE-SELECTED/asai-works-core-hierarchy.md	21601	a4dc7dbd735f7930dc931db46281bb9da1d3edff96a0e046fb3ac3e3e22ded58
50-CURRENT-1939-1941-AIRPOWER-AUDIT/99-SUPPORT-CURRENT/GT-REBASE-SOURCE-SELECTED/asai-works-core-rebaseline-history-v38-v48.md	6499	812b3d799ca2b9a3d5dfc14bee98abfe1574c868b069cb4149c5c9f9883df359
50-CURRENT-1939-1941-AIRPOWER-AUDIT/99-SUPPORT-CURRENT/GT-REBASE-SOURCE-SELECTED/asai-works-e4-e5-hot-section-component-life-rebaseline-1931-37.md	7497	0496cb6cbd7d7532a5e8753341d955dbbbac548dab7ececd18e93a3ae1b4454b
50-CURRENT-1939-1941-AIRPOWER-AUDIT/99-SUPPORT-CURRENT/GT-REBASE-SOURCE-SELECTED/asai-works-e4-e5-installed-cycle-rebaseline-1931-37.md	12724	9fc9225b61b8e5499b002faba363e47a3e7dacbfbf2d5cdc321883b68ae2f05a
50-CURRENT-1939-1941-AIRPOWER-AUDIT/99-SUPPORT-CURRENT/GT-REBASE-SOURCE-SELECTED/asai-works-e4-e5-product-massflow-size-rebaseline-1931-37.md	13368	8fcf444370b9267d65d4c7613bf8dc7e62339faea6c6d8e00376d27dfa433ac2
50-CURRENT-1939-1941-AIRPOWER-AUDIT/99-SUPPORT-CURRENT/GT-REBASE-SOURCE-SELECTED/asai-works-e5-e6-compressor-operability-rebaseline-1934-41.md	14351	6bf08022306c1a60e974672c9f5f18e19215c96c787a2ced427f2352721ca2de
50-CURRENT-1939-1941-AIRPOWER-AUDIT/99-SUPPORT-CURRENT/GT-REBASE-SOURCE-SELECTED/asai-works-e6-installed-cycle-product-power-rebaseline-1938-41.md	8094	d0ba64f63f52f200895d81ea94fde0281d926f4419b0fe298a31b3176a334db3
50-CURRENT-1939-1941-AIRPOWER-AUDIT/99-SUPPORT-CURRENT/GT-REBASE-SOURCE-SELECTED/asai-works-e6-m-jf-installed-thrust-rebaseline-1938-43.md	8487	e0a288dc4a95af96ebc00df99b0f83a3ef9a0fa02912a7a772f81f6e97e8813a
50-CURRENT-1939-1941-AIRPOWER-AUDIT/99-SUPPORT-CURRENT/GT-REBASE-SOURCE-SELECTED/asai-works-e8-e9-later-war-propulsion-rebaseline-1942-47.md	8099	4bfbbe91ad28d57f541efd30a8de9ee8bcb45537c3305cd0607a189dba7f7e14
50-CURRENT-1939-1941-AIRPOWER-AUDIT/99-SUPPORT-CURRENT/GT-REBASE-SOURCE-SELECTED/asai-works-engine-capability-core-e1-e9.md	12068	5c539fac4c3e9e43fe2c98802fbc40b62538d3f3b74574e2178c15d13e4b615c
50-CURRENT-1939-1941-AIRPOWER-AUDIT/99-SUPPORT-CURRENT/GT-REBASE-SOURCE-SELECTED/asai-works-propulsion-roadmap.md	15081	c5d8447f8ba070d464a1f15ee794dd6502f703dbfae79030be9e6f52cf5fd5cc
50-CURRENT-1939-1941-AIRPOWER-AUDIT/99-SUPPORT-CURRENT/GT-REBASE-SOURCE-SELECTED/tensei-engineer-kufu-shu.md	20503	c6bccc63343d73010fd3c266012ccf0311610b34dcd0682df459e00e6896c089
50-CURRENT-1939-1941-AIRPOWER-AUDIT/99-SUPPORT-CURRENT/MATERIAL3-REBASE-SOURCE-SELECTED/README-V8.md	282	3be275df1c8941d89448611b45f7b00222a3f7b9a2363cfdb43ef70ab3cc4af5
50-CURRENT-1939-1941-AIRPOWER-AUDIT/99-SUPPORT-CURRENT/MATERIAL3-REBASE-SOURCE-SELECTED/asai-works-heavy-transport-at3-ki92-1939-44.md	5798	8d429f383a32a0e0bdbb2b5c4cc4dbcf4e75e96605c7fd52a747ad82b6d156ae
50-CURRENT-1939-1941-AIRPOWER-AUDIT/99-SUPPORT-CURRENT/MATERIAL3-REBASE-SOURCE-SELECTED/asai-works-transport-l5si.md	2228	674dbf8e21d6870f69ee72d8ef9fb2d8a59e36f5ad7a3074a72a473ba4928060
50-CURRENT-1939-1941-AIRPOWER-AUDIT/99-SUPPORT-CURRENT/README-V8.md	319	babcba9d5967da355932acc9703a6e82f93c17bd5687c77df0e6973d01524ad1
60-CURRENT-1939-COMBAT-REPLAY/00-1939-04-21-26-NANCHANG-COUNTEROFFENSIVE-GATE-V8.md	10241	823dd6a4ef6b520cadb34722a963a1c4ec4b589e933e07ce97e9f2100c15848a
60-CURRENT-1939-COMBAT-REPLAY/00A-1939-04-21-26-NANCHANG-EVENT-LEDGER-V8.tsv	2046	82b147bea5bee35571598de6ba34fbb64bcc882f0f6f9ee6e411102580328e21
60-CURRENT-1939-COMBAT-REPLAY/01-1939-04-26-STATE-LEDGER-V8.tsv	1243	20081f5e0c5554eb1d1e55ee39b156f8323f1cf6f1b7b39763dd17aa84c70b2c
60-CURRENT-1939-COMBAT-REPLAY/02-1939-04-27-05-09-NANCHANG-CLOSEOUT-GATE-V8.md	10606	d8263efd0b32b4be53c2bf9cd414472d03b5f0805b6cd473eeea2a0a4cf450e9
60-CURRENT-1939-COMBAT-REPLAY/02A-1939-04-27-05-09-NANCHANG-EVENT-LEDGER-V8.tsv	1281	514c0ee9d58e6f75a83cd63bf2d98fe2984d1e7413f9376cdf4c5c6f4333e754
60-CURRENT-1939-COMBAT-REPLAY/03-1939-04-27-05-10-CONCURRENT-AVIATION-EVENTS-GATE-V8.md	4530	f177ab01734d4c6b4a456c4605b4e39a54a97806c2ac167ad799a960e6a5af74
60-CURRENT-1939-COMBAT-REPLAY/03A-1939-04-27-05-10-AVIATION-EVENT-LEDGER-V8.tsv	625	163248dacb5575497374d0c74177aace6f2c23d0594c291a9039c8b898bbb3f3
60-CURRENT-1939-COMBAT-REPLAY/04-1939-05-10-STATE-LEDGER-V8.tsv	1742	1d8a661f39421a79181756b0dc21cf1f6b789d08adc516b597641eb9c3f44249
60-CURRENT-1939-COMBAT-REPLAY/05-1939-05-11-06-27-NOMONHAN-OPENING-PHASE-GATE-V8.md	9202	85d7b07c2d706a5e38d10e0bdc2ae182e87b63efbaefbc0bf877615fcb9bcac5
60-CURRENT-1939-COMBAT-REPLAY/05A-1939-05-11-06-27-NOMONHAN-EVENT-LEDGER-V8.tsv	2636	5c442b25c2bf8fc9cfdc20d2d6c510221cfd6c79393aaa543a858a81afe4a8fd
60-CURRENT-1939-COMBAT-REPLAY/06-1939-06-27-STATE-LEDGER-V8.tsv	2357	dc3ce2c3d436c96c4a076eabc6902e4b2ef34461da5bb81280d7707ed3ab2b8a
60-CURRENT-1939-COMBAT-REPLAY/07-1939-06-28-08-19-NOMONHAN-MIDPHASE-GATE-V8.md	4484	b88dce31a18ac4a92c7b3f96cf2acbe7f4c4173c0bed8e4048506ed5183c84d1
60-CURRENT-1939-COMBAT-REPLAY/07A-1939-06-28-08-19-NOMONHAN-EVENT-LEDGER-V8.tsv	1614	d87f45e19bd41b58b7e860996d2f9737e589d2ed416e37333f5dd09103d10367
60-CURRENT-1939-COMBAT-REPLAY/08-1939-08-19-STATE-LEDGER-V8.tsv	980	b13d3fa044c3fc9aa113ae3f287fd1399db49e9386b1f966bbb182550acb1d77
60-CURRENT-1939-COMBAT-REPLAY/09-1939-08-20-SOVIET-OFFENSIVE-DAY1-GATE-V8.md	6456	87796224175220efac43e9c6996d6c7987dc563a7eb12ba0dd96c2ee6030d2c1
60-CURRENT-1939-COMBAT-REPLAY/09A-1939-08-20-EVENT-LEDGER-V8.tsv	974	d945c8138c2cefe9c6e1d191840b92bdc3f982e7bb838870c4f2c0a98cf38bdd
60-CURRENT-1939-COMBAT-REPLAY/10-1939-08-20-STATE-LEDGER-V8.tsv	1221	03657087de5f7000b80b207579c208e3e53e265c98d0abad5c1dded62abf97a8
60-CURRENT-1939-COMBAT-REPLAY/11-1939-08-21-CORRIDOR-RACE-GATE-V8.md	3917	c076849e57b14f09da4d18fed0f748562db0f78d119f32cd11364a537a5bf067
60-CURRENT-1939-COMBAT-REPLAY/11A-1939-08-21-EVENT-LEDGER-V8.tsv	795	f0156038114c62a0a07957975f11d47eddfd82899e14e1b7c82d9b327fd5ad75
60-CURRENT-1939-COMBAT-REPLAY/12-1939-08-21-STATE-LEDGER-V8.tsv	815	1e9cc39ab155797e902695a5e68884865c3b80f02db43c35599f52e89ef9dab4
60-CURRENT-1939-COMBAT-REPLAY/13-1939-08-22-OUTSIDE-RELIEF-CORRIDOR-GATE-V8.md	6475	eaf54ec3121684dcc8c7d0e8bc646fc1ba4423c8147436388ccf346d2c0ce299
60-CURRENT-1939-COMBAT-REPLAY/13A-1939-08-22-EVENT-LEDGER-V8.tsv	985	bd67493ed4ccc14c77eef458b0ec4530dd8bbfeae159f3c8405005008d2d66e8
60-CURRENT-1939-COMBAT-REPLAY/14-1939-08-22-STATE-LEDGER-V8.tsv	1237	ffa98b2c1365a0ff2b973cadbad12ba0fee68780ebbecacba40ef04492cb0765
70-CURRENT-2026-09-05-SESSION-CLOSE/00-SESSION-HANDOFF-V9.md	10726	c1d4345c2e7321ea247273061c1e7f3b594ea611f1dc742585cd7a2a4efb3574
70-CURRENT-2026-09-05-SESSION-CLOSE/01-NOMONHAN-CLOSURE-CANON-V9.md	4790	7f8a1d7bb3ebd29c99481805a30845ed6047044334351f6d4e380a00a1909e49
70-CURRENT-2026-09-05-SESSION-CLOSE/02-NOMONHAN-LOSS-LEDGER-V9.tsv	2414	6ca6e7b1f4d772323a59ba7b36b242b12e712136bf0e4495d1694ad19ab60957
70-CURRENT-2026-09-05-SESSION-CLOSE/03-NOMONHAN-AIR-SPECIAL-AMMO-CORRECTION-V9.md	5763	7591ce55eed6c427a12c74175262a78989a97f955f2d9811f4442c056fc9fe1a
70-CURRENT-2026-09-05-SESSION-CLOSE/03A-NOMONHAN-AIR-SPECIAL-AMMO-WORKING-V9.tsv	1374	e0acfe1cfc2b2e4d875d2f75b9f22312e8e584ed248e30ef69d7fbc263e2251d
70-CURRENT-2026-09-05-SESSION-CLOSE/04-NOMONHAN-REINFORCEMENT-PIPELINE-V9.md	4362	e0c32d7edd13bb425d5a5edd837befd0b7882f3b43fe5b53f6a78b9984e4cd69
70-CURRENT-2026-09-05-SESSION-CLOSE/04A-NOMONHAN-REINFORCEMENT-PIPELINE-V9.tsv	755	e44a4b7f8047cfd2468b491bdfdcb2f5b11e3df81d27b10bf8ac2e1304d46727
70-CURRENT-2026-09-05-SESSION-CLOSE/05-NOMONHAN-ACTOR-LESSONS-THREAT-ESTIMATE-V9.md	4998	5704c3861bd21914d3c81a1d5776c4efdc860c18540718f83aa9b6b4bd72dd19
70-CURRENT-2026-09-05-SESSION-CLOSE/06-URANIUM-NUCLEAR-RESEARCH-HANDOFF-V9.md	4931	a1b074b473c28dd565048d9d59773546e736b5ac6fab624c663e4e130f25d194
70-CURRENT-2026-09-05-SESSION-CLOSE/07-CHINA-CROSS-THEATER-ALLOCATION-GUARD-V9.md	2942	59feb58631e689fc95b5a0d188cfc5762937b35adef15a2e09cd746bc11b4433
70-CURRENT-2026-09-05-SESSION-CLOSE/08-CHINA-CATCHUP-1939-04-20-06-20-V9.md	4708	c50ca80b518e34b969146f7c4da0bf7079aada58d250d22d600905d4894be6a7
70-CURRENT-2026-09-05-SESSION-CLOSE/08A-CHINA-1939-06-20-STATE-V9.tsv	1547	4a41fde40a52cd64ff7f4e40bcd411b800ab626837fe86645fa41fc86b637d0e
70-CURRENT-2026-09-05-SESSION-CLOSE/09-NEXT-GATE-SWATOW-1939-06-21-V9.md	1925	4e89235e70fede05156e597714882d3ee0388fddc25ab9ff3fc08cdabdfb2bb5
70-CURRENT-2026-09-05-SESSION-CLOSE/10-OPEN-ISSUES-V9.tsv	1487	3d07a647676760db07b9a0728f7bc11df3f81831441242349ce8c9c49e527536
70-CURRENT-2026-09-05-SESSION-CLOSE/10A-ACTIVE-OPEN-ISSUES-V9.tsv	598	9298f65a2adbd69d2a56f984f3058d94623be818eb89828077ad7ccd9e9b1f4f
70-CURRENT-2026-09-05-SESSION-CLOSE/11-G3M-CHONGQING-EX-STATE-CLOSEOUT-V9.md	2409	0ffbda7600977ce7401e111727b9593920a060fa96911b5c4960c643f51f0b63
70-CURRENT-2026-09-05-SESSION-CLOSE/11A-G3M-CHONGQING-EX-STATE-LEDGER-V9.tsv	636	538f89cdce8a3e17976048dbef30d68f682b2295395c3ec154f8f1e73a70428d
70-CURRENT-2026-09-05-SESSION-CLOSE/12-NOMONHAN-SPECIAL-AMMO-PRODUCTION-FLOW-CLOSEOUT-V9.md	3934	53ebb414dd5782ea1bdebde017a91f43340ccb8aec2088e6c5ec14d0eea19b8b
70-CURRENT-2026-09-05-SESSION-CLOSE/12A-NOMONHAN-SPECIAL-AMMO-FLOW-LEDGER-V9.tsv	1682	67633b21bad925b439d1314450fb5e6daae949f0aca34e58387a0ec2ba4103ce
70-CURRENT-2026-09-05-SESSION-CLOSE/13-NOMONHAN-AVIATION-STOCKFLOW-CLOSEOUT-V9.md	3229	b60fd2edbeec22cabd857542dff10640c86b17fb11ee63820654d87889676907
70-CURRENT-2026-09-05-SESSION-CLOSE/13A-NOMONHAN-AVIATION-STOCKFLOW-LEDGER-V9.tsv	1486	8cb70929acce559d38ff07903c1e957d84100c69574d0384ac05aa6ab890cea1
70-CURRENT-2026-09-05-SESSION-CLOSE/14-URANIUM-SYSTEM-BALANCE-CLOSEOUT-V9.md	3015	ecda93454e484de189337dcfa49101add0dd925a7780761a5acfbeec700d8e23
70-CURRENT-2026-09-05-SESSION-CLOSE/14A-URANIUM-SYSTEM-BALANCE-LEDGER-V9.tsv	819	c09bd5a9afa265edd6211b3fef0a521d483c6db426751bc14d22e3a27699acd3
70-CURRENT-2026-09-05-SESSION-CLOSE/15-RIKEN-ISOTOPE-RESEARCH-CLOSEOUT-V9.md	2380	c2d671306e9171f84dfb46c2f0a03730a270499a7fb70c60cf827008b8debd05
70-CURRENT-2026-09-05-SESSION-CLOSE/15A-RIKEN-ISOTOPE-RESEARCH-LEDGER-V9.tsv	997	bbeafb4e04383820d70964738a11307e36dca298130836b2e3e16a06d225245d
71-CURRENT-TECHNICAL-CONTROL-V9/00-TECHNICAL-DISCUSSION-CLOSEOUT-V9.md	3319	1c08933797c9a43cdeb1d3826e164de8cbe91f4b5184655dd9ad1c7b904ab418
71-CURRENT-TECHNICAL-CONTROL-V9/01-TECHNICAL-DISCUSSION-INDEX-V9.tsv	16399	b5cf42d38049394fe541fa5f0419fdfed987e9aff9f156354809fd0af974cc93
71-CURRENT-TECHNICAL-CONTROL-V9/02-TECHNICAL-ISSUE-REGISTER-V9.tsv	14323	e6948d5d96fac5a9f33769bed24dddf7436be6cc1185e3334c9946db59f0d7e9
71-CURRENT-TECHNICAL-CONTROL-V9/03-COMPUTATION-CRYPTO-TECHNICAL-CLOSURE-V9.md	5407	c6113caf73c425877039723b2aa0021e51399e6c5ea37e48ae0a06723c50fd94
71-CURRENT-TECHNICAL-CONTROL-V9/03A-COMPUTATION-CRYPTO-CAPABILITY-LEDGER-V9.tsv	3752	c0319ddf626a4af1c75a266e907fb42720789cbe4b85e4632e00ceb4d1742708
71-CURRENT-TECHNICAL-CONTROL-V9/04-NAVAL-COMPUTATION-FCS-INTEGRATION-CLOSURE-V9.md	4288	1e72ba1c7d891f3a34aa324cc1833b29c2500f1b39572967a6f81e158a006776
71-CURRENT-TECHNICAL-CONTROL-V9/04A-NAVAL-FCS-INTEGRATION-LEDGER-V9.tsv	4643	ec879273639e72a546cdae96f2bb7833d061835a2ccbd10cf5180126a8f39ea4
71-CURRENT-TECHNICAL-CONTROL-V9/05-CHEAT-DISTANCE-AND-TRANSFER-GUARD-V9.md	7968	2d0653f975c4254cec1d7fa2308364175848da6972b6d1ed4f7c32c386a4a832
71-CURRENT-TECHNICAL-CONTROL-V9/05A-CHEAT-DISTANCE-APPLICATION-LEDGER-V9.tsv	3187	defa1ee4ec4faaf9b7940b708359ca295f5ef9d4ddc5bc85d73d1738b33d7aef
71-CURRENT-TECHNICAL-CONTROL-V9/06-CRYPTO-SIGINT-INSTITUTIONAL-CLOSEOUT-V9.md	3638	dd07ff1c45b3a9d5685fe4b7c1f673d8ec76c3088401a97ccdbfc380a02ef72d
71-CURRENT-TECHNICAL-CONTROL-V9/06A-CRYPTO-SIGINT-INSTITUTIONAL-LEDGER-V9.tsv	2192	d8e575d463bf185fe6c37aeeeee669cbddfdd3a8c936be1e0c9a18cb1907a54f
71-CURRENT-TECHNICAL-CONTROL-V9/07-NAVAL-FCS-CLASS-CLOSEOUT-V9.md	6207	ff6a50a745375ca55f1a1f5cf322c2bf8cd5737ffe40a98b7d9ef529d630a8d9
71-CURRENT-TECHNICAL-CONTROL-V9/07A-NAVAL-FCS-CLASS-LEDGER-V9.tsv	4374	ae198a980f608b29db74c642f904f27571069d6848f229e46e90ac778de060d8
71-CURRENT-TECHNICAL-CONTROL-V9/08-CHEAT-RULE-COMPENDIUM-V9.md	18578	642a341581e167a049413e1f7bea33f5272f03f2e63999e87a489fecc94ab0c3
71-CURRENT-TECHNICAL-CONTROL-V9/08A-CHEAT-RULE-INDEX-V9.tsv	8785	65257256a1b520690ad9fea6d0497a84c8552104456b9788b323e46fc027191c
71-CURRENT-TECHNICAL-CONTROL-V9/08B-TECHNICAL-STAGE-TAXONOMY-V9.tsv	12066	5d55ae672eadeb881624abdd1399e31eb7a41d79a6e8137a75022a244e45e4f5
71-CURRENT-TECHNICAL-CONTROL-V9/90-RETAINED-PARENTS/README-V9.md	843	c068302f7c56862c91eb91d2872f1245ed2e9eb994ccbd668cbf1cf79c972c3c
71-CURRENT-TECHNICAL-CONTROL-V9/90-RETAINED-PARENTS/asai-works-computation-ferrite-cipher-memory.md	3202	e5812844b581700a0168507d3e4805456d1e60b7d9e97a0880ac663d995e8ffe
71-CURRENT-TECHNICAL-CONTROL-V9/90-RETAINED-PARENTS/asai-works-computation-machines-centers.md	5641	bb9d2df90a48c27b0ece7463795831f21412556173b63f622a1dbaeeef0b9267
71-CURRENT-TECHNICAL-CONTROL-V9/90-RETAINED-PARENTS/asai-works-computation-origin-business.md	8215	2231ac6a26505250973cd75e8d255e885db21c932bb2b7270930bc8db347473b
71-CURRENT-TECHNICAL-CONTROL-V9/90-RETAINED-PARENTS/asai-works-computation-repropagation-engine-aviation-1923-45.md	3599	1d04aff614f99096c4f600c4dee6c2bcd8e1eb5aa33624c5ea2d58b39ef27a4a
71-CURRENT-TECHNICAL-CONTROL-V9/90-RETAINED-PARENTS/asai-works-marine-gt-small-craft-design-closure-1938-43.md	16198	bded4a9c49b00db648ec3bd2e86d1a7dbedcbb0dbca5555b60bcff2a2ecf245e
71-CURRENT-TECHNICAL-CONTROL-V9/90-RETAINED-PARENTS/asai-works-surface-ship-large-marine-rebaseline-1934-41.md	15827	1b84b68e32b64297c27b6b8d574b25bced3793aa4927ab553ed25b6e530571bf
71-CURRENT-TECHNICAL-CONTROL-V9/90-RETAINED-PARENTS/asai-works-tank-computation-rebaseline-1938-41.md	2494	b12f7aa4273fb94f8265fb1a0831ec6e8a1ae833bd038c64dcd8822d304f3ce0
71-CURRENT-TECHNICAL-CONTROL-V9/90-RETAINED-PARENTS/asai-works-tank-diesel-turbo.md	2352	56a7fd51a834440eda4f350e0b5314a7985190f444403c2d0cf6102ec35034a0
71-CURRENT-TECHNICAL-CONTROL-V9/90-RETAINED-PARENTS/asai-works-tank-early-computation-materials-rebaseline-1928-41.md	9357	434b4eb81775a1b3d54b320e1ddf42a41f60ae6935dcb55da1c9afc63bed2e6b
72-CURRENT-RETRO-AIRPOWER-1938-1939/ASAI-1938-10-31-AIRPOWER-RETRO-CLOSEOUT-V1.md	8743	31471f62eb7be6dc0d9326591fe2700e8cd6096afe61e2b200ee020624a4b155
72-CURRENT-RETRO-AIRPOWER-1938-1939/ASAI-1938-12-31-AIRPOWER-REPLAY-CLOSEOUT-V1.md	6135	f445467ce6db39e2367b52af8295bc7131dd35a5a76a8683fb0ea5157a75bff1
72-CURRENT-RETRO-AIRPOWER-1938-1939/ASAI-1938-12-31-E5-COMMAND-RECON-RAPID-TRANSPORT-CLOSEOUT-V1.md	6789	6af886207f30111d85fd9d9a08699fb0c45f00173fabc9d186d93d0d17d07bcd
72-CURRENT-RETRO-AIRPOWER-1938-1939/ASAI-1938-RETRO-REPLAY-FINAL-CLOSEOUT-V2.md	6789	afc36ad98dcbe73e2c41035586eb626bf883ef0592bc962b4a15221511051125
72-CURRENT-RETRO-AIRPOWER-1938-1939/ASAI-1939-05-10-NANCHANG-COUNTEROFFENSIVE-CLOSEOUT-V1.md	8709	d2713fa8f3c8d45c35f155e474290be3b0ba3bb306b64464038ac2fd3810863b
72-CURRENT-RETRO-AIRPOWER-1938-1939/ASAI-1939-09-17-AIRPOWER-OPENING-RECONCILIATION-V1.md	6633	9293b4e7151ceacf5cafaaa716ee572df4247c9183948e2c778a30ddb1a578ff
72-CURRENT-RETRO-AIRPOWER-1938-1939/ASAI-1939-09-17-FIRST-CHANGSHA-AIRPOWER-OOB-V1.md	5227	7c8504fb034dc4f5a7c4d255f06e870f811eaf259e3585f87e7f11ddd322d364
72-CURRENT-RETRO-AIRPOWER-1938-1939/ASAI-1939-09-17-FIRST-CHANGSHA-AIRPOWER-OOB-V1.tsv	686	2fa8c50eef130d9150fbc91f9d048672d0ae163fd7fd7d8aa36225d7283e8323
72-CURRENT-RETRO-AIRPOWER-1938-1939/ASAI-1939-Q1-REPLAY-CLOSEOUT-V1.md	7746	4829f0425e9413c23f5dcd0b14e2a9277ae4e8b0a85c6989bf2c46553872ff20
73-CURRENT-NOMONHAN-REVISED-V10/ASAI-NOMONHAN-1939-05-11-06-30-AIRPOWER-REVISION-DIFFERENTIAL-V2.md	9301	d605317a5fd427f2209a7f0de86e3d226404b22fac5dce26213dc76cbc7e7588
73-CURRENT-NOMONHAN-REVISED-V10/ASAI-NOMONHAN-1939-07-01-09-AIRPOWER-REVISION-DIFFERENTIAL-V3.md	11554	d6ab98e78c5b2ea9ac0618642cded5cddb32b04cc5c459a4733fc8d9074d8d65
73-CURRENT-NOMONHAN-REVISED-V10/ASAI-NOMONHAN-1939-07-10-25-AIRPOWER-REVISION-DIFFERENTIAL-V4.md	10501	d301752b16ed1614940f80ffd1317df8e32aaf129b2596896006ecc154a6688a
73-CURRENT-NOMONHAN-REVISED-V10/ASAI-NOMONHAN-1939-07-26-08-19-AIRPOWER-REVISION-DIFFERENTIAL-V5.md	11904	cc9ae13c1968e0610497992c96730dab43ea3bf2c05f4959e649df8c02527efc
73-CURRENT-NOMONHAN-REVISED-V10/ASAI-NOMONHAN-1939-08-19-20-REVISION-V6.md	11601	b127a745158725a23e040271505131692a740f25ebcd320b1f3d41d95c7f2c1a
73-CURRENT-NOMONHAN-REVISED-V10/ASAI-NOMONHAN-1939-08-21-23-REVISION-V7.md	11279	c96504fa23ae5b478499d2fc236aede851539ae8a4426bb89cbb65bfe9bccf02
73-CURRENT-NOMONHAN-REVISED-V10/ASAI-NOMONHAN-1939-08-24-31-FINAL-REVISION-V8.md	11677	19be1fbc33efb791e741184552c428644c1c7f10fd2ee882be90143789c13ab8
74-CURRENT-CHINA-1939-REPLAY-V10/ASAI-1939-09-10-31-POST-NOMONHAN-CHINA-REALLOCATION-CLOSEOUT-V2.md	4883	9f89f156b6a03b9bc4938529ac1622a0e50a536bf3e401427331e0ab0aba754d
74-CURRENT-CHINA-1939-REPLAY-V10/ASAI-1939-09-17-FIRST-CHANGSHA-GROUND-MOBILITY-OOB-V1.md	11164	afff41f061e7a267af9bdb19131917ee842d2299a341f67cb231baf430d6ef27
74-CURRENT-CHINA-1939-REPLAY-V10/ASAI-1939-09-17-FIRST-CHANGSHA-GROUND-MOBILITY-OOB-V1.tsv	1036	8f55a2c80a51e0f342fa02c419bf524dacfb2d9fe98063dbbd3975831284e766
74-CURRENT-CHINA-1939-REPLAY-V10/ASAI-1939-POST-NOMONHAN-CHINA-CROSS-THEATER-LEDGER-V2.tsv	1379	bdf9177796bac549ee536ffda8090ea34e6c8d8b29e73515cb8aae71e1fb5aac
74-CURRENT-CHINA-1939-REPLAY-V10/ASAI-CHINA-1939-06-21-09-16-PURE-ADDITION-RESTORATION-AUDIT-V1.md	11370	b7ecac339d96da77b43416e5bbbf71ceccd0cc5f46b4ae48697b5dca98730013
74-CURRENT-CHINA-1939-REPLAY-V10/ASAI-CHINA-1939-06-21-27-SHANTOU-WUTAISHAN-CLOSEOUT-V1.md	11032	8b30c033b9a55e6ce868b673f2e4ef3bddc9c7811a1b4f8d95443c1a9491d4ab
74-CURRENT-CHINA-1939-REPLAY-V10/ASAI-CHINA-1939-07-03-11-EAST-SHANXI-FIRST-PHASE-V1.md	10768	102d8436c38a97b9602c5212905b089bd673a540ee7df9bce035945459b1c364
74-CURRENT-CHINA-1939-REPLAY-V10/ASAI-CHINA-1939-07-12-21-EAST-SHANXI-SECOND-THIRD-PHASE-V2.md	11888	3f1daaabe61546475075de905ce8ececf1657dd84ef7073c2a6990137e1ca546
74-CURRENT-CHINA-1939-REPLAY-V10/ASAI-CHINA-1939-07-22-31-EAST-SHANXI-CONTROLLED-WITHDRAWAL-V3.md	11005	a1a0ee3d999c0ab989e38965f367b47551ffc1707b00ac07696197836639a8bd
74-CURRENT-CHINA-1939-REPLAY-V10/ASAI-CHINA-1939-08-01-10-EAST-SHANXI-FOLLOWON-V4.md	10015	6a41ba5764ee2ae418364ad7e3361ade70252c85d4af211fe0e5e4488441b1ee
74-CURRENT-CHINA-1939-REPLAY-V10/ASAI-CHINA-1939-08-11-21-EAST-SHANXI-FINAL-PHASE-V5.md	12410	faa6cbfac1458d9741232ad2df894336d118a811397978853a3ea7ad7b39ab4b
74-CURRENT-CHINA-1939-REPLAY-V10/ASAI-CHINA-1939-08-22-09-16-CHANGZHI-COUNTEROFFENSIVE-V6.md	11772	70d239edae5410c301a1ed1dbfb717766769480ca2c992139c8fb8be58feff7e
74-CURRENT-CHINA-1939-REPLAY-V10/ASAI-CHINA-1939-09-16-CHANGZHI-HANDOFF-PATCH-V1.md	1165	9bdfba2f37e25a3ae86206f6da9d37f35daa3f19d6be342502643c1f1d777f05
74-CURRENT-CHINA-1939-REPLAY-V10/ASAI-CHINA-1939-10-10-11-30-SOUTH-GUANGXI-WINTER-PREP-V7.md	6668	bf412f2d5a50757c57937ea13fdaa06bfe6084bfd1cc0fd590b925b91a76a286
74-CURRENT-CHINA-1939-REPLAY-V10/ASAI-CHINA-1939-12-01-18-WINTER-OFFENSIVE-OPENING-GT-ARMOR-V1.md	11685	d1e00d9bc17d4f04c19777033fdb26b1b04106cdc6cb60ccfd5b38015b9a26eb
74-CURRENT-CHINA-1939-REPLAY-V10/ASAI-CHINA-1939-12-19-31-WINTER-OFFENSIVE-CENTRAL-NORTH-KUNLUN-V2.md	16839	0d462ad78a3180d4d928d45d1ce932236bb2a0d3c37bb576041d7f43988227c5
74-CURRENT-CHINA-1939-REPLAY-V10/ASAI-FIRST-CHANGSHA-1939-09-17-22-OPENING-PHASE-V1.md	10181	6b71be1d34766930d7f87163a78e75055037f512a384f4b0751c246db0947677
74-CURRENT-CHINA-1939-REPLAY-V10/ASAI-FIRST-CHANGSHA-1939-09-23-25-XINQIANG-CROSSING-V2.md	11655	1bca96e5e956463118bb69a293428b0d0e5af08d007e86f9dfc330b03225ff81
74-CURRENT-CHINA-1939-REPLAY-V10/ASAI-FIRST-CHANGSHA-1939-09-26-30-EASTWARD-TURN-V3.md	11593	2138429c32973fdd8ebb9b3b722e0b472491cc8acd8f4dd44d826a16217d4fde
74-CURRENT-CHINA-1939-REPLAY-V10/ASAI-FIRST-CHANGSHA-1939-10-01-09-FINAL-CLOSEOUT-V4.md	13932	5630df7cd514d57ddf09bf4f0bfbdb3b15417acee9153af3cf27a02504279dae
75-CURRENT-TECHNICAL-ADDENDA-V10/ASAI-1939-WET-WEATHER-RIVER-CROSSING-HEAVY-MOBILITY-CHIHA-CLOSEOUT-V1.md	13342	1a484daa2619b975c321f337099db36577f7a3c61c8d739ff44cfe4bac4a0e05
75-CURRENT-TECHNICAL-ADDENDA-V10/ASAI-1939-WINTER-GT-COLD-START-HEAT-SUPPORT-CLOSEOUT-V1.md	9278	1fb6cb536abe319c268c53e111b1cbfb871811191af3a71eb4dd2e1eb5a002eb
75-CURRENT-TECHNICAL-ADDENDA-V10/ASAI-1941-YEAREND-NAVAL-AERIAL-TORPEDO-EFFECTIVENESS-EMPLOYMENT-CLOSEOUT-V1.md	17927	c8e228dafc30b2318d5e6ee9326ce9035895501859f1fa7e0998e9d012135f10
75-CURRENT-TECHNICAL-ADDENDA-V10/ASAI-1941-YEAREND-NAVAL-AERIAL-TORPEDO-EFFECTIVENESS-EMPLOYMENT-LEDGER-V1.tsv	3215	f60b806c2662bf282b3b5d8fc252cbc8fc1f3380c8257a7487834e78c22db998
75-CURRENT-TECHNICAL-ADDENDA-V10/ASAI-AIRCRAFT-ENGINE-GENERATION-FAMILY-ARMY-NAVY-LEDGER-1937-1942-V1.tsv	4352	d6d6134569b42fc5c5b54ebf2ae55ba0e7bda579d543b678a8680a2307e993c3
75-CURRENT-TECHNICAL-ADDENDA-V10/ASAI-AIRCRAFT-ENGINE-GENERATION-FAMILY-ARMY-NAVY-MATRIX-1937-1942-V1.md	17918	0a7ed1ccc2e9411e7ef27111a712ad08e5e223e299e743b27de75fc30691ca3b
75-CURRENT-TECHNICAL-ADDENDA-V10/ASAI-AIRCRAFT-NOMENCLATURE-ALIAS-RESTORATION-GUARD-V1.md	3668	4e50ff3dfea504e06b42df07505d1cc8eef06efec3a25978c56438143ec782c5
75-CURRENT-TECHNICAL-ADDENDA-V10/ASAI-AIRCRAFT-NOMENCLATURE-ALIAS-RESTORATION-LEDGER-V1.tsv	1127	0f658f4d9729fe89658cbc843134b16e17a378f733a0671cfffe03aae7ca94f5
75-CURRENT-TECHNICAL-ADDENDA-V10/ASAI-B5N2-PISTON-TP-COMPARATIVE-CLOSEOUT-1939-1941-V1.md	15149	8f042da0eafbe9a71aad9ce1d546a1dac2a09f6c96d237de6fda224b0a53648c
75-CURRENT-TECHNICAL-ADDENDA-V10/ASAI-B5N2-PISTON-TP-COMPARATIVE-LEDGER-V1.tsv	4627	1d0dcb1cd721e7004155ac87759f8595429eb8014b898a7754c6eff40f12e91d
75-CURRENT-TECHNICAL-ADDENDA-V10/ASAI-B6N-TENZAN-PISTON-E6ST-E7M-TP-COMPARATIVE-LEDGER-V1.tsv	2564	260e0d026934e446424c3f4019dccf5131e49e7ca35e8a006c888bdd059772e3
75-CURRENT-TECHNICAL-ADDENDA-V10/ASAI-B6N-TENZAN-PISTON-E6ST-E7M-TP-COMPARATIVE-OUTLOOK-1939-1942-V1.md	13029	9654be44cc17a3f2508333ad46f8ddee44ec3a84d9b8cbb2bf7c2be140d1fbcb
75-CURRENT-TECHNICAL-ADDENDA-V10/ASAI-D3A1-PISTON-TP-DIVE-BOMBING-COMPARATIVE-CLOSEOUT-1939-1941-V1.md	12013	8209115c41ffffb69b2e490f9ac102f452e029d70e96a1ab72eca08c07be0b3e
75-CURRENT-TECHNICAL-ADDENDA-V10/ASAI-D3A1-PISTON-TP-DIVE-BOMBING-LEDGER-V1.tsv	2884	a8001d4793163727da06773330ec9b3ddfc51e36a00017739f5dea96784f72b1
75-CURRENT-TECHNICAL-ADDENDA-V10/ASAI-D4Y-SUISEI-PISTON-E7ST-TP-COMPARATIVE-LEDGER-V1.tsv	2587	e84e626c3645f35712325f189d5926aabb0271de7941582589a134cd6e6f091f
75-CURRENT-TECHNICAL-ADDENDA-V10/ASAI-D4Y-SUISEI-PISTON-E7ST-TP-COMPARATIVE-OUTLOOK-1940-1942-V1.md	12663	9dac8fae0f1cb2ff603f33aacef454949e45b99ce38d54bd786047ac1c3e8c37
75-CURRENT-TECHNICAL-ADDENDA-V10/ASAI-E5-DERIVED-E6-FAST-HEAVY-BOMBER-OUTLOOK-1938-1941-V1.md	9954	9a04eb38a3e6078aa62578cdac443a8ddf79234df8db974a8f5f9f6d0f662188
75-CURRENT-TECHNICAL-ADDENDA-V10/ASAI-E5-DERIVED-E6-FAST-HEAVY-BOMBER-OUTLOOK-LEDGER-V1.tsv	2215	684ab425f3026906f7595043271f47273a55eb5cf495310ab72bcc0fa98309aa
75-CURRENT-TECHNICAL-ADDENDA-V10/ASAI-E5-E6-1940-PRODUCTION-TRANSITION-FLEET-ACCUMULATION-CLOSEOUT-V1.md	9458	0767a9bd85c4185daa8e97c70c861330925b07a37de6ce22817ca23e161d7427
75-CURRENT-TECHNICAL-ADDENDA-V10/ASAI-E5-E6-1940-PRODUCTION-TRANSITION-FLEET-LEDGER-V1.tsv	914	7dd3663767324e1c48640abf56ccadb4af32bb54448838eece3765ae2fed9b5b
75-CURRENT-TECHNICAL-ADDENDA-V10/ASAI-E5-E6-NAVAL-RECON-LAND-ATTACK-TORPEDO-LINEAGE-1938-1941-V1.md	15450	ac459cff31b6ce110114e8512baec84315eba3bb5d248ad7e313eeba0e2b4138
75-CURRENT-TECHNICAL-ADDENDA-V10/ASAI-E5-KI42-AUX-FUEL-DROP-TANK-CLOSEOUT-1937-1939-V1.md	16079	a68e06153ac294d16bdb216e1b3c94c00dab314bf4cc43759eb987e6f8d1927b
75-CURRENT-TECHNICAL-ADDENDA-V10/ASAI-E6-FRP-ORDNANCE-CARRIAGE-HIGHSPEED-STORE-CLOSURE-1939-1940-V1.md	12829	41aca45e79cd259fe9c787a5ec5ef8dc0d68bec1e3a0cd10fad07115e5f74bf5
75-CURRENT-TECHNICAL-ADDENDA-V10/ASAI-E6-FRP-ORDNANCE-CARRIAGE-HIGHSPEED-STORE-LEDGER-V1.tsv	2614	34a3d15a5bcce7031f627b4f3e7cc454b1dd024106f53733176456405a06b78a
75-CURRENT-TECHNICAL-ADDENDA-V10/ASAI-E6-SINGLE-PERFORMANCE-SERVICE-PROCUREMENT-CLOSEOUT-1939-1940-V1.md	15457	a86df85d42318035cc0267c9eeab9a595907d09e32219f55af896141f0d9a596
75-CURRENT-TECHNICAL-ADDENDA-V10/ASAI-E6-SINGLE-PERFORMANCE-SERVICE-PROCUREMENT-LEDGER-V1.tsv	1865	039c3219e8c61bebe80e6b1d2e383b422d569f35f67fcefe4dd4bc5ef2d3e027
75-CURRENT-TECHNICAL-ADDENDA-V10/ASAI-E6-TWIN-COST-PROCUREMENT-LEDGER-V1.tsv	2505	242152654ea7bc8c3217c56550b02992bc58284e7d2fa40379956f439effa384
75-CURRENT-TECHNICAL-ADDENDA-V10/ASAI-E6-TWIN-COST-PROCUREMENT-REBASELINE-1939-1940-V1.md	13105	4d97257fc6c35fb76ba31fb4ed4e22bb1f677b4f8d50698e13493cc478891bac
75-CURRENT-TECHNICAL-ADDENDA-V10/ASAI-E6-TWIN-J-JF-PERFORMANCE-FUEL-FRP-REBASELINE-1939-1940-V1.md	19698	187e71f947f5e25ea18352f40a66d259f16450bf8646707a234e7e0291de7ef0
75-CURRENT-TECHNICAL-ADDENDA-V10/ASAI-E6-TWIN-MISSION-ARMAMENT-HIGHSPEED-RELEASE-CLOSURE-1939-1940-V1.md	18769	ff86fa786cb645dca19faa96a1a1c615e0ee2a0dca36fdc766811a302632e519
75-CURRENT-TECHNICAL-ADDENDA-V10/ASAI-E6-TWIN-MISSION-ARMAMENT-HIGHSPEED-RELEASE-LEDGER-V1.tsv	3202	47175277863ddc0340ed1c42de098b4010b33d5767eaa57177b73cb2f44da527
75-CURRENT-TECHNICAL-ADDENDA-V10/ASAI-E6-TWIN-PERFORMANCE-FUEL-FRP-LEDGER-V1.tsv	3202	ea672f03898badb718742a8706041c6771734ab2993766f1cd051c141dac3921
75-CURRENT-TECHNICAL-ADDENDA-V10/ASAI-E7-E6-AIRFRAME-RETROFIT-PREWAR-OUTLOOK-1940-1942-V1.md	8727	2a95a8d1e265f878d7cc365020f69312a38010e89ea5734d01fe18519fa2b020
75-CURRENT-TECHNICAL-ADDENDA-V10/ASAI-E7-E6-AIRFRAME-RETROFIT-PREWAR-OUTLOOK-LEDGER-V1.tsv	2003	861964922a2cbddaa817b959402a32998feaa52d36d3ec9b2c237c5c747ae949
75-CURRENT-TECHNICAL-ADDENDA-V10/ASAI-E7-TURBOPROP-SHAFT-PRODUCT-PREWAR-OUTLOOK-1940-1942-V1.md	13823	00e042c98d55da8c23bb74420c5bb34a73287d5e03e62257c8b911ab1bc03bf8
75-CURRENT-TECHNICAL-ADDENDA-V10/ASAI-E7-TURBOPROP-SHAFT-PRODUCT-PREWAR-OUTLOOK-LEDGER-V1.tsv	2113	a19d736756199c3cca3852a578bc0dac4d1c1cde121ead75b0572bdc0ac8d6f6
75-CURRENT-TECHNICAL-ADDENDA-V10/ASAI-G3M2-PISTON-TP-COMPARATIVE-CLOSEOUT-1939-1941-V1.md	7455	79c9754b3cd90701e4f2d71be20853fa3b3d68a1a8f549bdf0fb0f62471c07b2
75-CURRENT-TECHNICAL-ADDENDA-V10/ASAI-G3M2-PISTON-TP-COMPARATIVE-LEDGER-V1.tsv	1597	df15f6cc4f7c69bd7522f70a63c70480cb4922a22b00ddc3b497b2e2a7e03059
75-CURRENT-TECHNICAL-ADDENDA-V10/ASAI-G4M1-PISTON-TP-LONGRANGE-ATTACK-COMPARATIVE-CLOSEOUT-1939-1941-V1.md	9989	65e7012b3add76be348fe9798a0f7f544ddbf863d6800523864da6b4f2d52fab
75-CURRENT-TECHNICAL-ADDENDA-V10/ASAI-G4M1-PISTON-TP-LONGRANGE-ATTACK-COMPARATIVE-LEDGER-V1.tsv	2672	1a3a919e4e36a3294b4b44a99afae8b02231a2dbb46c70890d194f0abfa0882f
75-CURRENT-TECHNICAL-ADDENDA-V10/ASAI-NAVAL-AIRCRAFT-TORPEDO-NAMING-INHERITANCE-LEDGER-V1.tsv	2100	62c58f64d553cfc01e51ec1cd9d958b3c1748247b6246f0ab7f950c6588bd431
75-CURRENT-TECHNICAL-ADDENDA-V10/ASAI-NAVY-CARRIER-ATTACK-DIVE-BOMBER-DELTA-SUMMARY-1939-1942-V1.md	5948	788814f65f2dd02d08b4e5c2815226b45aa1e643fa86e8eb7e4904813acb8267
75-CURRENT-TECHNICAL-ADDENDA-V10/ASAI-NAVY-CARRIER-TP-APPLICATION-SPLIT-D4Y-B6N-1941-1942-V1.md	1248	615f84a304194e95b8e00a8f2f1cb1ef5cc4abf4062a111d989c82c9c1b461d0
76-CURRENT-1940-WEAPON-GATE-V10/ASAI-1940-WEAPON-APPEARANCE-FIELDING-LEDGER-V1.md	24850	7b7b06ebf4b018c87dc7b1933bd41d892dfdb72f3a98db566066abd8b3eeeac5
76-CURRENT-1940-WEAPON-GATE-V10/ASAI-1940-WEAPON-APPEARANCE-FIELDING-LEDGER-V1.tsv	5022	bd6af8ca9b2147bb59f036d19affe0a9fd47ff75341750413436c5b5529142d9
77-CURRENT-2026-09-07-SESSION-CLOSE/00-SESSION-HANDOFF-V10.md	13211	5d96f918db90de564e6c01caf5075dab81dd63202b0d781caace00975f98b358
77-CURRENT-2026-09-07-SESSION-CLOSE/01-NEXT-GATE-1940-WEAPONS-REVIEW-V10.md	2119	26d568ff4fce9afc4fa5b9911f9ebc180dc126846f4c6b28c239deaa1003c372
77-CURRENT-2026-09-07-SESSION-CLOSE/02-CORRECTION-REGISTER-V10.tsv	5310	1ac8f7c7fa4f8abe78631e24aa0fa1e43f907a328c801119d741312c1af56ca2
77-CURRENT-2026-09-07-SESSION-CLOSE/03-CURRENT-CLOCKS-V10.tsv	692	71cc62010b4b4a5ae062f93ec85f93b7d6c198cb60ee6deb8929a3f470f619fb
77-CURRENT-2026-09-07-SESSION-CLOSE/04-CUMULATIVE-AUDIT-THROUGH-1939-12-31-V10.md	4820	e5b79570fd61d6fea2f6fc89393907685dfcfbbdc75d310f1e5ed7eff7a89672
77-CURRENT-2026-09-07-SESSION-CLOSE/ASAI-BRANCH-INTENT-CUMULATIVE-AUDIT-1939-08-21-V1.md	9602	6f9a8c4dda9771cd80e5f8b7cf75b5f82fb5d6acbe0a595eefea50e2aaa5a0bc
78-CURRENT-2026-09-08-AIRCRAFT-DEVELOPMENT-CLOSE/00-AIRCRAFT-DEVELOPMENT-HANDOFF-V11.md	4178	bcd0da3e1d02c148d0c6bcedde5e13d32c5f5af32da5c2d53dc68cadc33b49e5
78-CURRENT-2026-09-08-AIRCRAFT-DEVELOPMENT-CLOSE/01-AIRCRAFT-DEVELOPMENT-CHRONOLOGY-1935-1941-V1.md	3884	e8b0d196cb297ad8a1b2a1399e9c830375aff1204c4ea15ed0e8394bc43ca9b2
78-CURRENT-2026-09-08-AIRCRAFT-DEVELOPMENT-CLOSE/02-AIRCRAFT-PERFORMANCE-MASTER-THROUGH-1941-V1.tsv	7196	175db8a55ec0f7cb9105e21343fc2d2854b4ffd7b9e6859b01b4eb7300955824
78-CURRENT-2026-09-08-AIRCRAFT-DEVELOPMENT-CLOSE/03-AIRCRAFT-DERIVATION-MATRIX-1935-1941-V1.tsv	2080	520946c3abe5cab5914ae7db843e68e3c81792ae5578ba275862707d9c859893
78-CURRENT-2026-09-08-AIRCRAFT-DEVELOPMENT-CLOSE/04-AIRCRAFT-DESIGNATION-GATE-LEDGER-V1.tsv	2254	6fd2bb7fc4448da900022d86d9a779ecac5ed6c54045a68b2752658fa252bcf4
78-CURRENT-2026-09-08-AIRCRAFT-DEVELOPMENT-CLOSE/05-AIRCRAFT-RESEARCH-QUARANTINE-RULES-V1.md	2142	1472fd7afbae7da916c091cae1a653a4d81df99d3878f6fd5400874a6c84dfe9
78-CURRENT-2026-09-08-AIRCRAFT-DEVELOPMENT-CLOSE/06-E6B-STOL-GAIFU-SAKUFU-TPRECON-WORKING-CLOSEOUT-V1.md	3420	426778d9315fdf04a0a3f7cb286af59d9f3ff7387e0fa5be86b78b483eebc79e
78-CURRENT-2026-09-08-AIRCRAFT-DEVELOPMENT-CLOSE/07-INDUSTRIAL-CAPACITY-AND-T-AUX-CLOSEOUT-1939-1941-V1.md	4585	a4d55317ce9f3c49e9058e67487632b78964f730ecd5022046783929bc6185e8
78-CURRENT-2026-09-08-AIRCRAFT-DEVELOPMENT-CLOSE/08-NEXT-TOPIC-HELICOPTER-AUDIT-V1.md	1333	c794843fbd9f28569f6767951ae765984daa15f810567610991f35edfb20e9fa
79-CURRENT-2026-09-08-FIXED-WING-PROCUREMENT-CLOSE/00-FIXED-WING-CLOSEOUT-HANDOFF-V12.md	6568	829bb87f9ad4c5125bb89650c436d79b2f9a6ffb82dec9f6492467fdbf4ac85b
79-CURRENT-2026-09-08-FIXED-WING-PROCUREMENT-CLOSE/01-1941-FIXED-WING-PROCUREMENT-LEDGER-V1.tsv	2865	146c432caf1bbce1d7ea005809bf1df17845235dbf21525de2500a084791b2cf
79-CURRENT-2026-09-08-FIXED-WING-PROCUREMENT-CLOSE/02-OOB-COUNTING-BOUNDARY-V1.md	2467	380cc5a341e5562064cb6823ca834f8df7c862b246ba83c5c15991c94213059b
79-CURRENT-2026-09-08-FIXED-WING-PROCUREMENT-CLOSE/03-PROGRAM-AND-DESIGNATION-CLOSEOUT-V1.md	4650	b6bfb70f3751a545fb9f1fe3ab1105f81cdd1dd3a5ea33c589e638ec45e53e75
79-CURRENT-2026-09-08-FIXED-WING-PROCUREMENT-CLOSE/04-POWERED-LIFT-AND-STOL-CLOSEOUT-V1.md	3284	4bbc2c18ea348d7836c1b58d7621c793c2bc0acc9dacc1dd297edd0d9247f30b
79-CURRENT-2026-09-08-FIXED-WING-PROCUREMENT-CLOSE/05-FIXED-WING-INTENTIONAL-OPEN-ITEMS-V1.tsv	1580	efa080f24b6213eb0853282b744cb97605a38224bdc60112923b9a7aec6d4b39
79-CURRENT-2026-09-08-FIXED-WING-PROCUREMENT-CLOSE/06-ROTORCRAFT-HANDOFF-AFTER-FIXED-WING-CLOSE-V1.md	1191	75eeb6547a58b8b9afccaf6ed91620fbc23579aa831cf0a729e1b622d4ad0ca1
80-CURRENT-2026-09-08-HELICOPTER-CLOSE/00-HELICOPTER-CLOSEOUT-HANDOFF-V13.md	2775	6a739c28e4997016e51fa9d4da9ed58aff48aee0bd1a997bac885d54269341f4
80-CURRENT-2026-09-08-HELICOPTER-CLOSE/01-H1-PISTON-HELICOPTER-CLOSEOUT-1932-1939-V1.md	3721	c929a0b39487c491ce222c507aed8d2c5abbdd1b01b6fb2c78ea865a51b9140b
80-CURRENT-2026-09-08-HELICOPTER-CLOSE/02-ARMY-NAVY-HELICOPTER-EVALUATION-1939-1941-V1.md	2846	5f7621f38bc747e732e5e242c09b5eef5fdb3dadd8c3a377800823c7ed3f6765
80-CURRENT-2026-09-08-HELICOPTER-CLOSE/03-H2-E5SS-SMALL-TURBOSHAFT-HELICOPTER-CLOSEOUT-1940-1941-V1.md	3511	bf2785e9c1d3cb34613a6d51258188d4214598fc1c808e7c11bd60dd71c86975
80-CURRENT-2026-09-08-HELICOPTER-CLOSE/04-1941-ROTORCRAFT-PHYSICAL-INVENTORY-OOB-BOUNDARY-V1.tsv	993	ef3c2d1331600c5a6ea833648ccb65b4b470cb41d407f0832d14ae4a4d373ad2
80-CURRENT-2026-09-08-HELICOPTER-CLOSE/05-KAYABA-INDEPENDENT-ROTORCRAFT-INTERACTION-GUARD-V1.md	1591	0853d9e983c914f5aec6dbb4b6751380e2c6abf8fe6f0e5ebf449494ee079aa4
80-CURRENT-2026-09-08-HELICOPTER-CLOSE/06-H3-MEDIUM-HELICOPTER-GROWTH-OUTLOOK-1941-1942-V1.md	1613	fa2a9d5b73a2315cf49a496de48934d9cba512183d10dcba38e83c9e7f09f422
80-CURRENT-2026-09-08-HELICOPTER-CLOSE/07-ROTORCRAFT-INTENTIONAL-OPEN-ITEMS-V1.tsv	1377	a5ab620dbff2d67bcd18435485f1d3d9e5a387904856cb41b50a9393e49d5887
81-CURRENT-2026-09-09-GROUND-VEHICLE-CLOSE/00-GROUND-VEHICLE-CLOSEOUT-HANDOFF-V14.md	3278	a28e1a15c43e822e604fa5b6a7ee8662f726605333b7e7f7e6bf1d6480664f6c
81-CURRENT-2026-09-09-GROUND-VEHICLE-CLOSE/01-1941-GROUND-VEHICLE-PROCUREMENT-PHYSICAL-INVENTORY-V1.tsv	2777	961e6873f4a14e77f5dc590bbdf07d4047c793561a8d2fc54d945b7bf51e6104
81-CURRENT-2026-09-09-GROUND-VEHICLE-CLOSE/02-TANK-FAMILY-AND-POSTWAR-BRANCH-CLOSEOUT-V1.md	3145	ed298ddb02a538ad031e08018a05c751c1015b377aa3bb50904d5cfe24de236a
81-CURRENT-2026-09-09-GROUND-VEHICLE-CLOSE/03-SUPPORT-APC-ENGINEER-MOBILITY-CLOSEOUT-V1.md	2274	c06bf3c4eeb24963b804b949eeaa2053b5b9c7fa51bbb9791f7d7913a9cbe8c4
81-CURRENT-2026-09-09-GROUND-VEHICLE-CLOSE/04-AMPHIBIOUS-AND-LANDING-VEHICLE-CLOSEOUT-V1.md	1669	bb47aeac0936122e10ad74e6ce4e7aa0debb52f92728ed6ebe4f2129b13a3940
81-CURRENT-2026-09-09-GROUND-VEHICLE-CLOSE/05-GROUND-OOB-COUNTING-BOUNDARY-V1.md	923	4b3d0824fa41ccd3b62491f19746f1462416852472c88c5780715f60644f8ed6
81-CURRENT-2026-09-09-GROUND-VEHICLE-CLOSE/06-GROUND-INTENTIONAL-OPEN-ITEMS-V1.tsv	950	377ea691953c0e42267618805ad97357c7b58056273ec076adb17073165eac11
81-CURRENT-2026-09-09-GROUND-VEHICLE-CLOSE/07-GROUND-RESEARCH-QUARANTINE-GUARD-V1.md	580	5a91e2f1baa066e5cd51ee8f29fcc1b920d666883ac003ab467ccee6009785ba
82-CURRENT-2026-09-09-NAVAL-MARINE-CLOSE/00-NAVAL-MARINE-CLOSEOUT-HANDOFF-V14.md	2781	570ab437b68751978217c07dd1f8a1901f9bb32eb0b141d1ef29823db0f67278
82-CURRENT-2026-09-09-NAVAL-MARINE-CLOSE/01-COMPUTATION-TO-FLEET-CHRONOLOGY-1921-1941-V1.md	2306	791741d5a0e3a7f8283c3bd9691c5ea454eb83a4272f4f8ab85f9168227e3d43
82-CURRENT-2026-09-09-NAVAL-MARINE-CLOSE/02-MARINE-GT-RATING-LIFE-AND-QUALIFICATION-CLOSEOUT-V1.md	3317	6ed3e2915aea34065f59fcdebfe820b401edd0c9aef44102c3e1c99bea8218d7
82-CURRENT-2026-09-09-NAVAL-MARINE-CLOSE/03-YOKOSUKA-PROPULSION-TEST-SHIP-CLOSEOUT-V1.md	2663	47a6a6caf927a648afe6b7197a489c554942b0451d44f437294e43ed62728a3f
82-CURRENT-2026-09-09-NAVAL-MARINE-CLOSE/04-SURFACE-FLEET-ARCHITECTURE-OPTION-VALUE-CLOSEOUT-V1.md	2504	d538510a6aad490d4a5b87654d535709a8bfeab926469740eb9125c0e870091e
82-CURRENT-2026-09-09-NAVAL-MARINE-CLOSE/05-SUBMARINE-TECHNICAL-CLOSEOUT-THROUGH-1941-V1.md	1717	3de7f9de6bed5334a7d1b28e87940a51adf9c4e38eec960c2bc9922d0a786948
82-CURRENT-2026-09-09-NAVAL-MARINE-CLOSE/06-LANDING-CRAFT-AMPHIBIOUS-NAVAL-INTEGRATION-V1.md	1074	860231349042b6a76eae41afe0517020bf394b0eca7fe1bebf1e4b277acc3093
82-CURRENT-2026-09-09-NAVAL-MARINE-CLOSE/07-LOW-SPEED-STOL-CARRIER-AND-CARRIER-GT-DECISION-V1.md	1948	9f0c46b30dad3c7fd754ef2ac9789593204d6fd9597e6f4b915fbe75273773c1
82-CURRENT-2026-09-09-NAVAL-MARINE-CLOSE/08-1941-NAVAL-PHYSICAL-PROCUREMENT-OPTION-LEDGER-V1.tsv	2061	7e72361a554c785348b7625bb94fd93e86f392f1abae81793d58559a87937fb4
82-CURRENT-2026-09-09-NAVAL-MARINE-CLOSE/09-NAVAL-INTENTIONAL-OPEN-ITEMS-V1.tsv	1380	851489dfcb58f81188405ff17a6ebe4ee8d6a643cbbba944758dd5177205e6cf
82-CURRENT-2026-09-09-NAVAL-MARINE-CLOSE/10-ASAI-NAVAL-SCOPE-AND-NONDOMINANCE-GUARD-V1.md	1382	4a6940345b802bdfdbd96a95874550ef23ea5e620a4d4fb7153b040e9eb546de
90-PROVENANCE-SUPERSEDED-POST-V9/ASAI-1938-AVIATION-RETRO-REPLAY-FINAL-CLOSEOUT-V1.md	8438	a4872bc260daa7902d44f46cd747701d87f2d6881bb713b8c081caadd4449caa
90-PROVENANCE-SUPERSEDED-POST-V9/ASAI-1939-09-10-31-POST-NOMONHAN-CHINA-RETURN-CLOSEOUT-V1.md	12615	3fcd2824fdf97b855130dd29c2c8bb6455749dd98faf6f2c7d7c2ffdbdfaa749
90-PROVENANCE-SUPERSEDED-POST-V9/ASAI-1939-POST-NOMONHAN-CHINA-CROSS-THEATER-LEDGER-V1.tsv	1206	6a39cbe3c4ab1b4a85773696f14646208057c0aafd126e3b6e5e91d8f40dc2e2
90-PROVENANCE-SUPERSEDED-POST-V9/ASAI-1940-Q1-WORKING-CLOSEOUT.md	10654	e5e6c793cdbd029910fc08fed89cdc799ebac1deb94381d2164cd6a7a15fa296
90-PROVENANCE-SUPERSEDED-POST-V9/README-NOT-CURRENT.md	838	160442da99eb63315ae39a2a2d8985a201a7524d246e2926984f3502c5e49708
90-PROVENANCE-SUPERSEDED-POST-V9/asai_aviation_factory_plan_1939-10-03/00-AVIATION-SALES-FACTORY-CONTINUATION.md	15719	a7e70344c16c5a71c15871e15259f44c4200e2a4b88f58b73bccc5e0a27c5072
90-PROVENANCE-SUPERSEDED-POST-V9/asai_aviation_factory_plan_1939-10-03/sources/S01-CURRENT-FACILITY-BASELINE.md	6051	0f75edcdecc070c5d3c1e2e463b1c1e25598b9f963b5446b278f1f4c0b891fba
90-PROVENANCE-SUPERSEDED-POST-V9/asai_aviation_factory_plan_1939-10-03/sources/S02-P2-PRODUCT.md	3719	048f3be228a114652628db8fbe807e07b216f81bd5cf072a5893c944fb372a4e
90-PROVENANCE-SUPERSEDED-POST-V9/asai_aviation_factory_plan_1939-10-03/sources/S03-AIRCRAFT-ROSTER.md	7869	ca329f8b0d855b2d41996ade02215a9233a99f4f4175b0ee6c960be3d6dd6362
90-PROVENANCE-SUPERSEDED-POST-V9/asai_aviation_factory_plan_1939-10-03/sources/S04-E6-E7-PRODUCTION.md	5516	3d1829775172b4b178a0b452df384f90b5954e0ca53d522d47bbc7df741f222f
90-PROVENANCE-SUPERSEDED-POST-V9/asai_aviation_factory_plan_1939-10-03/sources/S05-COMPANY-MASTER.md	10340	06a9975a6c2ff581f36a9c75ff5fcccfd35996f5f0b26f8f57df2180e673fa5c
90-PROVENANCE-SUPERSEDED-POST-V9/asai_aviation_factory_plan_1939-10-03/sources/S06-PISTON-REQUIREMENTS.md	6802	97a7c725463ad48891152c62ca468f4a4ea11cc306529cf356a8a906541b5663
90-PROVENANCE-SUPERSEDED-POST-V9/asai_aviation_factory_plan_1939-10-03/sources/S07-E4-E5-PROCUREMENT-HISTORY.md	6301	670b90a83c44f0c6c0b398f3403616c0a7e73b904758713a1ec2c2a10a94976a
90-PROVENANCE-SUPERSEDED-POST-V9/asai_aviation_factory_plan_1939-10-03/sources/S08-COMPANY-STRUCTURE-WITH-V48-OVERRIDE.md	17616	5242489e8e0e06164b380861ac160ecb23d9b10e595b763beaa89e233e22c4b7
90-PROVENANCE-SUPERSEDED-POST-V9/asai_aviation_factory_plan_1939-10-03/sources/S10-MATERIAL3-CURRENT.md	7006	3326a33552d4715cb31c96f4879f088bb54ad6760860185992518fc5cf928fe7
90-PROVENANCE-SUPERSEDED-POST-V9/asai_aviation_factory_plan_1939-10-03/sources/S12-E5-PRODUCT-AND-LIFE.md	10403	dea804ab6502ae408487897e515be05a40868e0b1d5e4d15e54ab374fcc8b178
90-PROVENANCE-SUPERSEDED-POST-V9/asai_aviation_factory_plan_1939-10-03/sources/S13-FACILITY-OVERLAPPING-INVESTMENT-PROVENANCE.md	10197	908c6ceeb5542af57fe6f9a630850fe37f524b1d0f5b93717b7913cc8beea2fe
90-PROVENANCE-SUPERSEDED-POST-V9/asai_clock_review_1939-10-03/00-REVIEW-1939-10-03.md	19527	4f18b18afd2bfbc595b1456bddbb08985f765428a1b02741688c26e26fccff70
90-PROVENANCE-SUPERSEDED-POST-V9/asai_clock_review_1939-10-03/sources/S02-COMPANY-APR20.md	10340	06a9975a6c2ff581f36a9c75ff5fcccfd35996f5f0b26f8f57df2180e673fa5c
90-PROVENANCE-SUPERSEDED-POST-V9/asai_clock_review_1939-10-03/sources/S03-FACILITIES-AND-CLOCKS.md	6051	0f75edcdecc070c5d3c1e2e463b1c1e25598b9f963b5446b278f1f4c0b891fba
90-PROVENANCE-SUPERSEDED-POST-V9/asai_clock_review_1939-10-03/sources/S04-FLIGHT-EVENTS-MAY10.md	4530	f177ab01734d4c6b4a456c4605b4e39a54a97806c2ac167ad799a960e6a5af74
90-PROVENANCE-SUPERSEDED-POST-V9/asai_clock_review_1939-10-03/sources/S05-E6-INSTALLATION.md	3006	8cffb9d0f32d8cae31ec512369d1fa8519e878afe94304f2a7568cd7a6d6d72f
90-PROVENANCE-SUPERSEDED-POST-V9/asai_clock_review_1939-10-03/sources/S06-CONTROLS-AND-DATA.md	3005	dad7a50ae01439540af02f66a588c07a983a2c79edc497ac62978707010208f1
90-PROVENANCE-SUPERSEDED-POST-V9/asai_clock_review_1939-10-03/sources/S07-SEPTEMBER-OLD-COMPARATOR.md	27992	242aa1aba6aa9f8968bf6cb13286544145e80510374dcaad4b4a15b364c07d6e
90-PROVENANCE-SUPERSEDED-POST-V9/asai_clock_review_1939-10-03/sources/S08-NOMONHAN-MIDPHASE.md	4484	b88dce31a18ac4a92c7b3f96cf2acbe7f4c4173c0bed8e4048506ed5183c84d1
90-PROVENANCE-SUPERSEDED-POST-V9/asai_clock_review_1939-10-03/sources/S09-NOMONHAN-LESSONS.md	4998	5704c3861bd21914d3c81a1d5776c4efdc860c18540718f83aa9b6b4bd72dd19
90-PROVENANCE-SUPERSEDED-POST-V9/asai_clock_review_1939-10-03/sources/S10-NOMONHAN-AIR-ADOPTION.md	5763	7591ce55eed6c427a12c74175262a78989a97f955f2d9811f4442c056fc9fe1a
90-PROVENANCE-SUPERSEDED-POST-V9/asai_clock_review_1939-10-03/sources/S11-TRANSFER-GUARD.md	7968	2d0653f975c4254cec1d7fa2308364175848da6972b6d1ed4f7c32c386a4a832
90-PROVENANCE-SUPERSEDED-POST-V9/asai_clock_review_1939-10-03/sources/S12-PISTON-AND-REQUIREMENTS.md	6802	97a7c725463ad48891152c62ca468f4a4ea11cc306529cf356a8a906541b5663
90-PROVENANCE-SUPERSEDED-POST-V9/asai_clock_review_1939-10-03/sources/S13-GROUND-SUPPORT.md	2918	f6c0779ff1e840db3a51f84637b1d49a806cfde34eef651de11ba7037e39d471
90-PROVENANCE-SUPERSEDED-POST-V9/asai_clock_review_1939-10-03/sources/S14-NOMONHAN-HEAT-OLD-COMPARATOR.md	8220	2f68f5cd8e8ddfeab8a2a387a80be6d78eb158b51992f77bb82b522aea18dcb8
90-PROVENANCE-SUPERSEDED-POST-V9/asai_clock_review_1939-10-03/sources/S17-MATERIAL-NO3.md	7006	3326a33552d4715cb31c96f4879f088bb54ad6760860185992518fc5cf928fe7
90-PROVENANCE-SUPERSEDED-POST-V9/asai_clock_review_1939-10-03/sources/S23-G3M-JUNE-STATE.md	2409	0ffbda7600977ce7401e111727b9593920a060fa96911b5c4960c643f51f0b63
90-PROVENANCE-SUPERSEDED-POST-V9/asai_post_nomonhan_weapons_plan_1939-10-03/00-POST-NOMONHAN-WEAPONS-PLAN.md	17522	136a87f716b43d2af0aa86843f88217cd09ec60e156df397cc347ffdbbe24b51
90-PROVENANCE-SUPERSEDED-POST-V9/asai_post_nomonhan_weapons_plan_1939-10-03/sources/S01-V9-NOMONHAN-OUTCOME.md	4790	7f8a1d7bb3ebd29c99481805a30845ed6047044334351f6d4e380a00a1909e49
90-PROVENANCE-SUPERSEDED-POST-V9/asai_post_nomonhan_weapons_plan_1939-10-03/sources/S02-V9-ACTOR-LESSONS.md	4998	5704c3861bd21914d3c81a1d5776c4efdc860c18540718f83aa9b6b4bd72dd19
90-PROVENANCE-SUPERSEDED-POST-V9/asai_post_nomonhan_weapons_plan_1939-10-03/sources/S03-LEGACY-SEPT-WEAPONS-AUDIT.md	14247	76d99c707fc4edc913f2c793756c599a40179aa782d97930d44fc64945012f39
90-PROVENANCE-SUPERSEDED-POST-V9/asai_post_nomonhan_weapons_plan_1939-10-03/sources/S04-CURRENT-TANK-1928-1941.md	9357	434b4eb81775a1b3d54b320e1ddf42a41f60ae6935dcb55da1c9afc63bed2e6b
90-PROVENANCE-SUPERSEDED-POST-V9/asai_post_nomonhan_weapons_plan_1939-10-03/sources/S05-CURRENT-VEHICLE-DELTA.md	6461	53e47cb35d54a0ca0a343cb2c36428f3ea2d0f2097309c77fb4b9648973d1022
90-PROVENANCE-SUPERSEDED-POST-V9/asai_post_nomonhan_weapons_plan_1939-10-03/sources/S06-CURRENT-PHOTO-DEEP-FIRE.md	4025	34d432d8b730e784f2966b4cab937a74e2409eef786481037166a0cad649ae93
90-PROVENANCE-SUPERSEDED-POST-V9/asai_post_nomonhan_weapons_plan_1939-10-03/sources/S07-V9-SPECIAL-AMMO-FLOW.md	3934	53ebb414dd5782ea1bdebde017a91f43340ccb8aec2088e6c5ec14d0eea19b8b
90-PROVENANCE-SUPERSEDED-POST-V9/asai_post_nomonhan_weapons_plan_1939-10-03/sources/S09-CURRENT-FLEXIBLE-LINER.md	3564	721e5cbd0c2a3db0bf13e087c3f5b334ed2beda885d0a8a609576f9a3cc5961c
90-PROVENANCE-SUPERSEDED-POST-V9/asai_post_nomonhan_weapons_plan_1939-10-03/sources/S10-TECHNOLOGY-TRANSFER.md	7968	2d0653f975c4254cec1d7fa2308364175848da6972b6d1ed4f7c32c386a4a832
90-PROVENANCE-SUPERSEDED-POST-V9/asai_post_nomonhan_weapons_plan_1939-10-03/sources/S11-RETAINED-TANK-TIMELINE.md	9097	758429da33e8f5062b13ccac4a529a08a2375c2249fbb1fb21fce7306b5778a6
90-PROVENANCE-SUPERSEDED-POST-V9/asai_post_nomonhan_weapons_plan_1939-10-03/sources/S13-V9-GUARD-EXTRACT.md	963	d69cdccd55789e8fc5d251e551e0a0af8eb88256231758ba0faf258eb82f723f
91-PROVENANCE-QUARANTINED-AIRCRAFT-RESEARCH-V11/00-NOT-CURRENT-READ-FIRST.md	806	a1115e7f7f263481a029d04d50577caa2395b31ad5bb3d40a4b3e6c48aff2070
91-PROVENANCE-QUARANTINED-AIRCRAFT-RESEARCH-V11/01-SOURCE-ORIGIN.md	337	69774c64b3fe26f3b84b0d4b81985e0d95055e64e4faa97c3da2c5bbe24a1347
91-PROVENANCE-QUARANTINED-AIRCRAFT-RESEARCH-V11/02-QUARANTINE-SHA256.tsv	1533	5aa3629df8845c8de917ce60928b2494ef85cf30bef8eb7bbc7fb058b5cbd19e
91-PROVENANCE-QUARANTINED-AIRCRAFT-RESEARCH-V11/asai-works-jet-carrier-sakufu.md	10563	f7e0c9606b623dd906e6447c4b30642ddd10d1f194bf2110b0010531fe35a58e
91-PROVENANCE-QUARANTINED-AIRCRAFT-RESEARCH-V11/asai-works-jet-hekireki-21.md	6950	2b4853871182b7875c47d05ff800dfa94fafcadada4387d3972c4c3cf18a4515
91-PROVENANCE-QUARANTINED-AIRCRAFT-RESEARCH-V11/asai-works-jet-hekireki-kai.md	8294	126149b55011c9770eea3392147066f3d00ba5ac8142f6a1b2fdfc47d7044923
91-PROVENANCE-QUARANTINED-AIRCRAFT-RESEARCH-V11/asai-works-jet-interceptor-airframe.md	8755	7ad7c77ed773ccfed48dd6ffde34c36ccda26975e8b8454554edd42a6d1c02ad
91-PROVENANCE-QUARANTINED-AIRCRAFT-RESEARCH-V11/asai-works-jet-interceptor-program.md	9489	c3a9c9857f46ef7f8ce15848a292744b7ae314b381b1eb69004eb1035ff7808b
91-PROVENANCE-QUARANTINED-AIRCRAFT-RESEARCH-V11/asai-works-jet-interceptor.md	10779	4a897be4db4119372bbe7de26600f7a4e5f1429ec76e0c1a5b676040e5006614
91-PROVENANCE-QUARANTINED-AIRCRAFT-RESEARCH-V11/asai-works-jet-sakufu-prototype.md	9406	e84a7d5c4dcaf5c5349a7dc5206b6e79e3dd31e37a664452ee53df13bcb600f1
91-PROVENANCE-QUARANTINED-AIRCRAFT-RESEARCH-V11/asai-works-kaifu-11-i0-feasibility.md	5815	12f353e2a442e7a1b9353ef5f7dd379f7c773867fa4210584a4cc5a5b640310b
91-PROVENANCE-QUARANTINED-AIRCRAFT-RESEARCH-V11/asai-works-kaifu-11-requirement-reaudit.md	6671	7b8a09c8c288a71cc94cdf21ca39cb92efe6d32ecab9f251839fe63c017e0439
91-PROVENANCE-QUARANTINED-AIRCRAFT-RESEARCH-V11/asai-works-turboprop-fighter.md	15779	2a7cc15e7ed7042b2c4775c1fccec49e6ca24154ca40d920f32c5e92ea30feb8
91-PROVENANCE-QUARANTINED-AIRCRAFT-RESEARCH-V11/asai-works-turboprop-ki40.md	9177	b64a6981656700817227f1536109047d1678e10c7a8f3329da452e573949fbcc
92-PROVENANCE-QUARANTINED-ROTORCRAFT-RESEARCH-V13/README-V13-ROTORCRAFT-QUARANTINE.md	690	84deac4e103c4ea9f550d2c06c5140b7bbe1507262439d4a2ca6f73752aaa92b
92-PROVENANCE-QUARANTINED-ROTORCRAFT-RESEARCH-V13/asai-works-rotorcraft-v46-COMPARATOR.md	26113	3a20a26ebf281c68e25d851877b7d49d03f8f146bfb7b27c6039340a4178232d
93-PROVENANCE-QUARANTINED-GROUND-RESEARCH-V14/00-NOT-CURRENT-READ-FIRST.md	310	4345bbbd33d518d391c1c7a008ab4a17f290766a2e2b75e479a6be4341fb1903
93-PROVENANCE-QUARANTINED-GROUND-RESEARCH-V14/37-TANK-CONDITIONAL-TECHNICAL-CLOSURE-V25-2026-08-24.md	2479	1b20c6dbe0fe995800e6be05afe2730ee88b2a556bd103f628d704aa6f422e18
93-PROVENANCE-QUARANTINED-GROUND-RESEARCH-V14/39-POST-TANK-OPEN-AUDIT-V25R1-2026-08-24.md	5017	3edc3377b706ec600d0d771a4b2e3585d8b8c89a92789b655aecab944669bb60
93-PROVENANCE-QUARANTINED-GROUND-RESEARCH-V14/asai-works-amphibious-landing-system-1938-44.md	3357	2603da237db5c0c440feb6b3746c194290578ad9a7b295fa027b879d6c03edb6
93-PROVENANCE-QUARANTINED-GROUND-RESEARCH-V14/asai-works-military-diesel-vehicles.md	17064	0150dc077bcda9a4136822bf1a35d8e800f3c55776143be647043131d03a15f4
93-PROVENANCE-QUARANTINED-GROUND-RESEARCH-V14/asai-works-tank-engine.md	11554	4e88ea0e9e6133af35152a5eac1121d4b6826c594c0a22352c08074907ba0499
93-PROVENANCE-QUARANTINED-GROUND-RESEARCH-V14/asai-works-tank-gt-hybrid.md	5971	76dffb8f081916c018f2bd613e16b6726d3dafe6c56654c1b81da1d333786658
93-PROVENANCE-QUARANTINED-GROUND-RESEARCH-V14/asai-works-tank-lineup.md	1683	a82313c188298699f9c3b0fe3e39e80c9e5cc55d21c39c8738da5db8d4bff608
93-PROVENANCE-QUARANTINED-GROUND-RESEARCH-V14/asai-works-tank-next-generation-conditional-1939-45.md	13210	82db7612761009c38d28aa34c8e51c0871c7d8661381d300ce525ba7b96d5c0c
93-PROVENANCE-QUARANTINED-GROUND-RESEARCH-V14/asai-works-tank-spg75.md	15638	0d4915094882204372dbb38d1c177acf01bd8f5b3ff3afda8e8231bea00714d2
94-PROVENANCE-NAVAL-SESSION-SOURCES-V14/00-NOT-CURRENT-READ-FIRST.md	346	bfab7f6afcea3e3750796427643a960b5fb54f3c41313fc1cdc8885ba0e0a806
94-PROVENANCE-NAVAL-SESSION-SOURCES-V14/naval_commercial_overlay.md	1419	e974009fcae5f4280f81981cb85816849a9a3ff835ecc2f3cb2963a45e429a26
94-PROVENANCE-NAVAL-SESSION-SOURCES-V14/session_delta_0830.md	22307	2edb2c537244361657afeffb3530ddd7a036d3250be29b56147b701df7a268f6
CURRENT-MASTER-FILE-INDEX-V10.tsv	13542	309b3cea0210020726d8b0c8dadf80227e38f6261a968032d32546abbd32ed41
CURRENT-MASTER-FILE-INDEX-V11.tsv	14832	cdec5de9849a7e773c07d61538acafe0bfd5fc9521f4b414f10655d2a1a71d04
CURRENT-MASTER-FILE-INDEX-V12.tsv	16007	322af7a35719d406e9e12833664a3c54b9d94d41661acf25965d7164c16d53a4
CURRENT-MASTER-FILE-INDEX-V13.tsv	17145	41421dc1192a647939b7512d8b9d2575e7d22595111ddd0005fe748b55f4c45e
CURRENT-MASTER-FILE-INDEX-V14.tsv	18709	b6e6642d43fec7123d9f94014a5c3782f1a3052d1ced5b862d9a2149b778ba28
CURRENT-MASTER-FILE-INDEX-V7.tsv	1617	9797b855ceec0848a7f797fdf953d4b088308e3143e359711ebdf7e35d429942
CURRENT-MASTER-FILE-INDEX-V8.tsv	2816	f167e37181ca43fdde391860160a567b175734aa86b8ca27c4592abc25b4ac79
CURRENT-MASTER-FILE-INDEX-V9.tsv	7835	0873ccdf4a54357a008927ace4d1f9e68b988832c8c11d1de874ca72c7feb242
DECISION-INTENT-INDEX-V10.tsv	1843	8f7f5b64f63eb1d5c67f9066dabdb0cd468c48415024d8967ec45732394b8cdc
DECISION-INTENT-INDEX-V11.tsv	2991	aa54f5e0da145f941d8c16d65966bc666159165c1173afb4fe24a7e53db200ac
DECISION-INTENT-INDEX-V13.tsv	3994	9b2822d0147ca5546c785e1569d562b24453974c65f09ece6e2624fbbca36695
DECISION-INTENT-INDEX-V14.tsv	5524	6664cdf1c4040acbb8aabeb61e6555a7f4149fe4465173f8c22c5392e717957d
DECISION-INTENT-INDEX-V7.tsv	2035	0d84305c4fc3b11f959aeb2e1e7616fc3e6b6530debf45ef18aadd3cb1b630d5
DECISION-INTENT-INDEX-V9.tsv	6256	0e592e0498431bca9e7b27f0c2015b538480c34b43def0f1250b8c023de5c33f
FULL-PACKAGE-MANIFEST-SHA256-V10.tsv	129832	b8a20cf0f3a694fd20b89aa018d3b16b932909abdf8662a42593bd86fb71ad2f
FULL-PACKAGE-MANIFEST-SHA256-V11.tsv	134789	460c5ba8317fe95685e0801fa0e4cc6a50f9974ee665bbd8d71d37a2cc5fe6e1
FULL-PACKAGE-MANIFEST-SHA256-V12.tsv	136022	d2df54d799c2be09523807e04642dadfb7b8d9f1d1298135a937ebd913dd5408
FULL-PACKAGE-MANIFEST-SHA256-V13.tsv	138870	a0e25d313a58b226e36036a560acb5f7003b4354af414cadb1d6a8126c8fc6c4
FULL-PACKAGE-MANIFEST-SHA256-V7.tsv	60743	9abd175d975d8a6e037f32e8cef329c45f6442ec793b9488afb21acdb1897150
FULL-PACKAGE-MANIFEST-SHA256-V8.tsv	96147	5b4e751dd294c28a350ec9b1733c7c01f915c4b048b375fd2a37989234b7cecc
FULL-PACKAGE-MANIFEST-SHA256-V9.tsv	105520	9b959e5fd374bc9ce2f72848aeadadfda55eedfe19d50e62baef94853097db7d
MACHINE-INTEGRITY-AUDIT-V10.json	13449	613eae45769e40bf18431abc004bf6a1d086aac93047bae97b300baf5e0730b3
MACHINE-INTEGRITY-AUDIT-V10.md	12109	e2a2deb3ef42644be990b0e4310179d11cfb6e7e43ed28ac1b25e5f2d4dd7e7c
MACHINE-INTEGRITY-AUDIT-V11.json	835	88ea2f63824f1234118109738bbb5e38f2fde456df52ef3ae1bd2e0b954bf6fc
MACHINE-INTEGRITY-AUDIT-V11.md	1001	25a996ee4a7acc4719103295e0410a9a6cef32e34d601a40994d396da5d75ed9
MACHINE-INTEGRITY-AUDIT-V12.md	1122	ff96f98b8074fd833861292bc34106be81acfa93b74c59734dd4d73538934501
MACHINE-INTEGRITY-AUDIT-V13.json	845	39f653a0f8d114039d27516dc0bb7a29b5fe4c6962669704cda3ee3297d53f78
MACHINE-INTEGRITY-AUDIT-V13.md	1026	cce3d71d6a69089b77ade7c724671bee3211917e1ad21589cb1cca2cb8adc65a
MACHINE-INTEGRITY-AUDIT-V14.json	1372	1564e77663164a38ff2eb6750e35b2334b187e5b732f5a8851a6f870b7651f7f
MACHINE-INTEGRITY-AUDIT-V14.md	2134	22f6b95d5bbee9a2c0469036a0fdf191df38090d9a91770963d69cb40718ea44
MACHINE-INTEGRITY-AUDIT-V7.json	307	96a1cd582c8cdf1eed79074940bac0f8350e1e2ba68bf7bf6709bf166c241596
MACHINE-INTEGRITY-AUDIT-V7.md	390	75fb1cb7d7c638be4bd48e2b759fc003142633322a031caf8dd9f8346b2265af
MACHINE-INTEGRITY-AUDIT-V8-1939REPLAY1-NANCHANG-A1.md	784	05a09045116c7adb2996a2e6eeb7cfd8107d54d5feafc641ecc4ed577f6d50e6
MACHINE-INTEGRITY-AUDIT-V8-1939REPLAY2-NANCHANG-A2.md	1630	993bc9b8143df23d755a233d036b2868a210414072ff53c83a9d8322a17312c2
MACHINE-INTEGRITY-AUDIT-V8-AIRPOWER10-CFRP1.json	326	a2e6cccc138fc7580cf787797da33763466c202629deda71b90abab9c359a493
MACHINE-INTEGRITY-AUDIT-V8-AIRPOWER10-CFRP1.md	782	6f43457591528cc4751ec1239c3b3b9fc2e42adfc7556619e6852971eb24085a
MACHINE-INTEGRITY-AUDIT-V8-AIRPOWER11-MATERIAL3.json	329	87fbcecdf0ae6ac5d09db89ac0a2a2376f70c256667d2bf8ec44a054098a9b95
MACHINE-INTEGRITY-AUDIT-V8-AIRPOWER11-MATERIAL3.md	824	5aa93f8071134a547d6e1d7f5df3581c324174f8562e2208f3a13e491d21495c
MACHINE-INTEGRITY-AUDIT-V8-AIRPOWER12-COMPANYSTATE1.md	904	123f71285fcd4d72c21d5d065b9a9994859a4179ee7b96518c196a739287ce0e
MACHINE-INTEGRITY-AUDIT-V8-AIRPOWER13-APR20CLOSE1.md	671	158fa0629dcf4d9817b9c4a72b056f451686147ca0da91892ddce8f2a056f42d
MACHINE-INTEGRITY-AUDIT-V8-AIRPOWER14-REPLAYREADY1.md	765	70804d5da7d7d119061cfcf38285687fbebb225de7d071cc2789d9f9ebf80f38
MACHINE-INTEGRITY-AUDIT-V8-AIRPOWER3-HOMARE1.json	1316	bcba8316b050fe41aad5e7709bb71a3f7e2afa0c8f68350046a4c40f946f3b39
MACHINE-INTEGRITY-AUDIT-V8-AIRPOWER3-HOMARE1.md	2002	ebc7559bbb5af00e186f236e15c877aad5cb7e020c116091786cd14e30236592
MACHINE-INTEGRITY-AUDIT-V8-AIRPOWER4-AIRFRAME1.json	1705	b53ccef4080e9b605b28337e594b763f2b2247218d4f41bb8f15526b4d11a723
MACHINE-INTEGRITY-AUDIT-V8-AIRPOWER4-AIRFRAME1.md	2567	a3378301bc0194bb035f365594e2b919e06c8fcf73b750b3c0de23dfa3d31424
MACHINE-INTEGRITY-AUDIT-V8-AIRPOWER5-GTCORE1.json	1054	a26f351512201b9fc2f9e471d2560eaa89126331816331ea8f689c1dcf8d8985
MACHINE-INTEGRITY-AUDIT-V8-AIRPOWER5-GTCORE1.md	2404	feb23ec849643bbed3bd1d08c24be23eef28c71d59e4a54feb3d647e025d9b5b
MACHINE-INTEGRITY-AUDIT-V8-AIRPOWER6-E5JET1.json	472	4f5f9739514d761392d11b76213a45523ea1cb438e7369ef75913d774538cec0
MACHINE-INTEGRITY-AUDIT-V8-AIRPOWER6-E5JET1.md	1921	c29e96e626178a29d737f6a4aadda3cfc1f17787544dad48e485f4f1ae98ada1
MACHINE-INTEGRITY-AUDIT-V8-AIRPOWER7-E6SJ1.json	324	6c483447b732da7af560e79ea45d1185bab0e42360e30ce33b80c0c152fc1807
MACHINE-INTEGRITY-AUDIT-V8-AIRPOWER7-E6SJ1.md	790	4139cbffa9ba9802f6ebe6a82bc3de57d255a75dc41b27fbfd5bda258933223f
MACHINE-INTEGRITY-AUDIT-V8-AIRPOWER8-E6BACKEND1.json	328	8cb2b07e03735de17a5253398f11c526ebe08dd3ec897d1c8e159530aabab7fd
MACHINE-INTEGRITY-AUDIT-V8-AIRPOWER8-E6BACKEND1.md	765	2706efce4773ce304f7915e519fa59c9ce681176870562c2650207536311632a
MACHINE-INTEGRITY-AUDIT-V8-AIRPOWER9-ROSTER1.json	330	e3fb1ce6d682b43a633460797ed57243a95e89ea941d5a8429ebf56191326224
MACHINE-INTEGRITY-AUDIT-V8-AIRPOWER9-ROSTER1.md	789	b89751a2a472f2bf7bf8be4c54e1ebc1f76059832b180e05d706026878d8542f
MACHINE-INTEGRITY-AUDIT-V8-EXHAUST1.json	519	b05e49383b25cb918d88972f0a296d2411c3ddf61446f3441ddd84be2b245afa
MACHINE-INTEGRITY-AUDIT-V8-EXHAUST1.md	2014	fe635510262b1b403c064fea4d62175de9844858bad0a533ce31bd3c41a443e2
MACHINE-INTEGRITY-AUDIT-V8-FIREOPTICS1.json	847	a08bad566bc48f7cbbdfa18995b36cd034512338ba357e982f4b115a36afbd55
MACHINE-INTEGRITY-AUDIT-V8-FIREOPTICS1.md	1342	1bcaafbcb08b19603bb1fb5605cb2a19c193d3d5368761741d770ba4802d1d68
MACHINE-INTEGRITY-AUDIT-V8-IDENTITY1.json	504	4bfa34dfed7e67f3ce492119d3e48c8b5cb946557dad2dccd747e0ffb178c5b0
MACHINE-INTEGRITY-AUDIT-V8-IDENTITY1.md	1699	348cd1d1a550fb22373f3e16e7f761d6869f63cc603d78936de2eb8d60982ef9
MACHINE-INTEGRITY-AUDIT-V8-NAVAL1.json	590	b88a8d643a3aeba5d4b55cc001f0cb79806cd2983cf3195d6036f9d828d458c2
MACHINE-INTEGRITY-AUDIT-V8-NAVAL1.md	337	cd0c73be59fc8587e03226f0de424329549513cb1feb997bc9d21cd327cecb0d
MACHINE-INTEGRITY-AUDIT-V8-NOMONHAN-A2-AUG20RESERVE1.json	160	8f2c071909b5ab3e9ec969c1f38e70b043b4cfa51742cde0b4780457a4d21a32
MACHINE-INTEGRITY-AUDIT-V8-NOMONHAN-A2-AUG20RESERVE1.md	326	d2dff2c1d82cc5b384bd9ebd5ecbbb151854e74439d5a0f352bd83a8613d8e66
MACHINE-INTEGRITY-AUDIT-V8-NOMONHAN-A3-AUG22CORRIDOR1.json	264	50314b501190671fccab80bd334a10c5726eb0522d8d527d24a92afe54703ff1
MACHINE-INTEGRITY-AUDIT-V8-NOMONHAN-A3-AUG22CORRIDOR1.md	327	31de73004edc830b34e7f282f438ccfdcb3684c887e856c7e47f8c05b13a7a2a
MACHINE-INTEGRITY-AUDIT-V8-STATEFIX1.json	1257	9243257f18b7957c6f6a726c0ead7888e8e698987dfe346f0cc4d88e6e947c04
MACHINE-INTEGRITY-AUDIT-V8-STATEFIX1.md	1356	79b73e3acc1108bcc1a8b9cb14763376c5a75f48caa652401787b9a04ff3f744
MACHINE-INTEGRITY-AUDIT-V8.json	844	c8b2f540f76762880cd9eaaf79e1aedb1d703acd56d50ce164ef02e72873afc2
MACHINE-INTEGRITY-AUDIT-V8.md	805	7d4d355b4b2eaa860f7e0a94dc8735af1425ef68554fe9a5212177a25024d46b
MACHINE-INTEGRITY-AUDIT-V9.json	2021	0ebe6343211c6bd2d125acba1205483a4e83f01aa9be7e97eb39653c59f4f820
MACHINE-INTEGRITY-AUDIT-V9.md	1359	61cb98a21f602782c174f8a62cd92435c9958531e8373143eaeef3eb9b07ccf1
PACKAGE-INVENTORY-V10.tsv	94747	2826965f15af7566bf57b71ee948be9524be60b5f3f3a461217b91ee7079bc58
PACKAGE-INVENTORY-V11.tsv	100428	fcbe0638632be8e19c368f8a3b00492b2d0e5fe4314ff2b408d1d8af576fef70
PACKAGE-INVENTORY-V13.tsv	99397	af963b8e785d768a52542e9b4d2b6d6fbe6f113548e9b03ff3baf1384a89e8f4
PACKAGE-INVENTORY-V14.tsv	104407	4e6c0f5018b4926ed6559c8504e4bef0489015c6a95bae0b539a6bdea3c48900
PACKAGE-INVENTORY-V7.tsv	60647	6ae6453a73fce4c27814029e5b5128e049c99223933e81213272d5cc44ba8dab
PACKAGE-INVENTORY-V8.tsv	57174	027fb763ca52c1fe62e905e4437f8a530c340a1864f5ce9946a69e90615e3f59
PACKAGE-INVENTORY-V9.tsv	62717	b9dbf5cba46c478b919e4c9bb479ca6b76197b0362dbf3c9d711019607a06c5c
PACKAGE-STATE-V10.tsv	21358	9f1d5a8ebd1ece9f0d934e15033d0c6cafa158c84d7710bc61007f5308210018
PACKAGE-STATE-V11.tsv	23771	e8ebaa5ef4890ecd016810fe887e6dad6c5582ae2a2ffbf5e8aa0683298167c9
PACKAGE-STATE-V12.tsv	24519	69ee31b1a6eec8b70b920cff414b6cfcc5cd7d3ea1891e960a302618aff9ddf0
PACKAGE-STATE-V13.tsv	25674	f59129c6f67a1b52769b9a614247a11ae7efe963d0510f468eb9db657d11896f
PACKAGE-STATE-V14.tsv	28367	f8acdc78a3b20d9f2d50e6f0a4eaed90a67217ba02b786e721a3eb33ecee96ba
PACKAGE-STATE-V7.tsv	540	ac882c7ca13ec58f4284b17182f3fc7d5eb5f18364b314e30bb35863eda41684
PACKAGE-STATE-V8.tsv	12310	ca71d871038e10ca341519e747966a88fa0b4132fc40308dd16264b72108b95b
PACKAGE-STATE-V9.tsv	5337	ad74bc881381961b9f56a9b490a32fd23ecc0b52b38a543c553a2656944733d2
PRECEDENCE-2026-09-01-FULL-V7.tsv	1500	6e1daebfcfce62ae64e8b8d847242083d66b9c0bc822ba7a638c4c6ae78a3ade
PRECEDENCE-2026-09-02-FULL-V8.tsv	934	389480247b7b4f43a10abd90f4ba4989ba04341dde0913515c934ff35fc1713a
PRECEDENCE-2026-09-03-FULL-V8.tsv	3783	2a760def92592f3ee475717e9ae86848ada3bbf5200b381fe58a96d2b5411255
PRECEDENCE-2026-09-04-FULL-V8.tsv	16617	90be4fe59aaca2b03b73aa054d48d1f7fd8cbfd4d0cf66c010ce74f9a126666b
PRECEDENCE-2026-09-05-FULL-V9.tsv	4998	81756f4d6fd59adc58d94d1ec61dff59a3ed323db642e52d5606767de5a2c4e3
PRECEDENCE-2026-09-07-FULL-V10.tsv	1025	344ba0e0be9ac9b1baf11c7f343572cefe25db6197202d7c0dd7f4a7b09422a3
PRECEDENCE-2026-09-08-FULL-V11.tsv	1253	2a90b318aff46140de4cc1e7828ea860ac21f37ac83e7fddcfb4bed837365617
PRECEDENCE-2026-09-08-FULL-V12.tsv	1342	5f9ab906c457f9164cf23b0c0df232e393edff598f99dab16884eaccb94a16e7
PRECEDENCE-2026-09-08-FULL-V13.tsv	1569	b4e591ac0d845a8cb526610f384dd910499fa9d7972506a312be9bee71ecfb5f
PRECEDENCE-2026-09-09-FULL-V14.tsv	1902	7ad845e50c6ab1df6db7a814f0ce1598d32f0bb8af040661710e094d13e971f9
SHA256SUMS-V10.txt	125647	ebbe539f7bfe2699b0889ab27ae15b07ca55342d7da3a417ea6a9e1766ae7a36
SHA256SUMS-V11.txt	130418	e884a48420d2e15d880cc1f5a3b06e942ed394775afada64d8c5fb55f74a755d
SHA256SUMS-V12.txt	132433	7be8cd0b2eb2ad0150472187f96a6af6850b85578e63e6dcb4af0f43cdecf9f2
SHA256SUMS-V13.txt	135189	38bff2d60ff93afde07e66e3eca8b7136836b7b568cb88a0aacafe1923d13987
SHA256SUMS-V7.txt	59367	d8c5b0f377cfb00480b7f7a503b050113111a0a18fa15f072d8569ba8b7e15df
SHA256SUMS-V8.txt	92566	d130aed6699ede632a2742c20425a76b8a706111fc157ab88de75fb29d4606f8
SHA256SUMS-V9.txt	102869	c6ef6a09f2061cee455bb83811917eba7a9cb39116e5e29b3355f5af81c0801f
TERMINOLOGY-AND-SUPERSESSION-GUARD-V10.tsv	3019	4661bbe735ad686b5a15e0fe6b631b54393c4c3bd2d224db3ce46fe225533d84
TERMINOLOGY-AND-SUPERSESSION-GUARD-V11.tsv	5599	374a403702e219fd23a6648f28d044ee0f9fd77d5fbafc2b834a8aa7129462c2
TERMINOLOGY-AND-SUPERSESSION-GUARD-V12.tsv	6285	98ef1da84cfb67cecdfa1a875ac86f8dcdd9668d68c1586e2f20379a2f3a6115
TERMINOLOGY-AND-SUPERSESSION-GUARD-V13.tsv	8095	f08453cc91ec5712fc36dd98dc64dd73e427b260f6dd26588f5e77177290e7fb
TERMINOLOGY-AND-SUPERSESSION-GUARD-V14.tsv	10344	94afcf23986b8f874de2f8ec8b9ec7b38480329fe640b8b3b9566497eda30f12
TERMINOLOGY-AND-SUPERSESSION-GUARD-V7.tsv	1820	0d9ef07e07454812ff50409bdc5b326b1e3ad212bd0735bccd4972c3058a35a8
TERMINOLOGY-AND-SUPERSESSION-GUARD-V8.tsv	5386	cd780995b72b471c4101fc63cb072d4634ccef23bf905a9bb9e5a5c83da2eb10
TERMINOLOGY-AND-SUPERSESSION-GUARD-V9.tsv	10907	25b7ef804eb173cddc0d9910625b117771ed0e4e0d950c1be36f16c373bb06c0
V10-CHANGELOG-B5NAUDIT1.md	1421	21409435016b2e6d9f814ffd56f8ad2e96876b514cacc11b894d4d8670497256
V10-CHANGELOG-B6NAUDIT1.md	802	2b8139e975adad5ce95d0c9e8b8161393e6f3643539b35b3d303370721441ac7
V10-CHANGELOG-D3AAUDIT1.md	973	7366b8172f3c036381428ef94c73fdcdd75241a8b9e064389954342ea67ce340
V10-CHANGELOG-D4YAUDIT1.md	884	8a6b86b37ce4304f86a9de3b25bea0689a401cd4602bff1dcf5b7188a72f15e0
V10-CHANGELOG-E5E6TRANS1.md	980	2f51efcfbb46792bc55bdf11f8230c534abf91e4d0e27aadc0362376705cc6d8
V10-CHANGELOG-E6BOMBER1.md	702	b33eeb9610b4bd55fb88d86345c1d7a60e4b7e9cafcdc892f7f1174ad7a6e65f
V10-CHANGELOG-E6FRPORD1.md	1860	66d82b9a9466bac5bdd6d153e7fe0d170b21fdc022618e5dee7e53230f13dece
V10-CHANGELOG-E6MISSION1.md	1262	a3ea8e3118684a42b63be73a9c21c31ddd14faa25234f2618affe826635e99e3
V10-CHANGELOG-E6SINGLE1.md	1243	a3ce66b4d860c76689fdcc72432ece695bb3608997a00a8e6857a16d7f478274
V10-CHANGELOG-E7OUTLOOK1.md	1058	7ecbd0379251ae7bcff9e4eb81d1083a4fd3b99d4a842bc8f0898914fd27d6ab
V10-CHANGELOG-E7TPOUTLOOK1.md	1159	9149e59fb60c4f9cb1bf7ce79dc6c7dfa200e1af19ec2a8ca861956cf4f51855
V10-CHANGELOG-EFAMILY1.md	564	5a3767c291b0c00b3f749c0e0761dd32c6a448b8fc16f52fca3f4699d8827eee
V10-CHANGELOG-G3MAUDIT1.md	762	e6a86554a0ab737c7b92ddccd1aa43efdec30bafba94e994263a6c51641bdfa9
V10-CHANGELOG-G4MAUDIT1.md	1033	3ff509bd7461f8527012e1627fe5acd2cb9815fbda2a287f36b80b9861083e96
V10-CHANGELOG-NAMEGUARD1.md	706	d0c267439c4fc25cefe0f6f6df7a9a52cd4a3d0eaa3812568302458c247eeac6
V10-CHANGELOG-NAVALJETTORP1.md	1532	67fed83c40b9601af0a591ec37921a26722460fd1d356aa95192a68142663d6e
V10-CHANGELOG-RETROAIR-NOMONHAN-CHINA1939.md	4407	0325a783b7aaa0f296732ed63ca75da69e30e5b84f0bf84194c0485411fe48ae
V10-CHANGELOG-TORPEDO41CLOSE1.md	1031	6a31644f7dde214302351fa2519d094590a1808cab4919d5c522e262215b5b38
V11-CHANGELOG-AIRCRAFTDEV1.md	741	f26408f2e34ea51bf4d65cb5814cb398bb0cee283eede511bb4ddafb00e35627
V11-CHANGELOG-INDUSTRY1.md	688	0122e76689ab1f1a88ce981bc8b85868ab52c74aaf9eec0ebcdcf53fdc574e4a
V12-CHANGELOG-FIXEDWING-CLOSE1-PROCUREMENT1-STOL1.md	1482	d6e43e90f0aa36767f50a9fdcc6bc539977f8e24c997556d1bb9227e65f1d17f
V13-CHANGELOG-HELICOPTER-CLOSE1-ROTORCRAFT-GUARD1.md	918	a6c1b06f11cfd5dbd7def2160dc8053430c09683bd3ed3d6ae4247137f93e02e
V14-CHANGELOG-GROUND-NAVAL-CLOSE1-MARINEGT1-STOLCARRIER1.md	1691	abb1fd749d55e5ba9ae1ab926c8ed83539b7658607a9e18c1232235cbf99492e
V7-CHANGELOG-CHINA1937REBASE1.md	2216	571e669ce60eb21ae62cd11b167d04fcc1e46bd73b82c24a162fe51873bfc0ad
V8-CHANGELOG-1939AIRPOWER1.md	660	419a33a5263cc6f5125a15eec3183aa5f817760dda5683bdc530b70655c65f4b
V8-CHANGELOG-1939AIRPOWER10-CFRP1.md	889	6a6f294d0af6c34600d1c74056983483ea7e70112ad141e1ce942dee6882ff23
V8-CHANGELOG-1939AIRPOWER11-MATERIAL3.md	610	7cc6194624ae731719f7aeb57129debb88b9f01ad3741eb9ae04b36a8977426e
V8-CHANGELOG-1939AIRPOWER12-COMPANYSTATE1.md	1057	d9eaa92cdbdedffc433e431ccfdf3e89b979ca96a388d3c0a7a6d1254e8f8a10
V8-CHANGELOG-1939AIRPOWER13-APR20CLOSE1.md	941	39397652743411f234fa4f7971af17cbcecc222a0c93256071540d2a3ae17f0e
V8-CHANGELOG-1939AIRPOWER14-REPLAYREADY1.md	1573	53149841c7869b9a297a79e4fbd82e02c29fe51d0dd941dcf004f9959850693d
V8-CHANGELOG-1939AIRPOWER15-EXHAUST1.md	1158	8cac0eebae5ac658bd4ba916250dbdfe2aa07c79fa70cc0ff049ee9bee267a06
V8-CHANGELOG-1939AIRPOWER16-IDENTITY1.md	1489	441a49e9bc83233a9f3be16809fbb3de883ff65cef880e25e80a945016a75c18
V8-CHANGELOG-1939AIRPOWER17-NAVAL1.md	1676	a6b1da063049d88131ad6dcbacc39b6cc702d66f55ea55ad49f2604978550576
V8-CHANGELOG-1939AIRPOWER2.md	1971	305d7bbfe30d9f5f63efe6afcf901b5f521ec93ef3acdd454a331dc61c5eb349
V8-CHANGELOG-1939AIRPOWER3-HOMARE1.md	1919	707ce76fe43be750177f29dd435d0aa4491edcd867b06a076eda2e37cc698338
V8-CHANGELOG-1939AIRPOWER4-AIRFRAME1.md	3619	2aa1c2973ffcb53291118b3a7543eda611066722db914ce1f43e522d334c9468
V8-CHANGELOG-1939AIRPOWER5-GTCORE1.md	4510	302d96b0ab52e0a5ce348cc6417f2fe8138e477abe19679775a137e2871f4dc5
V8-CHANGELOG-1939AIRPOWER6-E5JET1.md	1486	80b1f938751fb157a58d8daed240a3140d70bea9db506efed3fc62f585ef91ae
V8-CHANGELOG-1939AIRPOWER7-E6SJ1.md	934	a3d3fa0ff4a16299308bc013b6a5bcec8020b4074e9be8d6d4be81e6099b9ba0
V8-CHANGELOG-1939AIRPOWER8-E6BACKEND1.md	427	40bb55b8315ff238da5a2b1954234144ca21042f28d0510394cb5ad2f2f7db51
V8-CHANGELOG-1939AIRPOWER9-ROSTER1.md	1053	0806f83d46f79472119d8f6f0cabb43681d4fa6f817006f8b1b67843db50d765
V8-CHANGELOG-1939REPLAY1-NANCHANG-A1.md	844	02825b8fc0ac934ecc9c3c5f84f1a849b4657b337950556dd2907eeca6d387f5
V8-CHANGELOG-1939REPLAY2-NANCHANG-A2.md	764	9bec167d5c76e1134c67066efbe0206e1cc25d439552619cb5becb9f48b32926
V8-CHANGELOG-1939REPLAY3-NOMONHAN-A1-FIREOPTICS1.md	1504	62767f8933f8c593dcfba2e0efe6b26fd377914cf2105f9ade0dc28d76e46a47
V8-CHANGELOG-1939REPLAY3-NOMONHAN-A2-AUG20RESERVE1.md	1344	aa8467922acc1b3b9864bc0f9f95f1a3416e1c1cf5a7c4fd97159876bb6560b2
V8-CHANGELOG-1939REPLAY3-NOMONHAN-A3-AUG22CORRIDOR1.md	1430	925790deef2b9f73f093bb8c1f9e3c7fa47d91efbee8d011c0ea8f35420bf5f8
V8-CHANGELOG-STATEFIX1.md	1062	8a27722691734f4784177056cf6db6af036f76c26aab9916d52ac03122b7c84f
V9-CHANGELOG-SESSION-CLOSE.md	1332	cbbaa5aa17283fc803c5ada566576a271cc7041a5cb04a2869f29ca457129732
V9-DATAFIX1-CHANGELOG.md	1498	7d9b21bcf05335dfb1e227fae93f922e26839de456a270af0c252edf62b78081
V9-TECHCLOSE1-CHANGELOG.md	1919	65c9abc6d356ffd91fc74c1d5651e3be922066b5de52724167b197fb04798c06
V9-TECHCLOSE2-CHANGELOG.md	2075	dc962f75c031822130033ba33fbc6a66a66553a262664f9d58e042bf3453a38c
V9-TECHCLOSE3-CHANGELOG.md	950	bc235e73d92226a8527ac0747457afacafa64eae307f863137ccc9fd9d8218d1
V9-TECHCLOSE4-CHANGELOG.md	3294	ab82d4ce99bc4a9c980bd9629602563fa4d44d55d6dcb38fb2af881b7720362d
