path	bytes	role
00-START-HERE-2026-09-01-FULL-V7.md	3636	INHERITED/PROVENANCE
00-START-HERE-2026-09-02-FULL-V8.md	2203	INHERITED/PROVENANCE
00-START-HERE-2026-09-03-FULL-V8.md	7281	INHERITED/PROVENANCE
00-START-HERE-2026-09-04-FULL-V8.md	2736	INHERITED/PROVENANCE
00-START-HERE-2026-09-05-FULL-V8-REPLAY3-AUG20RESERVE1.md	4762	INHERITED/PROVENANCE
00-START-HERE-2026-09-05-FULL-V8-REPLAY3-FIREOPTICS1.md	5473	INHERITED/PROVENANCE
00-START-HERE-2026-09-05-FULL-V8.md	4762	INHERITED/PROVENANCE
00-START-HERE-2026-09-07-FULL-V10.md	10957	INHERITED/PROVENANCE
00-START-HERE-2026-09-08-FULL-V11.md	6338	INHERITED/PROVENANCE
00-START-HERE-2026-09-08-FULL-V12.md	3731	INHERITED/PROVENANCE
00-START-HERE-CURRENT.md	3239	PACKAGE-CONTROL-V14
01-BASE-V6/00-START-HERE-2026-08-31-FULL-V6.md	2177	INHERITED/PROVENANCE
01-BASE-V6/01-BASE-V5/00-START-HERE-2026-08-30-FULL-V5.md	4910	INHERITED/PROVENANCE
01-BASE-V6/01-BASE-V5/01-BASE-V4/00-START-HERE-2026-08-30-FULL-V4.md	2610	INHERITED/PROVENANCE
01-BASE-V6/01-BASE-V5/01-BASE-V4/01-CURRENT-BRANCH/00-START-HERE.md	6644	INHERITED/PROVENANCE
01-BASE-V6/01-BASE-V5/01-BASE-V4/01-CURRENT-BRANCH/01-GLOBAL-RAW-SOURCE-INDEX.tsv	161035	INHERITED/PROVENANCE
01-BASE-V6/01-BASE-V5/01-BASE-V4/01-CURRENT-BRANCH/02-TOPIC-SOURCE-MAP.md	3772	INHERITED/PROVENANCE
01-BASE-V6/01-BASE-V5/01-BASE-V4/01-CURRENT-BRANCH/03-CURRENT-BRANCH-INDEX.tsv	57798	INHERITED/PROVENANCE
01-BASE-V6/01-BASE-V5/01-BASE-V4/01-CURRENT-BRANCH/04-CURRENT-BRANCH-HISTORY-1903-1937-SUMMER.md	38240	INHERITED/PROVENANCE
01-BASE-V6/01-BASE-V5/01-BASE-V4/01-CURRENT-BRANCH/05-CURRENT-CLOSED-PRODUCT-WEAPON-LEDGER.tsv	3615	INHERITED/PROVENANCE
01-BASE-V6/01-BASE-V5/01-BASE-V4/01-CURRENT-BRANCH/06-CONFLICT-AND-REVIEW-QUEUE.tsv	12800	INHERITED/PROVENANCE
01-BASE-V6/01-BASE-V5/01-BASE-V4/01-CURRENT-BRANCH/07-SESSION-DELTA-2026-08-30.md	22307	INHERITED/PROVENANCE
01-BASE-V6/01-BASE-V5/01-BASE-V4/01-CURRENT-BRANCH/08-MILITARY-DELIVERY-LEDGER-1937-SUMMER.md	7551	INHERITED/PROVENANCE
01-BASE-V6/01-BASE-V5/01-BASE-V4/01-CURRENT-BRANCH/09-MILITARY-DELIVERY-LEDGER-1937-SUMMER.tsv	2195	INHERITED/PROVENANCE
01-BASE-V6/01-BASE-V5/01-BASE-V4/01-CURRENT-BRANCH/10-WEAPON-IMPACT-LEDGER-1937-SUMMER.md	15822	INHERITED/PROVENANCE
01-BASE-V6/01-BASE-V5/01-BASE-V4/01-CURRENT-BRANCH/10-WEAPON-IMPACT-LEDGER-1937-SUMMER.tsv	16389	INHERITED/PROVENANCE
01-BASE-V6/01-BASE-V5/01-BASE-V4/01-CURRENT-BRANCH/11-MATERIAL-TOOL-WEAPON-IMPACT-AUDIT-1937-SUMMER.md	6415	INHERITED/PROVENANCE
01-BASE-V6/01-BASE-V5/01-BASE-V4/01-CURRENT-BRANCH/11-MATERIAL-TOOL-WEAPON-IMPACT-AUDIT-1937-SUMMER.tsv	1022	INHERITED/PROVENANCE
01-BASE-V6/01-BASE-V5/01-BASE-V4/01-CURRENT-BRANCH/12-MACHINE-INTEGRITY-AUDIT.json	1236	INHERITED/PROVENANCE
01-BASE-V6/01-BASE-V5/01-BASE-V4/01-CURRENT-BRANCH/12-MACHINE-INTEGRITY-AUDIT.md	668	INHERITED/PROVENANCE
01-BASE-V6/01-BASE-V5/01-BASE-V4/01-CURRENT-BRANCH/13-FILE-MANIFEST-SHA256.tsv	7221	INHERITED/PROVENANCE
01-BASE-V6/01-BASE-V5/01-BASE-V4/01-CURRENT-BRANCH/14-URANIUM-ROUTE-ECONOMIC-AUDIT-1937.md	8569	INHERITED/PROVENANCE
01-BASE-V6/01-BASE-V5/01-BASE-V4/01-CURRENT-BRANCH/14-URANIUM-ROUTE-ECONOMIC-AUDIT-1937.tsv	1005	INHERITED/PROVENANCE
01-BASE-V6/01-BASE-V5/01-BASE-V4/01-CURRENT-BRANCH/15-URANIUM-TUNGSTEN-DENSE-MATERIALS-AUDIT-1937.md	10332	INHERITED/PROVENANCE
01-BASE-V6/01-BASE-V5/01-BASE-V4/01-CURRENT-BRANCH/15-URANIUM-TUNGSTEN-DENSE-MATERIALS-AUDIT-1937.tsv	1155	INHERITED/PROVENANCE
01-BASE-V6/01-BASE-V5/01-BASE-V4/01-CURRENT-BRANCH/16-DENSE-CORE-AMMUNITION-MILITARY-IMPACT-1937.md	4619	INHERITED/PROVENANCE
01-BASE-V6/01-BASE-V5/01-BASE-V4/01-CURRENT-BRANCH/16-DENSE-CORE-AMMUNITION-MILITARY-IMPACT-1937.tsv	1690	INHERITED/PROVENANCE
01-BASE-V6/01-BASE-V5/01-BASE-V4/01-CURRENT-BRANCH/17-DENSE-MATERIAL-AMMUNITION-SUPPLY-AUDIT-1937.md	8761	INHERITED/PROVENANCE
01-BASE-V6/01-BASE-V5/01-BASE-V4/01-CURRENT-BRANCH/17-DENSE-MATERIAL-AMMUNITION-SUPPLY-AUDIT-1937.tsv	1468	INHERITED/PROVENANCE
01-BASE-V6/01-BASE-V5/01-BASE-V4/01-CURRENT-BRANCH/18-1937-07-07-EVENT-GATE.md	4824	INHERITED/PROVENANCE
01-BASE-V6/01-BASE-V5/01-BASE-V4/01-CURRENT-BRANCH/18-1937-07-07-EVENT-GATE.tsv	1215	INHERITED/PROVENANCE
01-BASE-V6/01-BASE-V5/01-BASE-V4/01-CURRENT-BRANCH/19-1937-07-07-08-INITIAL-RESPONSE-GATE.md	5485	INHERITED/PROVENANCE
01-BASE-V6/01-BASE-V5/01-BASE-V4/01-CURRENT-BRANCH/19-1937-07-07-08-INITIAL-RESPONSE-GATE.tsv	1198	INHERITED/PROVENANCE
01-BASE-V6/01-BASE-V5/01-BASE-V4/01-CURRENT-BRANCH/20-1937-07-08-FIRST-COMBAT-GATE-0530-0600.md	5202	INHERITED/PROVENANCE
01-BASE-V6/01-BASE-V5/01-BASE-V4/01-CURRENT-BRANCH/20-1937-07-08-FIRST-COMBAT-GATE-0530-0600.tsv	742	INHERITED/PROVENANCE
01-BASE-V6/01-BASE-V5/01-BASE-V4/01-CURRENT-BRANCH/21-1937-07-08-MORNING-GATE-0600-1200.md	7073	INHERITED/PROVENANCE
01-BASE-V6/01-BASE-V5/01-BASE-V4/01-CURRENT-BRANCH/21-1937-07-08-MORNING-GATE-0600-1200.tsv	1566	INHERITED/PROVENANCE
01-BASE-V6/01-BASE-V5/01-BASE-V4/01-CURRENT-BRANCH/22-1937-07-08-AFTERNOON-GATE-1200-1830.md	7881	INHERITED/PROVENANCE
01-BASE-V6/01-BASE-V5/01-BASE-V4/01-CURRENT-BRANCH/22-1937-07-08-AFTERNOON-GATE-1200-1830.tsv	1432	INHERITED/PROVENANCE
01-BASE-V6/01-BASE-V5/01-BASE-V4/01-CURRENT-BRANCH/23-1937-07-08-09-EVENING-OVERNIGHT-GATE-1830-0210.md	7989	INHERITED/PROVENANCE
01-BASE-V6/01-BASE-V5/01-BASE-V4/01-CURRENT-BRANCH/23-1937-07-08-09-EVENING-OVERNIGHT-GATE-1830-0210.tsv	1875	INHERITED/PROVENANCE
01-BASE-V6/01-BASE-V5/01-BASE-V4/01-CURRENT-BRANCH/24-1937-07-09-WITHDRAWAL-COMMS-FAILURE-GATE-0210-0710.md	6820	INHERITED/PROVENANCE
01-BASE-V6/01-BASE-V5/01-BASE-V4/01-CURRENT-BRANCH/24-1937-07-09-WITHDRAWAL-COMMS-FAILURE-GATE-0210-0710.tsv	1575	INHERITED/PROVENANCE
01-BASE-V6/01-BASE-V5/01-BASE-V4/01-CURRENT-BRANCH/25-1937-07-09-WITHDRAWAL-SECURITY-FORCE-GATE-0710-1600.md	7745	INHERITED/PROVENANCE
01-BASE-V6/01-BASE-V5/01-BASE-V4/01-CURRENT-BRANCH/25-1937-07-09-WITHDRAWAL-SECURITY-FORCE-GATE-0710-1600.tsv	2233	INHERITED/PROVENANCE
01-BASE-V6/01-BASE-V5/01-BASE-V4/01-CURRENT-BRANCH/26-1937-07-09-10-DEESCALATION-PREPARATION-GATE-1600-1600.md	8631	INHERITED/PROVENANCE
01-BASE-V6/01-BASE-V5/01-BASE-V4/01-CURRENT-BRANCH/26-1937-07-09-10-DEESCALATION-PREPARATION-GATE-1600-1600.tsv	2654	INHERITED/PROVENANCE
01-BASE-V6/01-BASE-V5/01-BASE-V4/01-CURRENT-BRANCH/27-1937-07-10-LONGWANGMIAO-SECOND-BATTLE-GATE-1600-2115.md	9264	INHERITED/PROVENANCE
01-BASE-V6/01-BASE-V5/01-BASE-V4/01-CURRENT-BRANCH/27-1937-07-10-LONGWANGMIAO-SECOND-BATTLE-GATE-1600-2115.tsv	3174	INHERITED/PROVENANCE
01-BASE-V6/01-BASE-V5/01-BASE-V4/01-CURRENT-BRANCH/28-1937-07-11-LOCAL-SETTLEMENT-CENTRAL-DISPATCH-GATE-0500-2000.md	8159	INHERITED/PROVENANCE
01-BASE-V6/01-BASE-V5/01-BASE-V4/01-CURRENT-BRANCH/28-1937-07-11-LOCAL-SETTLEMENT-CENTRAL-DISPATCH-GATE-0500-2000.tsv	2710	INHERITED/PROVENANCE
01-BASE-V6/01-BASE-V5/01-BASE-V4/01-CURRENT-BRANCH/29-1937-07-11-13-SETTLEMENT-MOBILIZATION-GATE-2000-2000.md	9901	INHERITED/PROVENANCE
01-BASE-V6/01-BASE-V5/01-BASE-V4/01-CURRENT-BRANCH/29-1937-07-11-13-SETTLEMENT-MOBILIZATION-GATE-2000-2000.tsv	2761	INHERITED/PROVENANCE
01-BASE-V6/01-BASE-V5/01-BASE-V4/01-CURRENT-BRANCH/30-1937-07-13-17-REINFORCEMENT-LOCAL-CLASH-LUSHAN-GATE-2000-1800.md	10116	INHERITED/PROVENANCE
01-BASE-V6/01-BASE-V5/01-BASE-V4/01-CURRENT-BRANCH/30-1937-07-13-17-REINFORCEMENT-LOCAL-CLASH-LUSHAN-GATE-2000-1800.tsv	3506	INHERITED/PROVENANCE
01-BASE-V6/01-BASE-V5/01-BASE-V4/01-CURRENT-BRANCH/31-1937-07-17-20-LOCAL-COMPLIANCE-RENEWED-FIGHTING-GATE-1800-2100.md	8051	INHERITED/PROVENANCE
01-BASE-V6/01-BASE-V5/01-BASE-V4/01-CURRENT-BRANCH/31-1937-07-17-20-LOCAL-COMPLIANCE-RENEWED-FIGHTING-GATE-1800-2100.tsv	3856	INHERITED/PROVENANCE
01-BASE-V6/01-BASE-V5/01-BASE-V4/01-CURRENT-BRANCH/32-1937-07-21-22-WITHDRAWAL-RAIL-TRANSPORT-GATE.md	5097	INHERITED/PROVENANCE
01-BASE-V6/01-BASE-V5/01-BASE-V4/01-CURRENT-BRANCH/32-1937-07-21-22-WITHDRAWAL-RAIL-TRANSPORT-GATE.tsv	2678	INHERITED/PROVENANCE
01-BASE-V6/01-BASE-V5/01-BASE-V4/01-CURRENT-BRANCH/33-1937-07-23-24-COMPLIANCE-SEMANTIC-BREAKDOWN-GATE.md	5934	INHERITED/PROVENANCE
01-BASE-V6/01-BASE-V5/01-BASE-V4/01-CURRENT-BRANCH/33-1937-07-23-24-COMPLIANCE-SEMANTIC-BREAKDOWN-GATE.tsv	2271	INHERITED/PROVENANCE
01-BASE-V6/01-BASE-V5/01-BASE-V4/01-CURRENT-BRANCH/34-1937-07-25-26-LANGFANG-COMMS-LINE-INCIDENT-GATE.md	8731	INHERITED/PROVENANCE
01-BASE-V6/01-BASE-V5/01-BASE-V4/01-CURRENT-BRANCH/34-1937-07-25-26-LANGFANG-COMMS-LINE-INCIDENT-GATE.tsv	2495	INHERITED/PROVENANCE
01-BASE-V6/01-BASE-V5/01-BASE-V4/01-CURRENT-BRANCH/35-1937-07-26-27-GUANGANMEN-CONVOY-DELAY-GATE.md	9303	INHERITED/PROVENANCE
01-BASE-V6/01-BASE-V5/01-BASE-V4/01-CURRENT-BRANCH/35-1937-07-26-27-GUANGANMEN-CONVOY-DELAY-GATE.tsv	2958	INHERITED/PROVENANCE
01-BASE-V6/01-BASE-V5/01-BASE-V4/01-CURRENT-BRANCH/99-NEXT-CHAT-HANDOFF.md	6209	INHERITED/PROVENANCE
01-BASE-V6/01-BASE-V5/01-BASE-V4/90-SOURCE-QUARANTINE/00-QUARANTINE-POLICY.md	1049	INHERITED/PROVENANCE
01-BASE-V6/01-BASE-V5/01-BASE-V4/90-SOURCE-QUARANTINE/2026-08-29-FULL-V3/00-START-HERE-2026-08-29-FULL-V3.md	1008	INHERITED/PROVENANCE
01-BASE-V6/01-BASE-V5/01-BASE-V4/90-SOURCE-QUARANTINE/2026-08-29-FULL-V3/ASAI-E3-E4-JET-FLIGHT-ORIGIN-V12.md	10080	INHERITED/PROVENANCE
01-BASE-V6/01-BASE-V5/01-BASE-V4/90-SOURCE-QUARANTINE/2026-08-29-FULL-V3/ASAI-EPOXY-FRP-CAPABILITY-LEDGER-V1.xlsx	26296	INHERITED/PROVENANCE
01-BASE-V6/01-BASE-V5/01-BASE-V4/90-SOURCE-QUARANTINE/2026-08-29-FULL-V3/ASAI-EPOXY-FRP-CAPABILITY-LEDGER-V2-COST.xlsx	33240	INHERITED/PROVENANCE
01-BASE-V6/01-BASE-V5/01-BASE-V4/90-SOURCE-QUARANTINE/2026-08-29-FULL-V3/ASAI-GT-FRONT-SCALE-RATING-PRODUCTS-V14-COST.xlsx	46505	INHERITED/PROVENANCE
01-BASE-V6/01-BASE-V5/01-BASE-V4/90-SOURCE-QUARANTINE/2026-08-29-FULL-V3/ASAI-SINGLE-REAR-JET-SIZING-V11.md	8161	INHERITED/PROVENANCE
01-BASE-V6/01-BASE-V5/01-BASE-V4/90-SOURCE-QUARANTINE/2026-08-29-FULL-V3/CURRENT-HANDOFF-NOTES-2026-08-29-FULL-V3.md	9710	INHERITED/PROVENANCE
01-BASE-V6/01-BASE-V5/01-BASE-V4/90-SOURCE-QUARANTINE/2026-08-29-FULL-V3/CURRENT-PRECEDENCE-2026-08-29-FULL-V3.tsv	1429	INHERITED/PROVENANCE
01-BASE-V6/01-BASE-V5/01-BASE-V4/90-SOURCE-QUARANTINE/2026-08-29-FULL-V3/CURRENT-STATE-2026-08-29-FULL-V3.json	1242	INHERITED/PROVENANCE
01-BASE-V6/01-BASE-V5/01-BASE-V4/90-SOURCE-QUARANTINE/2026-08-29-FULL-V3/OPEN-QUEUE-2026-08-29-FULL-V3.md	1270	INHERITED/PROVENANCE
01-BASE-V6/01-BASE-V5/01-BASE-V4/90-SOURCE-QUARANTINE/2026-08-29-FULL-V3/PACKAGE-INVENTORY-2026-08-29-FULL-V3.tsv	1932	INHERITED/PROVENANCE
01-BASE-V6/01-BASE-V5/01-BASE-V4/90-SOURCE-QUARANTINE/2026-08-29-FULL-V3/SHA256SUMS-2026-08-29-FULL-V3.txt	4283	INHERITED/PROVENANCE
01-BASE-V6/01-BASE-V5/01-BASE-V4/90-SOURCE-QUARANTINE/2026-08-29-FULL-V3/archive-previous-overlay/CURRENT-HANDOFF-NOTES-2026-08-29-pre-naval-integration.md	3710	INHERITED/PROVENANCE
01-BASE-V6/01-BASE-V5/01-BASE-V4/90-SOURCE-QUARANTINE/2026-08-29-FULL-V3/archive-previous-overlay/CURRENT-PRECEDENCE-2026-08-29.tsv	2298	INHERITED/PROVENANCE
01-BASE-V6/01-BASE-V5/01-BASE-V4/90-SOURCE-QUARANTINE/2026-08-29-FULL-V3/archive-previous-overlay/CURRENT-STATE-2026-08-29.json	2492	INHERITED/PROVENANCE
01-BASE-V6/01-BASE-V5/01-BASE-V4/90-SOURCE-QUARANTINE/2026-08-29-FULL-V3/archive-previous-overlay/DATA-ISSUE-REGISTER-2026-08-29.tsv	2067	INHERITED/PROVENANCE
01-BASE-V6/01-BASE-V5/01-BASE-V4/90-SOURCE-QUARANTINE/2026-08-29-FULL-V3/asai-worldline-20260828-v48r3-marine-gt-processed-handoff-v10.zip	7354483	INHERITED/PROVENANCE
01-BASE-V6/01-BASE-V5/01-BASE-V4/90-SOURCE-QUARANTINE/2026-08-29-FULL-V3/overlays/GROUND-DIESEL-FAMILY-D-A-D-D-V1.tsv	1636	INHERITED/PROVENANCE
01-BASE-V6/01-BASE-V5/01-BASE-V4/90-SOURCE-QUARANTINE/2026-08-29-FULL-V3/overlays/GROUND-DUST-CLOSURE-DELTA-2026-08-29.tsv	1322	INHERITED/PROVENANCE
01-BASE-V6/01-BASE-V5/01-BASE-V4/90-SOURCE-QUARANTINE/2026-08-29-FULL-V3/overlays/GROUND-DUST-COMPARISON-INPUTS-V1.tsv	2875	INHERITED/PROVENANCE
01-BASE-V6/01-BASE-V5/01-BASE-V4/90-SOURCE-QUARANTINE/2026-08-29-FULL-V3/overlays/GROUND-DUST-INSTALLATION-D-A-D-D-V1.tsv	2600	INHERITED/PROVENANCE
01-BASE-V6/01-BASE-V5/01-BASE-V4/90-SOURCE-QUARANTINE/2026-08-29-FULL-V3/overlays/GROUND-DUST-INSTALLATION-NOTE-V1.md	3885	INHERITED/PROVENANCE
01-BASE-V6/01-BASE-V5/01-BASE-V4/90-SOURCE-QUARANTINE/2026-08-29-FULL-V3/overlays/MERCHANT-CARRIER-REGISTER-2026-08-29-V1.tsv	1297	INHERITED/PROVENANCE
01-BASE-V6/01-BASE-V5/01-BASE-V4/90-SOURCE-QUARANTINE/2026-08-29-FULL-V3/overlays/NAVAL-COMMERCIAL-INTEGRATION-OVERLAY-V1.md	1419	INHERITED/PROVENANCE
01-BASE-V6/01-BASE-V5/01-BASE-V4/90-SOURCE-QUARANTINE/2026-08-29-FULL-V3/reference/ASAI-AIRCRAFT-DESIGNATION-POLICY-V48-SOURCE.md	3482	INHERITED/PROVENANCE
01-BASE-V6/01-BASE-V5/01-BASE-V4/90-SOURCE-QUARANTINE/2026-08-29-FULL-V3/reference/asai-works-seaplane-flyingboat-rebaseline-1940-44.md	7269	INHERITED/PROVENANCE
01-BASE-V6/01-BASE-V5/01-BASE-V4/90-SOURCE-QUARANTINE/2026-08-29-FULL-V3/working/03-CARRIER-WORKING-CALCULATIONS.md	4913	INHERITED/PROVENANCE
01-BASE-V6/01-BASE-V5/01-BASE-V4/90-SOURCE-QUARANTINE/2026-08-29-FULL-V3/working/07-asai-works-computation-commercial-diffusion-provisional.md	5779	INHERITED/PROVENANCE
01-BASE-V6/01-BASE-V5/01-BASE-V4/90-SOURCE-QUARANTINE/2026-08-29-FULL-V3/working/19-CARRIER-BOOST-COMPARISON-V1.csv	5815	INHERITED/PROVENANCE
01-BASE-V6/01-BASE-V5/01-BASE-V4/90-SOURCE-QUARANTINE/2026-08-29-FULL-V3/working/20-CARRIER-DECISION-PASS1.md	6448	INHERITED/PROVENANCE
01-BASE-V6/01-BASE-V5/01-BASE-V4/90-SOURCE-QUARANTINE/2026-08-29-FULL-V3/working/MARINE-SURFACE-WORKING-NOTES.md	15827	INHERITED/PROVENANCE
01-BASE-V6/01-BASE-V5/01-BASE-V4/90-SOURCE-QUARANTINE/2026-08-29-FULL-V3/working/NAVAL-COMPUTATION-WORKING-NOTES.md	5928	INHERITED/PROVENANCE
01-BASE-V6/01-BASE-V5/01-BASE-V4/90-SOURCE-QUARANTINE/2026-08-29-FULL-V3/working/PROPULSION-WORKING-NOTES.md	8048	INHERITED/PROVENANCE
01-BASE-V6/01-BASE-V5/01-BASE-V4/90-SOURCE-QUARANTINE/2026-08-29-FULL-V3/working/asai-works-gt-carrier-conversion.md	7711	INHERITED/PROVENANCE
01-BASE-V6/01-BASE-V5/01-BASE-V4/90-SOURCE-QUARANTINE/2026-08-29-FULL-V3/working/asai-works-gt-carrier-physics.md	8166	INHERITED/PROVENANCE
01-BASE-V6/01-BASE-V5/01-BASE-V4/90-SOURCE-QUARANTINE/2026-08-29-FULL-V3/working/asai-works-gt-carrier-range.md	7474	INHERITED/PROVENANCE
01-BASE-V6/01-BASE-V5/01-BASE-V4/90-SOURCE-QUARANTINE/2026-08-29-FULL-V3/working/asai-works-gt-carrier-taiyo.md	16683	INHERITED/PROVENANCE
01-BASE-V6/01-BASE-V5/01-BASE-V4/90-SOURCE-QUARANTINE/2026-08-29-FULL-V3/working/asai-works-surface-ship-large-marine-rebaseline-1934-41.md	15827	INHERITED/PROVENANCE
01-BASE-V6/01-BASE-V5/01-BASE-V4/98-INPUT-PROVENANCE/INPUT-ARCHIVE-HASHES.tsv	416	INHERITED/PROVENANCE
01-BASE-V6/01-BASE-V5/01-BASE-V4/CURRENT-STATE-2026-08-30-FULL-V4.json	1125	INHERITED/PROVENANCE
01-BASE-V6/01-BASE-V5/01-BASE-V4/FULL-PACKAGE-MANIFEST-SHA256.tsv	15535	INHERITED/PROVENANCE
01-BASE-V6/01-BASE-V5/01-BASE-V4/MACHINE-INTEGRITY-AUDIT-2026-08-30-FULL-V4.json	1236	INHERITED/PROVENANCE
01-BASE-V6/01-BASE-V5/01-BASE-V4/MACHINE-INTEGRITY-AUDIT-2026-08-30-FULL-V4.md	668	INHERITED/PROVENANCE
01-BASE-V6/01-BASE-V5/01-BASE-V4/PRECEDENCE-2026-08-30-FULL-V4.tsv	1089	INHERITED/PROVENANCE
01-BASE-V6/01-BASE-V5/01-BASE-V4/REPAIR-LOG-2026-08-30-FULL-V4.md	1415	INHERITED/PROVENANCE
01-BASE-V6/01-BASE-V5/01-BASE-V4/SOURCE-RESOLUTION-MAP-2026-08-30-FULL-V4.tsv	290281	INHERITED/PROVENANCE
01-BASE-V6/01-BASE-V5/01-BASE-V4/TERMINOLOGY-AND-SUPERSESSION-GUARD.tsv	9264	INHERITED/PROVENANCE
01-BASE-V6/01-BASE-V5/10-CURRENT-SESSION-GATES/asai_gate58_oct19_26/58-1937-10-19-26-DACHANG-NIANGZIGUAN-ATTRITION-GATE.md	4033	INHERITED/PROVENANCE
01-BASE-V6/01-BASE-V5/10-CURRENT-SESSION-GATES/asai_gate58_oct19_26/58-1937-10-19-26-EVENT-LEDGER.tsv	1271	INHERITED/PROVENANCE
01-BASE-V6/01-BASE-V5/10-CURRENT-SESSION-GATES/asai_gate58_oct19_26/58-1937-10-26-UNIT-READINESS-AUDIT.tsv	1698	INHERITED/PROVENANCE
01-BASE-V6/01-BASE-V5/10-CURRENT-SESSION-GATES/asai_gate59_oct27_31/59-1937-10-27-31-EVENT-LEDGER.tsv	1380	INHERITED/PROVENANCE
01-BASE-V6/01-BASE-V5/10-CURRENT-SESSION-GATES/asai_gate59_oct27_31/59-1937-10-27-31-SIHANG-SOOCHOW-PINGTING-GATE.md	3477	INHERITED/PROVENANCE
01-BASE-V6/01-BASE-V5/10-CURRENT-SESSION-GATES/asai_gate59_oct27_31/59-1937-10-31-UNIT-READINESS-AUDIT.tsv	1094	INHERITED/PROVENANCE
01-BASE-V6/01-BASE-V5/10-CURRENT-SESSION-GATES/asai_gate60_nov1_5/60-1937-11-01-05-EVENT-LEDGER.tsv	1245	INHERITED/PROVENANCE
01-BASE-V6/01-BASE-V5/10-CURRENT-SESSION-GATES/asai_gate60_nov1_5/60-1937-11-01-05-XINKOU-RETREAT-HANGZHOU-BAY-LANDING-GATE.md	4288	INHERITED/PROVENANCE
01-BASE-V6/01-BASE-V5/10-CURRENT-SESSION-GATES/asai_gate60_nov1_5/60-1937-11-05-UNIT-READINESS-AUDIT.tsv	1669	INHERITED/PROVENANCE
01-BASE-V6/01-BASE-V5/10-CURRENT-SESSION-GATES/asai_gate61_nov6_9/61-1937-11-06-09-EVENT-LEDGER.tsv	1319	INHERITED/PROVENANCE
01-BASE-V6/01-BASE-V5/10-CURRENT-SESSION-GATES/asai_gate61_nov6_9/61-1937-11-06-09-SHANGHAI-WITHDRAWAL-TAIYUAN-GATE.md	4756	INHERITED/PROVENANCE
01-BASE-V6/01-BASE-V5/10-CURRENT-SESSION-GATES/asai_gate61_nov6_9/61-1937-11-08-SHANGHAI-RETREAT-TRIGGER-AUDIT.tsv	1107	INHERITED/PROVENANCE
01-BASE-V6/01-BASE-V5/10-CURRENT-SESSION-GATES/asai_gate62_nov10_12/62-1937-11-10-12-EVENT-LEDGER.tsv	876	INHERITED/PROVENANCE
01-BASE-V6/01-BASE-V5/10-CURRENT-SESSION-GATES/asai_gate62_nov10_12/62-1937-11-10-12-SHANGHAI-CLEARANCE-PURSUIT-FEEDBACK-GATE.md	3581	INHERITED/PROVENANCE
01-BASE-V6/01-BASE-V5/10-CURRENT-SESSION-GATES/asai_gate62_nov10_12/62-1937-11-12-DIVERGENCE-FEEDBACK-AUDIT.tsv	718	INHERITED/PROVENANCE
01-BASE-V6/01-BASE-V5/10-CURRENT-SESSION-GATES/asai_gate68_yearend1937/68-1937-11-13-12-31-YEAREND-GATE.md	7630	INHERITED/PROVENANCE
01-BASE-V6/01-BASE-V5/10-CURRENT-SESSION-GATES/asai_gate68_yearend1937/68-1937-YEAREND-AVIATION-STATE.tsv	2050	INHERITED/PROVENANCE
01-BASE-V6/01-BASE-V5/10-CURRENT-SESSION-GATES/asai_gate68_yearend1937/68-1937-YEAREND-BATTLE-EVENT-LEDGER.tsv	1815	INHERITED/PROVENANCE
01-BASE-V6/01-BASE-V5/10-CURRENT-SESSION-GATES/asai_gate68_yearend1937/68-1937-YEAREND-NUMERICAL-DELTA.tsv	958	INHERITED/PROVENANCE
01-BASE-V6/01-BASE-V5/10-CURRENT-SESSION-GATES/asai_gate68_yearend1937/68-1937-YEAREND-PROCUREMENT-LEDGER.tsv	1559	INHERITED/PROVENANCE
01-BASE-V6/01-BASE-V5/10-CURRENT-SESSION-GATES/asai_gate69_1938_jan_mar14/69-1938-01-01-03-14-EVENT-LEDGER.tsv	1960	INHERITED/PROVENANCE
01-BASE-V6/01-BASE-V5/10-CURRENT-SESSION-GATES/asai_gate69_1938_jan_mar14/69-1938-01-01-03-14-PERCEPTION-MOBILIZATION-XUZHOU-PRELUDE-GATE.md	8001	INHERITED/PROVENANCE
01-BASE-V6/01-BASE-V5/10-CURRENT-SESSION-GATES/asai_gate69_1938_jan_mar14/69-1938-03-14-ASAI-PRODUCTION-PROCUREMENT.tsv	883	INHERITED/PROVENANCE
01-BASE-V6/01-BASE-V5/10-CURRENT-SESSION-GATES/asai_gate69_1938_jan_mar14/69-1938-03-14-AVIATION-STATE.tsv	1786	INHERITED/PROVENANCE
01-BASE-V6/01-BASE-V5/10-CURRENT-SESSION-GATES/asai_gate69_1938_jan_mar14/69-1938-03-14-NUMERICAL-DELTA.tsv	916	INHERITED/PROVENANCE
01-BASE-V6/01-BASE-V5/10-CURRENT-SESSION-GATES/asai_gate69_1938_jan_mar14/69-1938-EARLY-WAR-PERCEPTION-LEDGER.tsv	1314	INHERITED/PROVENANCE
01-BASE-V6/01-BASE-V5/10-CURRENT-SESSION-GATES/asai_gate72_taierzhuang/72-1938-03-14-04-09-EVENT-LEDGER.tsv	2330	INHERITED/PROVENANCE
01-BASE-V6/01-BASE-V5/10-CURRENT-SESSION-GATES/asai_gate72_taierzhuang/72-1938-03-14-04-09-TAIERZHUANG-GATE.md	6370	INHERITED/PROVENANCE
01-BASE-V6/01-BASE-V5/10-CURRENT-SESSION-GATES/asai_gate72_taierzhuang/72-1938-04-09-NUMERICAL-DELTA.tsv	1202	INHERITED/PROVENANCE
01-BASE-V6/01-BASE-V5/10-CURRENT-SESSION-GATES/asai_gate72_taierzhuang/72-1938-04-09-READINESS.tsv	718	INHERITED/PROVENANCE
01-BASE-V6/01-BASE-V5/10-CURRENT-SESSION-GATES/asai_gate72_taierzhuang/72-TAIERZHUANG-ASAI-EFFECT-BALANCE.tsv	1266	INHERITED/PROVENANCE
01-BASE-V6/01-BASE-V5/10-CURRENT-SESSION-GATES/asai_gate73_xuzhou/73-1938-04-10-05-21-EVENT-LEDGER.tsv	2667	INHERITED/PROVENANCE
01-BASE-V6/01-BASE-V5/10-CURRENT-SESSION-GATES/asai_gate73_xuzhou/73-1938-04-10-05-21-XUZHOU-GATE.md	8466	INHERITED/PROVENANCE
01-BASE-V6/01-BASE-V5/10-CURRENT-SESSION-GATES/asai_gate73_xuzhou/73-1938-05-21-NUMERICAL-DELTA.tsv	1218	INHERITED/PROVENANCE
01-BASE-V6/01-BASE-V5/10-CURRENT-SESSION-GATES/asai_gate73_xuzhou/73-1938-05-21-READINESS.tsv	934	INHERITED/PROVENANCE
01-BASE-V6/01-BASE-V5/10-CURRENT-SESSION-GATES/asai_gate73_xuzhou/73-CHINESE-VICTORY-COST-LEDGER.tsv	1526	INHERITED/PROVENANCE
01-BASE-V6/01-BASE-V5/10-CURRENT-SESSION-GATES/asai_gate73_xuzhou/73-XUZHOU-ASAI-EFFECT-BALANCE.tsv	1175	INHERITED/PROVENANCE
01-BASE-V6/01-BASE-V5/10-CURRENT-SESSION-GATES/asai_gate74_huayuankou/74-1938-05-22-06-30-EVENT-LEDGER.tsv	2539	INHERITED/PROVENANCE
01-BASE-V6/01-BASE-V5/10-CURRENT-SESSION-GATES/asai_gate74_huayuankou/74-1938-05-22-06-30-LANFENG-HUAYUANKOU-GATE.md	7630	INHERITED/PROVENANCE
01-BASE-V6/01-BASE-V5/10-CURRENT-SESSION-GATES/asai_gate74_huayuankou/74-1938-06-30-NUMERICAL-DELTA.tsv	1375	INHERITED/PROVENANCE
01-BASE-V6/01-BASE-V5/10-CURRENT-SESSION-GATES/asai_gate74_huayuankou/74-1938-06-30-READINESS.tsv	835	INHERITED/PROVENANCE
01-BASE-V6/01-BASE-V5/10-CURRENT-SESSION-GATES/asai_gate74_huayuankou/74-HUAYUANKOU-ASAI-EFFECT-BALANCE.tsv	1343	INHERITED/PROVENANCE
01-BASE-V6/01-BASE-V5/10-CURRENT-SESSION-GATES/asai_gate74_huayuankou/74-HUAYUANKOU-CIVILIAN-STATE-COST.tsv	1215	INHERITED/PROVENANCE
01-BASE-V6/01-BASE-V5/10-CURRENT-SESSION-GATES/asai_gate75_general_effect_audit/75-1938-06-30-ASAI-ENTERPRISE-CAPABILITY.tsv	5189	INHERITED/PROVENANCE
01-BASE-V6/01-BASE-V5/10-CURRENT-SESSION-GATES/asai_gate75_general_effect_audit/75-1938-06-30-ASAI-GENERAL-EFFECT-AUDIT.md	8227	INHERITED/PROVENANCE
01-BASE-V6/01-BASE-V5/10-CURRENT-SESSION-GATES/asai_gate75_general_effect_audit/75-1938-06-30-HIGH-ASAI-EFFECT-MASTER.tsv	6898	INHERITED/PROVENANCE
01-BASE-V6/01-BASE-V5/10-CURRENT-SESSION-GATES/asai_gate75_general_effect_audit/75-1938-H1-CONTINUATION-PATCH.tsv	5101	INHERITED/PROVENANCE
01-BASE-V6/01-BASE-V5/10-CURRENT-SESSION-GATES/asai_gate75_general_effect_audit/75-EFFECT-ACCOUNTING-MAP.tsv	1398	INHERITED/PROVENANCE
01-BASE-V6/01-BASE-V5/10-CURRENT-SESSION-GATES/asai_gate75_general_effect_audit/75-REMAINING-GAPS.tsv	2045	INHERITED/PROVENANCE
01-BASE-V6/01-BASE-V5/10-CURRENT-SESSION-GATES/asai_gate76_june_restart/76-1938-06-30-RESTART-BASELINE.md	5012	INHERITED/PROVENANCE
01-BASE-V6/01-BASE-V5/10-CURRENT-SESSION-GATES/asai_gate76_june_restart/76-1938-06-30-RESTART-BASELINE.xlsx	17652	INHERITED/PROVENANCE
01-BASE-V6/01-BASE-V5/10-CURRENT-SESSION-GATES/asai_gate76_june_restart/76-ASAI-1938-H1-CORPORATE.tsv	890	INHERITED/PROVENANCE
01-BASE-V6/01-BASE-V5/10-CURRENT-SESSION-GATES/asai_gate76_june_restart/76-AVIATION-CLOSURE.tsv	1363	INHERITED/PROVENANCE
01-BASE-V6/01-BASE-V5/10-CURRENT-SESSION-GATES/asai_gate76_june_restart/76-FLOOD-SUPPORT.tsv	535	INHERITED/PROVENANCE
01-BASE-V6/01-BASE-V5/10-CURRENT-SESSION-GATES/asai_gate76_june_restart/76-MANCHURIA-H1.tsv	490	INHERITED/PROVENANCE
01-BASE-V6/01-BASE-V5/10-CURRENT-SESSION-GATES/asai_gate76_june_restart/76-NONBLOCKING-DETAILS.tsv	677	INHERITED/PROVENANCE
01-BASE-V6/01-BASE-V5/10-CURRENT-SESSION-GATES/asai_gate76_june_restart/76-RESTART-NUMERICAL-STATE.tsv	1248	INHERITED/PROVENANCE
01-BASE-V6/01-BASE-V5/10-CURRENT-SESSION-GATES/asai_gate76_june_restart/76-SECOND-TURBINE-WORKS.tsv	678	INHERITED/PROVENANCE
01-BASE-V6/01-BASE-V5/10-CURRENT-SESSION-GATES/asai_gate76_june_restart/76-WEAPON-CLOSURE.tsv	2207	INHERITED/PROVENANCE
01-BASE-V6/01-BASE-V5/10-CURRENT-SESSION-GATES/asai_midcourse_nov12/63-1937-11-12-ASAI-HISTORY-ADOPTION-REBASE.md	1899	INHERITED/PROVENANCE
01-BASE-V6/01-BASE-V5/10-CURRENT-SESSION-GATES/asai_midcourse_nov12/63-1937-11-12-BATTLEFIELD-NUMERICAL-DELTA.tsv	1790	INHERITED/PROVENANCE
01-BASE-V6/01-BASE-V5/10-CURRENT-SESSION-GATES/asai_midcourse_nov12/63-1937-11-12-MIDCOURSE-AUDIT.md	2603	INHERITED/PROVENANCE
01-BASE-V6/01-BASE-V5/10-CURRENT-SESSION-GATES/asai_midcourse_nov12/63-1937-11-12-MILITARY-PRODUCT-ADOPTION-LEDGER.tsv	4956	INHERITED/PROVENANCE
01-BASE-V6/01-BASE-V5/10-CURRENT-SESSION-GATES/asai_midcourse_nov12/63-1937-11-12-OPEN-QUEUE-PROGRESSION.tsv	1788	INHERITED/PROVENANCE
01-BASE-V6/01-BASE-V5/10-CURRENT-SESSION-GATES/asai_midcourse_nov12/63-ADOPTION-STAGE-DEFINITIONS.tsv	337	INHERITED/PROVENANCE
01-BASE-V6/01-BASE-V5/10-CURRENT-SESSION-GATES/asai_q035_resume/36-1937-07-27-28-FINAL-ULTIMATUM-ATTACK-OPENING-GATE.md	8204	INHERITED/PROVENANCE
01-BASE-V6/01-BASE-V5/10-CURRENT-SESSION-GATES/asai_q035_resume/36-1937-07-27-28-FINAL-ULTIMATUM-ATTACK-OPENING-GATE.tsv	2989	INHERITED/PROVENANCE
01-BASE-V6/01-BASE-V5/10-CURRENT-SESSION-GATES/asai_q036_resume/37-1937-07-28-NANYUAN-BATTLE-PEIPING-WITHDRAWAL-GATE.md	6827	INHERITED/PROVENANCE
01-BASE-V6/01-BASE-V5/10-CURRENT-SESSION-GATES/asai_q036_resume/37-1937-07-28-NANYUAN-BATTLE-PEIPING-WITHDRAWAL-GATE.tsv	2405	INHERITED/PROVENANCE
01-BASE-V6/01-BASE-V5/10-CURRENT-SESSION-GATES/asai_q037_resume/38-1937-07-28-29-TIENTSIN-TONGZHOU-PEIPING-TRANSITION-GATE.md	11071	INHERITED/PROVENANCE
01-BASE-V6/01-BASE-V5/10-CURRENT-SESSION-GATES/asai_q037_resume/38-1937-07-28-29-TIENTSIN-TONGZHOU-PEIPING-TRANSITION-GATE.tsv	2498	INHERITED/PROVENANCE
01-BASE-V6/01-BASE-V5/10-CURRENT-SESSION-GATES/asai_q038_q039_resume/39-1937-07-29-31-TIENTSIN-TANGKU-TONGZHOU-CLOSEOUT-GATE.md	5249	INHERITED/PROVENANCE
01-BASE-V6/01-BASE-V5/10-CURRENT-SESSION-GATES/asai_q038_q039_resume/39-1937-07-29-31-TIENTSIN-TANGKU-TONGZHOU-CLOSEOUT-GATE.tsv	1183	INHERITED/PROVENANCE
01-BASE-V6/01-BASE-V5/10-CURRENT-SESSION-GATES/asai_q038_q039_resume/40-1937-07-31-08-02-OCCUPATION-WIDER-WAR-TRANSITION-GATE.md	7595	INHERITED/PROVENANCE
01-BASE-V6/01-BASE-V5/10-CURRENT-SESSION-GATES/asai_q038_q039_resume/40-1937-07-31-08-02-OCCUPATION-WIDER-WAR-TRANSITION-GATE.tsv	1420	INHERITED/PROVENANCE
01-BASE-V6/01-BASE-V5/10-CURRENT-SESSION-GATES/asai_q040_q041_resume/41-1937-08-03-09-NORTH-CHINA-CONSOLIDATION-HONGQIAO-GATE.md	7024	INHERITED/PROVENANCE
01-BASE-V6/01-BASE-V5/10-CURRENT-SESSION-GATES/asai_q040_q041_resume/41-1937-08-03-09-NORTH-CHINA-CONSOLIDATION-HONGQIAO-GATE.tsv	1434	INHERITED/PROVENANCE
01-BASE-V6/01-BASE-V5/10-CURRENT-SESSION-GATES/asai_q040_q041_resume/42-1937-08-10-13-SHANGHAI-ESCALATION-HOSTILITIES-OPENING-GATE.md	9815	INHERITED/PROVENANCE
01-BASE-V6/01-BASE-V5/10-CURRENT-SESSION-GATES/asai_q040_q041_resume/42-1937-08-10-13-SHANGHAI-ESCALATION-HOSTILITIES-OPENING-GATE.tsv	1682	INHERITED/PROVENANCE
01-BASE-V6/01-BASE-V5/10-CURRENT-SESSION-GATES/asai_q040_q041_resume/43-1937-08-13-18-SHANGHAI-LANDING-FORCE-SURVIVAL-GATE.md	11215	INHERITED/PROVENANCE
01-BASE-V6/01-BASE-V5/10-CURRENT-SESSION-GATES/asai_q040_q041_resume/43-1937-08-13-18-SHANGHAI-LANDING-FORCE-SURVIVAL-GATE.tsv	1696	INHERITED/PROVENANCE
01-BASE-V6/01-BASE-V5/10-CURRENT-SESSION-GATES/asai_q042_q043_resume/43-1937-08-13-18-SHANGHAI-LANDING-FORCE-SURVIVAL-GATE-V2.md	13991	INHERITED/PROVENANCE
01-BASE-V6/01-BASE-V5/10-CURRENT-SESSION-GATES/asai_q042_q043_resume/43-1937-08-13-18-SHANGHAI-LANDING-FORCE-SURVIVAL-GATE-V2.tsv	2140	INHERITED/PROVENANCE
01-BASE-V6/01-BASE-V5/10-CURRENT-SESSION-GATES/asai_q042_q043_resume/44-1937-08-19-23-SHANGHAI-ARMY-LANDING-BEACHHEAD-GATE.md	10366	INHERITED/PROVENANCE
01-BASE-V6/01-BASE-V5/10-CURRENT-SESSION-GATES/asai_q042_q043_resume/44-1937-08-19-23-SHANGHAI-ARMY-LANDING-BEACHHEAD-GATE.tsv	1987	INHERITED/PROVENANCE
01-BASE-V6/01-BASE-V5/10-CURRENT-SESSION-GATES/asai_q042_q043_resume/45-1937-08-24-29-WOOSUNG-LUODIAN-MOMENTUM-GATE.md	9357	INHERITED/PROVENANCE
01-BASE-V6/01-BASE-V5/10-CURRENT-SESSION-GATES/asai_q042_q043_resume/45-1937-08-24-29-WOOSUNG-LUODIAN-MOMENTUM-GATE.tsv	1937	INHERITED/PROVENANCE
01-BASE-V6/01-BASE-V5/10-CURRENT-SESSION-GATES/asai_q045_q047_resume/46-1937-08-08-29-NANKOU-CHAHAR-CLOSEOUT-GATE.md	2937	INHERITED/PROVENANCE
01-BASE-V6/01-BASE-V5/10-CURRENT-SESSION-GATES/asai_q045_q047_resume/46-1937-08-08-29-NANKOU-CHAHAR-CLOSEOUT-GATE.tsv	773	INHERITED/PROVENANCE
01-BASE-V6/01-BASE-V5/10-CURRENT-SESSION-GATES/asai_q045_q047_resume/47-1937-08-29-DUAL-FRONT-COMBAT-BALANCE-AUDIT.md	9279	INHERITED/PROVENANCE
01-BASE-V6/01-BASE-V5/10-CURRENT-SESSION-GATES/asai_q045_q047_resume/47-1937-08-29-DUAL-FRONT-COMBAT-BALANCE-AUDIT.tsv	2176	INHERITED/PROVENANCE
01-BASE-V6/01-BASE-V5/10-CURRENT-SESSION-GATES/asai_q045_q047_resume/48-1937-08-30-09-04-DUAL-FRONT-BUILDUP-GATE.md	3134	INHERITED/PROVENANCE
01-BASE-V6/01-BASE-V5/10-CURRENT-SESSION-GATES/asai_q045_q047_resume/48-1937-08-30-09-04-DUAL-FRONT-BUILDUP-GATE.tsv	848	INHERITED/PROVENANCE
01-BASE-V6/01-BASE-V5/10-CURRENT-SESSION-GATES/asai_q047_q049_resume/49-1937-09-05-13-SHANGHAI-ASSAULT-NORTH-CHINA-CONCENTRATION-GATE.md	2303	INHERITED/PROVENANCE
01-BASE-V6/01-BASE-V5/10-CURRENT-SESSION-GATES/asai_q047_q049_resume/49-1937-09-05-13-SHANGHAI-ASSAULT-NORTH-CHINA-CONCENTRATION-GATE.tsv	719	INHERITED/PROVENANCE
01-BASE-V6/01-BASE-V5/10-CURRENT-SESSION-GATES/asai_q047_q049_resume/50-1937-09-14-20-DUAL-FRONT-OFFENSIVE-GATE.md	2973	INHERITED/PROVENANCE
01-BASE-V6/01-BASE-V5/10-CURRENT-SESSION-GATES/asai_q047_q049_resume/50-1937-09-14-20-DUAL-FRONT-OFFENSIVE-GATE.tsv	921	INHERITED/PROVENANCE
01-BASE-V6/01-BASE-V5/10-CURRENT-SESSION-GATES/asai_q047_q049_resume/51-1937-09-21-24-BAODING-CANGZHOU-101DIV-ARRIVAL-GATE.md	3892	INHERITED/PROVENANCE
01-BASE-V6/01-BASE-V5/10-CURRENT-SESSION-GATES/asai_q047_q049_resume/51-1937-09-21-24-BAODING-CANGZHOU-101DIV-ARRIVAL-GATE.tsv	1110	INHERITED/PROVENANCE
01-BASE-V6/01-BASE-V5/10-CURRENT-SESSION-GATES/asai_q050_q051_resume/52-1937-09-25-30-PINGXINGGUAN-SHANGHAI-REINFORCEMENT-GATE.md	2502	INHERITED/PROVENANCE
01-BASE-V6/01-BASE-V5/10-CURRENT-SESSION-GATES/asai_q050_q051_resume/52-1937-09-25-30-PINGXINGGUAN-SHANGHAI-REINFORCEMENT-GATE.tsv	889	INHERITED/PROVENANCE
01-BASE-V6/01-BASE-V5/10-CURRENT-SESSION-GATES/asai_q050_q051_resume/53-1937-10-01-04-LIUHANG-SHIJIAZHUANG-CONCENTRATION-GATE.md	3713	INHERITED/PROVENANCE
01-BASE-V6/01-BASE-V5/10-CURRENT-SESSION-GATES/asai_q050_q051_resume/53-1937-10-01-04-LIUHANG-SHIJIAZHUANG-CONCENTRATION-GATE.tsv	911	INHERITED/PROVENANCE
01-BASE-V6/01-BASE-V5/10-CURRENT-SESSION-GATES/asai_q050_q051_resume/54-1937-10-04-DUAL-FRONT-BALANCE-AUDIT.tsv	446	INHERITED/PROVENANCE
01-BASE-V6/01-BASE-V5/10-CURRENT-SESSION-GATES/asai_q052_resume/55-1937-10-05-10-ZHENGDING-SHIJIAZHUANG-WENZAOBIN-GATE.md	3529	INHERITED/PROVENANCE
01-BASE-V6/01-BASE-V5/10-CURRENT-SESSION-GATES/asai_q052_resume/55-1937-10-05-10-ZHENGDING-SHIJIAZHUANG-WENZAOBIN-GATE.tsv	1247	INHERITED/PROVENANCE
01-BASE-V6/01-BASE-V5/10-CURRENT-SESSION-GATES/asai_rebase_oct10/56-1937-10-10-ATTRITION-READINESS-WORKING-V1.tsv	2537	INHERITED/PROVENANCE
01-BASE-V6/01-BASE-V5/10-CURRENT-SESSION-GATES/asai_rebase_oct10/56-1937-10-10-REBASE-AUDIT-V1.md	8104	INHERITED/PROVENANCE
01-BASE-V6/01-BASE-V5/10-CURRENT-SESSION-GATES/asai_rebase_oct10/56-1937-10-10-SUPERSESSION-CROSSWALK.tsv	832	INHERITED/PROVENANCE
01-BASE-V6/01-BASE-V5/10-CURRENT-SESSION-GATES/asai_rebase_oct10/57-1937-10-11-18-ATTRITION-TRANSFER-HANDAN-CHINGHSING-GATE.md	5864	INHERITED/PROVENANCE
01-BASE-V6/01-BASE-V5/10-CURRENT-SESSION-GATES/asai_rebase_oct10/57-1937-10-11-18-ATTRITION-TRANSFER-HANDAN-CHINGHSING-GATE.tsv	1670	INHERITED/PROVENANCE
01-BASE-V6/01-BASE-V5/20-CORPORATE-MANCHURIA/asai_1937_audit_v1/ASAI-1937-AUDIT-REPORT-V1.md	14720	INHERITED/PROVENANCE
01-BASE-V6/01-BASE-V5/20-CORPORATE-MANCHURIA/asai_1937_audit_v1/ASAI-1937-CUSTOMER-ADOPTION-LEDGER-V1.tsv	7688	INHERITED/PROVENANCE
01-BASE-V6/01-BASE-V5/20-CORPORATE-MANCHURIA/asai_1937_audit_v1/ASAI-1937-MANCHURIA-MACRO-AUDIT-V1.tsv	1558	INHERITED/PROVENANCE
01-BASE-V6/01-BASE-V5/20-CORPORATE-MANCHURIA/asai_1937_audit_v1/ASAI-1937-PRODUCTION-DEMAND-AUDIT-V1.tsv	2103	INHERITED/PROVENANCE
01-BASE-V6/01-BASE-V5/20-CORPORATE-MANCHURIA/asai_1937_corporate_closeout_v3/ASAI-1937-CORPORATE-CLOSEOUT-V3.md	8710	INHERITED/PROVENANCE
01-BASE-V6/01-BASE-V5/20-CORPORATE-MANCHURIA/asai_1937_corporate_closeout_v3/ASAI-1937-CORPORATE-PNL-V1.tsv	2622	INHERITED/PROVENANCE
01-BASE-V6/01-BASE-V5/20-CORPORATE-MANCHURIA/asai_1937_corporate_closeout_v3/ASAI-1937-HEADCOUNT-BY-FUNCTION-V1.tsv	1159	INHERITED/PROVENANCE
01-BASE-V6/01-BASE-V5/20-CORPORATE-MANCHURIA/asai_1937_corporate_closeout_v3/ASAI-1937-HEADCOUNT-CAPITAL-V1.tsv	2192	INHERITED/PROVENANCE
01-BASE-V6/01-BASE-V5/20-CORPORATE-MANCHURIA/asai_1937_corporate_closeout_v3/ASAI-1937-MANCHURIA-BRANCH-PNL-V1.tsv	2042	INHERITED/PROVENANCE
01-BASE-V6/01-BASE-V5/20-CORPORATE-MANCHURIA/asai_1937_manchuria_city_v2/ASAI-1937-MANCHURIA-SITE-ADOPTION-LEDGER-V2.tsv	2707	INHERITED/PROVENANCE
01-BASE-V6/01-BASE-V5/20-CORPORATE-MANCHURIA/asai_1937_manchuria_city_v2/ASAI-1937-MANCHURIA-SITE-AUDIT-V2.md	5030	INHERITED/PROVENANCE
01-BASE-V6/01-BASE-V5/20-CORPORATE-MANCHURIA/asai_1937_manchuria_city_v2/ASAI-1937-MANCHURIA-TERRITORIAL-MACRO-CORRECTION-V2.tsv	1712	INHERITED/PROVENANCE
01-BASE-V6/01-BASE-V5/20-CORPORATE-MANCHURIA/asai_1937_manchuria_city_v2/ASAI-1937-NORTH-CHINA-TRANSFERABLE-ASSETS-V1.tsv	1399	INHERITED/PROVENANCE
01-BASE-V6/01-BASE-V5/30-AVIATION-CURRENT/asai_aviation_canon_summary/67-1937-11-12-CURRENT-AVIATION-CANON-SUMMARY.md	4675	INHERITED/PROVENANCE
01-BASE-V6/01-BASE-V5/30-AVIATION-CURRENT/asai_aviation_canon_summary/67-1937-11-12-CURRENT-AVIATION-CANON-SUMMARY.tsv	1683	INHERITED/PROVENANCE
01-BASE-V6/01-BASE-V5/30-AVIATION-CURRENT/asai_aviation_current_only/65-CURRENT-ONLY-AVIATION-BRANCH-CLEANUP.md	5222	INHERITED/PROVENANCE
01-BASE-V6/01-BASE-V5/30-AVIATION-CURRENT/asai_aviation_current_only/65-CURRENT-ONLY-AVIATION-BRANCH-LEDGER.tsv	3083	INHERITED/PROVENANCE
01-BASE-V6/01-BASE-V5/30-AVIATION-CURRENT/asai_aviation_hardware_progress/66-1937-11-12-AVIATION-HARDWARE-PROGRESS-AUDIT.md	6261	INHERITED/PROVENANCE
01-BASE-V6/01-BASE-V5/30-AVIATION-CURRENT/asai_aviation_hardware_progress/66-1937-11-12-AVIATION-PHYSICAL-INVENTORY.tsv	2181	INHERITED/PROVENANCE
01-BASE-V6/01-BASE-V5/30-AVIATION-CURRENT/asai_aviation_hardware_progress/66-1937-11-12-AVIATION-RD-CAPACITY-WORKING.tsv	655	INHERITED/PROVENANCE
01-BASE-V6/01-BASE-V5/30-AVIATION-CURRENT/asai_aviation_hardware_progress/66-1937-11-12-AVIATION-RESEARCH-PROGRESS.tsv	3355	INHERITED/PROVENANCE
01-BASE-V6/01-BASE-V5/30-AVIATION-CURRENT/asai_twin_aircraft_canon/64-1937-11-12-TWIN-ENGINE-AIRCRAFT-CANON-PATCH.md	8364	INHERITED/PROVENANCE
01-BASE-V6/01-BASE-V5/30-AVIATION-CURRENT/asai_twin_aircraft_canon/64-1937-11-12-TWIN-ENGINE-AIRCRAFT-CLAIM-LEDGER.tsv	1194	INHERITED/PROVENANCE
01-BASE-V6/01-BASE-V5/40-MANPOWER-ATTRITION/asai_chinese_retreat_balance_19380314/71-1938-03-14-CHINESE-MANPOWER-DELTA.tsv	1430	INHERITED/PROVENANCE
01-BASE-V6/01-BASE-V5/40-MANPOWER-ATTRITION/asai_chinese_retreat_balance_19380314/71-1938-03-14-CHINESE-RETREAT-ASSET-BALANCE.md	5640	INHERITED/PROVENANCE
01-BASE-V6/01-BASE-V5/40-MANPOWER-ATTRITION/asai_chinese_retreat_balance_19380314/71-SHANGHAI-EARLY-WITHDRAWAL-ASSET-BALANCE.tsv	2372	INHERITED/PROVENANCE
01-BASE-V6/01-BASE-V5/40-MANPOWER-ATTRITION/asai_manpower_stockflow_19380314/70-1938-03-14-JAPANESE-MANPOWER-STOCKFLOW-AUDIT.md	3192	INHERITED/PROVENANCE
01-BASE-V6/01-BASE-V5/40-MANPOWER-ATTRITION/asai_manpower_stockflow_19380314/70-1938-03-14-JAPANESE-MANPOWER-STOCKFLOW.tsv	2131	INHERITED/PROVENANCE
01-BASE-V6/01-BASE-V5/40-MANPOWER-ATTRITION/asai_manpower_stockflow_19380314/70-1938-03-14-REINFORCEMENT-ABSORPTION.tsv	1165	INHERITED/PROVENANCE
01-BASE-V6/01-BASE-V5/90-SUPPORT-REFERENCE/asai_current_extract/02-TOPIC-SOURCE-MAP.md	3772	INHERITED/PROVENANCE
01-BASE-V6/01-BASE-V5/90-SUPPORT-REFERENCE/asai_current_extract/04-CURRENT-BRANCH-HISTORY-1903-1937-SUMMER.md	38240	INHERITED/PROVENANCE
01-BASE-V6/01-BASE-V5/90-SUPPORT-REFERENCE/asai_current_extract/07-SESSION-DELTA-2026-08-30.md	22307	INHERITED/PROVENANCE
01-BASE-V6/01-BASE-V5/90-SUPPORT-REFERENCE/asai_twin_research/05-AIRCRAFT-SHADOW-AUDIT-2026-08-22.md	9045	INHERITED/PROVENANCE
01-BASE-V6/01-BASE-V5/90-SUPPORT-REFERENCE/asai_twin_research/06-AIRCRAFT-REBASELINE-P0-2026-08-22.md	6857	INHERITED/PROVENANCE
01-BASE-V6/01-BASE-V5/90-SUPPORT-REFERENCE/asai_twin_research/42-POST-AIRCRAFT-OPEN-AUDIT-V26R1-2026-08-25.md	3111	INHERITED/PROVENANCE
01-BASE-V6/01-BASE-V5/90-SUPPORT-REFERENCE/asai_twin_research/asai-works-aircraft-naming-canonical.md	19400	INHERITED/PROVENANCE
01-BASE-V6/01-BASE-V5/90-SUPPORT-REFERENCE/asai_twin_research/asai-works-aviation-rework.md	14873	INHERITED/PROVENANCE
01-BASE-V6/01-BASE-V5/90-SUPPORT-REFERENCE/asai_twin_research/asai-works-structural-testbeds.md	13080	INHERITED/PROVENANCE
01-BASE-V6/01-BASE-V5/90-SUPPORT-REFERENCE/asai_twin_research/asai-works-turboprop-uses.md	6357	INHERITED/PROVENANCE
01-BASE-V6/01-BASE-V5/90-SUPPORT-REFERENCE/asai_v48_selected/asai-works-aero-turbosupercharger.md	16467	INHERITED/PROVENANCE
01-BASE-V6/01-BASE-V5/90-SUPPORT-REFERENCE/asai_v48_selected/asai-works-engine-capability-core-e1-e9.md	12068	INHERITED/PROVENANCE
01-BASE-V6/01-BASE-V5/90-SUPPORT-REFERENCE/asai_v48_selected/asai-works-engine-h-to-a-ledger.md	5334	INHERITED/PROVENANCE
01-BASE-V6/01-BASE-V5/90-SUPPORT-REFERENCE/asai_v48_selected/asai-works-gt-first-customers.md	15682	INHERITED/PROVENANCE
01-BASE-V6/01-BASE-V5/90-SUPPORT-REFERENCE/asai_v48_selected/asai-works-marine-gt-small-craft-rebaseline-1934-43.md	7435	INHERITED/PROVENANCE
01-BASE-V6/01-BASE-V5/90-SUPPORT-REFERENCE/asai_v48_selected/asai-works-plant-fiber-composites.md	10979	INHERITED/PROVENANCE
01-BASE-V6/01-BASE-V5/90-SUPPORT-REFERENCE/asai_v48_selected/asai-works-product-availability-ledger-1903-41.md	12784	INHERITED/PROVENANCE
01-BASE-V6/01-BASE-V5/90-SUPPORT-REFERENCE/asai_v48_selected/asai-works-submarine-maturation-1934-37.md	19389	INHERITED/PROVENANCE
01-BASE-V6/01-BASE-V5/90-SUPPORT-REFERENCE/asai_v48_selected/asai-works-tank-diesel-turbo.md	2352	INHERITED/PROVENANCE
01-BASE-V6/01-BASE-V5/90-SUPPORT-REFERENCE/asai_v48_selected/asai-works-tank-lineup.md	1683	INHERITED/PROVENANCE
01-BASE-V6/01-BASE-V5/90-SUPPORT-REFERENCE/asai_v48_selected/asai-works-timeline-tank.md	9097	INHERITED/PROVENANCE
01-BASE-V6/01-BASE-V5/CURRENT-MASTER-FILE-INDEX-V5.tsv	40119	INHERITED/PROVENANCE
01-BASE-V6/01-BASE-V5/FULL-PACKAGE-MANIFEST-SHA256.tsv	42557	INHERITED/PROVENANCE
01-BASE-V6/01-BASE-V5/MACHINE-INTEGRITY-AUDIT-2026-08-30-FULL-V5.json	2521	INHERITED/PROVENANCE
01-BASE-V6/01-BASE-V5/MACHINE-INTEGRITY-AUDIT-2026-08-30-FULL-V5.md	997	INHERITED/PROVENANCE
01-BASE-V6/01-BASE-V5/MECHANICAL-FIXES-V5-MECHFIX1.md	1117	INHERITED/PROVENANCE
01-BASE-V6/01-BASE-V5/PACKAGE-INVENTORY-V5.tsv	25414	INHERITED/PROVENANCE
01-BASE-V6/01-BASE-V5/PACKAGE-STATE-V5.tsv	553	INHERITED/PROVENANCE
01-BASE-V6/01-BASE-V5/PRECEDENCE-2026-08-30-FULL-V5.tsv	1408	INHERITED/PROVENANCE
01-BASE-V6/01-BASE-V5/SHA256SUMS-V5.txt	43220	INHERITED/PROVENANCE
01-BASE-V6/01-BASE-V5/TERMINOLOGY-AND-SUPERSESSION-GUARD-V5.tsv	3052	INHERITED/PROVENANCE
01-BASE-V6/10-CURRENT-1938-1939/00-1939-09-01-RESTART-BASELINE-V6.md	3943	INHERITED/PROVENANCE
01-BASE-V6/10-CURRENT-1938-1939/20-NOMONHAN-1939/ASAI-1939-06-30-NOMONHAN-SUPPORT-VEHICLE-CLOSURE-V1.md	8220	INHERITED/PROVENANCE
01-BASE-V6/10-CURRENT-1938-1939/20-NOMONHAN-1939/ASAI-1939-07-01-NOMONHAN-AIR-RECON-CLOSURE-V1.md	6077	INHERITED/PROVENANCE
01-BASE-V6/10-CURRENT-1938-1939/20-NOMONHAN-1939/ASAI-1939-07-03-NOMONHAN-GATE87-WEATHER-COMBINED-ARMS-V1.md	12932	INHERITED/PROVENANCE
01-BASE-V6/10-CURRENT-1938-1939/20-NOMONHAN-1939/ASAI-1939-07-09-NOMONHAN-GATE88-RECOVERY-COUNTERATTACK-CLOSURE-V1.md	10569	INHERITED/PROVENANCE
01-BASE-V6/10-CURRENT-1938-1939/20-NOMONHAN-1939/ASAI-1939-07-25-NOMONHAN-GATE89-90-ARTILLERY-CLOSURE-V1.md	14016	INHERITED/PROVENANCE
01-BASE-V6/10-CURRENT-1938-1939/20-NOMONHAN-1939/ASAI-1939-07-25-NOMONHAN-TURBO-GT-EVALUATION-V1.md	4779	INHERITED/PROVENANCE
01-BASE-V6/10-CURRENT-1938-1939/20-NOMONHAN-1939/ASAI-1939-08-22-NOMONHAN-GATE91-92-INTEL-SOVIET-OFFENSIVE-V1.1.md	9313	INHERITED/PROVENANCE
01-BASE-V6/10-CURRENT-1938-1939/20-NOMONHAN-1939/ASAI-1939-08-31-NOMONHAN-GATE93-94-ENCIRCLEMENT-BREAKOUT-V1.md	10151	INHERITED/PROVENANCE
01-BASE-V6/10-CURRENT-1938-1939/20-NOMONHAN-1939/ASAI-1939-09-NOMONHAN-EXCHANGE-SOVIET-REACTION-STAFF-WARGAME-V1.md	9823	INHERITED/PROVENANCE
01-BASE-V6/10-CURRENT-1938-1939/30-INDUSTRY-WEAPONS/ASAI-1936-1941-TURBINE-FACILITY-EXPANSION-REBASELINE-V1.md	10197	INHERITED/PROVENANCE
01-BASE-V6/10-CURRENT-1938-1939/30-INDUSTRY-WEAPONS/ASAI-1936-1941-TURBINE-FACILITY-EXPANSION-SCHEDULE-V1.tsv	856	INHERITED/PROVENANCE
01-BASE-V6/10-CURRENT-1938-1939/30-INDUSTRY-WEAPONS/ASAI-1939-09-01-WEAPON-SYSTEM-AUDIT-V1.md	14247	INHERITED/PROVENANCE
01-BASE-V6/10-CURRENT-1938-1939/30-INDUSTRY-WEAPONS/ASAI-1939-09-01-WEAPON-SYSTEM-LEDGER-V1.tsv	3761	INHERITED/PROVENANCE
01-BASE-V6/20-AVIATION-CURRENT-REBASELINE/ASAI-1931-1938-TWIN-MILITARY-REQUIREMENT-LINEAGE-CORRECTION-V1.md	11079	INHERITED/PROVENANCE
01-BASE-V6/20-AVIATION-CURRENT-REBASELINE/ASAI-1931-1939-TWIN-AIRCRAFT-CANON-REBASELINE-V1.md	17939	INHERITED/PROVENANCE
01-BASE-V6/20-AVIATION-CURRENT-REBASELINE/ASAI-1931-1939-TWIN-AIRCRAFT-VERSION-LEDGER-V1.tsv	2620	INHERITED/PROVENANCE
01-BASE-V6/20-AVIATION-CURRENT-REBASELINE/ASAI-1939-09-01-ASAI-AVIATION-CURRENT-ROSTER-V3.md	5172	INHERITED/PROVENANCE
01-BASE-V6/20-AVIATION-CURRENT-REBASELINE/ASAI-1939-09-01-AVIATION-SYSTEM-AUDIT-V1.md	21708	INHERITED/PROVENANCE
01-BASE-V6/20-AVIATION-CURRENT-REBASELINE/ASAI-1939-Q1-AIRCRAFT-CLOSURE-LEDGER-V3.tsv	6066	INHERITED/PROVENANCE
01-BASE-V6/20-AVIATION-CURRENT-REBASELINE/ASAI-1939-Q1-AVIATION-CLOSURE-PATCH-V3.md	13960	INHERITED/PROVENANCE
01-BASE-V6/20-AVIATION-CURRENT-REBASELINE/ASAI-1939-Q1-AVIATION-RESIDUAL-OPEN-V3.md	889	INHERITED/PROVENANCE
01-BASE-V6/20-AVIATION-CURRENT-REBASELINE/ASAI-1939-Q1-AVIATION-SYSTEM-CLOSURE-LEDGER-V3.tsv	2623	INHERITED/PROVENANCE
01-BASE-V6/20-AVIATION-CURRENT-REBASELINE/ASAI-AVIATION-DECISION-INTENT-GUARD-V1.md	5557	INHERITED/PROVENANCE
01-BASE-V6/20-AVIATION-CURRENT-REBASELINE/ASAI-AVIATION-INTENT-LINEAGE-PRODUCTIZATION-REBASELINE-1931-1939-V1.md	25676	INHERITED/PROVENANCE
01-BASE-V6/30-ASAI-CURRENT-AUDITS/ASAI-1939-09-01-ASAI-ONLY-RD-PRODUCT-LEDGER-V1.tsv	5790	INHERITED/PROVENANCE
01-BASE-V6/30-ASAI-CURRENT-AUDITS/ASAI-1939-09-01-ASAI-ONLY-STATE-AUDIT-V1.md	27992	INHERITED/PROVENANCE
01-BASE-V6/30-ASAI-CURRENT-AUDITS/ASAI-EPOXY-FRP-CAPABILITY-LEDGER-V2-COST.xlsx	33240	INHERITED/PROVENANCE
01-BASE-V6/90-SUPERSEDED-SESSION-DRAFTS/ASAI-1938-1939-E5-E6-AIRCRAFT-TIMELINE-CORRECTION-V1.md	9359	INHERITED/PROVENANCE
01-BASE-V6/90-SUPERSEDED-SESSION-DRAFTS/ASAI-1939-08-22-NOMONHAN-GATE91-92-INTEL-SOVIET-OFFENSIVE-V1.md	7839	INHERITED/PROVENANCE
01-BASE-V6/90-SUPERSEDED-SESSION-DRAFTS/ASAI-1939-09-01-ASAI-AIRCRAFT-CORE-ROSTER-V1.md	9024	INHERITED/PROVENANCE
01-BASE-V6/90-SUPERSEDED-SESSION-DRAFTS/ASAI-1939-09-01-ASAI-AIRCRAFT-CORE-ROSTER-V2.md	1809	INHERITED/PROVENANCE
01-BASE-V6/90-SUPERSEDED-SESSION-DRAFTS/ASAI-1939-09-01-SALES-RESEARCH-AIRCRAFT-LEDGER-V1.tsv	1509	INHERITED/PROVENANCE
01-BASE-V6/90-SUPERSEDED-SESSION-DRAFTS/ASAI-1939-09-01-SALES-RESEARCH-AIRCRAFT-REBASELINE-V1.md	12677	INHERITED/PROVENANCE
01-BASE-V6/90-SUPERSEDED-SESSION-DRAFTS/README-SUPERSEDED.md	947	INHERITED/PROVENANCE
01-BASE-V6/CURRENT-MASTER-FILE-INDEX-V6.tsv	1569	INHERITED/PROVENANCE
01-BASE-V6/DECISION-INTENT-INDEX-V6.tsv	1399	INHERITED/PROVENANCE
01-BASE-V6/FULL-PACKAGE-MANIFEST-SHA256-V6.tsv	53784	INHERITED/PROVENANCE
01-BASE-V6/MACHINE-INTEGRITY-AUDIT-V6.json	242	INHERITED/PROVENANCE
01-BASE-V6/MACHINE-INTEGRITY-AUDIT-V6.md	337	INHERITED/PROVENANCE
01-BASE-V6/PACKAGE-INVENTORY-V6.tsv	32353	INHERITED/PROVENANCE
01-BASE-V6/PACKAGE-STATE-V6.tsv	459	INHERITED/PROVENANCE
01-BASE-V6/PRECEDENCE-2026-08-31-FULL-V6.tsv	1227	INHERITED/PROVENANCE
01-BASE-V6/SHA256SUMS-V6.txt	52198	INHERITED/PROVENANCE
01-BASE-V6/TERMINOLOGY-AND-SUPERSESSION-GUARD-V6.tsv	2006	INHERITED/PROVENANCE
01-BASE-V6/V6-CHANGELOG-AIRREBASE1.md	1087	INHERITED/PROVENANCE
02-ORIGINAL-V6-ARCHIVE/ASAI-WORLDLINE-HANDOFF-2026-08-31-FULL-V6-AIRREBASE1.zip	8371289	INHERITED/PROVENANCE
10-CURRENT-1937-1938/00-1938-01-17-RESTART-BASELINE-V7.md	4180	INHERITED/PROVENANCE
10-CURRENT-1937-1938/01-METHOD-AND-CAUSAL-GUARD-V7.md	3053	INHERITED/PROVENANCE
10-CURRENT-1937-1938/10-1937-CHINA-WAR-REBASE-CANON-V7.md	21112	INHERITED/PROVENANCE
10-CURRENT-1937-1938/11-1937-CAMPAIGN-DELTA-LEDGER-V7.tsv	4421	INHERITED/PROVENANCE
10-CURRENT-1937-1938/12-FORCE-EQUIPMENT-STOCKFLOW-AND-RECOVERY-V7.md	6468	INHERITED/PROVENANCE
10-CURRENT-1937-1938/13-PANAY-AND-NANKING-CLOSEOUT-V7.md	1511	INHERITED/PROVENANCE
10-CURRENT-1937-1938/14-DOWNSTREAM-REPLAY-HOLD-V7.md	1546	INHERITED/PROVENANCE
20-AVIATION-1931-1938-REBASE/00-AVIATION-REBASE-CANON-1931-1938-V7.md	6301	INHERITED/PROVENANCE
20-AVIATION-1931-1938-REBASE/01-AIRCRAFT-AND-PROCUREMENT-LEDGER-V7.tsv	1369	INHERITED/PROVENANCE
20-AVIATION-1931-1938-REBASE/02-PHOTO-RECON-RADIO-AIRGROUND-CANON-V7.md	3834	INHERITED/PROVENANCE
20-AVIATION-1931-1938-REBASE/03-GT-PRODUCTION-FACILITY-REBASE-V7.md	3451	INHERITED/PROVENANCE
30-ASAI-1937-CLOSEOUT/00-ASAI-1937-11-19-STATE-AND-YEAREND-CARRYOVER-V7.md	4378	INHERITED/PROVENANCE
30-ASAI-1937-CLOSEOUT/01-JAPANESE-INDUSTRIAL-EQUIPMENT-DELTA-V7.tsv	1519	INHERITED/PROVENANCE
30-ASAI-1937-CLOSEOUT/02-PHOTO-INDUSTRY-DIVISION-OF-LABOR-V7.md	1176	INHERITED/PROVENANCE
40-RESEARCH-AND-OPEN-ISSUES/00-HARD-OPEN-RETREAT-AIR-INTERDICTION-V7.md	4410	INHERITED/PROVENANCE
40-RESEARCH-AND-OPEN-ISSUES/01-PHOTO-METADATA-HISTORICAL-PLAUSIBILITY-NOTE-V7.md	2746	INHERITED/PROVENANCE
40-RESEARCH-AND-OPEN-ISSUES/02-SOURCE-LEADS-FROM-REPLAY-V7.md	1128	INHERITED/PROVENANCE
50-CURRENT-1939-1941-AIRPOWER-AUDIT/00-1939-04-20-RESTART-BASELINE-V8.md	6051	INHERITED/PROVENANCE
50-CURRENT-1939-1941-AIRPOWER-AUDIT/00A-MANDATORY-CHEAT-CAPABILITY-PREFLIGHT-CANON-V8.md	7959	INHERITED/PROVENANCE
50-CURRENT-1939-1941-AIRPOWER-AUDIT/01-ENGINE-REQUIREMENT-TEAM-RELEASE-CANON-V8.md	6802	INHERITED/PROVENANCE
50-CURRENT-1939-1941-AIRPOWER-AUDIT/02-GT-E6-E7-CORE-FAMILY-PRODUCTION-CANON-V8.md	5516	INHERITED/PROVENANCE
50-CURRENT-1939-1941-AIRPOWER-AUDIT/03-WATER-AIRCRAFT-FLYING-BOAT-LINEAGE-CANON-V8.md	6564	INHERITED/PROVENANCE
50-CURRENT-1939-1941-AIRPOWER-AUDIT/04-OPEN-SHIDEN-AUTO-COMBAT-FLAP-ASAI-AUTOMATION-V8.md	5887	INHERITED/PROVENANCE
50-CURRENT-1939-1941-AIRPOWER-AUDIT/05-SESSION-DELTA-2026-09-02-V8.md	2744	INHERITED/PROVENANCE
50-CURRENT-1939-1941-AIRPOWER-AUDIT/06-ASAI-HIGH-ALTITUDE-GASOLINE-ENGINE-TECH-TRANSFER-CANON-V8.md	11552	INHERITED/PROVENANCE
50-CURRENT-1939-1941-AIRPOWER-AUDIT/07-HOMARE-DEVELOPMENT-SERVICE-PERFORMANCE-AUDIT-V8.md	12437	INHERITED/PROVENANCE
50-CURRENT-1939-1941-AIRPOWER-AUDIT/08-FIGHTER-POWERPLANT-MATERIAL-INTEGRATION-WORKING-V8.md	10114	INHERITED/PROVENANCE
50-CURRENT-1939-1941-AIRPOWER-AUDIT/09-SESSION-DELTA-2026-09-03-V8.md	7142	INHERITED/PROVENANCE
50-CURRENT-1939-1941-AIRPOWER-AUDIT/10-HANDOFF-STATE-MACHINE-CANON-V8.md	5158	INHERITED/PROVENANCE
50-CURRENT-1939-1941-AIRPOWER-AUDIT/11-HOMARE-QUARTERLY-DEVELOPMENT-QUALIFICATION-CANON-V8.md	31992	INHERITED/PROVENANCE
50-CURRENT-1939-1941-AIRPOWER-AUDIT/12-HOMARE-QUARTERLY-STATE-LEDGER-V8.tsv	4670	INHERITED/PROVENANCE
50-CURRENT-1939-1941-AIRPOWER-AUDIT/13-HA43-PREBRANCH-DEVELOPMENT-AUDIT-V8.md	11442	INHERITED/PROVENANCE
50-CURRENT-1939-1941-AIRPOWER-AUDIT/14-PISTON-ENGINE-PREBRANCH-ROLLUP-V8.md	3131	INHERITED/PROVENANCE
50-CURRENT-1939-1941-AIRPOWER-AUDIT/15-HIGH-POWER-PROPELLER-COOLING-INTEGRATION-CANON-V8.md	14821	INHERITED/PROVENANCE
50-CURRENT-1939-1941-AIRPOWER-AUDIT/16-PREBRANCH-HOMARE-HA43-AIRFRAME-INTEGRATION-CANON-V8.md	14005	INHERITED/PROVENANCE
50-CURRENT-1939-1941-AIRPOWER-AUDIT/17-PREBRANCH-AIRFRAME-INTEGRATION-STATE-LEDGER-V8.tsv	3503	INHERITED/PROVENANCE
50-CURRENT-1939-1941-AIRPOWER-AUDIT/18-1943Q1-PISTON-AIRFRAME-TECHNICAL-SNAPSHOT-V8.md	3196	INHERITED/PROVENANCE
50-CURRENT-1939-1941-AIRPOWER-AUDIT/19-1942-REQUIREMENT-PROCUREMENT-REPLAY-GATE-V8.md	6507	INHERITED/PROVENANCE
50-CURRENT-1939-1941-AIRPOWER-AUDIT/20-GT-E6S-JF-E7-E9-REBASE-CANON-V8.md	10210	INHERITED/PROVENANCE
50-CURRENT-1939-1941-AIRPOWER-AUDIT/21-GT-LIFE-RATING-SEMANTICS-CANON-V8.md	7888	INHERITED/PROVENANCE
50-CURRENT-1939-1941-AIRPOWER-AUDIT/22-GT-ADVANCED-BRANCH-1939-STATE-CANON-V8.md	11133	INHERITED/PROVENANCE
50-CURRENT-1939-1941-AIRPOWER-AUDIT/22A-GT-ADVANCED-BRANCH-1939-STATE-LEDGER-V8.tsv	2080	INHERITED/PROVENANCE
50-CURRENT-1939-1941-AIRPOWER-AUDIT/23-GT-E5-J-JF-INSTALLED-PRODUCT-CANON-V8.md	10403	INHERITED/PROVENANCE
50-CURRENT-1939-1941-AIRPOWER-AUDIT/23A-GT-E5-J-JF-PRODUCT-LEDGER-V8.tsv	2429	INHERITED/PROVENANCE
50-CURRENT-1939-1941-AIRPOWER-AUDIT/24-E5-E6-AIRCRAFT-PROPULSION-REVERSE-AUDIT-V8.md	13349	INHERITED/PROVENANCE
50-CURRENT-1939-1941-AIRPOWER-AUDIT/24A-E5-E6-AIRCRAFT-PROPULSION-STATE-LEDGER-V8.tsv	3026	INHERITED/PROVENANCE
50-CURRENT-1939-1941-AIRPOWER-AUDIT/25-GT-E6S-J-INSTALLED-PACKAGE-CANON-V8.md	8087	INHERITED/PROVENANCE
50-CURRENT-1939-1941-AIRPOWER-AUDIT/25A-GT-E6S-J-PRODUCT-LEDGER-V8.tsv	1353	INHERITED/PROVENANCE
50-CURRENT-1939-1941-AIRPOWER-AUDIT/26-GT-E6M-J-JF-RATING-PACKAGE-CANON-V8.md	5982	INHERITED/PROVENANCE
50-CURRENT-1939-1941-AIRPOWER-AUDIT/26A-GT-E6M-J-JF-RATING-LEDGER-V8.tsv	1285	INHERITED/PROVENANCE
50-CURRENT-1939-1941-AIRPOWER-AUDIT/27-GT-E6M-REHEAT-VARIABLE-NOZZLE-CANON-V8.md	5614	INHERITED/PROVENANCE
50-CURRENT-1939-1941-AIRPOWER-AUDIT/27A-GT-E6M-REHEAT-LEDGER-V8.tsv	1053	INHERITED/PROVENANCE
50-CURRENT-1939-1941-AIRPOWER-AUDIT/28-E6-AIRCRAFT-BACKEND-REVERSE-AUDIT-V8.md	3006	INHERITED/PROVENANCE
50-CURRENT-1939-1941-AIRPOWER-AUDIT/29-1939-04-20-ASAI-AIRCRAFT-PRODUCT-EXPERIMENTAL-ROSTER-CANON-V8.md	7869	INHERITED/PROVENANCE
50-CURRENT-1939-1941-AIRPOWER-AUDIT/29A-1939-04-20-ASAI-AIRCRAFT-ROSTER-LEDGER-V8.tsv	1762	INHERITED/PROVENANCE
50-CURRENT-1939-1941-AIRPOWER-AUDIT/30-P2-STOL-PRODUCT-CLOSURE-V8.md	3719	INHERITED/PROVENANCE
50-CURRENT-1939-1941-AIRPOWER-AUDIT/30A-P2-STOL-PRODUCT-LEDGER-V8.tsv	1045	INHERITED/PROVENANCE
50-CURRENT-1939-1941-AIRPOWER-AUDIT/31-MATERIAL-NO2-1939-STATE-CANON-V8.md	4100	INHERITED/PROVENANCE
50-CURRENT-1939-1941-AIRPOWER-AUDIT/31A-MATERIAL-NO2-Q-RELEASE-LEDGER-V8.tsv	745	INHERITED/PROVENANCE
50-CURRENT-1939-1941-AIRPOWER-AUDIT/32-E6-AIRFRAME-BUILD-STATE-1939-04-20-CANON-V8.md	1926	INHERITED/PROVENANCE
50-CURRENT-1939-1941-AIRPOWER-AUDIT/33-SMALL-HELICOPTER-1939-04-20-STATE-CANON-V8.md	2135	INHERITED/PROVENANCE
50-CURRENT-1939-1941-AIRPOWER-AUDIT/34-CFRP-I-IV-REBASE-CANON-V8.md	10007	INHERITED/PROVENANCE
50-CURRENT-1939-1941-AIRPOWER-AUDIT/34A-CFRP-I-IV-STATE-LEDGER-V8.tsv	1072	INHERITED/PROVENANCE
50-CURRENT-1939-1941-AIRPOWER-AUDIT/35-HS-CFRP-CONVERGENCE-RESEARCH-VEHICLE-CANON-V8.md	4561	INHERITED/PROVENANCE
50-CURRENT-1939-1941-AIRPOWER-AUDIT/35A-HS-CFRP-CONVERGENCE-STATE-LEDGER-V8.tsv	822	INHERITED/PROVENANCE
50-CURRENT-1939-1941-AIRPOWER-AUDIT/36-CFRP-1939-04-20-PHYSICAL-STATE-CANON-V8.md	1298	INHERITED/PROVENANCE
50-CURRENT-1939-1941-AIRPOWER-AUDIT/37-MATERIAL-NO3-HEAVY-TRANSPORT-ORIGIN-CANON-V8.md	7006	INHERITED/PROVENANCE
50-CURRENT-1939-1941-AIRPOWER-AUDIT/37A-MATERIAL-NO3-ORIGIN-STATE-LEDGER-V8.tsv	822	INHERITED/PROVENANCE
50-CURRENT-1939-1941-AIRPOWER-AUDIT/38-MATERIAL-NO3-AT3-TECHNICAL-ENVELOPE-V8.md	4701	INHERITED/PROVENANCE
50-CURRENT-1939-1941-AIRPOWER-AUDIT/38A-MATERIAL-NO3-AT3-TECHNICAL-LEDGER-V8.tsv	1190	INHERITED/PROVENANCE
50-CURRENT-1939-1941-AIRPOWER-AUDIT/39-1939-04-20-ASAI-COMPANY-MASTER-ROSTER-CANON-V8.md	10340	INHERITED/PROVENANCE
50-CURRENT-1939-1941-AIRPOWER-AUDIT/39A-1939-04-20-ASAI-COMPANY-MASTER-ROSTER-LEDGER-V8.tsv	3917	INHERITED/PROVENANCE
50-CURRENT-1939-1941-AIRPOWER-AUDIT/40-SMALL-HELICOPTER-ROTOR-TOPOLOGY-CLOSURE-V8.md	1924	INHERITED/PROVENANCE
50-CURRENT-1939-1941-AIRPOWER-AUDIT/41-DENSE-MATERIALS-1939-04-20-STATE-CANON-V8.md	2848	INHERITED/PROVENANCE
50-CURRENT-1939-1941-AIRPOWER-AUDIT/42-MARINE-GT-1939-04-20-STATE-CANON-V8.md	2830	INHERITED/PROVENANCE
50-CURRENT-1939-1941-AIRPOWER-AUDIT/43-CONTROLS-DATA-ORGANIZATION-1939-04-20-CANON-V8.md	3005	INHERITED/PROVENANCE
50-CURRENT-1939-1941-AIRPOWER-AUDIT/44-GROUND-MOBILE-POWER-VEHICLE-1939-04-20-CANON-V8.md	2918	INHERITED/PROVENANCE
50-CURRENT-1939-1941-AIRPOWER-AUDIT/45-FLEXIBLE-SPALL-LINER-1939-04-20-STATE-CANON-V8.md	3564	INHERITED/PROVENANCE
50-CURRENT-1939-1941-AIRPOWER-AUDIT/46-1939-04-20-REPLAY-READINESS-CLOSURE-V8.md	3556	INHERITED/PROVENANCE
50-CURRENT-1939-1941-AIRPOWER-AUDIT/47-1939-04-20-HISTORICAL-VEHICLE-DELTA-CANON-V8.md	6461	INHERITED/PROVENANCE
50-CURRENT-1939-1941-AIRPOWER-AUDIT/47A-1939-04-20-HISTORICAL-VEHICLE-DELTA-LEDGER-V8.tsv	1705	INHERITED/PROVENANCE
50-CURRENT-1939-1941-AIRPOWER-AUDIT/48-1939-04-20-COMBAT-REPLAY-LAUNCH-CARD-V8.md	4012	INHERITED/PROVENANCE
50-CURRENT-1939-1941-AIRPOWER-AUDIT/48A-1939-04-20-REPLAY-GATE-QUEUE-V8.tsv	716	INHERITED/PROVENANCE
50-CURRENT-1939-1941-AIRPOWER-AUDIT/49-PISTON-EXHAUST-ENERGY-RECOVERY-CANON-V8.md	17068	INHERITED/PROVENANCE
50-CURRENT-1939-1941-AIRPOWER-AUDIT/49A-PISTON-EXHAUST-APPLICATION-LEDGER-V8.tsv	5907	INHERITED/PROVENANCE
50-CURRENT-1939-1941-AIRPOWER-AUDIT/50-HISTORICAL-DESIGNATION-NOT-IDENTICAL-HARDWARE-GUARD-V8.md	20816	INHERITED/PROVENANCE
50-CURRENT-1939-1941-AIRPOWER-AUDIT/50-SESSION-DELTA-2026-09-05-EXHAUST1-V8.md	1683	INHERITED/PROVENANCE
50-CURRENT-1939-1941-AIRPOWER-AUDIT/50A-HISTORICAL-DESIGNATION-DIFFERENCE-LEDGER-V8.tsv	18552	INHERITED/PROVENANCE
50-CURRENT-1939-1941-AIRPOWER-AUDIT/51-FIRE-CONTROL-SIGHTING-BOMBING-INTEGRATION-CANON-V8.md	12864	INHERITED/PROVENANCE
50-CURRENT-1939-1941-AIRPOWER-AUDIT/51A-FIRE-CONTROL-SIGHTING-APPLICATION-LEDGER-V8.tsv	6259	INHERITED/PROVENANCE
50-CURRENT-1939-1941-AIRPOWER-AUDIT/52-RELATIVE-MOBILITY-GEOMETRY-TIMING-CANON-V8.md	3493	INHERITED/PROVENANCE
50-CURRENT-1939-1941-AIRPOWER-AUDIT/52-SESSION-DELTA-2026-09-05-FIREOPTICS1-V8.md	1504	INHERITED/PROVENANCE
50-CURRENT-1939-1941-AIRPOWER-AUDIT/52A-RELATIVE-MOBILITY-GEOMETRY-TIMING-LEDGER-V8.tsv	856	INHERITED/PROVENANCE
50-CURRENT-1939-1941-AIRPOWER-AUDIT/53-AERIAL-PHOTO-RECON-DEEP-FIRE-INTEGRATION-CANON-V8.md	4025	INHERITED/PROVENANCE
50-CURRENT-1939-1941-AIRPOWER-AUDIT/53A-AERIAL-PHOTO-RECON-DEEP-FIRE-LEDGER-V8.tsv	865	INHERITED/PROVENANCE
50-CURRENT-1939-1941-AIRPOWER-AUDIT/54-NOMONHAN-REINFORCEMENT-HOT-RESERVE-CANON-V8.md	4749	INHERITED/PROVENANCE
50-CURRENT-1939-1941-AIRPOWER-AUDIT/54A-NOMONHAN-REINFORCEMENT-HOT-RESERVE-LEDGER-V8.tsv	1110	INHERITED/PROVENANCE
50-CURRENT-1939-1941-AIRPOWER-AUDIT/99-SUPPORT-CURRENT/1939-COMPANY-STATE-SELECTED/124-E5-QUALIFICATION-CRAFT-TECHNICAL-DOSSIER-V10.tsv	4820	INHERITED/PROVENANCE
50-CURRENT-1939-1941-AIRPOWER-AUDIT/99-SUPPORT-CURRENT/1939-COMPANY-STATE-SELECTED/127-TEST-PLATFORM-MARGINAL-VALUE-AND-ACTIVATION-GATES-V10.tsv	2604	INHERITED/PROVENANCE
50-CURRENT-1939-1941-AIRPOWER-AUDIT/99-SUPPORT-CURRENT/1939-COMPANY-STATE-SELECTED/15-URANIUM-TUNGSTEN-DENSE-MATERIALS-AUDIT-1937.md	10332	INHERITED/PROVENANCE
50-CURRENT-1939-1941-AIRPOWER-AUDIT/99-SUPPORT-CURRENT/1939-COMPANY-STATE-SELECTED/17-DENSE-MATERIAL-AMMUNITION-SUPPLY-AUDIT-1937.md	8761	INHERITED/PROVENANCE
50-CURRENT-1939-1941-AIRPOWER-AUDIT/99-SUPPORT-CURRENT/1939-COMPANY-STATE-SELECTED/75-1938-06-30-ASAI-GENERAL-EFFECT-AUDIT.md	8227	INHERITED/PROVENANCE
50-CURRENT-1939-1941-AIRPOWER-AUDIT/99-SUPPORT-CURRENT/1939-COMPANY-STATE-SELECTED/ASAI-1937-CORPORATE-CLOSEOUT-V3.md	8710	INHERITED/PROVENANCE
50-CURRENT-1939-1941-AIRPOWER-AUDIT/99-SUPPORT-CURRENT/1939-COMPANY-STATE-SELECTED/ASAI-1939-06-30-NOMONHAN-SUPPORT-VEHICLE-CLOSURE-V1-FUTURE-COMPARATOR.md	8220	INHERITED/PROVENANCE
50-CURRENT-1939-1941-AIRPOWER-AUDIT/99-SUPPORT-CURRENT/1939-COMPANY-STATE-SELECTED/ASAI-1939-09-01-ASAI-ONLY-STATE-AUDIT-V1-FUTURE-COMPARATOR.md	27992	INHERITED/PROVENANCE
50-CURRENT-1939-1941-AIRPOWER-AUDIT/99-SUPPORT-CURRENT/1939-COMPANY-STATE-SELECTED/README-V8.md	416	INHERITED/PROVENANCE
50-CURRENT-1939-1941-AIRPOWER-AUDIT/99-SUPPORT-CURRENT/1939-COMPANY-STATE-SELECTED/asai-works-company-structure.md	17616	INHERITED/PROVENANCE
50-CURRENT-1939-1941-AIRPOWER-AUDIT/99-SUPPORT-CURRENT/1939-COMPANY-STATE-SELECTED/asai-works-computation-machines-centers.md	5641	INHERITED/PROVENANCE
50-CURRENT-1939-1941-AIRPOWER-AUDIT/99-SUPPORT-CURRENT/1939-COMPANY-STATE-SELECTED/asai-works-computation-origin-business.md	8215	INHERITED/PROVENANCE
50-CURRENT-1939-1941-AIRPOWER-AUDIT/99-SUPPORT-CURRENT/1939-COMPANY-STATE-SELECTED/asai-works-marine-gt-small-craft-design-closure-1938-43.md	16198	INHERITED/PROVENANCE
50-CURRENT-1939-1941-AIRPOWER-AUDIT/99-SUPPORT-CURRENT/1939-COMPANY-STATE-SELECTED/asai-works-rotorcraft-v46.md	26113	INHERITED/PROVENANCE
50-CURRENT-1939-1941-AIRPOWER-AUDIT/99-SUPPORT-CURRENT/1939-COMPANY-STATE-SELECTED/asai-works-surface-ship-large-marine-rebaseline-1934-41.md	15827	INHERITED/PROVENANCE
50-CURRENT-1939-1941-AIRPOWER-AUDIT/99-SUPPORT-CURRENT/ASAI-MATERIAL-LEDGER-2026-09-03.xlsx	33240	INHERITED/PROVENANCE
50-CURRENT-1939-1941-AIRPOWER-AUDIT/99-SUPPORT-CURRENT/CFRP-REBASE-SOURCE-SELECTED/README-V8.md	870	INHERITED/PROVENANCE
50-CURRENT-1939-1941-AIRPOWER-AUDIT/99-SUPPORT-CURRENT/CFRP-REBASE-SOURCE-SELECTED/asai-works-cfrp-program.md	20200	INHERITED/PROVENANCE
50-CURRENT-1939-1941-AIRPOWER-AUDIT/99-SUPPORT-CURRENT/CFRP-REBASE-SOURCE-SELECTED/asai-works-cfrp-wing.md	14117	INHERITED/PROVENANCE
50-CURRENT-1939-1941-AIRPOWER-AUDIT/99-SUPPORT-CURRENT/CFRP-REBASE-SOURCE-SELECTED/asai-works-frp-manufacturing.md	26399	INHERITED/PROVENANCE
50-CURRENT-1939-1941-AIRPOWER-AUDIT/99-SUPPORT-CURRENT/CFRP-REBASE-SOURCE-SELECTED/asai-works-materials-resin.md	35793	INHERITED/PROVENANCE
50-CURRENT-1939-1941-AIRPOWER-AUDIT/99-SUPPORT-CURRENT/GT-REBASE-COMPUTATION/E5-J-JF-INSTALLED-V8.log	3715	INHERITED/PROVENANCE
50-CURRENT-1939-1941-AIRPOWER-AUDIT/99-SUPPORT-CURRENT/GT-REBASE-COMPUTATION/E5-J-JF-INSTALLED-V8.tsv	1354	INHERITED/PROVENANCE
50-CURRENT-1939-1941-AIRPOWER-AUDIT/99-SUPPORT-CURRENT/GT-REBASE-COMPUTATION/E5-JF-FAN-GEOMETRY-V8.tsv	502	INHERITED/PROVENANCE
50-CURRENT-1939-1941-AIRPOWER-AUDIT/99-SUPPORT-CURRENT/GT-REBASE-COMPUTATION/E6-M-BACKEND-RATING-V8.log	4307	INHERITED/PROVENANCE
50-CURRENT-1939-1941-AIRPOWER-AUDIT/99-SUPPORT-CURRENT/GT-REBASE-COMPUTATION/E6-M-J-REHEAT-V8.tsv	1107	INHERITED/PROVENANCE
50-CURRENT-1939-1941-AIRPOWER-AUDIT/99-SUPPORT-CURRENT/GT-REBASE-COMPUTATION/E6-M-JF-RATING-LADDER-V8.tsv	1088	INHERITED/PROVENANCE
50-CURRENT-1939-1941-AIRPOWER-AUDIT/99-SUPPORT-CURRENT/GT-REBASE-COMPUTATION/E6-S-J-INSTALLED-V8.log	3983	INHERITED/PROVENANCE
50-CURRENT-1939-1941-AIRPOWER-AUDIT/99-SUPPORT-CURRENT/GT-REBASE-COMPUTATION/E6-S-J-INSTALLED-V8.tsv	1595	INHERITED/PROVENANCE
50-CURRENT-1939-1941-AIRPOWER-AUDIT/99-SUPPORT-CURRENT/GT-REBASE-COMPUTATION/E6-S-J-PACKAGE-ENVELOPE-V8.tsv	611	INHERITED/PROVENANCE
50-CURRENT-1939-1941-AIRPOWER-AUDIT/99-SUPPORT-CURRENT/GT-REBASE-COMPUTATION/e5_j_jf_installed_v8.py	5644	INHERITED/PROVENANCE
50-CURRENT-1939-1941-AIRPOWER-AUDIT/99-SUPPORT-CURRENT/GT-REBASE-COMPUTATION/e6_m_backend_rating_v8.py	3329	INHERITED/PROVENANCE
50-CURRENT-1939-1941-AIRPOWER-AUDIT/99-SUPPORT-CURRENT/GT-REBASE-COMPUTATION/e6_s_j_installed_v8.py	3655	INHERITED/PROVENANCE
50-CURRENT-1939-1941-AIRPOWER-AUDIT/99-SUPPORT-CURRENT/GT-REBASE-SOURCE-SELECTED/E6-M-JF-TIT-RATING-SHADOW-V8.tsv	370	INHERITED/PROVENANCE
50-CURRENT-1939-1941-AIRPOWER-AUDIT/99-SUPPORT-CURRENT/GT-REBASE-SOURCE-SELECTED/E6-S-J-PREAUDIT-SHADOW-V8.tsv	779	INHERITED/PROVENANCE
50-CURRENT-1939-1941-AIRPOWER-AUDIT/99-SUPPORT-CURRENT/GT-REBASE-SOURCE-SELECTED/README-V8-GTCORE1.md	784	INHERITED/PROVENANCE
50-CURRENT-1939-1941-AIRPOWER-AUDIT/99-SUPPORT-CURRENT/GT-REBASE-SOURCE-SELECTED/asai-works-capability-convergence-framework-1903-45.md	3615	INHERITED/PROVENANCE
50-CURRENT-1939-1941-AIRPOWER-AUDIT/99-SUPPORT-CURRENT/GT-REBASE-SOURCE-SELECTED/asai-works-core-elements.md	21159	INHERITED/PROVENANCE
50-CURRENT-1939-1941-AIRPOWER-AUDIT/99-SUPPORT-CURRENT/GT-REBASE-SOURCE-SELECTED/asai-works-core-hierarchy.md	21601	INHERITED/PROVENANCE
50-CURRENT-1939-1941-AIRPOWER-AUDIT/99-SUPPORT-CURRENT/GT-REBASE-SOURCE-SELECTED/asai-works-core-rebaseline-history-v38-v48.md	6499	INHERITED/PROVENANCE
50-CURRENT-1939-1941-AIRPOWER-AUDIT/99-SUPPORT-CURRENT/GT-REBASE-SOURCE-SELECTED/asai-works-e4-e5-hot-section-component-life-rebaseline-1931-37.md	7497	INHERITED/PROVENANCE
50-CURRENT-1939-1941-AIRPOWER-AUDIT/99-SUPPORT-CURRENT/GT-REBASE-SOURCE-SELECTED/asai-works-e4-e5-installed-cycle-rebaseline-1931-37.md	12724	INHERITED/PROVENANCE
50-CURRENT-1939-1941-AIRPOWER-AUDIT/99-SUPPORT-CURRENT/GT-REBASE-SOURCE-SELECTED/asai-works-e4-e5-product-massflow-size-rebaseline-1931-37.md	13368	INHERITED/PROVENANCE
50-CURRENT-1939-1941-AIRPOWER-AUDIT/99-SUPPORT-CURRENT/GT-REBASE-SOURCE-SELECTED/asai-works-e5-e6-compressor-operability-rebaseline-1934-41.md	14351	INHERITED/PROVENANCE
50-CURRENT-1939-1941-AIRPOWER-AUDIT/99-SUPPORT-CURRENT/GT-REBASE-SOURCE-SELECTED/asai-works-e6-installed-cycle-product-power-rebaseline-1938-41.md	8094	INHERITED/PROVENANCE
50-CURRENT-1939-1941-AIRPOWER-AUDIT/99-SUPPORT-CURRENT/GT-REBASE-SOURCE-SELECTED/asai-works-e6-m-jf-installed-thrust-rebaseline-1938-43.md	8487	INHERITED/PROVENANCE
50-CURRENT-1939-1941-AIRPOWER-AUDIT/99-SUPPORT-CURRENT/GT-REBASE-SOURCE-SELECTED/asai-works-e8-e9-later-war-propulsion-rebaseline-1942-47.md	8099	INHERITED/PROVENANCE
50-CURRENT-1939-1941-AIRPOWER-AUDIT/99-SUPPORT-CURRENT/GT-REBASE-SOURCE-SELECTED/asai-works-engine-capability-core-e1-e9.md	12068	INHERITED/PROVENANCE
50-CURRENT-1939-1941-AIRPOWER-AUDIT/99-SUPPORT-CURRENT/GT-REBASE-SOURCE-SELECTED/asai-works-propulsion-roadmap.md	15081	INHERITED/PROVENANCE
50-CURRENT-1939-1941-AIRPOWER-AUDIT/99-SUPPORT-CURRENT/GT-REBASE-SOURCE-SELECTED/tensei-engineer-kufu-shu.md	20503	INHERITED/PROVENANCE
50-CURRENT-1939-1941-AIRPOWER-AUDIT/99-SUPPORT-CURRENT/MATERIAL3-REBASE-SOURCE-SELECTED/README-V8.md	282	INHERITED/PROVENANCE
50-CURRENT-1939-1941-AIRPOWER-AUDIT/99-SUPPORT-CURRENT/MATERIAL3-REBASE-SOURCE-SELECTED/asai-works-heavy-transport-at3-ki92-1939-44.md	5798	INHERITED/PROVENANCE
50-CURRENT-1939-1941-AIRPOWER-AUDIT/99-SUPPORT-CURRENT/MATERIAL3-REBASE-SOURCE-SELECTED/asai-works-transport-l5si.md	2228	INHERITED/PROVENANCE
50-CURRENT-1939-1941-AIRPOWER-AUDIT/99-SUPPORT-CURRENT/README-V8.md	319	INHERITED/PROVENANCE
60-CURRENT-1939-COMBAT-REPLAY/00-1939-04-21-26-NANCHANG-COUNTEROFFENSIVE-GATE-V8.md	10241	INHERITED/PROVENANCE
60-CURRENT-1939-COMBAT-REPLAY/00A-1939-04-21-26-NANCHANG-EVENT-LEDGER-V8.tsv	2046	INHERITED/PROVENANCE
60-CURRENT-1939-COMBAT-REPLAY/01-1939-04-26-STATE-LEDGER-V8.tsv	1243	INHERITED/PROVENANCE
60-CURRENT-1939-COMBAT-REPLAY/02-1939-04-27-05-09-NANCHANG-CLOSEOUT-GATE-V8.md	10606	INHERITED/PROVENANCE
60-CURRENT-1939-COMBAT-REPLAY/02A-1939-04-27-05-09-NANCHANG-EVENT-LEDGER-V8.tsv	1281	INHERITED/PROVENANCE
60-CURRENT-1939-COMBAT-REPLAY/03-1939-04-27-05-10-CONCURRENT-AVIATION-EVENTS-GATE-V8.md	4530	INHERITED/PROVENANCE
60-CURRENT-1939-COMBAT-REPLAY/03A-1939-04-27-05-10-AVIATION-EVENT-LEDGER-V8.tsv	625	INHERITED/PROVENANCE
60-CURRENT-1939-COMBAT-REPLAY/04-1939-05-10-STATE-LEDGER-V8.tsv	1742	INHERITED/PROVENANCE
60-CURRENT-1939-COMBAT-REPLAY/05-1939-05-11-06-27-NOMONHAN-OPENING-PHASE-GATE-V8.md	9202	INHERITED/PROVENANCE
60-CURRENT-1939-COMBAT-REPLAY/05A-1939-05-11-06-27-NOMONHAN-EVENT-LEDGER-V8.tsv	2636	INHERITED/PROVENANCE
60-CURRENT-1939-COMBAT-REPLAY/06-1939-06-27-STATE-LEDGER-V8.tsv	2357	INHERITED/PROVENANCE
60-CURRENT-1939-COMBAT-REPLAY/07-1939-06-28-08-19-NOMONHAN-MIDPHASE-GATE-V8.md	4484	INHERITED/PROVENANCE
60-CURRENT-1939-COMBAT-REPLAY/07A-1939-06-28-08-19-NOMONHAN-EVENT-LEDGER-V8.tsv	1614	INHERITED/PROVENANCE
60-CURRENT-1939-COMBAT-REPLAY/08-1939-08-19-STATE-LEDGER-V8.tsv	980	INHERITED/PROVENANCE
60-CURRENT-1939-COMBAT-REPLAY/09-1939-08-20-SOVIET-OFFENSIVE-DAY1-GATE-V8.md	6456	INHERITED/PROVENANCE
60-CURRENT-1939-COMBAT-REPLAY/09A-1939-08-20-EVENT-LEDGER-V8.tsv	974	INHERITED/PROVENANCE
60-CURRENT-1939-COMBAT-REPLAY/10-1939-08-20-STATE-LEDGER-V8.tsv	1221	INHERITED/PROVENANCE
60-CURRENT-1939-COMBAT-REPLAY/11-1939-08-21-CORRIDOR-RACE-GATE-V8.md	3917	INHERITED/PROVENANCE
60-CURRENT-1939-COMBAT-REPLAY/11A-1939-08-21-EVENT-LEDGER-V8.tsv	795	INHERITED/PROVENANCE
60-CURRENT-1939-COMBAT-REPLAY/12-1939-08-21-STATE-LEDGER-V8.tsv	815	INHERITED/PROVENANCE
60-CURRENT-1939-COMBAT-REPLAY/13-1939-08-22-OUTSIDE-RELIEF-CORRIDOR-GATE-V8.md	6475	INHERITED/PROVENANCE
60-CURRENT-1939-COMBAT-REPLAY/13A-1939-08-22-EVENT-LEDGER-V8.tsv	985	INHERITED/PROVENANCE
60-CURRENT-1939-COMBAT-REPLAY/14-1939-08-22-STATE-LEDGER-V8.tsv	1237	INHERITED/PROVENANCE
70-CURRENT-2026-09-05-SESSION-CLOSE/00-SESSION-HANDOFF-V9.md	10726	INHERITED/PROVENANCE
70-CURRENT-2026-09-05-SESSION-CLOSE/01-NOMONHAN-CLOSURE-CANON-V9.md	4790	INHERITED/PROVENANCE
70-CURRENT-2026-09-05-SESSION-CLOSE/02-NOMONHAN-LOSS-LEDGER-V9.tsv	2414	INHERITED/PROVENANCE
70-CURRENT-2026-09-05-SESSION-CLOSE/03-NOMONHAN-AIR-SPECIAL-AMMO-CORRECTION-V9.md	5763	INHERITED/PROVENANCE
70-CURRENT-2026-09-05-SESSION-CLOSE/03A-NOMONHAN-AIR-SPECIAL-AMMO-WORKING-V9.tsv	1374	INHERITED/PROVENANCE
70-CURRENT-2026-09-05-SESSION-CLOSE/04-NOMONHAN-REINFORCEMENT-PIPELINE-V9.md	4362	INHERITED/PROVENANCE
70-CURRENT-2026-09-05-SESSION-CLOSE/04A-NOMONHAN-REINFORCEMENT-PIPELINE-V9.tsv	755	INHERITED/PROVENANCE
70-CURRENT-2026-09-05-SESSION-CLOSE/05-NOMONHAN-ACTOR-LESSONS-THREAT-ESTIMATE-V9.md	4998	INHERITED/PROVENANCE
70-CURRENT-2026-09-05-SESSION-CLOSE/06-URANIUM-NUCLEAR-RESEARCH-HANDOFF-V9.md	4931	INHERITED/PROVENANCE
70-CURRENT-2026-09-05-SESSION-CLOSE/07-CHINA-CROSS-THEATER-ALLOCATION-GUARD-V9.md	2942	INHERITED/PROVENANCE
70-CURRENT-2026-09-05-SESSION-CLOSE/08-CHINA-CATCHUP-1939-04-20-06-20-V9.md	4708	INHERITED/PROVENANCE
70-CURRENT-2026-09-05-SESSION-CLOSE/08A-CHINA-1939-06-20-STATE-V9.tsv	1547	INHERITED/PROVENANCE
70-CURRENT-2026-09-05-SESSION-CLOSE/09-NEXT-GATE-SWATOW-1939-06-21-V9.md	1925	INHERITED/PROVENANCE
70-CURRENT-2026-09-05-SESSION-CLOSE/10-OPEN-ISSUES-V9.tsv	1487	INHERITED/PROVENANCE
70-CURRENT-2026-09-05-SESSION-CLOSE/10A-ACTIVE-OPEN-ISSUES-V9.tsv	598	INHERITED/PROVENANCE
70-CURRENT-2026-09-05-SESSION-CLOSE/11-G3M-CHONGQING-EX-STATE-CLOSEOUT-V9.md	2409	INHERITED/PROVENANCE
70-CURRENT-2026-09-05-SESSION-CLOSE/11A-G3M-CHONGQING-EX-STATE-LEDGER-V9.tsv	636	INHERITED/PROVENANCE
70-CURRENT-2026-09-05-SESSION-CLOSE/12-NOMONHAN-SPECIAL-AMMO-PRODUCTION-FLOW-CLOSEOUT-V9.md	3934	INHERITED/PROVENANCE
70-CURRENT-2026-09-05-SESSION-CLOSE/12A-NOMONHAN-SPECIAL-AMMO-FLOW-LEDGER-V9.tsv	1682	INHERITED/PROVENANCE
70-CURRENT-2026-09-05-SESSION-CLOSE/13-NOMONHAN-AVIATION-STOCKFLOW-CLOSEOUT-V9.md	3229	INHERITED/PROVENANCE
70-CURRENT-2026-09-05-SESSION-CLOSE/13A-NOMONHAN-AVIATION-STOCKFLOW-LEDGER-V9.tsv	1486	INHERITED/PROVENANCE
70-CURRENT-2026-09-05-SESSION-CLOSE/14-URANIUM-SYSTEM-BALANCE-CLOSEOUT-V9.md	3015	INHERITED/PROVENANCE
70-CURRENT-2026-09-05-SESSION-CLOSE/14A-URANIUM-SYSTEM-BALANCE-LEDGER-V9.tsv	819	INHERITED/PROVENANCE
70-CURRENT-2026-09-05-SESSION-CLOSE/15-RIKEN-ISOTOPE-RESEARCH-CLOSEOUT-V9.md	2380	INHERITED/PROVENANCE
70-CURRENT-2026-09-05-SESSION-CLOSE/15A-RIKEN-ISOTOPE-RESEARCH-LEDGER-V9.tsv	997	INHERITED/PROVENANCE
71-CURRENT-TECHNICAL-CONTROL-V9/00-TECHNICAL-DISCUSSION-CLOSEOUT-V9.md	3319	INHERITED/PROVENANCE
71-CURRENT-TECHNICAL-CONTROL-V9/01-TECHNICAL-DISCUSSION-INDEX-V9.tsv	16399	INHERITED/PROVENANCE
71-CURRENT-TECHNICAL-CONTROL-V9/02-TECHNICAL-ISSUE-REGISTER-V9.tsv	14323	INHERITED/PROVENANCE
71-CURRENT-TECHNICAL-CONTROL-V9/03-COMPUTATION-CRYPTO-TECHNICAL-CLOSURE-V9.md	5407	INHERITED/PROVENANCE
71-CURRENT-TECHNICAL-CONTROL-V9/03A-COMPUTATION-CRYPTO-CAPABILITY-LEDGER-V9.tsv	3752	INHERITED/PROVENANCE
71-CURRENT-TECHNICAL-CONTROL-V9/04-NAVAL-COMPUTATION-FCS-INTEGRATION-CLOSURE-V9.md	4288	INHERITED/PROVENANCE
71-CURRENT-TECHNICAL-CONTROL-V9/04A-NAVAL-FCS-INTEGRATION-LEDGER-V9.tsv	4643	INHERITED/PROVENANCE
71-CURRENT-TECHNICAL-CONTROL-V9/05-CHEAT-DISTANCE-AND-TRANSFER-GUARD-V9.md	7968	INHERITED/PROVENANCE
71-CURRENT-TECHNICAL-CONTROL-V9/05A-CHEAT-DISTANCE-APPLICATION-LEDGER-V9.tsv	3187	INHERITED/PROVENANCE
71-CURRENT-TECHNICAL-CONTROL-V9/06-CRYPTO-SIGINT-INSTITUTIONAL-CLOSEOUT-V9.md	3638	INHERITED/PROVENANCE
71-CURRENT-TECHNICAL-CONTROL-V9/06A-CRYPTO-SIGINT-INSTITUTIONAL-LEDGER-V9.tsv	2192	INHERITED/PROVENANCE
71-CURRENT-TECHNICAL-CONTROL-V9/07-NAVAL-FCS-CLASS-CLOSEOUT-V9.md	6207	INHERITED/PROVENANCE
71-CURRENT-TECHNICAL-CONTROL-V9/07A-NAVAL-FCS-CLASS-LEDGER-V9.tsv	4374	INHERITED/PROVENANCE
71-CURRENT-TECHNICAL-CONTROL-V9/08-CHEAT-RULE-COMPENDIUM-V9.md	18578	INHERITED/PROVENANCE
71-CURRENT-TECHNICAL-CONTROL-V9/08A-CHEAT-RULE-INDEX-V9.tsv	8785	INHERITED/PROVENANCE
71-CURRENT-TECHNICAL-CONTROL-V9/08B-TECHNICAL-STAGE-TAXONOMY-V9.tsv	12066	INHERITED/PROVENANCE
71-CURRENT-TECHNICAL-CONTROL-V9/90-RETAINED-PARENTS/README-V9.md	843	INHERITED/PROVENANCE
71-CURRENT-TECHNICAL-CONTROL-V9/90-RETAINED-PARENTS/asai-works-computation-ferrite-cipher-memory.md	3202	INHERITED/PROVENANCE
71-CURRENT-TECHNICAL-CONTROL-V9/90-RETAINED-PARENTS/asai-works-computation-machines-centers.md	5641	INHERITED/PROVENANCE
71-CURRENT-TECHNICAL-CONTROL-V9/90-RETAINED-PARENTS/asai-works-computation-origin-business.md	8215	INHERITED/PROVENANCE
71-CURRENT-TECHNICAL-CONTROL-V9/90-RETAINED-PARENTS/asai-works-computation-repropagation-engine-aviation-1923-45.md	3599	INHERITED/PROVENANCE
71-CURRENT-TECHNICAL-CONTROL-V9/90-RETAINED-PARENTS/asai-works-marine-gt-small-craft-design-closure-1938-43.md	16198	INHERITED/PROVENANCE
71-CURRENT-TECHNICAL-CONTROL-V9/90-RETAINED-PARENTS/asai-works-surface-ship-large-marine-rebaseline-1934-41.md	15827	INHERITED/PROVENANCE
71-CURRENT-TECHNICAL-CONTROL-V9/90-RETAINED-PARENTS/asai-works-tank-computation-rebaseline-1938-41.md	2494	INHERITED/PROVENANCE
71-CURRENT-TECHNICAL-CONTROL-V9/90-RETAINED-PARENTS/asai-works-tank-diesel-turbo.md	2352	INHERITED/PROVENANCE
71-CURRENT-TECHNICAL-CONTROL-V9/90-RETAINED-PARENTS/asai-works-tank-early-computation-materials-rebaseline-1928-41.md	9357	INHERITED/PROVENANCE
72-CURRENT-RETRO-AIRPOWER-1938-1939/ASAI-1938-10-31-AIRPOWER-RETRO-CLOSEOUT-V1.md	8743	INHERITED/PROVENANCE
72-CURRENT-RETRO-AIRPOWER-1938-1939/ASAI-1938-12-31-AIRPOWER-REPLAY-CLOSEOUT-V1.md	6135	INHERITED/PROVENANCE
72-CURRENT-RETRO-AIRPOWER-1938-1939/ASAI-1938-12-31-E5-COMMAND-RECON-RAPID-TRANSPORT-CLOSEOUT-V1.md	6789	INHERITED/PROVENANCE
72-CURRENT-RETRO-AIRPOWER-1938-1939/ASAI-1938-RETRO-REPLAY-FINAL-CLOSEOUT-V2.md	6789	INHERITED/PROVENANCE
72-CURRENT-RETRO-AIRPOWER-1938-1939/ASAI-1939-05-10-NANCHANG-COUNTEROFFENSIVE-CLOSEOUT-V1.md	8709	INHERITED/PROVENANCE
72-CURRENT-RETRO-AIRPOWER-1938-1939/ASAI-1939-09-17-AIRPOWER-OPENING-RECONCILIATION-V1.md	6633	INHERITED/PROVENANCE
72-CURRENT-RETRO-AIRPOWER-1938-1939/ASAI-1939-09-17-FIRST-CHANGSHA-AIRPOWER-OOB-V1.md	5227	INHERITED/PROVENANCE
72-CURRENT-RETRO-AIRPOWER-1938-1939/ASAI-1939-09-17-FIRST-CHANGSHA-AIRPOWER-OOB-V1.tsv	686	INHERITED/PROVENANCE
72-CURRENT-RETRO-AIRPOWER-1938-1939/ASAI-1939-Q1-REPLAY-CLOSEOUT-V1.md	7746	INHERITED/PROVENANCE
73-CURRENT-NOMONHAN-REVISED-V10/ASAI-NOMONHAN-1939-05-11-06-30-AIRPOWER-REVISION-DIFFERENTIAL-V2.md	9301	INHERITED/PROVENANCE
73-CURRENT-NOMONHAN-REVISED-V10/ASAI-NOMONHAN-1939-07-01-09-AIRPOWER-REVISION-DIFFERENTIAL-V3.md	11554	INHERITED/PROVENANCE
73-CURRENT-NOMONHAN-REVISED-V10/ASAI-NOMONHAN-1939-07-10-25-AIRPOWER-REVISION-DIFFERENTIAL-V4.md	10501	INHERITED/PROVENANCE
73-CURRENT-NOMONHAN-REVISED-V10/ASAI-NOMONHAN-1939-07-26-08-19-AIRPOWER-REVISION-DIFFERENTIAL-V5.md	11904	INHERITED/PROVENANCE
73-CURRENT-NOMONHAN-REVISED-V10/ASAI-NOMONHAN-1939-08-19-20-REVISION-V6.md	11601	INHERITED/PROVENANCE
73-CURRENT-NOMONHAN-REVISED-V10/ASAI-NOMONHAN-1939-08-21-23-REVISION-V7.md	11279	INHERITED/PROVENANCE
73-CURRENT-NOMONHAN-REVISED-V10/ASAI-NOMONHAN-1939-08-24-31-FINAL-REVISION-V8.md	11677	INHERITED/PROVENANCE
74-CURRENT-CHINA-1939-REPLAY-V10/ASAI-1939-09-10-31-POST-NOMONHAN-CHINA-REALLOCATION-CLOSEOUT-V2.md	4883	INHERITED/PROVENANCE
74-CURRENT-CHINA-1939-REPLAY-V10/ASAI-1939-09-17-FIRST-CHANGSHA-GROUND-MOBILITY-OOB-V1.md	11164	INHERITED/PROVENANCE
74-CURRENT-CHINA-1939-REPLAY-V10/ASAI-1939-09-17-FIRST-CHANGSHA-GROUND-MOBILITY-OOB-V1.tsv	1036	INHERITED/PROVENANCE
74-CURRENT-CHINA-1939-REPLAY-V10/ASAI-1939-POST-NOMONHAN-CHINA-CROSS-THEATER-LEDGER-V2.tsv	1379	INHERITED/PROVENANCE
74-CURRENT-CHINA-1939-REPLAY-V10/ASAI-CHINA-1939-06-21-09-16-PURE-ADDITION-RESTORATION-AUDIT-V1.md	11370	INHERITED/PROVENANCE
74-CURRENT-CHINA-1939-REPLAY-V10/ASAI-CHINA-1939-06-21-27-SHANTOU-WUTAISHAN-CLOSEOUT-V1.md	11032	INHERITED/PROVENANCE
74-CURRENT-CHINA-1939-REPLAY-V10/ASAI-CHINA-1939-07-03-11-EAST-SHANXI-FIRST-PHASE-V1.md	10768	INHERITED/PROVENANCE
74-CURRENT-CHINA-1939-REPLAY-V10/ASAI-CHINA-1939-07-12-21-EAST-SHANXI-SECOND-THIRD-PHASE-V2.md	11888	INHERITED/PROVENANCE
74-CURRENT-CHINA-1939-REPLAY-V10/ASAI-CHINA-1939-07-22-31-EAST-SHANXI-CONTROLLED-WITHDRAWAL-V3.md	11005	INHERITED/PROVENANCE
74-CURRENT-CHINA-1939-REPLAY-V10/ASAI-CHINA-1939-08-01-10-EAST-SHANXI-FOLLOWON-V4.md	10015	INHERITED/PROVENANCE
74-CURRENT-CHINA-1939-REPLAY-V10/ASAI-CHINA-1939-08-11-21-EAST-SHANXI-FINAL-PHASE-V5.md	12410	INHERITED/PROVENANCE
74-CURRENT-CHINA-1939-REPLAY-V10/ASAI-CHINA-1939-08-22-09-16-CHANGZHI-COUNTEROFFENSIVE-V6.md	11772	INHERITED/PROVENANCE
74-CURRENT-CHINA-1939-REPLAY-V10/ASAI-CHINA-1939-09-16-CHANGZHI-HANDOFF-PATCH-V1.md	1165	INHERITED/PROVENANCE
74-CURRENT-CHINA-1939-REPLAY-V10/ASAI-CHINA-1939-10-10-11-30-SOUTH-GUANGXI-WINTER-PREP-V7.md	6668	INHERITED/PROVENANCE
74-CURRENT-CHINA-1939-REPLAY-V10/ASAI-CHINA-1939-12-01-18-WINTER-OFFENSIVE-OPENING-GT-ARMOR-V1.md	11685	INHERITED/PROVENANCE
74-CURRENT-CHINA-1939-REPLAY-V10/ASAI-CHINA-1939-12-19-31-WINTER-OFFENSIVE-CENTRAL-NORTH-KUNLUN-V2.md	16839	INHERITED/PROVENANCE
74-CURRENT-CHINA-1939-REPLAY-V10/ASAI-FIRST-CHANGSHA-1939-09-17-22-OPENING-PHASE-V1.md	10181	INHERITED/PROVENANCE
74-CURRENT-CHINA-1939-REPLAY-V10/ASAI-FIRST-CHANGSHA-1939-09-23-25-XINQIANG-CROSSING-V2.md	11655	INHERITED/PROVENANCE
74-CURRENT-CHINA-1939-REPLAY-V10/ASAI-FIRST-CHANGSHA-1939-09-26-30-EASTWARD-TURN-V3.md	11593	INHERITED/PROVENANCE
74-CURRENT-CHINA-1939-REPLAY-V10/ASAI-FIRST-CHANGSHA-1939-10-01-09-FINAL-CLOSEOUT-V4.md	13932	INHERITED/PROVENANCE
75-CURRENT-TECHNICAL-ADDENDA-V10/ASAI-1939-WET-WEATHER-RIVER-CROSSING-HEAVY-MOBILITY-CHIHA-CLOSEOUT-V1.md	13342	INHERITED/PROVENANCE
75-CURRENT-TECHNICAL-ADDENDA-V10/ASAI-1939-WINTER-GT-COLD-START-HEAT-SUPPORT-CLOSEOUT-V1.md	9278	INHERITED/PROVENANCE
75-CURRENT-TECHNICAL-ADDENDA-V10/ASAI-1941-YEAREND-NAVAL-AERIAL-TORPEDO-EFFECTIVENESS-EMPLOYMENT-CLOSEOUT-V1.md	17927	INHERITED/PROVENANCE
75-CURRENT-TECHNICAL-ADDENDA-V10/ASAI-1941-YEAREND-NAVAL-AERIAL-TORPEDO-EFFECTIVENESS-EMPLOYMENT-LEDGER-V1.tsv	3215	INHERITED/PROVENANCE
75-CURRENT-TECHNICAL-ADDENDA-V10/ASAI-AIRCRAFT-ENGINE-GENERATION-FAMILY-ARMY-NAVY-LEDGER-1937-1942-V1.tsv	4352	INHERITED/PROVENANCE
75-CURRENT-TECHNICAL-ADDENDA-V10/ASAI-AIRCRAFT-ENGINE-GENERATION-FAMILY-ARMY-NAVY-MATRIX-1937-1942-V1.md	17918	INHERITED/PROVENANCE
75-CURRENT-TECHNICAL-ADDENDA-V10/ASAI-AIRCRAFT-NOMENCLATURE-ALIAS-RESTORATION-GUARD-V1.md	3668	INHERITED/PROVENANCE
75-CURRENT-TECHNICAL-ADDENDA-V10/ASAI-AIRCRAFT-NOMENCLATURE-ALIAS-RESTORATION-LEDGER-V1.tsv	1127	INHERITED/PROVENANCE
75-CURRENT-TECHNICAL-ADDENDA-V10/ASAI-B5N2-PISTON-TP-COMPARATIVE-CLOSEOUT-1939-1941-V1.md	15149	INHERITED/PROVENANCE
75-CURRENT-TECHNICAL-ADDENDA-V10/ASAI-B5N2-PISTON-TP-COMPARATIVE-LEDGER-V1.tsv	4627	INHERITED/PROVENANCE
75-CURRENT-TECHNICAL-ADDENDA-V10/ASAI-B6N-TENZAN-PISTON-E6ST-E7M-TP-COMPARATIVE-LEDGER-V1.tsv	2564	INHERITED/PROVENANCE
75-CURRENT-TECHNICAL-ADDENDA-V10/ASAI-B6N-TENZAN-PISTON-E6ST-E7M-TP-COMPARATIVE-OUTLOOK-1939-1942-V1.md	13029	INHERITED/PROVENANCE
75-CURRENT-TECHNICAL-ADDENDA-V10/ASAI-D3A1-PISTON-TP-DIVE-BOMBING-COMPARATIVE-CLOSEOUT-1939-1941-V1.md	12013	INHERITED/PROVENANCE
75-CURRENT-TECHNICAL-ADDENDA-V10/ASAI-D3A1-PISTON-TP-DIVE-BOMBING-LEDGER-V1.tsv	2884	INHERITED/PROVENANCE
75-CURRENT-TECHNICAL-ADDENDA-V10/ASAI-D4Y-SUISEI-PISTON-E7ST-TP-COMPARATIVE-LEDGER-V1.tsv	2587	INHERITED/PROVENANCE
75-CURRENT-TECHNICAL-ADDENDA-V10/ASAI-D4Y-SUISEI-PISTON-E7ST-TP-COMPARATIVE-OUTLOOK-1940-1942-V1.md	12663	INHERITED/PROVENANCE
75-CURRENT-TECHNICAL-ADDENDA-V10/ASAI-E5-DERIVED-E6-FAST-HEAVY-BOMBER-OUTLOOK-1938-1941-V1.md	9954	INHERITED/PROVENANCE
75-CURRENT-TECHNICAL-ADDENDA-V10/ASAI-E5-DERIVED-E6-FAST-HEAVY-BOMBER-OUTLOOK-LEDGER-V1.tsv	2215	INHERITED/PROVENANCE
75-CURRENT-TECHNICAL-ADDENDA-V10/ASAI-E5-E6-1940-PRODUCTION-TRANSITION-FLEET-ACCUMULATION-CLOSEOUT-V1.md	9458	INHERITED/PROVENANCE
75-CURRENT-TECHNICAL-ADDENDA-V10/ASAI-E5-E6-1940-PRODUCTION-TRANSITION-FLEET-LEDGER-V1.tsv	914	INHERITED/PROVENANCE
75-CURRENT-TECHNICAL-ADDENDA-V10/ASAI-E5-E6-NAVAL-RECON-LAND-ATTACK-TORPEDO-LINEAGE-1938-1941-V1.md	15450	INHERITED/PROVENANCE
75-CURRENT-TECHNICAL-ADDENDA-V10/ASAI-E5-KI42-AUX-FUEL-DROP-TANK-CLOSEOUT-1937-1939-V1.md	16079	INHERITED/PROVENANCE
75-CURRENT-TECHNICAL-ADDENDA-V10/ASAI-E6-FRP-ORDNANCE-CARRIAGE-HIGHSPEED-STORE-CLOSURE-1939-1940-V1.md	12829	INHERITED/PROVENANCE
75-CURRENT-TECHNICAL-ADDENDA-V10/ASAI-E6-FRP-ORDNANCE-CARRIAGE-HIGHSPEED-STORE-LEDGER-V1.tsv	2614	INHERITED/PROVENANCE
75-CURRENT-TECHNICAL-ADDENDA-V10/ASAI-E6-SINGLE-PERFORMANCE-SERVICE-PROCUREMENT-CLOSEOUT-1939-1940-V1.md	15457	INHERITED/PROVENANCE
75-CURRENT-TECHNICAL-ADDENDA-V10/ASAI-E6-SINGLE-PERFORMANCE-SERVICE-PROCUREMENT-LEDGER-V1.tsv	1865	INHERITED/PROVENANCE
75-CURRENT-TECHNICAL-ADDENDA-V10/ASAI-E6-TWIN-COST-PROCUREMENT-LEDGER-V1.tsv	2505	INHERITED/PROVENANCE
75-CURRENT-TECHNICAL-ADDENDA-V10/ASAI-E6-TWIN-COST-PROCUREMENT-REBASELINE-1939-1940-V1.md	13105	INHERITED/PROVENANCE
75-CURRENT-TECHNICAL-ADDENDA-V10/ASAI-E6-TWIN-J-JF-PERFORMANCE-FUEL-FRP-REBASELINE-1939-1940-V1.md	19698	INHERITED/PROVENANCE
75-CURRENT-TECHNICAL-ADDENDA-V10/ASAI-E6-TWIN-MISSION-ARMAMENT-HIGHSPEED-RELEASE-CLOSURE-1939-1940-V1.md	18769	INHERITED/PROVENANCE
75-CURRENT-TECHNICAL-ADDENDA-V10/ASAI-E6-TWIN-MISSION-ARMAMENT-HIGHSPEED-RELEASE-LEDGER-V1.tsv	3202	INHERITED/PROVENANCE
75-CURRENT-TECHNICAL-ADDENDA-V10/ASAI-E6-TWIN-PERFORMANCE-FUEL-FRP-LEDGER-V1.tsv	3202	INHERITED/PROVENANCE
75-CURRENT-TECHNICAL-ADDENDA-V10/ASAI-E7-E6-AIRFRAME-RETROFIT-PREWAR-OUTLOOK-1940-1942-V1.md	8727	INHERITED/PROVENANCE
75-CURRENT-TECHNICAL-ADDENDA-V10/ASAI-E7-E6-AIRFRAME-RETROFIT-PREWAR-OUTLOOK-LEDGER-V1.tsv	2003	INHERITED/PROVENANCE
75-CURRENT-TECHNICAL-ADDENDA-V10/ASAI-E7-TURBOPROP-SHAFT-PRODUCT-PREWAR-OUTLOOK-1940-1942-V1.md	13823	INHERITED/PROVENANCE
75-CURRENT-TECHNICAL-ADDENDA-V10/ASAI-E7-TURBOPROP-SHAFT-PRODUCT-PREWAR-OUTLOOK-LEDGER-V1.tsv	2113	INHERITED/PROVENANCE
75-CURRENT-TECHNICAL-ADDENDA-V10/ASAI-G3M2-PISTON-TP-COMPARATIVE-CLOSEOUT-1939-1941-V1.md	7455	INHERITED/PROVENANCE
75-CURRENT-TECHNICAL-ADDENDA-V10/ASAI-G3M2-PISTON-TP-COMPARATIVE-LEDGER-V1.tsv	1597	INHERITED/PROVENANCE
75-CURRENT-TECHNICAL-ADDENDA-V10/ASAI-G4M1-PISTON-TP-LONGRANGE-ATTACK-COMPARATIVE-CLOSEOUT-1939-1941-V1.md	9989	INHERITED/PROVENANCE
75-CURRENT-TECHNICAL-ADDENDA-V10/ASAI-G4M1-PISTON-TP-LONGRANGE-ATTACK-COMPARATIVE-LEDGER-V1.tsv	2672	INHERITED/PROVENANCE
75-CURRENT-TECHNICAL-ADDENDA-V10/ASAI-NAVAL-AIRCRAFT-TORPEDO-NAMING-INHERITANCE-LEDGER-V1.tsv	2100	INHERITED/PROVENANCE
75-CURRENT-TECHNICAL-ADDENDA-V10/ASAI-NAVY-CARRIER-ATTACK-DIVE-BOMBER-DELTA-SUMMARY-1939-1942-V1.md	5948	INHERITED/PROVENANCE
75-CURRENT-TECHNICAL-ADDENDA-V10/ASAI-NAVY-CARRIER-TP-APPLICATION-SPLIT-D4Y-B6N-1941-1942-V1.md	1248	INHERITED/PROVENANCE
76-CURRENT-1940-WEAPON-GATE-V10/ASAI-1940-WEAPON-APPEARANCE-FIELDING-LEDGER-V1.md	24850	INHERITED/PROVENANCE
76-CURRENT-1940-WEAPON-GATE-V10/ASAI-1940-WEAPON-APPEARANCE-FIELDING-LEDGER-V1.tsv	5022	INHERITED/PROVENANCE
77-CURRENT-2026-09-07-SESSION-CLOSE/00-SESSION-HANDOFF-V10.md	13211	INHERITED/PROVENANCE
77-CURRENT-2026-09-07-SESSION-CLOSE/01-NEXT-GATE-1940-WEAPONS-REVIEW-V10.md	2119	INHERITED/PROVENANCE
77-CURRENT-2026-09-07-SESSION-CLOSE/02-CORRECTION-REGISTER-V10.tsv	5310	INHERITED/PROVENANCE
77-CURRENT-2026-09-07-SESSION-CLOSE/03-CURRENT-CLOCKS-V10.tsv	692	INHERITED/PROVENANCE
77-CURRENT-2026-09-07-SESSION-CLOSE/04-CUMULATIVE-AUDIT-THROUGH-1939-12-31-V10.md	4820	INHERITED/PROVENANCE
77-CURRENT-2026-09-07-SESSION-CLOSE/ASAI-BRANCH-INTENT-CUMULATIVE-AUDIT-1939-08-21-V1.md	9602	INHERITED/PROVENANCE
78-CURRENT-2026-09-08-AIRCRAFT-DEVELOPMENT-CLOSE/00-AIRCRAFT-DEVELOPMENT-HANDOFF-V11.md	4178	INHERITED/PROVENANCE
78-CURRENT-2026-09-08-AIRCRAFT-DEVELOPMENT-CLOSE/01-AIRCRAFT-DEVELOPMENT-CHRONOLOGY-1935-1941-V1.md	3884	INHERITED/PROVENANCE
78-CURRENT-2026-09-08-AIRCRAFT-DEVELOPMENT-CLOSE/02-AIRCRAFT-PERFORMANCE-MASTER-THROUGH-1941-V1.tsv	7196	INHERITED/PROVENANCE
78-CURRENT-2026-09-08-AIRCRAFT-DEVELOPMENT-CLOSE/03-AIRCRAFT-DERIVATION-MATRIX-1935-1941-V1.tsv	2080	INHERITED/PROVENANCE
78-CURRENT-2026-09-08-AIRCRAFT-DEVELOPMENT-CLOSE/04-AIRCRAFT-DESIGNATION-GATE-LEDGER-V1.tsv	2254	INHERITED/PROVENANCE
78-CURRENT-2026-09-08-AIRCRAFT-DEVELOPMENT-CLOSE/05-AIRCRAFT-RESEARCH-QUARANTINE-RULES-V1.md	2142	INHERITED/PROVENANCE
78-CURRENT-2026-09-08-AIRCRAFT-DEVELOPMENT-CLOSE/06-E6B-STOL-GAIFU-SAKUFU-TPRECON-WORKING-CLOSEOUT-V1.md	3420	INHERITED/PROVENANCE
78-CURRENT-2026-09-08-AIRCRAFT-DEVELOPMENT-CLOSE/07-INDUSTRIAL-CAPACITY-AND-T-AUX-CLOSEOUT-1939-1941-V1.md	4585	INHERITED/PROVENANCE
78-CURRENT-2026-09-08-AIRCRAFT-DEVELOPMENT-CLOSE/08-NEXT-TOPIC-HELICOPTER-AUDIT-V1.md	1333	INHERITED/PROVENANCE
79-CURRENT-2026-09-08-FIXED-WING-PROCUREMENT-CLOSE/00-FIXED-WING-CLOSEOUT-HANDOFF-V12.md	6568	INHERITED/PROVENANCE
79-CURRENT-2026-09-08-FIXED-WING-PROCUREMENT-CLOSE/01-1941-FIXED-WING-PROCUREMENT-LEDGER-V1.tsv	2865	INHERITED/PROVENANCE
79-CURRENT-2026-09-08-FIXED-WING-PROCUREMENT-CLOSE/02-OOB-COUNTING-BOUNDARY-V1.md	2467	INHERITED/PROVENANCE
79-CURRENT-2026-09-08-FIXED-WING-PROCUREMENT-CLOSE/03-PROGRAM-AND-DESIGNATION-CLOSEOUT-V1.md	4650	INHERITED/PROVENANCE
79-CURRENT-2026-09-08-FIXED-WING-PROCUREMENT-CLOSE/04-POWERED-LIFT-AND-STOL-CLOSEOUT-V1.md	3284	INHERITED/PROVENANCE
79-CURRENT-2026-09-08-FIXED-WING-PROCUREMENT-CLOSE/05-FIXED-WING-INTENTIONAL-OPEN-ITEMS-V1.tsv	1580	INHERITED/PROVENANCE
79-CURRENT-2026-09-08-FIXED-WING-PROCUREMENT-CLOSE/06-ROTORCRAFT-HANDOFF-AFTER-FIXED-WING-CLOSE-V1.md	1191	INHERITED/PROVENANCE
80-CURRENT-2026-09-08-HELICOPTER-CLOSE/00-HELICOPTER-CLOSEOUT-HANDOFF-V13.md	2775	INHERITED/PROVENANCE
80-CURRENT-2026-09-08-HELICOPTER-CLOSE/01-H1-PISTON-HELICOPTER-CLOSEOUT-1932-1939-V1.md	3721	INHERITED/PROVENANCE
80-CURRENT-2026-09-08-HELICOPTER-CLOSE/02-ARMY-NAVY-HELICOPTER-EVALUATION-1939-1941-V1.md	2846	INHERITED/PROVENANCE
80-CURRENT-2026-09-08-HELICOPTER-CLOSE/03-H2-E5SS-SMALL-TURBOSHAFT-HELICOPTER-CLOSEOUT-1940-1941-V1.md	3511	INHERITED/PROVENANCE
80-CURRENT-2026-09-08-HELICOPTER-CLOSE/04-1941-ROTORCRAFT-PHYSICAL-INVENTORY-OOB-BOUNDARY-V1.tsv	993	INHERITED/PROVENANCE
80-CURRENT-2026-09-08-HELICOPTER-CLOSE/05-KAYABA-INDEPENDENT-ROTORCRAFT-INTERACTION-GUARD-V1.md	1591	INHERITED/PROVENANCE
80-CURRENT-2026-09-08-HELICOPTER-CLOSE/06-H3-MEDIUM-HELICOPTER-GROWTH-OUTLOOK-1941-1942-V1.md	1613	INHERITED/PROVENANCE
80-CURRENT-2026-09-08-HELICOPTER-CLOSE/07-ROTORCRAFT-INTENTIONAL-OPEN-ITEMS-V1.tsv	1377	INHERITED/PROVENANCE
81-CURRENT-2026-09-09-GROUND-VEHICLE-CLOSE/00-GROUND-VEHICLE-CLOSEOUT-HANDOFF-V14.md	3278	CURRENT-V14
81-CURRENT-2026-09-09-GROUND-VEHICLE-CLOSE/01-1941-GROUND-VEHICLE-PROCUREMENT-PHYSICAL-INVENTORY-V1.tsv	2777	CURRENT-V14
81-CURRENT-2026-09-09-GROUND-VEHICLE-CLOSE/02-TANK-FAMILY-AND-POSTWAR-BRANCH-CLOSEOUT-V1.md	3145	CURRENT-V14
81-CURRENT-2026-09-09-GROUND-VEHICLE-CLOSE/03-SUPPORT-APC-ENGINEER-MOBILITY-CLOSEOUT-V1.md	2274	CURRENT-V14
81-CURRENT-2026-09-09-GROUND-VEHICLE-CLOSE/04-AMPHIBIOUS-AND-LANDING-VEHICLE-CLOSEOUT-V1.md	1669	CURRENT-V14
81-CURRENT-2026-09-09-GROUND-VEHICLE-CLOSE/05-GROUND-OOB-COUNTING-BOUNDARY-V1.md	923	CURRENT-V14
81-CURRENT-2026-09-09-GROUND-VEHICLE-CLOSE/06-GROUND-INTENTIONAL-OPEN-ITEMS-V1.tsv	950	CURRENT-V14
81-CURRENT-2026-09-09-GROUND-VEHICLE-CLOSE/07-GROUND-RESEARCH-QUARANTINE-GUARD-V1.md	580	CURRENT-V14
82-CURRENT-2026-09-09-NAVAL-MARINE-CLOSE/00-NAVAL-MARINE-CLOSEOUT-HANDOFF-V14.md	2781	CURRENT-V14
82-CURRENT-2026-09-09-NAVAL-MARINE-CLOSE/01-COMPUTATION-TO-FLEET-CHRONOLOGY-1921-1941-V1.md	2306	CURRENT-V14
82-CURRENT-2026-09-09-NAVAL-MARINE-CLOSE/02-MARINE-GT-RATING-LIFE-AND-QUALIFICATION-CLOSEOUT-V1.md	3317	CURRENT-V14
82-CURRENT-2026-09-09-NAVAL-MARINE-CLOSE/03-YOKOSUKA-PROPULSION-TEST-SHIP-CLOSEOUT-V1.md	2663	CURRENT-V14
82-CURRENT-2026-09-09-NAVAL-MARINE-CLOSE/04-SURFACE-FLEET-ARCHITECTURE-OPTION-VALUE-CLOSEOUT-V1.md	2504	CURRENT-V14
82-CURRENT-2026-09-09-NAVAL-MARINE-CLOSE/05-SUBMARINE-TECHNICAL-CLOSEOUT-THROUGH-1941-V1.md	1717	CURRENT-V14
82-CURRENT-2026-09-09-NAVAL-MARINE-CLOSE/06-LANDING-CRAFT-AMPHIBIOUS-NAVAL-INTEGRATION-V1.md	1074	CURRENT-V14
82-CURRENT-2026-09-09-NAVAL-MARINE-CLOSE/07-LOW-SPEED-STOL-CARRIER-AND-CARRIER-GT-DECISION-V1.md	1948	CURRENT-V14
82-CURRENT-2026-09-09-NAVAL-MARINE-CLOSE/08-1941-NAVAL-PHYSICAL-PROCUREMENT-OPTION-LEDGER-V1.tsv	2061	CURRENT-V14
82-CURRENT-2026-09-09-NAVAL-MARINE-CLOSE/09-NAVAL-INTENTIONAL-OPEN-ITEMS-V1.tsv	1380	CURRENT-V14
82-CURRENT-2026-09-09-NAVAL-MARINE-CLOSE/10-ASAI-NAVAL-SCOPE-AND-NONDOMINANCE-GUARD-V1.md	1382	CURRENT-V14
90-PROVENANCE-SUPERSEDED-POST-V9/ASAI-1938-AVIATION-RETRO-REPLAY-FINAL-CLOSEOUT-V1.md	8438	INHERITED/PROVENANCE
90-PROVENANCE-SUPERSEDED-POST-V9/ASAI-1939-09-10-31-POST-NOMONHAN-CHINA-RETURN-CLOSEOUT-V1.md	12615	INHERITED/PROVENANCE
90-PROVENANCE-SUPERSEDED-POST-V9/ASAI-1939-POST-NOMONHAN-CHINA-CROSS-THEATER-LEDGER-V1.tsv	1206	INHERITED/PROVENANCE
90-PROVENANCE-SUPERSEDED-POST-V9/ASAI-1940-Q1-WORKING-CLOSEOUT.md	10654	INHERITED/PROVENANCE
90-PROVENANCE-SUPERSEDED-POST-V9/README-NOT-CURRENT.md	838	INHERITED/PROVENANCE
90-PROVENANCE-SUPERSEDED-POST-V9/asai_aviation_factory_plan_1939-10-03/00-AVIATION-SALES-FACTORY-CONTINUATION.md	15719	INHERITED/PROVENANCE
90-PROVENANCE-SUPERSEDED-POST-V9/asai_aviation_factory_plan_1939-10-03/sources/S01-CURRENT-FACILITY-BASELINE.md	6051	INHERITED/PROVENANCE
90-PROVENANCE-SUPERSEDED-POST-V9/asai_aviation_factory_plan_1939-10-03/sources/S02-P2-PRODUCT.md	3719	INHERITED/PROVENANCE
90-PROVENANCE-SUPERSEDED-POST-V9/asai_aviation_factory_plan_1939-10-03/sources/S03-AIRCRAFT-ROSTER.md	7869	INHERITED/PROVENANCE
90-PROVENANCE-SUPERSEDED-POST-V9/asai_aviation_factory_plan_1939-10-03/sources/S04-E6-E7-PRODUCTION.md	5516	INHERITED/PROVENANCE
90-PROVENANCE-SUPERSEDED-POST-V9/asai_aviation_factory_plan_1939-10-03/sources/S05-COMPANY-MASTER.md	10340	INHERITED/PROVENANCE
90-PROVENANCE-SUPERSEDED-POST-V9/asai_aviation_factory_plan_1939-10-03/sources/S06-PISTON-REQUIREMENTS.md	6802	INHERITED/PROVENANCE
90-PROVENANCE-SUPERSEDED-POST-V9/asai_aviation_factory_plan_1939-10-03/sources/S07-E4-E5-PROCUREMENT-HISTORY.md	6301	INHERITED/PROVENANCE
90-PROVENANCE-SUPERSEDED-POST-V9/asai_aviation_factory_plan_1939-10-03/sources/S08-COMPANY-STRUCTURE-WITH-V48-OVERRIDE.md	17616	INHERITED/PROVENANCE
90-PROVENANCE-SUPERSEDED-POST-V9/asai_aviation_factory_plan_1939-10-03/sources/S10-MATERIAL3-CURRENT.md	7006	INHERITED/PROVENANCE
90-PROVENANCE-SUPERSEDED-POST-V9/asai_aviation_factory_plan_1939-10-03/sources/S12-E5-PRODUCT-AND-LIFE.md	10403	INHERITED/PROVENANCE
90-PROVENANCE-SUPERSEDED-POST-V9/asai_aviation_factory_plan_1939-10-03/sources/S13-FACILITY-OVERLAPPING-INVESTMENT-PROVENANCE.md	10197	INHERITED/PROVENANCE
90-PROVENANCE-SUPERSEDED-POST-V9/asai_clock_review_1939-10-03/00-REVIEW-1939-10-03.md	19527	INHERITED/PROVENANCE
90-PROVENANCE-SUPERSEDED-POST-V9/asai_clock_review_1939-10-03/sources/S02-COMPANY-APR20.md	10340	INHERITED/PROVENANCE
90-PROVENANCE-SUPERSEDED-POST-V9/asai_clock_review_1939-10-03/sources/S03-FACILITIES-AND-CLOCKS.md	6051	INHERITED/PROVENANCE
90-PROVENANCE-SUPERSEDED-POST-V9/asai_clock_review_1939-10-03/sources/S04-FLIGHT-EVENTS-MAY10.md	4530	INHERITED/PROVENANCE
90-PROVENANCE-SUPERSEDED-POST-V9/asai_clock_review_1939-10-03/sources/S05-E6-INSTALLATION.md	3006	INHERITED/PROVENANCE
90-PROVENANCE-SUPERSEDED-POST-V9/asai_clock_review_1939-10-03/sources/S06-CONTROLS-AND-DATA.md	3005	INHERITED/PROVENANCE
90-PROVENANCE-SUPERSEDED-POST-V9/asai_clock_review_1939-10-03/sources/S07-SEPTEMBER-OLD-COMPARATOR.md	27992	INHERITED/PROVENANCE
90-PROVENANCE-SUPERSEDED-POST-V9/asai_clock_review_1939-10-03/sources/S08-NOMONHAN-MIDPHASE.md	4484	INHERITED/PROVENANCE
90-PROVENANCE-SUPERSEDED-POST-V9/asai_clock_review_1939-10-03/sources/S09-NOMONHAN-LESSONS.md	4998	INHERITED/PROVENANCE
90-PROVENANCE-SUPERSEDED-POST-V9/asai_clock_review_1939-10-03/sources/S10-NOMONHAN-AIR-ADOPTION.md	5763	INHERITED/PROVENANCE
90-PROVENANCE-SUPERSEDED-POST-V9/asai_clock_review_1939-10-03/sources/S11-TRANSFER-GUARD.md	7968	INHERITED/PROVENANCE
90-PROVENANCE-SUPERSEDED-POST-V9/asai_clock_review_1939-10-03/sources/S12-PISTON-AND-REQUIREMENTS.md	6802	INHERITED/PROVENANCE
90-PROVENANCE-SUPERSEDED-POST-V9/asai_clock_review_1939-10-03/sources/S13-GROUND-SUPPORT.md	2918	INHERITED/PROVENANCE
90-PROVENANCE-SUPERSEDED-POST-V9/asai_clock_review_1939-10-03/sources/S14-NOMONHAN-HEAT-OLD-COMPARATOR.md	8220	INHERITED/PROVENANCE
90-PROVENANCE-SUPERSEDED-POST-V9/asai_clock_review_1939-10-03/sources/S17-MATERIAL-NO3.md	7006	INHERITED/PROVENANCE
90-PROVENANCE-SUPERSEDED-POST-V9/asai_clock_review_1939-10-03/sources/S23-G3M-JUNE-STATE.md	2409	INHERITED/PROVENANCE
90-PROVENANCE-SUPERSEDED-POST-V9/asai_post_nomonhan_weapons_plan_1939-10-03/00-POST-NOMONHAN-WEAPONS-PLAN.md	17522	INHERITED/PROVENANCE
90-PROVENANCE-SUPERSEDED-POST-V9/asai_post_nomonhan_weapons_plan_1939-10-03/sources/S01-V9-NOMONHAN-OUTCOME.md	4790	INHERITED/PROVENANCE
90-PROVENANCE-SUPERSEDED-POST-V9/asai_post_nomonhan_weapons_plan_1939-10-03/sources/S02-V9-ACTOR-LESSONS.md	4998	INHERITED/PROVENANCE
90-PROVENANCE-SUPERSEDED-POST-V9/asai_post_nomonhan_weapons_plan_1939-10-03/sources/S03-LEGACY-SEPT-WEAPONS-AUDIT.md	14247	INHERITED/PROVENANCE
90-PROVENANCE-SUPERSEDED-POST-V9/asai_post_nomonhan_weapons_plan_1939-10-03/sources/S04-CURRENT-TANK-1928-1941.md	9357	INHERITED/PROVENANCE
90-PROVENANCE-SUPERSEDED-POST-V9/asai_post_nomonhan_weapons_plan_1939-10-03/sources/S05-CURRENT-VEHICLE-DELTA.md	6461	INHERITED/PROVENANCE
90-PROVENANCE-SUPERSEDED-POST-V9/asai_post_nomonhan_weapons_plan_1939-10-03/sources/S06-CURRENT-PHOTO-DEEP-FIRE.md	4025	INHERITED/PROVENANCE
90-PROVENANCE-SUPERSEDED-POST-V9/asai_post_nomonhan_weapons_plan_1939-10-03/sources/S07-V9-SPECIAL-AMMO-FLOW.md	3934	INHERITED/PROVENANCE
90-PROVENANCE-SUPERSEDED-POST-V9/asai_post_nomonhan_weapons_plan_1939-10-03/sources/S09-CURRENT-FLEXIBLE-LINER.md	3564	INHERITED/PROVENANCE
90-PROVENANCE-SUPERSEDED-POST-V9/asai_post_nomonhan_weapons_plan_1939-10-03/sources/S10-TECHNOLOGY-TRANSFER.md	7968	INHERITED/PROVENANCE
90-PROVENANCE-SUPERSEDED-POST-V9/asai_post_nomonhan_weapons_plan_1939-10-03/sources/S11-RETAINED-TANK-TIMELINE.md	9097	INHERITED/PROVENANCE
90-PROVENANCE-SUPERSEDED-POST-V9/asai_post_nomonhan_weapons_plan_1939-10-03/sources/S13-V9-GUARD-EXTRACT.md	963	INHERITED/PROVENANCE
91-PROVENANCE-QUARANTINED-AIRCRAFT-RESEARCH-V11/00-NOT-CURRENT-READ-FIRST.md	806	INHERITED/PROVENANCE
91-PROVENANCE-QUARANTINED-AIRCRAFT-RESEARCH-V11/01-SOURCE-ORIGIN.md	337	INHERITED/PROVENANCE
91-PROVENANCE-QUARANTINED-AIRCRAFT-RESEARCH-V11/02-QUARANTINE-SHA256.tsv	1533	INHERITED/PROVENANCE
91-PROVENANCE-QUARANTINED-AIRCRAFT-RESEARCH-V11/asai-works-jet-carrier-sakufu.md	10563	INHERITED/PROVENANCE
91-PROVENANCE-QUARANTINED-AIRCRAFT-RESEARCH-V11/asai-works-jet-hekireki-21.md	6950	INHERITED/PROVENANCE
91-PROVENANCE-QUARANTINED-AIRCRAFT-RESEARCH-V11/asai-works-jet-hekireki-kai.md	8294	INHERITED/PROVENANCE
91-PROVENANCE-QUARANTINED-AIRCRAFT-RESEARCH-V11/asai-works-jet-interceptor-airframe.md	8755	INHERITED/PROVENANCE
91-PROVENANCE-QUARANTINED-AIRCRAFT-RESEARCH-V11/asai-works-jet-interceptor-program.md	9489	INHERITED/PROVENANCE
91-PROVENANCE-QUARANTINED-AIRCRAFT-RESEARCH-V11/asai-works-jet-interceptor.md	10779	INHERITED/PROVENANCE
91-PROVENANCE-QUARANTINED-AIRCRAFT-RESEARCH-V11/asai-works-jet-sakufu-prototype.md	9406	INHERITED/PROVENANCE
91-PROVENANCE-QUARANTINED-AIRCRAFT-RESEARCH-V11/asai-works-kaifu-11-i0-feasibility.md	5815	INHERITED/PROVENANCE
91-PROVENANCE-QUARANTINED-AIRCRAFT-RESEARCH-V11/asai-works-kaifu-11-requirement-reaudit.md	6671	INHERITED/PROVENANCE
91-PROVENANCE-QUARANTINED-AIRCRAFT-RESEARCH-V11/asai-works-turboprop-fighter.md	15779	INHERITED/PROVENANCE
91-PROVENANCE-QUARANTINED-AIRCRAFT-RESEARCH-V11/asai-works-turboprop-ki40.md	9177	INHERITED/PROVENANCE
92-PROVENANCE-QUARANTINED-ROTORCRAFT-RESEARCH-V13/README-V13-ROTORCRAFT-QUARANTINE.md	690	INHERITED/PROVENANCE
92-PROVENANCE-QUARANTINED-ROTORCRAFT-RESEARCH-V13/asai-works-rotorcraft-v46-COMPARATOR.md	26113	INHERITED/PROVENANCE
93-PROVENANCE-QUARANTINED-GROUND-RESEARCH-V14/00-NOT-CURRENT-READ-FIRST.md	310	QUARANTINE-V14
93-PROVENANCE-QUARANTINED-GROUND-RESEARCH-V14/37-TANK-CONDITIONAL-TECHNICAL-CLOSURE-V25-2026-08-24.md	2479	QUARANTINE-V14
93-PROVENANCE-QUARANTINED-GROUND-RESEARCH-V14/39-POST-TANK-OPEN-AUDIT-V25R1-2026-08-24.md	5017	QUARANTINE-V14
93-PROVENANCE-QUARANTINED-GROUND-RESEARCH-V14/asai-works-amphibious-landing-system-1938-44.md	3357	QUARANTINE-V14
93-PROVENANCE-QUARANTINED-GROUND-RESEARCH-V14/asai-works-military-diesel-vehicles.md	17064	QUARANTINE-V14
93-PROVENANCE-QUARANTINED-GROUND-RESEARCH-V14/asai-works-tank-engine.md	11554	QUARANTINE-V14
93-PROVENANCE-QUARANTINED-GROUND-RESEARCH-V14/asai-works-tank-gt-hybrid.md	5971	QUARANTINE-V14
93-PROVENANCE-QUARANTINED-GROUND-RESEARCH-V14/asai-works-tank-lineup.md	1683	QUARANTINE-V14
93-PROVENANCE-QUARANTINED-GROUND-RESEARCH-V14/asai-works-tank-next-generation-conditional-1939-45.md	13210	QUARANTINE-V14
93-PROVENANCE-QUARANTINED-GROUND-RESEARCH-V14/asai-works-tank-spg75.md	15638	QUARANTINE-V14
94-PROVENANCE-NAVAL-SESSION-SOURCES-V14/00-NOT-CURRENT-READ-FIRST.md	346	PROVENANCE-V14
94-PROVENANCE-NAVAL-SESSION-SOURCES-V14/naval_commercial_overlay.md	1419	PROVENANCE-V14
94-PROVENANCE-NAVAL-SESSION-SOURCES-V14/session_delta_0830.md	22307	PROVENANCE-V14
CURRENT-MASTER-FILE-INDEX-V10.tsv	13542	INHERITED/PROVENANCE
CURRENT-MASTER-FILE-INDEX-V11.tsv	14832	INHERITED/PROVENANCE
CURRENT-MASTER-FILE-INDEX-V12.tsv	16007	INHERITED/PROVENANCE
CURRENT-MASTER-FILE-INDEX-V13.tsv	17145	INHERITED/PROVENANCE
CURRENT-MASTER-FILE-INDEX-V14.tsv	18709	PACKAGE-CONTROL-V14
CURRENT-MASTER-FILE-INDEX-V7.tsv	1617	INHERITED/PROVENANCE
CURRENT-MASTER-FILE-INDEX-V8.tsv	2816	INHERITED/PROVENANCE
CURRENT-MASTER-FILE-INDEX-V9.tsv	7835	INHERITED/PROVENANCE
DECISION-INTENT-INDEX-V10.tsv	1843	INHERITED/PROVENANCE
DECISION-INTENT-INDEX-V11.tsv	2991	INHERITED/PROVENANCE
DECISION-INTENT-INDEX-V13.tsv	3994	INHERITED/PROVENANCE
DECISION-INTENT-INDEX-V14.tsv	5524	PACKAGE-CONTROL-V14
DECISION-INTENT-INDEX-V7.tsv	2035	INHERITED/PROVENANCE
DECISION-INTENT-INDEX-V9.tsv	6256	INHERITED/PROVENANCE
FULL-PACKAGE-MANIFEST-SHA256-V10.tsv	129832	INHERITED/PROVENANCE
FULL-PACKAGE-MANIFEST-SHA256-V11.tsv	134789	INHERITED/PROVENANCE
FULL-PACKAGE-MANIFEST-SHA256-V12.tsv	136022	INHERITED/PROVENANCE
FULL-PACKAGE-MANIFEST-SHA256-V13.tsv	138870	INHERITED/PROVENANCE
FULL-PACKAGE-MANIFEST-SHA256-V7.tsv	60743	INHERITED/PROVENANCE
FULL-PACKAGE-MANIFEST-SHA256-V8.tsv	96147	INHERITED/PROVENANCE
FULL-PACKAGE-MANIFEST-SHA256-V9.tsv	105520	INHERITED/PROVENANCE
MACHINE-INTEGRITY-AUDIT-V10.json	13449	INHERITED/PROVENANCE
MACHINE-INTEGRITY-AUDIT-V10.md	12109	INHERITED/PROVENANCE
MACHINE-INTEGRITY-AUDIT-V11.json	835	INHERITED/PROVENANCE
MACHINE-INTEGRITY-AUDIT-V11.md	1001	INHERITED/PROVENANCE
MACHINE-INTEGRITY-AUDIT-V12.md	1122	INHERITED/PROVENANCE
MACHINE-INTEGRITY-AUDIT-V13.json	845	INHERITED/PROVENANCE
MACHINE-INTEGRITY-AUDIT-V13.md	1026	INHERITED/PROVENANCE
MACHINE-INTEGRITY-AUDIT-V14.json	1372	PACKAGE-CONTROL-V14
MACHINE-INTEGRITY-AUDIT-V14.md	2134	PACKAGE-CONTROL-V14
MACHINE-INTEGRITY-AUDIT-V7.json	307	INHERITED/PROVENANCE
MACHINE-INTEGRITY-AUDIT-V7.md	390	INHERITED/PROVENANCE
MACHINE-INTEGRITY-AUDIT-V8-1939REPLAY1-NANCHANG-A1.md	784	INHERITED/PROVENANCE
MACHINE-INTEGRITY-AUDIT-V8-1939REPLAY2-NANCHANG-A2.md	1630	INHERITED/PROVENANCE
MACHINE-INTEGRITY-AUDIT-V8-AIRPOWER10-CFRP1.json	326	INHERITED/PROVENANCE
MACHINE-INTEGRITY-AUDIT-V8-AIRPOWER10-CFRP1.md	782	INHERITED/PROVENANCE
MACHINE-INTEGRITY-AUDIT-V8-AIRPOWER11-MATERIAL3.json	329	INHERITED/PROVENANCE
MACHINE-INTEGRITY-AUDIT-V8-AIRPOWER11-MATERIAL3.md	824	INHERITED/PROVENANCE
MACHINE-INTEGRITY-AUDIT-V8-AIRPOWER12-COMPANYSTATE1.md	904	INHERITED/PROVENANCE
MACHINE-INTEGRITY-AUDIT-V8-AIRPOWER13-APR20CLOSE1.md	671	INHERITED/PROVENANCE
MACHINE-INTEGRITY-AUDIT-V8-AIRPOWER14-REPLAYREADY1.md	765	INHERITED/PROVENANCE
MACHINE-INTEGRITY-AUDIT-V8-AIRPOWER3-HOMARE1.json	1316	INHERITED/PROVENANCE
MACHINE-INTEGRITY-AUDIT-V8-AIRPOWER3-HOMARE1.md	2002	INHERITED/PROVENANCE
MACHINE-INTEGRITY-AUDIT-V8-AIRPOWER4-AIRFRAME1.json	1705	INHERITED/PROVENANCE
MACHINE-INTEGRITY-AUDIT-V8-AIRPOWER4-AIRFRAME1.md	2567	INHERITED/PROVENANCE
MACHINE-INTEGRITY-AUDIT-V8-AIRPOWER5-GTCORE1.json	1054	INHERITED/PROVENANCE
MACHINE-INTEGRITY-AUDIT-V8-AIRPOWER5-GTCORE1.md	2404	INHERITED/PROVENANCE
MACHINE-INTEGRITY-AUDIT-V8-AIRPOWER6-E5JET1.json	472	INHERITED/PROVENANCE
MACHINE-INTEGRITY-AUDIT-V8-AIRPOWER6-E5JET1.md	1921	INHERITED/PROVENANCE
MACHINE-INTEGRITY-AUDIT-V8-AIRPOWER7-E6SJ1.json	324	INHERITED/PROVENANCE
MACHINE-INTEGRITY-AUDIT-V8-AIRPOWER7-E6SJ1.md	790	INHERITED/PROVENANCE
MACHINE-INTEGRITY-AUDIT-V8-AIRPOWER8-E6BACKEND1.json	328	INHERITED/PROVENANCE
MACHINE-INTEGRITY-AUDIT-V8-AIRPOWER8-E6BACKEND1.md	765	INHERITED/PROVENANCE
MACHINE-INTEGRITY-AUDIT-V8-AIRPOWER9-ROSTER1.json	330	INHERITED/PROVENANCE
MACHINE-INTEGRITY-AUDIT-V8-AIRPOWER9-ROSTER1.md	789	INHERITED/PROVENANCE
MACHINE-INTEGRITY-AUDIT-V8-EXHAUST1.json	519	INHERITED/PROVENANCE
MACHINE-INTEGRITY-AUDIT-V8-EXHAUST1.md	2014	INHERITED/PROVENANCE
MACHINE-INTEGRITY-AUDIT-V8-FIREOPTICS1.json	847	INHERITED/PROVENANCE
MACHINE-INTEGRITY-AUDIT-V8-FIREOPTICS1.md	1342	INHERITED/PROVENANCE
MACHINE-INTEGRITY-AUDIT-V8-IDENTITY1.json	504	INHERITED/PROVENANCE
MACHINE-INTEGRITY-AUDIT-V8-IDENTITY1.md	1699	INHERITED/PROVENANCE
MACHINE-INTEGRITY-AUDIT-V8-NAVAL1.json	590	INHERITED/PROVENANCE
MACHINE-INTEGRITY-AUDIT-V8-NAVAL1.md	337	INHERITED/PROVENANCE
MACHINE-INTEGRITY-AUDIT-V8-NOMONHAN-A2-AUG20RESERVE1.json	160	INHERITED/PROVENANCE
MACHINE-INTEGRITY-AUDIT-V8-NOMONHAN-A2-AUG20RESERVE1.md	326	INHERITED/PROVENANCE
MACHINE-INTEGRITY-AUDIT-V8-NOMONHAN-A3-AUG22CORRIDOR1.json	264	INHERITED/PROVENANCE
MACHINE-INTEGRITY-AUDIT-V8-NOMONHAN-A3-AUG22CORRIDOR1.md	327	INHERITED/PROVENANCE
MACHINE-INTEGRITY-AUDIT-V8-STATEFIX1.json	1257	INHERITED/PROVENANCE
MACHINE-INTEGRITY-AUDIT-V8-STATEFIX1.md	1356	INHERITED/PROVENANCE
MACHINE-INTEGRITY-AUDIT-V8.json	844	INHERITED/PROVENANCE
MACHINE-INTEGRITY-AUDIT-V8.md	805	INHERITED/PROVENANCE
MACHINE-INTEGRITY-AUDIT-V9.json	2021	INHERITED/PROVENANCE
MACHINE-INTEGRITY-AUDIT-V9.md	1359	INHERITED/PROVENANCE
PACKAGE-INVENTORY-V10.tsv	94747	INHERITED/PROVENANCE
PACKAGE-INVENTORY-V11.tsv	100428	INHERITED/PROVENANCE
PACKAGE-INVENTORY-V13.tsv	99397	INHERITED/PROVENANCE
PACKAGE-INVENTORY-V7.tsv	60647	INHERITED/PROVENANCE
PACKAGE-INVENTORY-V8.tsv	57174	INHERITED/PROVENANCE
PACKAGE-INVENTORY-V9.tsv	62717	INHERITED/PROVENANCE
PACKAGE-STATE-V10.tsv	21358	INHERITED/PROVENANCE
PACKAGE-STATE-V11.tsv	23771	INHERITED/PROVENANCE
PACKAGE-STATE-V12.tsv	24519	INHERITED/PROVENANCE
PACKAGE-STATE-V13.tsv	25674	INHERITED/PROVENANCE
PACKAGE-STATE-V14.tsv	28367	PACKAGE-CONTROL-V14
PACKAGE-STATE-V7.tsv	540	INHERITED/PROVENANCE
PACKAGE-STATE-V8.tsv	12310	INHERITED/PROVENANCE
PACKAGE-STATE-V9.tsv	5337	INHERITED/PROVENANCE
PRECEDENCE-2026-09-01-FULL-V7.tsv	1500	INHERITED/PROVENANCE
PRECEDENCE-2026-09-02-FULL-V8.tsv	934	INHERITED/PROVENANCE
PRECEDENCE-2026-09-03-FULL-V8.tsv	3783	INHERITED/PROVENANCE
PRECEDENCE-2026-09-04-FULL-V8.tsv	16617	INHERITED/PROVENANCE
PRECEDENCE-2026-09-05-FULL-V9.tsv	4998	INHERITED/PROVENANCE
PRECEDENCE-2026-09-07-FULL-V10.tsv	1025	INHERITED/PROVENANCE
PRECEDENCE-2026-09-08-FULL-V11.tsv	1253	INHERITED/PROVENANCE
PRECEDENCE-2026-09-08-FULL-V12.tsv	1342	INHERITED/PROVENANCE
PRECEDENCE-2026-09-08-FULL-V13.tsv	1569	INHERITED/PROVENANCE
PRECEDENCE-2026-09-09-FULL-V14.tsv	1902	PACKAGE-CONTROL-V14
SHA256SUMS-V10.txt	125647	INHERITED/PROVENANCE
SHA256SUMS-V11.txt	130418	INHERITED/PROVENANCE
SHA256SUMS-V12.txt	132433	INHERITED/PROVENANCE
SHA256SUMS-V13.txt	135189	INHERITED/PROVENANCE
SHA256SUMS-V7.txt	59367	INHERITED/PROVENANCE
SHA256SUMS-V8.txt	92566	INHERITED/PROVENANCE
SHA256SUMS-V9.txt	102869	INHERITED/PROVENANCE
TERMINOLOGY-AND-SUPERSESSION-GUARD-V10.tsv	3019	INHERITED/PROVENANCE
TERMINOLOGY-AND-SUPERSESSION-GUARD-V11.tsv	5599	INHERITED/PROVENANCE
TERMINOLOGY-AND-SUPERSESSION-GUARD-V12.tsv	6285	INHERITED/PROVENANCE
TERMINOLOGY-AND-SUPERSESSION-GUARD-V13.tsv	8095	INHERITED/PROVENANCE
TERMINOLOGY-AND-SUPERSESSION-GUARD-V14.tsv	10344	PACKAGE-CONTROL-V14
TERMINOLOGY-AND-SUPERSESSION-GUARD-V7.tsv	1820	INHERITED/PROVENANCE
TERMINOLOGY-AND-SUPERSESSION-GUARD-V8.tsv	5386	INHERITED/PROVENANCE
TERMINOLOGY-AND-SUPERSESSION-GUARD-V9.tsv	10907	INHERITED/PROVENANCE
V10-CHANGELOG-B5NAUDIT1.md	1421	INHERITED/PROVENANCE
V10-CHANGELOG-B6NAUDIT1.md	802	INHERITED/PROVENANCE
V10-CHANGELOG-D3AAUDIT1.md	973	INHERITED/PROVENANCE
V10-CHANGELOG-D4YAUDIT1.md	884	INHERITED/PROVENANCE
V10-CHANGELOG-E5E6TRANS1.md	980	INHERITED/PROVENANCE
V10-CHANGELOG-E6BOMBER1.md	702	INHERITED/PROVENANCE
V10-CHANGELOG-E6FRPORD1.md	1860	INHERITED/PROVENANCE
V10-CHANGELOG-E6MISSION1.md	1262	INHERITED/PROVENANCE
V10-CHANGELOG-E6SINGLE1.md	1243	INHERITED/PROVENANCE
V10-CHANGELOG-E7OUTLOOK1.md	1058	INHERITED/PROVENANCE
V10-CHANGELOG-E7TPOUTLOOK1.md	1159	INHERITED/PROVENANCE
V10-CHANGELOG-EFAMILY1.md	564	INHERITED/PROVENANCE
V10-CHANGELOG-G3MAUDIT1.md	762	INHERITED/PROVENANCE
V10-CHANGELOG-G4MAUDIT1.md	1033	INHERITED/PROVENANCE
V10-CHANGELOG-NAMEGUARD1.md	706	INHERITED/PROVENANCE
V10-CHANGELOG-NAVALJETTORP1.md	1532	INHERITED/PROVENANCE
V10-CHANGELOG-RETROAIR-NOMONHAN-CHINA1939.md	4407	INHERITED/PROVENANCE
V10-CHANGELOG-TORPEDO41CLOSE1.md	1031	INHERITED/PROVENANCE
V11-CHANGELOG-AIRCRAFTDEV1.md	741	INHERITED/PROVENANCE
V11-CHANGELOG-INDUSTRY1.md	688	INHERITED/PROVENANCE
V12-CHANGELOG-FIXEDWING-CLOSE1-PROCUREMENT1-STOL1.md	1482	INHERITED/PROVENANCE
V13-CHANGELOG-HELICOPTER-CLOSE1-ROTORCRAFT-GUARD1.md	918	INHERITED/PROVENANCE
V14-CHANGELOG-GROUND-NAVAL-CLOSE1-MARINEGT1-STOLCARRIER1.md	1691	PACKAGE-CONTROL-V14
V7-CHANGELOG-CHINA1937REBASE1.md	2216	INHERITED/PROVENANCE
V8-CHANGELOG-1939AIRPOWER1.md	660	INHERITED/PROVENANCE
V8-CHANGELOG-1939AIRPOWER10-CFRP1.md	889	INHERITED/PROVENANCE
V8-CHANGELOG-1939AIRPOWER11-MATERIAL3.md	610	INHERITED/PROVENANCE
V8-CHANGELOG-1939AIRPOWER12-COMPANYSTATE1.md	1057	INHERITED/PROVENANCE
V8-CHANGELOG-1939AIRPOWER13-APR20CLOSE1.md	941	INHERITED/PROVENANCE
V8-CHANGELOG-1939AIRPOWER14-REPLAYREADY1.md	1573	INHERITED/PROVENANCE
V8-CHANGELOG-1939AIRPOWER15-EXHAUST1.md	1158	INHERITED/PROVENANCE
V8-CHANGELOG-1939AIRPOWER16-IDENTITY1.md	1489	INHERITED/PROVENANCE
V8-CHANGELOG-1939AIRPOWER17-NAVAL1.md	1676	INHERITED/PROVENANCE
V8-CHANGELOG-1939AIRPOWER2.md	1971	INHERITED/PROVENANCE
V8-CHANGELOG-1939AIRPOWER3-HOMARE1.md	1919	INHERITED/PROVENANCE
V8-CHANGELOG-1939AIRPOWER4-AIRFRAME1.md	3619	INHERITED/PROVENANCE
V8-CHANGELOG-1939AIRPOWER5-GTCORE1.md	4510	INHERITED/PROVENANCE
V8-CHANGELOG-1939AIRPOWER6-E5JET1.md	1486	INHERITED/PROVENANCE
V8-CHANGELOG-1939AIRPOWER7-E6SJ1.md	934	INHERITED/PROVENANCE
V8-CHANGELOG-1939AIRPOWER8-E6BACKEND1.md	427	INHERITED/PROVENANCE
V8-CHANGELOG-1939AIRPOWER9-ROSTER1.md	1053	INHERITED/PROVENANCE
V8-CHANGELOG-1939REPLAY1-NANCHANG-A1.md	844	INHERITED/PROVENANCE
V8-CHANGELOG-1939REPLAY2-NANCHANG-A2.md	764	INHERITED/PROVENANCE
V8-CHANGELOG-1939REPLAY3-NOMONHAN-A1-FIREOPTICS1.md	1504	INHERITED/PROVENANCE
V8-CHANGELOG-1939REPLAY3-NOMONHAN-A2-AUG20RESERVE1.md	1344	INHERITED/PROVENANCE
V8-CHANGELOG-1939REPLAY3-NOMONHAN-A3-AUG22CORRIDOR1.md	1430	INHERITED/PROVENANCE
V8-CHANGELOG-STATEFIX1.md	1062	INHERITED/PROVENANCE
V9-CHANGELOG-SESSION-CLOSE.md	1332	INHERITED/PROVENANCE
V9-DATAFIX1-CHANGELOG.md	1498	INHERITED/PROVENANCE
V9-TECHCLOSE1-CHANGELOG.md	1919	INHERITED/PROVENANCE
V9-TECHCLOSE2-CHANGELOG.md	2075	INHERITED/PROVENANCE
V9-TECHCLOSE3-CHANGELOG.md	950	INHERITED/PROVENANCE
V9-TECHCLOSE4-CHANGELOG.md	3294	INHERITED/PROVENANCE
